#include "system/odh.h"
#include <revolution/os/OSError.h>

extern "C" void _savegpr_24();
extern "C" void _restgpr_24();
extern "C" void cdj_c_initializeCompressOdh__9CArGBAOdhFP16SArCDJ_OdhMasterPUsUcPUcPUcUl();
extern "C" void cdj_c_compressLoop__9CArGBAOdhFP16SArCDJ_OdhMaster();
extern "C" void cdj_c_colorConv__9CArGBAOdhFP16SArCDJ_OdhMasterPUci();
extern "C" s32 huffmanDecoder__9CArGBAOdhFPUlP21SArCDJ_HuffmanRequestPPUsiUl(u32, int, int, u32, int, u32);
extern "C" void idct_fast__9CArGBAOdhFPCUcPUlPUlPUcUl(u32, u32, int, int, int, u32);

enum {
    ODH_FORMAT_RGB565 = 0,
    ODH_FORMAT_RGBA8,
    ODH_FORMAT_Y8U8V8,
};

enum {
    ODH_ERROR_SUCCESS = 0,
    ODH_ERROR_80000001 = 0x80000001,
    ODH_ERROR_80000002 = 0x80000002,
    ODH_ERROR_80000003 = 0x80000003,
    ODH_ERROR_80000004 = 0x80000004,
    ODH_ERROR_80000005 = 0x80000005,
};

struct SArCDJ_HuffmanRequest;
struct SArDeconvTbl;

struct SArCDJ_OdhMaster {
    u16 field0;
    u16 field2;
    u8 field4;
    u8 padding[0xB];
    u32 bitBuffer;
    u32 bitCount;
    u32 outputPos;
    u32 remaining;
    u8 padding2[0x210];
    u8* data;
    u8 padding3[0x24C];
};

static volatile const f32 colorConvert16 = 16.0f;
static volatile const f32 colorConvert128 = 128.0f;
static volatile const f32 colorConvertY = 1.1643835306167603f;
static volatile const f32 colorConvertR = 1.596027135848999f;
static volatile const f32 colorConvertG1 = 0.3917616009712219f;
static volatile const f32 colorConvertG2 = 0.8129680752754211f;
static volatile const double colorConvertB = 2.01723105;
static const double colorConvertBias = 4503599627370496.0;

static const u8 odh_zigzag_order[64] = {
    0x00, 0x01, 0x05, 0x06, 0x0E, 0x0F, 0x1B, 0x1C, 0x02, 0x04, 0x07, 0x0D, 0x10, 0x1A, 0x1D, 0x2A,
    0x03, 0x08, 0x0C, 0x11, 0x19, 0x1E, 0x29, 0x2B, 0x09, 0x0B, 0x12, 0x18, 0x1F, 0x28, 0x2C, 0x35,
    0x0A, 0x13, 0x17, 0x20, 0x27, 0x2D, 0x34, 0x36, 0x14, 0x16, 0x21, 0x26, 0x2E, 0x33, 0x37, 0x3C,
    0x15, 0x22, 0x25, 0x2F, 0x32, 0x38, 0x3B, 0x3D, 0x23, 0x24, 0x30, 0x31, 0x39, 0x3A, 0x3E, 0x3F
};

static const u8 odh_natural_order[64] = {
    0x00, 0x01, 0x08, 0x10, 0x09, 0x02, 0x03, 0x0A, 0x11, 0x18, 0x20, 0x19, 0x12, 0x0B, 0x04, 0x05,
    0x0C, 0x13, 0x1A, 0x21, 0x28, 0x30, 0x29, 0x22, 0x1B, 0x14, 0x0D, 0x06, 0x07, 0x0E, 0x15, 0x1C,
    0x23, 0x2A, 0x31, 0x38, 0x39, 0x32, 0x2B, 0x24, 0x1D, 0x16, 0x0F, 0x17, 0x1E, 0x25, 0x2C, 0x33,
    0x3A, 0x3B, 0x34, 0x2D, 0x26, 0x1F, 0x27, 0x2E, 0x35, 0x3C, 0x3D, 0x36, 0x2F, 0x37, 0x3E, 0x3F
};

static const u8 range_limit[1024] = {
    0x80, 0x81, 0x82, 0x83, 0x84, 0x85, 0x86, 0x87, 0x88, 0x89, 0x8A, 0x8B, 0x8C, 0x8D, 0x8E, 0x8F,
    0x90, 0x91, 0x92, 0x93, 0x94, 0x95, 0x96, 0x97, 0x98, 0x99, 0x9A, 0x9B, 0x9C, 0x9D, 0x9E, 0x9F,
    0xA0, 0xA1, 0xA2, 0xA3, 0xA4, 0xA5, 0xA6, 0xA7, 0xA8, 0xA9, 0xAA, 0xAB, 0xAC, 0xAD, 0xAE, 0xAF,
    0xB0, 0xB1, 0xB2, 0xB3, 0xB4, 0xB5, 0xB6, 0xB7, 0xB8, 0xB9, 0xBA, 0xBB, 0xBC, 0xBD, 0xBE, 0xBF,
    0xC0, 0xC1, 0xC2, 0xC3, 0xC4, 0xC5, 0xC6, 0xC7, 0xC8, 0xC9, 0xCA, 0xCB, 0xCC, 0xCD, 0xCE, 0xCF,
    0xD0, 0xD1, 0xD2, 0xD3, 0xD4, 0xD5, 0xD6, 0xD7, 0xD8, 0xD9, 0xDA, 0xDB, 0xDC, 0xDD, 0xDE, 0xDF,
    0xE0, 0xE1, 0xE2, 0xE3, 0xE4, 0xE5, 0xE6, 0xE7, 0xE8, 0xE9, 0xEA, 0xEB, 0xEC, 0xED, 0xEE, 0xEF,
    0xF0, 0xF1, 0xF2, 0xF3, 0xF4, 0xF5, 0xF6, 0xF7, 0xF8, 0xF9, 0xFA, 0xFB, 0xFC, 0xFD, 0xFE, 0xFF,
    0xFF, 0xFF, 0xFF, 0xFF, 0xFF, 0xFF, 0xFF, 0xFF, 0xFF, 0xFF, 0xFF, 0xFF, 0xFF, 0xFF, 0xFF, 0xFF,
    0xFF, 0xFF, 0xFF, 0xFF, 0xFF, 0xFF, 0xFF, 0xFF, 0xFF, 0xFF, 0xFF, 0xFF, 0xFF, 0xFF, 0xFF, 0xFF,
    0xFF, 0xFF, 0xFF, 0xFF, 0xFF, 0xFF, 0xFF, 0xFF, 0xFF, 0xFF, 0xFF, 0xFF, 0xFF, 0xFF, 0xFF, 0xFF,
    0xFF, 0xFF, 0xFF, 0xFF, 0xFF, 0xFF, 0xFF, 0xFF, 0xFF, 0xFF, 0xFF, 0xFF, 0xFF, 0xFF, 0xFF, 0xFF,
    0xFF, 0xFF, 0xFF, 0xFF, 0xFF, 0xFF, 0xFF, 0xFF, 0xFF, 0xFF, 0xFF, 0xFF, 0xFF, 0xFF, 0xFF, 0xFF,
    0xFF, 0xFF, 0xFF, 0xFF, 0xFF, 0xFF, 0xFF, 0xFF, 0xFF, 0xFF, 0xFF, 0xFF, 0xFF, 0xFF, 0xFF, 0xFF,
    0xFF, 0xFF, 0xFF, 0xFF, 0xFF, 0xFF, 0xFF, 0xFF, 0xFF, 0xFF, 0xFF, 0xFF, 0xFF, 0xFF, 0xFF, 0xFF,
    0xFF, 0xFF, 0xFF, 0xFF, 0xFF, 0xFF, 0xFF, 0xFF, 0xFF, 0xFF, 0xFF, 0xFF, 0xFF, 0xFF, 0xFF, 0xFF,
    0xFF, 0xFF, 0xFF, 0xFF, 0xFF, 0xFF, 0xFF, 0xFF, 0xFF, 0xFF, 0xFF, 0xFF, 0xFF, 0xFF, 0xFF, 0xFF,
    0xFF, 0xFF, 0xFF, 0xFF, 0xFF, 0xFF, 0xFF, 0xFF, 0xFF, 0xFF, 0xFF, 0xFF, 0xFF, 0xFF, 0xFF, 0xFF,
    0xFF, 0xFF, 0xFF, 0xFF, 0xFF, 0xFF, 0xFF, 0xFF, 0xFF, 0xFF, 0xFF, 0xFF, 0xFF, 0xFF, 0xFF, 0xFF,
    0xFF, 0xFF, 0xFF, 0xFF, 0xFF, 0xFF, 0xFF, 0xFF, 0xFF, 0xFF, 0xFF, 0xFF, 0xFF, 0xFF, 0xFF, 0xFF,
    0xFF, 0xFF, 0xFF, 0xFF, 0xFF, 0xFF, 0xFF, 0xFF, 0xFF, 0xFF, 0xFF, 0xFF, 0xFF, 0xFF, 0xFF, 0xFF,
    0xFF, 0xFF, 0xFF, 0xFF, 0xFF, 0xFF, 0xFF, 0xFF, 0xFF, 0xFF, 0xFF, 0xFF, 0xFF, 0xFF, 0xFF, 0xFF,
    0xFF, 0xFF, 0xFF, 0xFF, 0xFF, 0xFF, 0xFF, 0xFF, 0xFF, 0xFF, 0xFF, 0xFF, 0xFF, 0xFF, 0xFF, 0xFF,
    0xFF, 0xFF, 0xFF, 0xFF, 0xFF, 0xFF, 0xFF, 0xFF, 0xFF, 0xFF, 0xFF, 0xFF, 0xFF, 0xFF, 0xFF, 0xFF,
    0xFF, 0xFF, 0xFF, 0xFF, 0xFF, 0xFF, 0xFF, 0xFF, 0xFF, 0xFF, 0xFF, 0xFF, 0xFF, 0xFF, 0xFF, 0xFF,
    0xFF, 0xFF, 0xFF, 0xFF, 0xFF, 0xFF, 0xFF, 0xFF, 0xFF, 0xFF, 0xFF, 0xFF, 0xFF, 0xFF, 0xFF, 0xFF,
    0xFF, 0xFF, 0xFF, 0xFF, 0xFF, 0xFF, 0xFF, 0xFF, 0xFF, 0xFF, 0xFF, 0xFF, 0xFF, 0xFF, 0xFF, 0xFF,
    0xFF, 0xFF, 0xFF, 0xFF, 0xFF, 0xFF, 0xFF, 0xFF, 0xFF, 0xFF, 0xFF, 0xFF, 0xFF, 0xFF, 0xFF, 0xFF,
    0xFF, 0xFF, 0xFF, 0xFF, 0xFF, 0xFF, 0xFF, 0xFF, 0xFF, 0xFF, 0xFF, 0xFF, 0xFF, 0xFF, 0xFF, 0xFF,
    0xFF, 0xFF, 0xFF, 0xFF, 0xFF, 0xFF, 0xFF, 0xFF, 0xFF, 0xFF, 0xFF, 0xFF, 0xFF, 0xFF, 0xFF, 0xFF,
    0xFF, 0xFF, 0xFF, 0xFF, 0xFF, 0xFF, 0xFF, 0xFF, 0xFF, 0xFF, 0xFF, 0xFF, 0xFF, 0xFF, 0xFF, 0xFF,
    0xFF, 0xFF, 0xFF, 0xFF, 0xFF, 0xFF, 0xFF, 0xFF, 0xFF, 0xFF, 0xFF, 0xFF, 0xFF, 0xFF, 0xFF, 0xFF,
    0x00, 0x00, 0x00, 0x00, 0x00, 0x00, 0x00, 0x00, 0x00, 0x00, 0x00, 0x00, 0x00, 0x00, 0x00, 0x00,
    0x00, 0x00, 0x00, 0x00, 0x00, 0x00, 0x00, 0x00, 0x00, 0x00, 0x00, 0x00, 0x00, 0x00, 0x00, 0x00,
    0x00, 0x00, 0x00, 0x00, 0x00, 0x00, 0x00, 0x00, 0x00, 0x00, 0x00, 0x00, 0x00, 0x00, 0x00, 0x00,
    0x00, 0x00, 0x00, 0x00, 0x00, 0x00, 0x00, 0x00, 0x00, 0x00, 0x00, 0x00, 0x00, 0x00, 0x00, 0x00,
    0x00, 0x00, 0x00, 0x00, 0x00, 0x00, 0x00, 0x00, 0x00, 0x00, 0x00, 0x00, 0x00, 0x00, 0x00, 0x00,
    0x00, 0x00, 0x00, 0x00, 0x00, 0x00, 0x00, 0x00, 0x00, 0x00, 0x00, 0x00, 0x00, 0x00, 0x00, 0x00,
    0x00, 0x00, 0x00, 0x00, 0x00, 0x00, 0x00, 0x00, 0x00, 0x00, 0x00, 0x00, 0x00, 0x00, 0x00, 0x00,
    0x00, 0x00, 0x00, 0x00, 0x00, 0x00, 0x00, 0x00, 0x00, 0x00, 0x00, 0x00, 0x00, 0x00, 0x00, 0x00,
    0x00, 0x00, 0x00, 0x00, 0x00, 0x00, 0x00, 0x00, 0x00, 0x00, 0x00, 0x00, 0x00, 0x00, 0x00, 0x00,
    0x00, 0x00, 0x00, 0x00, 0x00, 0x00, 0x00, 0x00, 0x00, 0x00, 0x00, 0x00, 0x00, 0x00, 0x00, 0x00,
    0x00, 0x00, 0x00, 0x00, 0x00, 0x00, 0x00, 0x00, 0x00, 0x00, 0x00, 0x00, 0x00, 0x00, 0x00, 0x00,
    0x00, 0x00, 0x00, 0x00, 0x00, 0x00, 0x00, 0x00, 0x00, 0x00, 0x00, 0x00, 0x00, 0x00, 0x00, 0x00,
    0x00, 0x00, 0x00, 0x00, 0x00, 0x00, 0x00, 0x00, 0x00, 0x00, 0x00, 0x00, 0x00, 0x00, 0x00, 0x00,
    0x00, 0x00, 0x00, 0x00, 0x00, 0x00, 0x00, 0x00, 0x00, 0x00, 0x00, 0x00, 0x00, 0x00, 0x00, 0x00,
    0x00, 0x00, 0x00, 0x00, 0x00, 0x00, 0x00, 0x00, 0x00, 0x00, 0x00, 0x00, 0x00, 0x00, 0x00, 0x00,
    0x00, 0x00, 0x00, 0x00, 0x00, 0x00, 0x00, 0x00, 0x00, 0x00, 0x00, 0x00, 0x00, 0x00, 0x00, 0x00,
    0x00, 0x00, 0x00, 0x00, 0x00, 0x00, 0x00, 0x00, 0x00, 0x00, 0x00, 0x00, 0x00, 0x00, 0x00, 0x00,
    0x00, 0x00, 0x00, 0x00, 0x00, 0x00, 0x00, 0x00, 0x00, 0x00, 0x00, 0x00, 0x00, 0x00, 0x00, 0x00,
    0x00, 0x00, 0x00, 0x00, 0x00, 0x00, 0x00, 0x00, 0x00, 0x00, 0x00, 0x00, 0x00, 0x00, 0x00, 0x00,
    0x00, 0x00, 0x00, 0x00, 0x00, 0x00, 0x00, 0x00, 0x00, 0x00, 0x00, 0x00, 0x00, 0x00, 0x00, 0x00,
    0x00, 0x00, 0x00, 0x00, 0x00, 0x00, 0x00, 0x00, 0x00, 0x00, 0x00, 0x00, 0x00, 0x00, 0x00, 0x00,
    0x00, 0x00, 0x00, 0x00, 0x00, 0x00, 0x00, 0x00, 0x00, 0x00, 0x00, 0x00, 0x00, 0x00, 0x00, 0x00,
    0x00, 0x00, 0x00, 0x00, 0x00, 0x00, 0x00, 0x00, 0x00, 0x00, 0x00, 0x00, 0x00, 0x00, 0x00, 0x00,
    0x00, 0x00, 0x00, 0x00, 0x00, 0x00, 0x00, 0x00, 0x00, 0x00, 0x00, 0x00, 0x00, 0x00, 0x00, 0x00,
    0x00, 0x01, 0x02, 0x03, 0x04, 0x05, 0x06, 0x07, 0x08, 0x09, 0x0A, 0x0B, 0x0C, 0x0D, 0x0E, 0x0F,
    0x10, 0x11, 0x12, 0x13, 0x14, 0x15, 0x16, 0x17, 0x18, 0x19, 0x1A, 0x1B, 0x1C, 0x1D, 0x1E, 0x1F,
    0x20, 0x21, 0x22, 0x23, 0x24, 0x25, 0x26, 0x27, 0x28, 0x29, 0x2A, 0x2B, 0x2C, 0x2D, 0x2E, 0x2F,
    0x30, 0x31, 0x32, 0x33, 0x34, 0x35, 0x36, 0x37, 0x38, 0x39, 0x3A, 0x3B, 0x3C, 0x3D, 0x3E, 0x3F,
    0x40, 0x41, 0x42, 0x43, 0x44, 0x45, 0x46, 0x47, 0x48, 0x49, 0x4A, 0x4B, 0x4C, 0x4D, 0x4E, 0x4F,
    0x50, 0x51, 0x52, 0x53, 0x54, 0x55, 0x56, 0x57, 0x58, 0x59, 0x5A, 0x5B, 0x5C, 0x5D, 0x5E, 0x5F,
    0x60, 0x61, 0x62, 0x63, 0x64, 0x65, 0x66, 0x67, 0x68, 0x69, 0x6A, 0x6B, 0x6C, 0x6D, 0x6E, 0x6F,
    0x70, 0x71, 0x72, 0x73, 0x74, 0x75, 0x76, 0x77, 0x78, 0x79, 0x7A, 0x7B, 0x7C, 0x7D, 0x7E, 0x7F
};

static const u8 gArCdj_std_quant_tbl[128] = {
    0x10, 0x0B, 0x0A, 0x10, 0x18, 0x28, 0x33, 0x3D, 0x0C, 0x0C, 0x0E, 0x13, 0x1A, 0x3A, 0x3C, 0x37,
    0x0E, 0x0D, 0x10, 0x18, 0x28, 0x39, 0x45, 0x38, 0x0E, 0x11, 0x16, 0x1D, 0x33, 0x57, 0x50, 0x3E,
    0x12, 0x16, 0x25, 0x38, 0x44, 0x6D, 0x67, 0x4D, 0x18, 0x23, 0x37, 0x40, 0x51, 0x68, 0x71, 0x5C,
    0x31, 0x40, 0x4E, 0x57, 0x67, 0x79, 0x78, 0x65, 0x48, 0x5C, 0x5F, 0x62, 0x70, 0x64, 0x67, 0x63,
    0x11, 0x12, 0x18, 0x2F, 0x63, 0x63, 0x63, 0x63, 0x12, 0x15, 0x1A, 0x42, 0x63, 0x63, 0x63, 0x63,
    0x18, 0x1A, 0x38, 0x63, 0x63, 0x63, 0x63, 0x63, 0x2F, 0x42, 0x63, 0x63, 0x63, 0x63, 0x63, 0x63,
    0x63, 0x63, 0x63, 0x63, 0x63, 0x63, 0x63, 0x63, 0x63, 0x63, 0x63, 0x63, 0x63, 0x63, 0x63, 0x63,
    0x63, 0x63, 0x63, 0x63, 0x63, 0x63, 0x63, 0x63, 0x63, 0x63, 0x63, 0x63, 0x63, 0x63, 0x63, 0x63
};

static const u8 gArAANScales[128] = {
    0x40, 0x00, 0x58, 0xC5, 0x53, 0x9F, 0x4B, 0x42, 0x40, 0x00, 0x32, 0x49, 0x22, 0xA3, 0x11, 0xA8,
    0x58, 0xC5, 0x7B, 0x21, 0x73, 0xFC, 0x68, 0x62, 0x58, 0xC5, 0x45, 0xBF, 0x30, 0x0B, 0x18, 0x7E,
    0x53, 0x9F, 0x73, 0xFC, 0x6D, 0x41, 0x62, 0x54, 0x53, 0x9F, 0x41, 0xB3, 0x2D, 0x41, 0x17, 0x12,
    0x4B, 0x42, 0x68, 0x62, 0x62, 0x54, 0x58, 0x7E, 0x4B, 0x42, 0x3B, 0x21, 0x28, 0xBA, 0x14, 0xC3,
    0x40, 0x00, 0x58, 0xC5, 0x53, 0x9F, 0x4B, 0x42, 0x40, 0x00, 0x32, 0x49, 0x22, 0xA3, 0x11, 0xA8,
    0x32, 0x49, 0x45, 0xBF, 0x41, 0xB3, 0x3B, 0x21, 0x32, 0x49, 0x27, 0x82, 0x1B, 0x37, 0x0D, 0xE0,
    0x22, 0xA3, 0x30, 0x0B, 0x2D, 0x41, 0x28, 0xBA, 0x22, 0xA3, 0x1B, 0x37, 0x12, 0xBF, 0x09, 0x8E,
    0x11, 0xA8, 0x18, 0x7E, 0x17, 0x12, 0x14, 0xC3, 0x11, 0xA8, 0x0D, 0xE0, 0x09, 0x8E, 0x04, 0xDF
};

static const u8 gArDC_L_Table[64] = {
    0x02, 0x00, 0x00, 0x00, 0x03, 0x00, 0x00, 0x02, 0x03, 0x00, 0x00, 0x03, 0x03, 0x00, 0x00, 0x04,
    0x03, 0x00, 0x00, 0x05, 0x03, 0x00, 0x00, 0x06, 0x04, 0x00, 0x00, 0x0E, 0x05, 0x00, 0x00, 0x1E,
    0x06, 0x00, 0x00, 0x3E, 0x07, 0x00, 0x00, 0x7E, 0x08, 0x00, 0x00, 0xFE, 0x09, 0x00, 0x01, 0xFE,
    0x00, 0x00, 0x00, 0x00, 0x00, 0x00, 0x00, 0x00, 0x00, 0x00, 0x00, 0x00, 0x00, 0x00, 0x00, 0x00
};

static const u8 gArDC_C_Table[64] = {
    0x02, 0x00, 0x00, 0x00, 0x02, 0x00, 0x00, 0x01, 0x02, 0x00, 0x00, 0x02, 0x03, 0x00, 0x00, 0x06,
    0x04, 0x00, 0x00, 0x0E, 0x05, 0x00, 0x00, 0x1E, 0x06, 0x00, 0x00, 0x3E, 0x07, 0x00, 0x00, 0x7E,
    0x08, 0x00, 0x00, 0xFE, 0x09, 0x00, 0x01, 0xFE, 0x0A, 0x00, 0x03, 0xFE, 0x0B, 0x00, 0x07, 0xFE,
    0x00, 0x00, 0x00, 0x00, 0x00, 0x00, 0x00, 0x00, 0x00, 0x00, 0x00, 0x00, 0x00, 0x00, 0x00, 0x00
};

static const u8 gArConvPlttTbl[1152] = {
    0x00, 0x00, 0x00, 0x00, 0x00, 0x02, 0x64, 0x58, 0x00, 0x04, 0xC8, 0xB0, 0x00, 0x07, 0x2D, 0x08,
    0x00, 0x09, 0x91, 0x60, 0x00, 0x0B, 0xF5, 0xB8, 0x00, 0x0E, 0x5A, 0x10, 0x00, 0x10, 0xBE, 0x68,
    0x00, 0x13, 0x22, 0xC0, 0x00, 0x15, 0x87, 0x18, 0x00, 0x17, 0xEB, 0x70, 0x00, 0x1A, 0x4F, 0xC8,
    0x00, 0x1C, 0xB4, 0x20, 0x00, 0x1F, 0x18, 0x78, 0x00, 0x21, 0x7C, 0xD0, 0x00, 0x23, 0xE1, 0x28,
    0x00, 0x26, 0x45, 0x80, 0x00, 0x28, 0xA9, 0xD8, 0x00, 0x2B, 0x0E, 0x30, 0x00, 0x2D, 0x72, 0x88,
    0x00, 0x2F, 0xD6, 0xE0, 0x00, 0x32, 0x3B, 0x38, 0x00, 0x34, 0x9F, 0x90, 0x00, 0x37, 0x03, 0xE8,
    0x00, 0x39, 0x68, 0x40, 0x00, 0x3B, 0xCC, 0x98, 0x00, 0x3E, 0x30, 0xF0, 0x00, 0x40, 0x95, 0x48,
    0x00, 0x42, 0xF9, 0xA0, 0x00, 0x45, 0x5D, 0xF8, 0x00, 0x47, 0xC2, 0x50, 0x00, 0x4A, 0x26, 0xA8,
    0x00, 0x00, 0x00, 0x00, 0x00, 0x04, 0xB2, 0x30, 0x00, 0x09, 0x64, 0x60, 0x00, 0x0E, 0x16, 0x90,
    0x00, 0x12, 0xC8, 0xC0, 0x00, 0x17, 0x7A, 0xF0, 0x00, 0x1C, 0x2D, 0x20, 0x00, 0x20, 0xDF, 0x50,
    0x00, 0x25, 0x91, 0x80, 0x00, 0x2A, 0x43, 0xB0, 0x00, 0x2E, 0xF5, 0xE0, 0x00, 0x33, 0xA8, 0x10,
    0x00, 0x38, 0x5A, 0x40, 0x00, 0x3D, 0x0C, 0x70, 0x00, 0x41, 0xBE, 0xA0, 0x00, 0x46, 0x70, 0xD0,
    0x00, 0x4B, 0x23, 0x00, 0x00, 0x4F, 0xD5, 0x30, 0x00, 0x54, 0x87, 0x60, 0x00, 0x59, 0x39, 0x90,
    0x00, 0x5D, 0xEB, 0xC0, 0x00, 0x62, 0x9D, 0xF0, 0x00, 0x67, 0x50, 0x20, 0x00, 0x6C, 0x02, 0x50,
    0x00, 0x70, 0xB4, 0x80, 0x00, 0x75, 0x66, 0xB0, 0x00, 0x7A, 0x18, 0xE0, 0x00, 0x7E, 0xCB, 0x10,
    0x00, 0x83, 0x7D, 0x40, 0x00, 0x88, 0x2F, 0x70, 0x00, 0x8C, 0xE1, 0xA0, 0x00, 0x91, 0x93, 0xD0,
    0x00, 0x00, 0x80, 0x00, 0x00, 0x01, 0x69, 0x78, 0x00, 0x02, 0x52, 0xF0, 0x00, 0x03, 0x3C, 0x68,
    0x00, 0x04, 0x25, 0xE0, 0x00, 0x05, 0x0F, 0x58, 0x00, 0x05, 0xF8, 0xD0, 0x00, 0x06, 0xE2, 0x48,
    0x00, 0x07, 0xCB, 0xC0, 0x00, 0x08, 0xB5, 0x38, 0x00, 0x09, 0x9E, 0xB0, 0x00, 0x0A, 0x88, 0x28,
    0x00, 0x0B, 0x71, 0xA0, 0x00, 0x0C, 0x5B, 0x18, 0x00, 0x0D, 0x44, 0x90, 0x00, 0x0E, 0x2E, 0x08,
    0x00, 0x0F, 0x17, 0x80, 0x00, 0x10, 0x00, 0xF8, 0x00, 0x10, 0xEA, 0x70, 0x00, 0x11, 0xD3, 0xE8,
    0x00, 0x12, 0xBD, 0x60, 0x00, 0x13, 0xA6, 0xD8, 0x00, 0x14, 0x90, 0x50, 0x00, 0x15, 0x79, 0xC8,
    0x00, 0x16, 0x63, 0x40, 0x00, 0x17, 0x4C, 0xB8, 0x00, 0x18, 0x36, 0x30, 0x00, 0x19, 0x1F, 0xA8,
    0x00, 0x1A, 0x09, 0x20, 0x00, 0x1A, 0xF2, 0x98, 0x00, 0x1B, 0xDC, 0x10, 0x00, 0x1C, 0xC5, 0x88,
    0x00, 0x00, 0x00, 0x00, 0xFF, 0xFE, 0xA6, 0x68, 0xFF, 0xFD, 0x4C, 0xD0, 0xFF, 0xFB, 0xF3, 0x38,
    0xFF, 0xFA, 0x99, 0xA0, 0xFF, 0xF9, 0x40, 0x08, 0xFF, 0xF7, 0xE6, 0x70, 0xFF, 0xF6, 0x8C, 0xD8,
    0xFF, 0xF5, 0x33, 0x40, 0xFF, 0xF3, 0xD9, 0xA8, 0xFF, 0xF2, 0x80, 0x10, 0xFF, 0xF1, 0x26, 0x78,
    0xFF, 0xEF, 0xCC, 0xE0, 0xFF, 0xEE, 0x73, 0x48, 0xFF, 0xED, 0x19, 0xB0, 0xFF, 0xEB, 0xC0, 0x18,
    0xFF, 0xEA, 0x66, 0x80, 0xFF, 0xE9, 0x0C, 0xE8, 0xFF, 0xE7, 0xB3, 0x50, 0xFF, 0xE6, 0x59, 0xB8,
    0xFF, 0xE5, 0x00, 0x20, 0xFF, 0xE3, 0xA6, 0x88, 0xFF, 0xE2, 0x4C, 0xF0, 0xFF, 0xE0, 0xF3, 0x58,
    0xFF, 0xDF, 0x99, 0xC0, 0xFF, 0xDE, 0x40, 0x28, 0xFF, 0xDC, 0xE6, 0x90, 0xFF, 0xDB, 0x8C, 0xF8,
    0xFF, 0xDA, 0x33, 0x60, 0xFF, 0xD8, 0xD9, 0xC8, 0xFF, 0xD7, 0x80, 0x30, 0xFF, 0xD6, 0x26, 0x98,
    0x00, 0x00, 0x00, 0x00, 0xFF, 0xFD, 0x59, 0x98, 0xFF, 0xFA, 0xB3, 0x30, 0xFF, 0xF8, 0x0C, 0xC8,
    0xFF, 0xF5, 0x66, 0x60, 0xFF, 0xF2, 0xBF, 0xF8, 0xFF, 0xF0, 0x19, 0x90, 0xFF, 0xED, 0x73, 0x28,
    0xFF, 0xEA, 0xCC, 0xC0, 0xFF, 0xE8, 0x26, 0x58, 0xFF, 0xE5, 0x7F, 0xF0, 0xFF, 0xE2, 0xD9, 0x88,
    0xFF, 0xE0, 0x33, 0x20, 0xFF, 0xDD, 0x8C, 0xB8, 0xFF, 0xDA, 0xE6, 0x50, 0xFF, 0xD8, 0x3F, 0xE8,
    0xFF, 0xD5, 0x99, 0x80, 0xFF, 0xD2, 0xF3, 0x18, 0xFF, 0xD0, 0x4C, 0xB0, 0xFF, 0xCD, 0xA6, 0x48,
    0xFF, 0xCA, 0xFF, 0xE0, 0xFF, 0xC8, 0x59, 0x78, 0xFF, 0xC5, 0xB3, 0x10, 0xFF, 0xC3, 0x0C, 0xA8,
    0xFF, 0xC0, 0x66, 0x40, 0xFF, 0xBD, 0xBF, 0xD8, 0xFF, 0xBB, 0x19, 0x70, 0xFF, 0xB8, 0x73, 0x08,
    0xFF, 0xB5, 0xCC, 0xA0, 0xFF, 0xB3, 0x26, 0x38, 0xFF, 0xB0, 0x7F, 0xD0, 0xFF, 0xAD, 0xD9, 0x68,
    0x00, 0x80, 0x7F, 0xFF, 0x00, 0x84, 0x7F, 0xFF, 0x00, 0x88, 0x7F, 0xFF, 0x00, 0x8C, 0x7F, 0xFF,
    0x00, 0x90, 0x7F, 0xFF, 0x00, 0x94, 0x7F, 0xFF, 0x00, 0x98, 0x7F, 0xFF, 0x00, 0x9C, 0x7F, 0xFF,
    0x00, 0xA0, 0x7F, 0xFF, 0x00, 0xA4, 0x7F, 0xFF, 0x00, 0xA8, 0x7F, 0xFF, 0x00, 0xAC, 0x7F, 0xFF,
    0x00, 0xB0, 0x7F, 0xFF, 0x00, 0xB4, 0x7F, 0xFF, 0x00, 0xB8, 0x7F, 0xFF, 0x00, 0xBC, 0x7F, 0xFF,
    0x00, 0xC0, 0x7F, 0xFF, 0x00, 0xC4, 0x7F, 0xFF, 0x00, 0xC8, 0x7F, 0xFF, 0x00, 0xCC, 0x7F, 0xFF,
    0x00, 0xD0, 0x7F, 0xFF, 0x00, 0xD4, 0x7F, 0xFF, 0x00, 0xD8, 0x7F, 0xFF, 0x00, 0xDC, 0x7F, 0xFF,
    0x00, 0xE0, 0x7F, 0xFF, 0x00, 0xE4, 0x7F, 0xFF, 0x00, 0xE8, 0x7F, 0xFF, 0x00, 0xEC, 0x7F, 0xFF,
    0x00, 0xF0, 0x7F, 0xFF, 0x00, 0xF4, 0x7F, 0xFF, 0x00, 0xF8, 0x7F, 0xFF, 0x00, 0xFC, 0x7F, 0xFF,
    0x00, 0x80, 0x7F, 0xFF, 0x00, 0x84, 0x7F, 0xFF, 0x00, 0x88, 0x7F, 0xFF, 0x00, 0x8C, 0x7F, 0xFF,
    0x00, 0x90, 0x7F, 0xFF, 0x00, 0x94, 0x7F, 0xFF, 0x00, 0x98, 0x7F, 0xFF, 0x00, 0x9C, 0x7F, 0xFF,
    0x00, 0xA0, 0x7F, 0xFF, 0x00, 0xA4, 0x7F, 0xFF, 0x00, 0xA8, 0x7F, 0xFF, 0x00, 0xAC, 0x7F, 0xFF,
    0x00, 0xB0, 0x7F, 0xFF, 0x00, 0xB4, 0x7F, 0xFF, 0x00, 0xB8, 0x7F, 0xFF, 0x00, 0xBC, 0x7F, 0xFF,
    0x00, 0xC0, 0x7F, 0xFF, 0x00, 0xC4, 0x7F, 0xFF, 0x00, 0xC8, 0x7F, 0xFF, 0x00, 0xCC, 0x7F, 0xFF,
    0x00, 0xD0, 0x7F, 0xFF, 0x00, 0xD4, 0x7F, 0xFF, 0x00, 0xD8, 0x7F, 0xFF, 0x00, 0xDC, 0x7F, 0xFF,
    0x00, 0xE0, 0x7F, 0xFF, 0x00, 0xE4, 0x7F, 0xFF, 0x00, 0xE8, 0x7F, 0xFF, 0x00, 0xEC, 0x7F, 0xFF,
    0x00, 0xF0, 0x7F, 0xFF, 0x00, 0xF4, 0x7F, 0xFF, 0x00, 0xF8, 0x7F, 0xFF, 0x00, 0xFC, 0x7F, 0xFF,
    0x00, 0x00, 0x00, 0x00, 0xFF, 0xFC, 0xA6, 0x88, 0xFF, 0xF9, 0x4D, 0x10, 0xFF, 0xF5, 0xF3, 0x98,
    0xFF, 0xF2, 0x9A, 0x20, 0xFF, 0xEF, 0x40, 0xA8, 0xFF, 0xEB, 0xE7, 0x30, 0xFF, 0xE8, 0x8D, 0xB8,
    0xFF, 0xE5, 0x34, 0x40, 0xFF, 0xE1, 0xDA, 0xC8, 0xFF, 0xDE, 0x81, 0x50, 0xFF, 0xDB, 0x27, 0xD8,
    0xFF, 0xD7, 0xCE, 0x60, 0xFF, 0xD4, 0x74, 0xE8, 0xFF, 0xD1, 0x1B, 0x70, 0xFF, 0xCD, 0xC1, 0xF8,
    0xFF, 0xCA, 0x68, 0x80, 0xFF, 0xC7, 0x0F, 0x08, 0xFF, 0xC3, 0xB5, 0x90, 0xFF, 0xC0, 0x5C, 0x18,
    0xFF, 0xBD, 0x02, 0xA0, 0xFF, 0xB9, 0xA9, 0x28, 0xFF, 0xB6, 0x4F, 0xB0, 0xFF, 0xB2, 0xF6, 0x38,
    0xFF, 0xAF, 0x9C, 0xC0, 0xFF, 0xAC, 0x43, 0x48, 0xFF, 0xA8, 0xE9, 0xD0, 0xFF, 0xA5, 0x90, 0x58,
    0xFF, 0xA2, 0x36, 0xE0, 0xFF, 0x9E, 0xDD, 0x68, 0xFF, 0x9B, 0x83, 0xF0, 0xFF, 0x98, 0x2A, 0x78,
    0x00, 0x00, 0x00, 0x00, 0xFF, 0xFF, 0x59, 0x78, 0xFF, 0xFE, 0xB2, 0xF0, 0xFF, 0xFE, 0x0C, 0x68,
    0xFF, 0xFD, 0x65, 0xE0, 0xFF, 0xFC, 0xBF, 0x58, 0xFF, 0xFC, 0x18, 0xD0, 0xFF, 0xFB, 0x72, 0x48,
    0xFF, 0xFA, 0xCB, 0xC0, 0xFF, 0xFA, 0x25, 0x38, 0xFF, 0xF9, 0x7E, 0xB0, 0xFF, 0xF8, 0xD8, 0x28,
    0xFF, 0xF8, 0x31, 0xA0, 0xFF, 0xF7, 0x8B, 0x18, 0xFF, 0xF6, 0xE4, 0x90, 0xFF, 0xF6, 0x3E, 0x08,
    0xFF, 0xF5, 0x97, 0x80, 0xFF, 0xF4, 0xF0, 0xF8, 0xFF, 0xF4, 0x4A, 0x70, 0xFF, 0xF3, 0xA3, 0xE8,
    0xFF, 0xF2, 0xFD, 0x60, 0xFF, 0xF2, 0x56, 0xD8, 0xFF, 0xF1, 0xB0, 0x50, 0xFF, 0xF1, 0x09, 0xC8,
    0xFF, 0xF0, 0x63, 0x40, 0xFF, 0xEF, 0xBC, 0xB8, 0xFF, 0xEF, 0x16, 0x30, 0xFF, 0xEE, 0x6F, 0xA8,
    0xFF, 0xED, 0xC9, 0x20, 0xFF, 0xED, 0x22, 0x98, 0xFF, 0xEC, 0x7C, 0x10, 0xFF, 0xEB, 0xD5, 0x88
};

static const u8 gArDeconvPlttTbl[3072] = {
    0xFF, 0x4D, 0xFF, 0x4E, 0xFF, 0x4F, 0xFF, 0x51, 0xFF, 0x52, 0xFF, 0x54, 0xFF, 0x55, 0xFF, 0x56,
    0xFF, 0x58, 0xFF, 0x59, 0xFF, 0x5B, 0xFF, 0x5C, 0xFF, 0x5D, 0xFF, 0x5F, 0xFF, 0x60, 0xFF, 0x62,
    0xFF, 0x63, 0xFF, 0x64, 0xFF, 0x66, 0xFF, 0x67, 0xFF, 0x69, 0xFF, 0x6A, 0xFF, 0x6B, 0xFF, 0x6D,
    0xFF, 0x6E, 0xFF, 0x70, 0xFF, 0x71, 0xFF, 0x72, 0xFF, 0x74, 0xFF, 0x75, 0xFF, 0x77, 0xFF, 0x78,
    0xFF, 0x79, 0xFF, 0x7B, 0xFF, 0x7C, 0xFF, 0x7E, 0xFF, 0x7F, 0xFF, 0x80, 0xFF, 0x82, 0xFF, 0x83,
    0xFF, 0x85, 0xFF, 0x86, 0xFF, 0x87, 0xFF, 0x89, 0xFF, 0x8A, 0xFF, 0x8C, 0xFF, 0x8D, 0xFF, 0x8E,
    0xFF, 0x90, 0xFF, 0x91, 0xFF, 0x93, 0xFF, 0x94, 0xFF, 0x95, 0xFF, 0x97, 0xFF, 0x98, 0xFF, 0x9A,
    0xFF, 0x9B, 0xFF, 0x9C, 0xFF, 0x9E, 0xFF, 0x9F, 0xFF, 0xA1, 0xFF, 0xA2, 0xFF, 0xA3, 0xFF, 0xA5,
    0xFF, 0xA6, 0xFF, 0xA8, 0xFF, 0xA9, 0xFF, 0xAA, 0xFF, 0xAC, 0xFF, 0xAD, 0xFF, 0xAF, 0xFF, 0xB0,
    0xFF, 0xB1, 0xFF, 0xB3, 0xFF, 0xB4, 0xFF, 0xB6, 0xFF, 0xB7, 0xFF, 0xB8, 0xFF, 0xBA, 0xFF, 0xBB,
    0xFF, 0xBD, 0xFF, 0xBE, 0xFF, 0xC0, 0xFF, 0xC1, 0xFF, 0xC2, 0xFF, 0xC4, 0xFF, 0xC5, 0xFF, 0xC7,
    0xFF, 0xC8, 0xFF, 0xC9, 0xFF, 0xCB, 0xFF, 0xCC, 0xFF, 0xCE, 0xFF, 0xCF, 0xFF, 0xD0, 0xFF, 0xD2,
    0xFF, 0xD3, 0xFF, 0xD5, 0xFF, 0xD6, 0xFF, 0xD7, 0xFF, 0xD9, 0xFF, 0xDA, 0xFF, 0xDC, 0xFF, 0xDD,
    0xFF, 0xDE, 0xFF, 0xE0, 0xFF, 0xE1, 0xFF, 0xE3, 0xFF, 0xE4, 0xFF, 0xE5, 0xFF, 0xE7, 0xFF, 0xE8,
    0xFF, 0xEA, 0xFF, 0xEB, 0xFF, 0xEC, 0xFF, 0xEE, 0xFF, 0xEF, 0xFF, 0xF1, 0xFF, 0xF2, 0xFF, 0xF3,
    0xFF, 0xF5, 0xFF, 0xF6, 0xFF, 0xF8, 0xFF, 0xF9, 0xFF, 0xFA, 0xFF, 0xFC, 0xFF, 0xFD, 0xFF, 0xFF,
    0x00, 0x00, 0x00, 0x01, 0x00, 0x03, 0x00, 0x04, 0x00, 0x06, 0x00, 0x07, 0x00, 0x08, 0x00, 0x0A,
    0x00, 0x0B, 0x00, 0x0D, 0x00, 0x0E, 0x00, 0x0F, 0x00, 0x11, 0x00, 0x12, 0x00, 0x14, 0x00, 0x15,
    0x00, 0x16, 0x00, 0x18, 0x00, 0x19, 0x00, 0x1B, 0x00, 0x1C, 0x00, 0x1D, 0x00, 0x1F, 0x00, 0x20,
    0x00, 0x22, 0x00, 0x23, 0x00, 0x24, 0x00, 0x26, 0x00, 0x27, 0x00, 0x29, 0x00, 0x2A, 0x00, 0x2B,
    0x00, 0x2D, 0x00, 0x2E, 0x00, 0x30, 0x00, 0x31, 0x00, 0x32, 0x00, 0x34, 0x00, 0x35, 0x00, 0x37,
    0x00, 0x38, 0x00, 0x39, 0x00, 0x3B, 0x00, 0x3C, 0x00, 0x3E, 0x00, 0x3F, 0x00, 0x40, 0x00, 0x42,
    0x00, 0x43, 0x00, 0x45, 0x00, 0x46, 0x00, 0x48, 0x00, 0x49, 0x00, 0x4A, 0x00, 0x4C, 0x00, 0x4D,
    0x00, 0x4F, 0x00, 0x50, 0x00, 0x51, 0x00, 0x53, 0x00, 0x54, 0x00, 0x56, 0x00, 0x57, 0x00, 0x58,
    0x00, 0x5A, 0x00, 0x5B, 0x00, 0x5D, 0x00, 0x5E, 0x00, 0x5F, 0x00, 0x61, 0x00, 0x62, 0x00, 0x64,
    0x00, 0x65, 0x00, 0x66, 0x00, 0x68, 0x00, 0x69, 0x00, 0x6B, 0x00, 0x6C, 0x00, 0x6D, 0x00, 0x6F,
    0x00, 0x70, 0x00, 0x72, 0x00, 0x73, 0x00, 0x74, 0x00, 0x76, 0x00, 0x77, 0x00, 0x79, 0x00, 0x7A,
    0x00, 0x7B, 0x00, 0x7D, 0x00, 0x7E, 0x00, 0x80, 0x00, 0x81, 0x00, 0x82, 0x00, 0x84, 0x00, 0x85,
    0x00, 0x87, 0x00, 0x88, 0x00, 0x89, 0x00, 0x8B, 0x00, 0x8C, 0x00, 0x8E, 0x00, 0x8F, 0x00, 0x90,
    0x00, 0x92, 0x00, 0x93, 0x00, 0x95, 0x00, 0x96, 0x00, 0x97, 0x00, 0x99, 0x00, 0x9A, 0x00, 0x9C,
    0x00, 0x9D, 0x00, 0x9E, 0x00, 0xA0, 0x00, 0xA1, 0x00, 0xA3, 0x00, 0xA4, 0x00, 0xA5, 0x00, 0xA7,
    0x00, 0xA8, 0x00, 0xAA, 0x00, 0xAB, 0x00, 0xAC, 0x00, 0xAE, 0x00, 0xAF, 0x00, 0xB1, 0x00, 0xB2,
    0x00, 0x2C, 0x8D, 0x00, 0x00, 0x2C, 0x34, 0xE6, 0x00, 0x2B, 0xDC, 0xCC, 0x00, 0x2B, 0x84, 0xB2,
    0x00, 0x2B, 0x2C, 0x98, 0x00, 0x2A, 0xD4, 0x7E, 0x00, 0x2A, 0x7C, 0x64, 0x00, 0x2A, 0x24, 0x4A,
    0x00, 0x29, 0xCC, 0x30, 0x00, 0x29, 0x74, 0x16, 0x00, 0x29, 0x1B, 0xFC, 0x00, 0x28, 0xC3, 0xE2,
    0x00, 0x28, 0x6B, 0xC8, 0x00, 0x28, 0x13, 0xAE, 0x00, 0x27, 0xBB, 0x94, 0x00, 0x27, 0x63, 0x7A,
    0x00, 0x27, 0x0B, 0x60, 0x00, 0x26, 0xB3, 0x46, 0x00, 0x26, 0x5B, 0x2C, 0x00, 0x26, 0x03, 0x12,
    0x00, 0x25, 0xAA, 0xF8, 0x00, 0x25, 0x52, 0xDE, 0x00, 0x24, 0xFA, 0xC4, 0x00, 0x24, 0xA2, 0xAA,
    0x00, 0x24, 0x4A, 0x90, 0x00, 0x23, 0xF2, 0x76, 0x00, 0x23, 0x9A, 0x5C, 0x00, 0x23, 0x42, 0x42,
    0x00, 0x22, 0xEA, 0x28, 0x00, 0x22, 0x92, 0x0E, 0x00, 0x22, 0x39, 0xF4, 0x00, 0x21, 0xE1, 0xDA,
    0x00, 0x21, 0x89, 0xC0, 0x00, 0x21, 0x31, 0xA6, 0x00, 0x20, 0xD9, 0x8C, 0x00, 0x20, 0x81, 0x72,
    0x00, 0x20, 0x29, 0x58, 0x00, 0x1F, 0xD1, 0x3E, 0x00, 0x1F, 0x79, 0x24, 0x00, 0x1F, 0x21, 0x0A,
    0x00, 0x1E, 0xC8, 0xF0, 0x00, 0x1E, 0x70, 0xD6, 0x00, 0x1E, 0x18, 0xBC, 0x00, 0x1D, 0xC0, 0xA2,
    0x00, 0x1D, 0x68, 0x88, 0x00, 0x1D, 0x10, 0x6E, 0x00, 0x1C, 0xB8, 0x54, 0x00, 0x1C, 0x60, 0x3A,
    0x00, 0x1C, 0x08, 0x20, 0x00, 0x1B, 0xB0, 0x06, 0x00, 0x1B, 0x57, 0xEC, 0x00, 0x1A, 0xFF, 0xD2,
    0x00, 0x1A, 0xA7, 0xB8, 0x00, 0x1A, 0x4F, 0x9E, 0x00, 0x19, 0xF7, 0x84, 0x00, 0x19, 0x9F, 0x6A,
    0x00, 0x19, 0x47, 0x50, 0x00, 0x18, 0xEF, 0x36, 0x00, 0x18, 0x97, 0x1C, 0x00, 0x18, 0x3F, 0x02,
    0x00, 0x17, 0xE6, 0xE8, 0x00, 0x17, 0x8E, 0xCE, 0x00, 0x17, 0x36, 0xB4, 0x00, 0x16, 0xDE, 0x9A,
    0x00, 0x16, 0x86, 0x80, 0x00, 0x16, 0x2E, 0x66, 0x00, 0x15, 0xD6, 0x4C, 0x00, 0x15, 0x7E, 0x32,
    0x00, 0x15, 0x26, 0x18, 0x00, 0x14, 0xCD, 0xFE, 0x00, 0x14, 0x75, 0xE4, 0x00, 0x14, 0x1D, 0xCA,
    0x00, 0x13, 0xC5, 0xB0, 0x00, 0x13, 0x6D, 0x96, 0x00, 0x13, 0x15, 0x7C, 0x00, 0x12, 0xBD, 0x62,
    0x00, 0x12, 0x65, 0x48, 0x00, 0x12, 0x0D, 0x2E, 0x00, 0x11, 0xB5, 0x14, 0x00, 0x11, 0x5C, 0xFA,
    0x00, 0x11, 0x04, 0xE0, 0x00, 0x10, 0xAC, 0xC6, 0x00, 0x10, 0x54, 0xAC, 0x00, 0x0F, 0xFC, 0x92,
    0x00, 0x0F, 0xA4, 0x78, 0x00, 0x0F, 0x4C, 0x5E, 0x00, 0x0E, 0xF4, 0x44, 0x00, 0x0E, 0x9C, 0x2A,
    0x00, 0x0E, 0x44, 0x10, 0x00, 0x0D, 0xEB, 0xF6, 0x00, 0x0D, 0x93, 0xDC, 0x00, 0x0D, 0x3B, 0xC2,
    0x00, 0x0C, 0xE3, 0xA8, 0x00, 0x0C, 0x8B, 0x8E, 0x00, 0x0C, 0x33, 0x74, 0x00, 0x0B, 0xDB, 0x5A,
    0x00, 0x0B, 0x83, 0x40, 0x00, 0x0B, 0x2B, 0x26, 0x00, 0x0A, 0xD3, 0x0C, 0x00, 0x0A, 0x7A, 0xF2,
    0x00, 0x0A, 0x22, 0xD8, 0x00, 0x09, 0xCA, 0xBE, 0x00, 0x09, 0x72, 0xA4, 0x00, 0x09, 0x1A, 0x8A,
    0x00, 0x08, 0xC2, 0x70, 0x00, 0x08, 0x6A, 0x56, 0x00, 0x08, 0x12, 0x3C, 0x00, 0x07, 0xBA, 0x22,
    0x00, 0x07, 0x62, 0x08, 0x00, 0x07, 0x09, 0xEE, 0x00, 0x06, 0xB1, 0xD4, 0x00, 0x06, 0x59, 0xBA,
    0x00, 0x06, 0x01, 0xA0, 0x00, 0x05, 0xA9, 0x86, 0x00, 0x05, 0x51, 0x6C, 0x00, 0x04, 0xF9, 0x52,
    0x00, 0x04, 0xA1, 0x38, 0x00, 0x04, 0x49, 0x1E, 0x00, 0x03, 0xF1, 0x04, 0x00, 0x03, 0x98, 0xEA,
    0x00, 0x03, 0x40, 0xD0, 0x00, 0x02, 0xE8, 0xB6, 0x00, 0x02, 0x90, 0x9C, 0x00, 0x02, 0x38, 0x82,
    0x00, 0x01, 0xE0, 0x68, 0x00, 0x01, 0x88, 0x4E, 0x00, 0x01, 0x30, 0x34, 0x00, 0x00, 0xD8, 0x1A,
    0x00, 0x00, 0x80, 0x00, 0x00, 0x00, 0x27, 0xE6, 0xFF, 0xFF, 0xCF, 0xCC, 0xFF, 0xFF, 0x77, 0xB2,
    0xFF, 0xFF, 0x1F, 0x98, 0xFF, 0xFE, 0xC7, 0x7E, 0xFF, 0xFE, 0x6F, 0x64, 0xFF, 0xFE, 0x17, 0x4A,
    0xFF, 0xFD, 0xBF, 0x30, 0xFF, 0xFD, 0x67, 0x16, 0xFF, 0xFD, 0x0E, 0xFC, 0xFF, 0xFC, 0xB6, 0xE2,
    0xFF, 0xFC, 0x5E, 0xC8, 0xFF, 0xFC, 0x06, 0xAE, 0xFF, 0xFB, 0xAE, 0x94, 0xFF, 0xFB, 0x56, 0x7A,
    0xFF, 0xFA, 0xFE, 0x60, 0xFF, 0xFA, 0xA6, 0x46, 0xFF, 0xFA, 0x4E, 0x2C, 0xFF, 0xF9, 0xF6, 0x12,
    0xFF, 0xF9, 0x9D, 0xF8, 0xFF, 0xF9, 0x45, 0xDE, 0xFF, 0xF8, 0xED, 0xC4, 0xFF, 0xF8, 0x95, 0xAA,
    0xFF, 0xF8, 0x3D, 0x90, 0xFF, 0xF7, 0xE5, 0x76, 0xFF, 0xF7, 0x8D, 0x5C, 0xFF, 0xF7, 0x35, 0x42,
    0xFF, 0xF6, 0xDD, 0x28, 0xFF, 0xF6, 0x85, 0x0E, 0xFF, 0xF6, 0x2C, 0xF4, 0xFF, 0xF5, 0xD4, 0xDA,
    0xFF, 0xF5, 0x7C, 0xC0, 0xFF, 0xF5, 0x24, 0xA6, 0xFF, 0xF4, 0xCC, 0x8C, 0xFF, 0xF4, 0x74, 0x72,
    0xFF, 0xF4, 0x1C, 0x58, 0xFF, 0xF3, 0xC4, 0x3E, 0xFF, 0xF3, 0x6C, 0x24, 0xFF, 0xF3, 0x14, 0x0A,
    0xFF, 0xF2, 0xBB, 0xF0, 0xFF, 0xF2, 0x63, 0xD6, 0xFF, 0xF2, 0x0B, 0xBC, 0xFF, 0xF1, 0xB3, 0xA2,
    0xFF, 0xF1, 0x5B, 0x88, 0xFF, 0xF1, 0x03, 0x6E, 0xFF, 0xF0, 0xAB, 0x54, 0xFF, 0xF0, 0x53, 0x3A,
    0xFF, 0xEF, 0xFB, 0x20, 0xFF, 0xEF, 0xA3, 0x06, 0xFF, 0xEF, 0x4A, 0xEC, 0xFF, 0xEE, 0xF2, 0xD2,
    0xFF, 0xEE, 0x9A, 0xB8, 0xFF, 0xEE, 0x42, 0x9E, 0xFF, 0xED, 0xEA, 0x84, 0xFF, 0xED, 0x92, 0x6A,
    0xFF, 0xED, 0x3A, 0x50, 0xFF, 0xEC, 0xE2, 0x36, 0xFF, 0xEC, 0x8A, 0x1C, 0xFF, 0xEC, 0x32, 0x02,
    0xFF, 0xEB, 0xD9, 0xE8, 0xFF, 0xEB, 0x81, 0xCE, 0xFF, 0xEB, 0x29, 0xB4, 0xFF, 0xEA, 0xD1, 0x9A,
    0xFF, 0xEA, 0x79, 0x80, 0xFF, 0xEA, 0x21, 0x66, 0xFF, 0xE9, 0xC9, 0x4C, 0xFF, 0xE9, 0x71, 0x32,
    0xFF, 0xE9, 0x19, 0x18, 0xFF, 0xE8, 0xC0, 0xFE, 0xFF, 0xE8, 0x68, 0xE4, 0xFF, 0xE8, 0x10, 0xCA,
    0xFF, 0xE7, 0xB8, 0xB0, 0xFF, 0xE7, 0x60, 0x96, 0xFF, 0xE7, 0x08, 0x7C, 0xFF, 0xE6, 0xB0, 0x62,
    0xFF, 0xE6, 0x58, 0x48, 0xFF, 0xE6, 0x00, 0x2E, 0xFF, 0xE5, 0xA8, 0x14, 0xFF, 0xE5, 0x4F, 0xFA,
    0xFF, 0xE4, 0xF7, 0xE0, 0xFF, 0xE4, 0x9F, 0xC6, 0xFF, 0xE4, 0x47, 0xAC, 0xFF, 0xE3, 0xEF, 0x92,
    0xFF, 0xE3, 0x97, 0x78, 0xFF, 0xE3, 0x3F, 0x5E, 0xFF, 0xE2, 0xE7, 0x44, 0xFF, 0xE2, 0x8F, 0x2A,
    0xFF, 0xE2, 0x37, 0x10, 0xFF, 0xE1, 0xDE, 0xF6, 0xFF, 0xE1, 0x86, 0xDC, 0xFF, 0xE1, 0x2E, 0xC2,
    0xFF, 0xE0, 0xD6, 0xA8, 0xFF, 0xE0, 0x7E, 0x8E, 0xFF, 0xE0, 0x26, 0x74, 0xFF, 0xDF, 0xCE, 0x5A,
    0xFF, 0xDF, 0x76, 0x40, 0xFF, 0xDF, 0x1E, 0x26, 0xFF, 0xDE, 0xC6, 0x0C, 0xFF, 0xDE, 0x6D, 0xF2,
    0xFF, 0xDE, 0x15, 0xD8, 0xFF, 0xDD, 0xBD, 0xBE, 0xFF, 0xDD, 0x65, 0xA4, 0xFF, 0xDD, 0x0D, 0x8A,
    0xFF, 0xDC, 0xB5, 0x70, 0xFF, 0xDC, 0x5D, 0x56, 0xFF, 0xDC, 0x05, 0x3C, 0xFF, 0xDB, 0xAD, 0x22,
    0xFF, 0xDB, 0x55, 0x08, 0xFF, 0xDA, 0xFC, 0xEE, 0xFF, 0xDA, 0xA4, 0xD4, 0xFF, 0xDA, 0x4C, 0xBA,
    0xFF, 0xD9, 0xF4, 0xA0, 0xFF, 0xD9, 0x9C, 0x86, 0xFF, 0xD9, 0x44, 0x6C, 0xFF, 0xD8, 0xEC, 0x52,
    0xFF, 0xD8, 0x94, 0x38, 0xFF, 0xD8, 0x3C, 0x1E, 0xFF, 0xD7, 0xE4, 0x04, 0xFF, 0xD7, 0x8B, 0xEA,
    0xFF, 0xD7, 0x33, 0xD0, 0xFF, 0xD6, 0xDB, 0xB6, 0xFF, 0xD6, 0x83, 0x9C, 0xFF, 0xD6, 0x2B, 0x82,
    0xFF, 0xD5, 0xD3, 0x68, 0xFF, 0xD5, 0x7B, 0x4E, 0xFF, 0xD5, 0x23, 0x34, 0xFF, 0xD4, 0xCB, 0x1A,
    0x00, 0x5B, 0x69, 0x00, 0x00, 0x5A, 0xB2, 0x2E, 0x00, 0x59, 0xFB, 0x5C, 0x00, 0x59, 0x44, 0x8A,
    0x00, 0x58, 0x8D, 0xB8, 0x00, 0x57, 0xD6, 0xE6, 0x00, 0x57, 0x20, 0x14, 0x00, 0x56, 0x69, 0x42,
    0x00, 0x55, 0xB2, 0x70, 0x00, 0x54, 0xFB, 0x9E, 0x00, 0x54, 0x44, 0xCC, 0x00, 0x53, 0x8D, 0xFA,
    0x00, 0x52, 0xD7, 0x28, 0x00, 0x52, 0x20, 0x56, 0x00, 0x51, 0x69, 0x84, 0x00, 0x50, 0xB2, 0xB2,
    0x00, 0x4F, 0xFB, 0xE0, 0x00, 0x4F, 0x45, 0x0E, 0x00, 0x4E, 0x8E, 0x3C, 0x00, 0x4D, 0xD7, 0x6A,
    0x00, 0x4D, 0x20, 0x98, 0x00, 0x4C, 0x69, 0xC6, 0x00, 0x4B, 0xB2, 0xF4, 0x00, 0x4A, 0xFC, 0x22,
    0x00, 0x4A, 0x45, 0x50, 0x00, 0x49, 0x8E, 0x7E, 0x00, 0x48, 0xD7, 0xAC, 0x00, 0x48, 0x20, 0xDA,
    0x00, 0x47, 0x6A, 0x08, 0x00, 0x46, 0xB3, 0x36, 0x00, 0x45, 0xFC, 0x64, 0x00, 0x45, 0x45, 0x92,
    0x00, 0x44, 0x8E, 0xC0, 0x00, 0x43, 0xD7, 0xEE, 0x00, 0x43, 0x21, 0x1C, 0x00, 0x42, 0x6A, 0x4A,
    0x00, 0x41, 0xB3, 0x78, 0x00, 0x40, 0xFC, 0xA6, 0x00, 0x40, 0x45, 0xD4, 0x00, 0x3F, 0x8F, 0x02,
    0x00, 0x3E, 0xD8, 0x30, 0x00, 0x3E, 0x21, 0x5E, 0x00, 0x3D, 0x6A, 0x8C, 0x00, 0x3C, 0xB3, 0xBA,
    0x00, 0x3B, 0xFC, 0xE8, 0x00, 0x3B, 0x46, 0x16, 0x00, 0x3A, 0x8F, 0x44, 0x00, 0x39, 0xD8, 0x72,
    0x00, 0x39, 0x21, 0xA0, 0x00, 0x38, 0x6A, 0xCE, 0x00, 0x37, 0xB3, 0xFC, 0x00, 0x36, 0xFD, 0x2A,
    0x00, 0x36, 0x46, 0x58, 0x00, 0x35, 0x8F, 0x86, 0x00, 0x34, 0xD8, 0xB4, 0x00, 0x34, 0x21, 0xE2,
    0x00, 0x33, 0x6B, 0x10, 0x00, 0x32, 0xB4, 0x3E, 0x00, 0x31, 0xFD, 0x6C, 0x00, 0x31, 0x46, 0x9A,
    0x00, 0x30, 0x8F, 0xC8, 0x00, 0x2F, 0xD8, 0xF6, 0x00, 0x2F, 0x22, 0x24, 0x00, 0x2E, 0x6B, 0x52,
    0x00, 0x2D, 0xB4, 0x80, 0x00, 0x2C, 0xFD, 0xAE, 0x00, 0x2C, 0x46, 0xDC, 0x00, 0x2B, 0x90, 0x0A,
    0x00, 0x2A, 0xD9, 0x38, 0x00, 0x2A, 0x22, 0x66, 0x00, 0x29, 0x6B, 0x94, 0x00, 0x28, 0xB4, 0xC2,
    0x00, 0x27, 0xFD, 0xF0, 0x00, 0x27, 0x47, 0x1E, 0x00, 0x26, 0x90, 0x4C, 0x00, 0x25, 0xD9, 0x7A,
    0x00, 0x25, 0x22, 0xA8, 0x00, 0x24, 0x6B, 0xD6, 0x00, 0x23, 0xB5, 0x04, 0x00, 0x22, 0xFE, 0x32,
    0x00, 0x22, 0x47, 0x60, 0x00, 0x21, 0x90, 0x8E, 0x00, 0x20, 0xD9, 0xBC, 0x00, 0x20, 0x22, 0xEA,
    0x00, 0x1F, 0x6C, 0x18, 0x00, 0x1E, 0xB5, 0x46, 0x00, 0x1D, 0xFE, 0x74, 0x00, 0x1D, 0x47, 0xA2,
    0x00, 0x1C, 0x90, 0xD0, 0x00, 0x1B, 0xD9, 0xFE, 0x00, 0x1B, 0x23, 0x2C, 0x00, 0x1A, 0x6C, 0x5A,
    0x00, 0x19, 0xB5, 0x88, 0x00, 0x18, 0xFE, 0xB6, 0x00, 0x18, 0x47, 0xE4, 0x00, 0x17, 0x91, 0x12,
    0x00, 0x16, 0xDA, 0x40, 0x00, 0x16, 0x23, 0x6E, 0x00, 0x15, 0x6C, 0x9C, 0x00, 0x14, 0xB5, 0xCA,
    0x00, 0x13, 0xFE, 0xF8, 0x00, 0x13, 0x48, 0x26, 0x00, 0x12, 0x91, 0x54, 0x00, 0x11, 0xDA, 0x82,
    0x00, 0x11, 0x23, 0xB0, 0x00, 0x10, 0x6C, 0xDE, 0x00, 0x0F, 0xB6, 0x0C, 0x00, 0x0E, 0xFF, 0x3A,
    0x00, 0x0E, 0x48, 0x68, 0x00, 0x0D, 0x91, 0x96, 0x00, 0x0C, 0xDA, 0xC4, 0x00, 0x0C, 0x23, 0xF2,
    0x00, 0x0B, 0x6D, 0x20, 0x00, 0x0A, 0xB6, 0x4E, 0x00, 0x09, 0xFF, 0x7C, 0x00, 0x09, 0x48, 0xAA,
    0x00, 0x08, 0x91, 0xD8, 0x00, 0x07, 0xDB, 0x06, 0x00, 0x07, 0x24, 0x34, 0x00, 0x06, 0x6D, 0x62,
    0x00, 0x05, 0xB6, 0x90, 0x00, 0x04, 0xFF, 0xBE, 0x00, 0x04, 0x48, 0xEC, 0x00, 0x03, 0x92, 0x1A,
    0x00, 0x02, 0xDB, 0x48, 0x00, 0x02, 0x24, 0x76, 0x00, 0x01, 0x6D, 0xA4, 0x00, 0x00, 0xB6, 0xD2,
    0x00, 0x00, 0x00, 0x00, 0xFF, 0xFF, 0x49, 0x2E, 0xFF, 0xFE, 0x92, 0x5C, 0xFF, 0xFD, 0xDB, 0x8A,
    0xFF, 0xFD, 0x24, 0xB8, 0xFF, 0xFC, 0x6D, 0xE6, 0xFF, 0xFB, 0xB7, 0x14, 0xFF, 0xFB, 0x00, 0x42,
    0xFF, 0xFA, 0x49, 0x70, 0xFF, 0xF9, 0x92, 0x9E, 0xFF, 0xF8, 0xDB, 0xCC, 0xFF, 0xF8, 0x24, 0xFA,
    0xFF, 0xF7, 0x6E, 0x28, 0xFF, 0xF6, 0xB7, 0x56, 0xFF, 0xF6, 0x00, 0x84, 0xFF, 0xF5, 0x49, 0xB2,
    0xFF, 0xF4, 0x92, 0xE0, 0xFF, 0xF3, 0xDC, 0x0E, 0xFF, 0xF3, 0x25, 0x3C, 0xFF, 0xF2, 0x6E, 0x6A,
    0xFF, 0xF1, 0xB7, 0x98, 0xFF, 0xF1, 0x00, 0xC6, 0xFF, 0xF0, 0x49, 0xF4, 0xFF, 0xEF, 0x93, 0x22,
    0xFF, 0xEE, 0xDC, 0x50, 0xFF, 0xEE, 0x25, 0x7E, 0xFF, 0xED, 0x6E, 0xAC, 0xFF, 0xEC, 0xB7, 0xDA,
    0xFF, 0xEC, 0x01, 0x08, 0xFF, 0xEB, 0x4A, 0x36, 0xFF, 0xEA, 0x93, 0x64, 0xFF, 0xE9, 0xDC, 0x92,
    0xFF, 0xE9, 0x25, 0xC0, 0xFF, 0xE8, 0x6E, 0xEE, 0xFF, 0xE7, 0xB8, 0x1C, 0xFF, 0xE7, 0x01, 0x4A,
    0xFF, 0xE6, 0x4A, 0x78, 0xFF, 0xE5, 0x93, 0xA6, 0xFF, 0xE4, 0xDC, 0xD4, 0xFF, 0xE4, 0x26, 0x02,
    0xFF, 0xE3, 0x6F, 0x30, 0xFF, 0xE2, 0xB8, 0x5E, 0xFF, 0xE2, 0x01, 0x8C, 0xFF, 0xE1, 0x4A, 0xBA,
    0xFF, 0xE0, 0x93, 0xE8, 0xFF, 0xDF, 0xDD, 0x16, 0xFF, 0xDF, 0x26, 0x44, 0xFF, 0xDE, 0x6F, 0x72,
    0xFF, 0xDD, 0xB8, 0xA0, 0xFF, 0xDD, 0x01, 0xCE, 0xFF, 0xDC, 0x4A, 0xFC, 0xFF, 0xDB, 0x94, 0x2A,
    0xFF, 0xDA, 0xDD, 0x58, 0xFF, 0xDA, 0x26, 0x86, 0xFF, 0xD9, 0x6F, 0xB4, 0xFF, 0xD8, 0xB8, 0xE2,
    0xFF, 0xD8, 0x02, 0x10, 0xFF, 0xD7, 0x4B, 0x3E, 0xFF, 0xD6, 0x94, 0x6C, 0xFF, 0xD5, 0xDD, 0x9A,
    0xFF, 0xD5, 0x26, 0xC8, 0xFF, 0xD4, 0x6F, 0xF6, 0xFF, 0xD3, 0xB9, 0x24, 0xFF, 0xD3, 0x02, 0x52,
    0xFF, 0xD2, 0x4B, 0x80, 0xFF, 0xD1, 0x94, 0xAE, 0xFF, 0xD0, 0xDD, 0xDC, 0xFF, 0xD0, 0x27, 0x0A,
    0xFF, 0xCF, 0x70, 0x38, 0xFF, 0xCE, 0xB9, 0x66, 0xFF, 0xCE, 0x02, 0x94, 0xFF, 0xCD, 0x4B, 0xC2,
    0xFF, 0xCC, 0x94, 0xF0, 0xFF, 0xCB, 0xDE, 0x1E, 0xFF, 0xCB, 0x27, 0x4C, 0xFF, 0xCA, 0x70, 0x7A,
    0xFF, 0xC9, 0xB9, 0xA8, 0xFF, 0xC9, 0x02, 0xD6, 0xFF, 0xC8, 0x4C, 0x04, 0xFF, 0xC7, 0x95, 0x32,
    0xFF, 0xC6, 0xDE, 0x60, 0xFF, 0xC6, 0x27, 0x8E, 0xFF, 0xC5, 0x70, 0xBC, 0xFF, 0xC4, 0xB9, 0xEA,
    0xFF, 0xC4, 0x03, 0x18, 0xFF, 0xC3, 0x4C, 0x46, 0xFF, 0xC2, 0x95, 0x74, 0xFF, 0xC1, 0xDE, 0xA2,
    0xFF, 0xC1, 0x27, 0xD0, 0xFF, 0xC0, 0x70, 0xFE, 0xFF, 0xBF, 0xBA, 0x2C, 0xFF, 0xBF, 0x03, 0x5A,
    0xFF, 0xBE, 0x4C, 0x88, 0xFF, 0xBD, 0x95, 0xB6, 0xFF, 0xBC, 0xDE, 0xE4, 0xFF, 0xBC, 0x28, 0x12,
    0xFF, 0xBB, 0x71, 0x40, 0xFF, 0xBA, 0xBA, 0x6E, 0xFF, 0xBA, 0x03, 0x9C, 0xFF, 0xB9, 0x4C, 0xCA,
    0xFF, 0xB8, 0x95, 0xF8, 0xFF, 0xB7, 0xDF, 0x26, 0xFF, 0xB7, 0x28, 0x54, 0xFF, 0xB6, 0x71, 0x82,
    0xFF, 0xB5, 0xBA, 0xB0, 0xFF, 0xB5, 0x03, 0xDE, 0xFF, 0xB4, 0x4D, 0x0C, 0xFF, 0xB3, 0x96, 0x3A,
    0xFF, 0xB2, 0xDF, 0x68, 0xFF, 0xB2, 0x28, 0x96, 0xFF, 0xB1, 0x71, 0xC4, 0xFF, 0xB0, 0xBA, 0xF2,
    0xFF, 0xB0, 0x04, 0x20, 0xFF, 0xAF, 0x4D, 0x4E, 0xFF, 0xAE, 0x96, 0x7C, 0xFF, 0xAD, 0xDF, 0xAA,
    0xFF, 0xAD, 0x28, 0xD8, 0xFF, 0xAC, 0x72, 0x06, 0xFF, 0xAB, 0xBB, 0x34, 0xFF, 0xAB, 0x04, 0x62,
    0xFF, 0xAA, 0x4D, 0x90, 0xFF, 0xA9, 0x96, 0xBE, 0xFF, 0xA8, 0xDF, 0xEC, 0xFF, 0xA8, 0x29, 0x1A,
    0xFF, 0xA7, 0x72, 0x48, 0xFF, 0xA6, 0xBB, 0x76, 0xFF, 0xA6, 0x04, 0xA4, 0xFF, 0xA5, 0x4D, 0xD2,
    0xFF, 0x1D, 0xFF, 0x1F, 0xFF, 0x21, 0xFF, 0x22, 0xFF, 0x24, 0xFF, 0x26, 0xFF, 0x28, 0xFF, 0x2A,
    0xFF, 0x2B, 0xFF, 0x2D, 0xFF, 0x2F, 0xFF, 0x31, 0xFF, 0x32, 0xFF, 0x34, 0xFF, 0x36, 0xFF, 0x38,
    0xFF, 0x3A, 0xFF, 0x3B, 0xFF, 0x3D, 0xFF, 0x3F, 0xFF, 0x41, 0xFF, 0x42, 0xFF, 0x44, 0xFF, 0x46,
    0xFF, 0x48, 0xFF, 0x49, 0xFF, 0x4B, 0xFF, 0x4D, 0xFF, 0x4F, 0xFF, 0x51, 0xFF, 0x52, 0xFF, 0x54,
    0xFF, 0x56, 0xFF, 0x58, 0xFF, 0x59, 0xFF, 0x5B, 0xFF, 0x5D, 0xFF, 0x5F, 0xFF, 0x61, 0xFF, 0x62,
    0xFF, 0x64, 0xFF, 0x66, 0xFF, 0x68, 0xFF, 0x69, 0xFF, 0x6B, 0xFF, 0x6D, 0xFF, 0x6F, 0xFF, 0x70,
    0xFF, 0x72, 0xFF, 0x74, 0xFF, 0x76, 0xFF, 0x78, 0xFF, 0x79, 0xFF, 0x7B, 0xFF, 0x7D, 0xFF, 0x7F,
    0xFF, 0x80, 0xFF, 0x82, 0xFF, 0x84, 0xFF, 0x86, 0xFF, 0x88, 0xFF, 0x89, 0xFF, 0x8B, 0xFF, 0x8D,
    0xFF, 0x8F, 0xFF, 0x90, 0xFF, 0x92, 0xFF, 0x94, 0xFF, 0x96, 0xFF, 0x97, 0xFF, 0x99, 0xFF, 0x9B,
    0xFF, 0x9D, 0xFF, 0x9F, 0xFF, 0xA0, 0xFF, 0xA2, 0xFF, 0xA4, 0xFF, 0xA6, 0xFF, 0xA7, 0xFF, 0xA9,
    0xFF, 0xAB, 0xFF, 0xAD, 0xFF, 0xAE, 0xFF, 0xB0, 0xFF, 0xB2, 0xFF, 0xB4, 0xFF, 0xB6, 0xFF, 0xB7,
    0xFF, 0xB9, 0xFF, 0xBB, 0xFF, 0xBD, 0xFF, 0xBE, 0xFF, 0xC0, 0xFF, 0xC2, 0xFF, 0xC4, 0xFF, 0xC6,
    0xFF, 0xC7, 0xFF, 0xC9, 0xFF, 0xCB, 0xFF, 0xCD, 0xFF, 0xCE, 0xFF, 0xD0, 0xFF, 0xD2, 0xFF, 0xD4,
    0xFF, 0xD5, 0xFF, 0xD7, 0xFF, 0xD9, 0xFF, 0xDB, 0xFF, 0xDD, 0xFF, 0xDE, 0xFF, 0xE0, 0xFF, 0xE2,
    0xFF, 0xE4, 0xFF, 0xE5, 0xFF, 0xE7, 0xFF, 0xE9, 0xFF, 0xEB, 0xFF, 0xED, 0xFF, 0xEE, 0xFF, 0xF0,
    0xFF, 0xF2, 0xFF, 0xF4, 0xFF, 0xF5, 0xFF, 0xF7, 0xFF, 0xF9, 0xFF, 0xFB, 0xFF, 0xFC, 0xFF, 0xFE,
    0x00, 0x00, 0x00, 0x02, 0x00, 0x04, 0x00, 0x05, 0x00, 0x07, 0x00, 0x09, 0x00, 0x0B, 0x00, 0x0C,
    0x00, 0x0E, 0x00, 0x10, 0x00, 0x12, 0x00, 0x13, 0x00, 0x15, 0x00, 0x17, 0x00, 0x19, 0x00, 0x1B,
    0x00, 0x1C, 0x00, 0x1E, 0x00, 0x20, 0x00, 0x22, 0x00, 0x23, 0x00, 0x25, 0x00, 0x27, 0x00, 0x29,
    0x00, 0x2B, 0x00, 0x2C, 0x00, 0x2E, 0x00, 0x30, 0x00, 0x32, 0x00, 0x33, 0x00, 0x35, 0x00, 0x37,
    0x00, 0x39, 0x00, 0x3A, 0x00, 0x3C, 0x00, 0x3E, 0x00, 0x40, 0x00, 0x42, 0x00, 0x43, 0x00, 0x45,
    0x00, 0x47, 0x00, 0x49, 0x00, 0x4A, 0x00, 0x4C, 0x00, 0x4E, 0x00, 0x50, 0x00, 0x52, 0x00, 0x53,
    0x00, 0x55, 0x00, 0x57, 0x00, 0x59, 0x00, 0x5A, 0x00, 0x5C, 0x00, 0x5E, 0x00, 0x60, 0x00, 0x61,
    0x00, 0x63, 0x00, 0x65, 0x00, 0x67, 0x00, 0x69, 0x00, 0x6A, 0x00, 0x6C, 0x00, 0x6E, 0x00, 0x70,
    0x00, 0x71, 0x00, 0x73, 0x00, 0x75, 0x00, 0x77, 0x00, 0x78, 0x00, 0x7A, 0x00, 0x7C, 0x00, 0x7E,
    0x00, 0x80, 0x00, 0x81, 0x00, 0x83, 0x00, 0x85, 0x00, 0x87, 0x00, 0x88, 0x00, 0x8A, 0x00, 0x8C,
    0x00, 0x8E, 0x00, 0x90, 0x00, 0x91, 0x00, 0x93, 0x00, 0x95, 0x00, 0x97, 0x00, 0x98, 0x00, 0x9A,
    0x00, 0x9C, 0x00, 0x9E, 0x00, 0x9F, 0x00, 0xA1, 0x00, 0xA3, 0x00, 0xA5, 0x00, 0xA7, 0x00, 0xA8,
    0x00, 0xAA, 0x00, 0xAC, 0x00, 0xAE, 0x00, 0xAF, 0x00, 0xB1, 0x00, 0xB3, 0x00, 0xB5, 0x00, 0xB7,
    0x00, 0xB8, 0x00, 0xBA, 0x00, 0xBC, 0x00, 0xBE, 0x00, 0xBF, 0x00, 0xC1, 0x00, 0xC3, 0x00, 0xC5,
    0x00, 0xC6, 0x00, 0xC8, 0x00, 0xCA, 0x00, 0xCC, 0x00, 0xCE, 0x00, 0xCF, 0x00, 0xD1, 0x00, 0xD3,
    0x00, 0xD5, 0x00, 0xD6, 0x00, 0xD8, 0x00, 0xDA, 0x00, 0xDC, 0x00, 0xDE, 0x00, 0xDF, 0x00, 0xE1
};

static const u32 gArDc_luminance_huffTable[] = {
    0x00018002, 0x00030000, 0xC003C004, 0x80050001, 0x00020003, 0x00040005,
    0x80010006, 0x80010007, 0x80010008, 0x80010009, 0x8001000A, 0x8001000B,
};

static const u32 gArDc_chrominance_huffTable[] = {
    0x0001C002, 0x80030000, 0x00010002, 0x80010003, 0x80010004, 0x80010005,
    0x80010006, 0x80010007, 0x80010008, 0x80010009, 0x8001000A, 0x8001000B,
};

#pragma pack(1)
struct HufftreeData {
    const u32* tables[4];
    char messages[0x1BB];
};
#pragma pack()

HufftreeData hufftreePtr = {
    {
        gArDc_luminance_huffTable,
        gArDc_luminance_huffTable,
        gArDc_chrominance_huffTable,
        gArDc_luminance_huffTable,
    },
    "decompressGbaOdh : source size error\n\0"
    "decompressGbaOdh : destination buffer over\n\0"
    "decompressGbaOdh : INITIALIZE ERROR %08x\n\0"
    "decompressGbaOdh : DECOMPRESSING ERROR %08x\n\0"
    "decompressGbaOdh : COLOR DECONVERSION ERROR %08x\n\0"
    "compressGbaOdh : INITIALIZE ERROR %08x\n\0"
    "compressGbaOdh : COLOR CONVERSION ERROR %08x\n\0"
    "compressGbaOdh : COMPRESS OVER AND RETRY %d q=%d, %08x\n\0"
    "compressGbaOdh : INITIALIZE ERROR2 %08x\n\0"
    "compressGbaOdh : COMPRESSING ERROR %08x\n",
};

class CArGBAOdh {
  public:
    u32 outputCursor;
    s32 decompressGbaOdh(u8* src, int srcSize, u8* dest, int destSize, u8* work, int unk, int format);
    s32 compressGbaOdh(u8* src, u8* dest, int width, int height, int quality, u32 sizeLimit, u8* work, int format);
    s32 cdj_c_initializeCompressOdh(SArCDJ_OdhMaster* master, u16* dimensions, u8 quality, u8* work, u8* dest, u32 sizeLimit);
    s32 cdj_c_compressLoop(SArCDJ_OdhMaster* master);
    void fdct_fast(u32* output, u8* input, u32 stride, u32* table);
    s32 huffmanCoder(u16* input, SArCDJ_HuffmanRequest* request);
    void cdj_c_setQuantizationTable(SArCDJ_OdhMaster* master, u32 scale);
    s32 cdj_c_flashBuffer(SArCDJ_OdhMaster* master);
    void cdj_c_makeHeader(SArCDJ_OdhMaster* master, u32 size);
    s32 cdj_c_colorConv(SArCDJ_OdhMaster* master, u8* src, int format);
    s32 cdj_d_initializeDecompressOdh(SArCDJ_OdhMaster* master, u8* work, u8* src);
    s32 cdj_d_decompressLoop(SArCDJ_OdhMaster* master, int srcSize, int workSize);
    s32 cdj_d_colorDeconv(SArCDJ_OdhMaster* master, u8* dest, int format);
    void LineConv11(u8* a, u8* b, u8* c, u8* d, u16 width, u16 height, const long* table, int format);
    s32 EmitBit(long value, long count, SArCDJ_HuffmanRequest* request);
    void cdj_d_setDequantizationTable(SArCDJ_OdhMaster* master, u32 scale);
    void LineDeconv11(u8* a, u8* b, u8* c, u8* d, u16 width, u16 height, const SArDeconvTbl* table, int format);
    void LineDeconv21(u8* a, u8* b, u8* c, u8* d, u16 width, u16 height, const SArDeconvTbl* table, int format);
    void LineDeconv12(u8* a, u8* b, u8* c, u8* d, u16 width, u16 height, const SArDeconvTbl* table, int format);
    void LineDeconv22(u8* a, u8* b, u8* c, u8* d, u16 width, u16 height, const SArDeconvTbl* table, int format);
    s32 huffmanDecoder(u32* output, SArCDJ_HuffmanRequest* request, u16** table, int format, u32 count);
    void idct_fast(const u8* input, u32* output, u32* table, u8* dest, u32 stride);

  private:
    s32 ScaleLimit(s32 scale);
};

int ODHEncodeRGB565(u8* src, u8* dest, int width, int height, u32 sizeLimit, int quality, u8* work) {
    CArGBAOdh odh;
    return odh.compressGbaOdh(src, dest, width, height, quality, sizeLimit, work, ODH_FORMAT_RGB565);
}

int ODHEncodeRGBA8(u8* src, u8* dest, int width, int height, u32 sizeLimit, int quality, u8* work) {
    CArGBAOdh odh;
    return odh.compressGbaOdh(src, dest, width, height, quality, sizeLimit, work, ODH_FORMAT_RGBA8);
}

int ODHEncodeY8U8V8(u8* src, u8* dest, int width, int height, u32 sizeLimit, int quality, u8* work) {
    CArGBAOdh odh;
    return odh.compressGbaOdh(src, dest, width, height, quality, sizeLimit, work, ODH_FORMAT_Y8U8V8);
}

int ODHDecodeRGB565(u8* src, int srcSize, u8* dest, int destSize, u8* work, int unk) {
    CArGBAOdh odh;
    int result = odh.decompressGbaOdh(src, srcSize, dest, destSize, work, unk, ODH_FORMAT_RGB565);
    return result;
}

int ODHDecodeRGBA8(u8* src, int srcSize, u8* dest, int destSize, u8* work, int unk) {
    CArGBAOdh odh;
    int result = odh.decompressGbaOdh(src, srcSize, dest, destSize, work, unk, ODH_FORMAT_RGBA8);
    return result;
}

int ODHDecodeY8U8V8(u8* src, int srcSize, u8* dest, int destSize, u8* work, int unk) {
    CArGBAOdh odh;
    int result = odh.decompressGbaOdh(src, srcSize, dest, destSize, work, unk, ODH_FORMAT_Y8U8V8);
    return result;
}

int ODHGetWidth(u8* data) {
    return (((u32*)data)[1] & 0x7FF) + 7 & 0x7F8;
}

int ODHGetHeight(u8* data) {
    return (((u32*)data)[1] >> 11 & 0x7FF) + 7 & 0x7F8;
}

s32 CArGBAOdh::decompressGbaOdh(u8* src, int srcSize, u8* dest, int destSize, u8* work, int unk, int format) {
    SArCDJ_OdhMaster master;
    const char* messages = (const char*)&hufftreePtr;
    int width;
    int height;
    int outputSize;

    if (srcSize <= 0x10) {
        OSReport(messages + 0x10);
        return 0;
    }

    width = (((u32*)src)[1] & 0x7FF) + 7 & 0x7F8;
    height = (((u32*)src)[1] >> 11 & 0x7FF) + 7 & 0x7F8;

    if (format == ODH_FORMAT_RGB565) {
        outputSize = width * height * 2;
    } else if (format == ODH_FORMAT_RGBA8) {
        outputSize = width * height * 4;
    } else {
        outputSize = width * height * 3;
    }

    if (destSize == 0) {
        destSize = outputSize;
    }
    if (unk == 0) {
        unk = width * height * 3;
    }
    if (outputSize > destSize) {
        OSReport(messages + 0x36);
        return 0;
    }

    s32 result = cdj_d_initializeDecompressOdh(&master, work, src);
    if (result != 0) {
        OSReport(messages + 0x62, result);
        return 0;
    }

    result = cdj_d_decompressLoop(&master, srcSize, unk);
    if (result != 0) {
        OSReport(messages + 0x8C, result);
        return 0;
    }

    result = cdj_d_colorDeconv(&master, dest, format);
    if (result != 0) {
        OSReport(messages + 0xB9, result);
        return 0;
    }

    return height << 16 | width;
}

asm s32 CArGBAOdh::compressGbaOdh(u8* src, u8* dest, int width, int height, int quality, u32 sizeLimit, u8* work, int format) {
    nofralloc
    stwu r1, -0x4b0(r1)
    mflr r0
    stw r0, 0x4b4(r1)
    addi r11, r1, 0x4b0
    bl _savegpr_24
    cmpwi r9, 0
    lis r31, hufftreePtr@ha
    lwz r29, 0x4b8(r1)
    mr r24, r3
    mr r30, r4
    mr r25, r5
    mr r26, r8
    mr r27, r9
    mr r28, r10
    addi r31, r31, hufftreePtr@l
    bne compressGbaOdh_L1
    mullw r0, r6, r7
    slwi r27, r0, 1
compressGbaOdh_L1:
    sth r6, 8(r1)
    clrlwi r6, r8, 0x18
    mr r3, r24
    mr r8, r25
    sth r7, 0xa(r1)
    mr r7, r28
    mr r9, r27
    addi r4, r1, 0xc
    addi r5, r1, 8
    bl cdj_c_initializeCompressOdh__9CArGBAOdhFP16SArCDJ_OdhMasterPUsUcPUcPUcUl
    cmpwi r3, 0
    beq compressGbaOdh_L2
    mr r4, r3
    addi r3, r31, 0xeb
    crclr 4*cr1+eq
    bl OSReport
    li r3, 0
    b compressGbaOdh_L8
compressGbaOdh_L2:
    mr r3, r24
    mr r5, r30
    mr r6, r29
    addi r4, r1, 0xc
    bl cdj_c_colorConv__9CArGBAOdhFP16SArCDJ_OdhMasterPUci
    cmpwi r3, 0
    beq compressGbaOdh_L3
    mr r4, r3
    addi r3, r31, 0x113
    crclr 4*cr1+eq
    bl OSReport
    li r3, 0
    b compressGbaOdh_L8
compressGbaOdh_L3:
    mr r3, r24
    addi r4, r1, 0xc
    bl cdj_c_compressLoop__9CArGBAOdhFP16SArCDJ_OdhMaster
    mr r30, r3
    li r29, 1
    b compressGbaOdh_L6
compressGbaOdh_L4:
    lbz r5, 0x10(r1)
    mr r4, r29
    mr r6, r30
    addi r3, r31, 0x141
    crclr 4*cr1+eq
    addi r29, r29, 1
    bl OSReport
    addic. r26, r26, -5
    ble compressGbaOdh_L7
    mr r3, r24
    mr r7, r28
    mr r8, r25
    mr r9, r27
    addi r4, r1, 0xc
    addi r5, r1, 8
    clrlwi r6, r26, 0x18
    bl cdj_c_initializeCompressOdh__9CArGBAOdhFP16SArCDJ_OdhMasterPUsUcPUcPUcUl
    cmpwi r3, 0
    beq compressGbaOdh_L5
    mr r4, r3
    addi r3, r31, 0x179
    crclr 4*cr1+eq
    bl OSReport
    li r3, 0
    b compressGbaOdh_L8
compressGbaOdh_L5:
    mr r3, r24
    addi r4, r1, 0xc
    bl cdj_c_compressLoop__9CArGBAOdhFP16SArCDJ_OdhMaster
    mr r30, r3
    b compressGbaOdh_L6
compressGbaOdh_L7:
    mr r4, r30
    addi r3, r31, 0x1a2
    crclr 4*cr1+eq
    bl OSReport
    li r3, 0
    b compressGbaOdh_L8
compressGbaOdh_L6:
    addis r0, r30, -0x8000
    cmplwi r0, 4
    beq compressGbaOdh_L4
    mr r3, r30
compressGbaOdh_L8:
    addi r11, r1, 0x4b0
    bl _restgpr_24
    lwz r0, 0x4b4(r1)
    mtlr r0
    addi r1, r1, 0x4b0
    blr
}

s32 CArGBAOdh::cdj_c_initializeCompressOdh(SArCDJ_OdhMaster* param_2, u16* param_3, u8 in_r6, u8* param_4, u8* param_5, u32 param_6) {
    u16* master = (u16*)param_2;
    u32 uVar3;
    u32 iVar2;
    s32 result;

    if ((((*param_3 == 0) || (0x7FF < *param_3)) || (param_3[1] == 0)) || (0x7FF < param_3[1])) {
        result = ODH_ERROR_80000001;
    } else if (in_r6 > 0x64) {
        result = ODH_ERROR_80000002;
    } else {
        *(u32*)(master + 0x16) = (u32)param_4;
        *(u32*)(master + 0x118) = (u32)param_5;
        *master = *param_3;
        master[1] = param_3[1];
        *(char*)(master + 2) = (char)in_r6;
        uVar3 = *param_3 - 1;
        master[3] = (s32)uVar3 / 8 + 1;
        uVar3 = param_3[1] - 1;
        master[4] = (s32)uVar3 / 8 + 1;
        *(u16**)(master + 0x21A) = master + 0x10;
        *(u16**)(master + 0x21C) = master + 0x10;
        *(u8**)(master + 0x21E) = (u8*)gArDC_L_Table;
        *(u8**)(master + 0x220) = (u8*)gArDC_L_Table;
        *(u32*)(master + 0x222) = (u32)param_5;
        *(u16**)(master + 0x224) = master + 0x0E;
        *(u16**)(master + 0x226) = master + 8;
        *(u16**)(master + 0x228) = master + 10;
        *(u32*)(master + 0x22A) = param_6;
        *(u16**)(master + 0x22C) = master + 0x12;
        *(u16**)(master + 0x22E) = master + 0x14;
        *(u8**)(master + 0x230) = (u8*)gArDC_C_Table;
        *(u8**)(master + 0x232) = (u8*)gArDC_L_Table;
        *(u32*)(master + 0x234) = (u32)param_5;
        *(u16**)(master + 0x236) = master + 0x0E;
        *(u16**)(master + 0x238) = master + 8;
        *(u16**)(master + 0x23A) = master + 10;
        *(u32*)(master + 0x23C) = param_6;
        u32 quality = in_r6;
        if (quality == 0) {
            quality = 1;
        }
        if (quality < 0x32) {
            iVar2 = 5000U / (u32)quality;
        } else {
            iVar2 = 200 - (quality << 1);
        }
        cdj_c_setQuantizationTable(param_2, iVar2);
        master[5] = 0;
        master[6] = 0;
        *(u32*)(master + 8) = 0;
        *(u32*)(master + 10) = 0x20;
        *(u32*)(master + 0x0C) = param_6;
        *(u32*)(master + 0x0E) = param_6 - 0x10;
        *(u32*)(master + 0x10) = 0;
        *(u32*)(master + 0x12) = 0;
        *(u32*)(master + 0x14) = 0;
        result = 0;
    }

    return result;
}

s32 CArGBAOdh::cdj_c_compressLoop(SArCDJ_OdhMaster* param_2) {
    u8 bVar1;
    int iVar2;
    int iVar4;
    u16 sVar6;
    int iVar7;
    int iVar8;
    u8* master = (u8*)param_2;

    do {
        iVar8 = (u32)*(u16*)(master + 0x0C) << 6;
        iVar8 = (u32)*(u16*)(master + 6) * iVar8;
        iVar8 += (u32)*(u16*)(master + 0x0A) << 3;
        fdct_fast((u32*)(master + 0x130), (u8*)(*(u32*)(master + 0x2C) + iVar8),
                  (u32)*(u16*)(master + 6) << 3, (u32*)(master + 0x234));
        iVar7 = 0;
        iVar4 = 0;
        for (int i = 0; i < 0x40; i++) {
            bVar1 = odh_zigzag_order[i];
            iVar2 = *(int*)(master + iVar4 + 0x130) << 0x10;
            iVar7++;
            iVar4 += 4;
            *(int*)(master + (u32)bVar1 * 4 + 0x30) = iVar2;
        }
        *(u32*)(master + 0x130) = 0x40004000;
        iVar4 = huffmanCoder((u16*)(master + 0x2E), (SArCDJ_HuffmanRequest*)(master + 0x434));
        if (iVar4 == ODH_ERROR_80000004) {
            iVar4 = ODH_ERROR_80000004;
            goto done;
        }
        iVar4 = (u32)*(u16*)(master + 6) << 6;
        iVar4 = (u32)*(u16*)(master + 8) * iVar4;
        iVar8 = iVar8 + iVar4;
        fdct_fast((u32*)(master + 0x130), (u8*)(*(u32*)(master + 0x2C) + iVar8),
                  (u32)*(u16*)(master + 6) << 3, (u32*)(master + 0x334));
        iVar4 = 0;
        for (int i = 0; i < 0x40; i++) {
            iVar2 = (int)(master + iVar4);
            bVar1 = odh_zigzag_order[i];
            iVar4 += 4;
            *(u32*)(master + (u32)bVar1 * 4 + 0x30) = *(u32*)(iVar2 + 0x130) & 0xFFFF;
        }
        iVar8 += (u32)*(u16*)(master + 8) * ((u32)*(u16*)(master + 6) << 6);
        fdct_fast((u32*)(master + 0x130), (u8*)(*(u32*)(master + 0x2C) + iVar8),
                  (u32)*(u16*)(master + 6) << 3, (u32*)(master + 0x334));
        iVar7 = 0;
        iVar4 = 0;
        for (int i = 0; i < 0x40; i++) {
            iVar8 = (int)(master + iVar4);
            iVar7++;
            iVar4 += 4;
            iVar2 = (int)(master + (u32)odh_zigzag_order[i] * 4);
            *(u32*)(iVar2 + 0x30) = *(u32*)(iVar8 + 0x130) << 0x10 | *(u32*)(iVar2 + 0x30);
        }
        *(u32*)(master + 0x130) = 0x40004000;
        iVar4 = huffmanCoder((u16*)(master + 0x30), (SArCDJ_HuffmanRequest*)(master + 0x458));
        if (iVar4 == ODH_ERROR_80000004) {
            iVar4 = ODH_ERROR_80000004;
            goto done;
        }
        sVar6 = *(u16*)(master + 0x0A) + 1;
        *(u16*)(master + 0x0A) = sVar6;
        if (sVar6 == *(u16*)(master + 6)) {
            *(u16*)(master + 0x0A) = 0;
            *(u16*)(master + 0x0C) = *(u16*)(master + 0x0C) + 1;
        }
    } while (*(u16*)(master + 0x0C) < *(u16*)(master + 8));
    iVar4 = cdj_c_flashBuffer(param_2);
    if (iVar4 == ODH_ERROR_80000004) {
        iVar4 = ODH_ERROR_80000004;
    } else {
        cdj_c_makeHeader(param_2, *(u32*)(master + 0x18) - *(u32*)(master + 0x1C));
        iVar4 = *(u32*)(master + 0x18) - *(u32*)(master + 0x1C);
    }

done:
    return iVar4;
}

s32 CArGBAOdh::cdj_c_flashBuffer(SArCDJ_OdhMaster* master) {
    master->bitBuffer |= 0x7F << (master->bitCount -= 7);

    while (master->bitCount <= 0x18) {
        if (master->remaining == 0) {
            return ODH_ERROR_80000004;
        }

        master->data[master->outputPos - master->remaining] = master->bitBuffer >> 24;
        master->remaining--;
        master->bitCount += 8;
        master->bitBuffer <<= 8;
    }

    while ((master->outputPos - master->remaining) & 3) {
        master->data[master->outputPos - master->remaining] = 0xFF;
        master->remaining--;
    }

    return ODH_ERROR_SUCCESS;
}

void CArGBAOdh::cdj_c_setQuantizationTable(SArCDJ_OdhMaster* param_2, u32 param_3) {
    u8 local_98[128];
    u32 uVar11 = 0;
    int iVar4 = 0;

    do {
        for (int i = 0; i < 0x40; i++) {
            u32 uVar10 = (param_3 * gArCdj_std_quant_tbl[iVar4 + i] + 0x32) / 100;
            if ((int)uVar10 == 0) {
                uVar10 = 1;
            }
            if (0xFF < uVar10) {
                uVar10 = 0xFF;
            }
            local_98[iVar4 + i] = (u8)uVar10;
        }
        uVar11 = uVar11 + 1;
        iVar4 = iVar4 + 0x40;
    } while (uVar11 < 2);

    uVar11 = 0;
    iVar4 = 0;
    int iVar5 = 0;
    const u16* scales = (const u16*)gArAANScales;
    do {
        int outputOffset = 0;
        int scaleIndex = 0;
        int destinationBase = (int)param_2 + iVar4;
        u8* local = local_98 + iVar5;
        for (int i = 0; i < 0x40; i++) {
            u32 scale = scales[scaleIndex];
            u8 coefficient = local[i];
            *(u32*)(destinationBase + outputOffset + 0x234) = 0x4000000 / (scale * (u32)coefficient);
            scaleIndex++;
            outputOffset += 4;
        }
        uVar11 = uVar11 + 1;
        iVar4 = iVar4 + 0x100;
        iVar5 = iVar5 + 0x40;
    } while (uVar11 < 2);
}

s32 CArGBAOdh::cdj_c_colorConv(SArCDJ_OdhMaster* param_2, u8* param_3, int param_4) {
    u16* master = (u16*)param_2;
    u16 uVar1 = *master;
    if ((uVar1 & 1) != 0 || (master[1] & 1) != 0) {
        return 1;
    }
    u16 uVar2 = master[1];

    u16 local_40[2];
    for (int i = 0; i < 2; i++) {
        u16 uVar3 = master[i];
        if ((uVar3 & 7) != 0) {
            local_40[i] = (uVar3 + 8) - (uVar3 & 7);
        } else {
            local_40[i] = uVar3;
        }
    }

    int iVar10 = *(int*)(master + 0x16);
    int iVar7 = iVar10 + (u32)local_40[0] * (u32)local_40[1];
    int iVar6 = iVar7 + (u32)local_40[0] * (u32)local_40[1];
    int iVar9;
    if (param_4 == 0) {
        iVar9 = (uVar1 & 0xFFFC) << 3;
    } else {
        iVar9 = (uVar1 & 0xFFF8) << 2;
        if (param_4 == 1) {
            iVar9 = (uVar1 & 0xFFFC) << 4;
        }
    }

    u32 uVar8 = (u32)local_40[0];
    for (u32 uVar5 = 0; (s32)uVar5 < (s32)(u32)uVar2; uVar5++) {
        LineConv11((u8*)(((s32)uVar5 / 4) * iVar9 + (s32)param_3 + (uVar5 & 3) * 8),
                   (u8*)iVar10, (u8*)iVar7, (u8*)iVar6, *master, master[1],
                   (const long*)gArConvPlttTbl, param_4);
        iVar10 += uVar8;
        iVar7 += uVar8;
        iVar6 += uVar8;
    }

    return 0;
}

void CArGBAOdh::LineConv11(u8* param_2, u8* param_3, u8* param_4, u8* param_5, u16 param_6, u16 param_7,
                           const long* param_8, int param_9) {
    u32 in__r9 = (u32)param_6 * (u32)param_7;
    const s32* table = (const s32*)param_8;
    double dVar14 = colorConvertB;
    float fVar13 = colorConvertG2;
    float dVar23 = colorConvertG1;
    float fVar12 = colorConvertR;
    float fVar11 = colorConvertY;
    float fVar10 = colorConvert128;
    float fVar9 = colorConvert16;
    u32 uVar18 = 0;

    for (int i = 0; i < param_6; i++) {
            s32 uVar20;
            s32 uVar22;
            s32 uVar17;

            if (param_9 == 0) {
                u8* puVar5 = (u8*)(((uVar18 << 1) & 6) + (u32)param_2 + ((uVar18 << 3) & 0xFFFFFFE0));
                u8 firstByte = puVar5[0];
                u16 pixel = (u16)firstByte << 8 | puVar5[1];
                uVar20 = (pixel >> 11) & 0x1F;
                uVar22 = (pixel >> 6) & 0x1F;
                uVar17 = pixel & 0x1F;
            } else if (param_9 == 1) {
                int iVar16 = (uVar18 & 0xFFFFFFFC) * 0x10 + (uVar18 & 3) * 2;
                u8* pixel = param_2 + iVar16;
                uVar20 = pixel[1] >> 3;
                uVar22 = pixel[0x20] >> 3;
                uVar17 = pixel[0x21] >> 3;
            } else {
                int sourceOffset = (uVar18 & 7) + (uVar18 & 0x3FFFFFF8) * 4;
                float y = (float)param_2[sourceOffset] - fVar9;
                float cb = (float)param_2[in__r9 + sourceOffset] - fVar10;
                float cr = (float)param_2[in__r9 * 2 + sourceOffset] - fVar10;
                float luma = fVar11 * y;
                int iVar16 = (int)(luma + dVar14 * cb);
                int iVar19 = (int)(luma + fVar12 * cr);
                int iVar21 = (int)(luma - dVar23 * cb - fVar13 * cr);

                if (iVar19 < 0) {
                    iVar19 = 0;
                }
                if (0xFF < iVar19) {
                    iVar19 = 0xFF;
                }
                if (iVar21 < 0) {
                    iVar21 = 0;
                }
                if (0xFF < iVar21) {
                    iVar21 = 0xFF;
                }
                if (iVar16 < 0) {
                    iVar16 = 0;
                }
                if (0xFF < iVar16) {
                    iVar16 = 0xFF;
                }

                uVar20 = iVar19 >> 3;
                uVar22 = iVar21 >> 3;
                uVar17 = iVar16 >> 3;
            }

            s32* redTable = (s32*)(table + uVar20);
            s32* blueTable = (s32*)(table + uVar17);
            s32* greenTable = (s32*)(table + uVar22);
            int redSum = redTable[0x60] + blueTable[0xA0];
            redSum = greenTable[0x80] + redSum;
            int blueSum = blueTable[0x100] + redTable[0xC0];
            blueSum = greenTable[0xE0] + blueSum;
            int luma = redTable[0] + greenTable[0x20];
            luma = blueTable[0x40] + luma;

            *param_3++ = (u8)((u32)luma >> 0x10);
            *param_4++ = (u8)((u32)redSum >> 0x10);
            *param_5++ = (u8)((u32)blueSum >> 0x10);
            uVar18++;
    }
}

void CArGBAOdh::fdct_fast(u32* param_2, u8* param_3, u32 param_4, u32* param_5) {
    for (int column = 0; column < 8; column++) {
        for (int row = 0, outputRow = 0; row < 8; row++, outputRow += 8) {
            ((int*)param_2)[column + outputRow] = (int)param_3[column + row * param_4] - 0x80;
        }
    }

    int* buffer = (int*)param_2;
    int iVar6 = 0;
    int iVar3 = 0;
    for (int row = 0; row < 8; row++) {
        int iVar11 = *buffer + buffer[7];
        int iVar4 = *buffer - buffer[7];
        int iVar8 = buffer[1] - buffer[6];
        int iVar3 = buffer[1] + buffer[6];
        int iVar13 = buffer[2] - buffer[5];
        int iVar10 = iVar8 + iVar4;
        int iVar6 = buffer[2] + buffer[5];
        int iVar12 = buffer[3] + buffer[4];
        int iVar7 = iVar3 + iVar6;
        int iVar5 = (buffer[3] - buffer[4]) + iVar13;
        int iVar9 = iVar11 - iVar12;
        iVar11 = iVar11 + iVar12;
        *buffer = iVar11 + iVar7;
        buffer[4] = iVar11 - iVar7;
        iVar3 = ((iVar3 - iVar6) + iVar9) * 0xB5 >> 8;
        buffer[2] = iVar9 + iVar3;
        iVar6 = (iVar5 - iVar10) * 0x62 >> 8;
        buffer[6] = iVar9 - iVar3;
        iVar5 = iVar6 + (iVar5 * 0x8B >> 8);
        iVar6 = iVar6 + (iVar10 * 0x14E >> 8);
        iVar3 = (iVar13 + iVar8) * 0xB5 >> 8;
        iVar8 = iVar4 - iVar3;
        iVar4 = iVar4 + iVar3;
        buffer[5] = iVar8 + iVar5;
        buffer[3] = iVar8 - iVar5;
        buffer[1] = iVar4 + iVar6;
        buffer[7] = iVar4 - iVar6;
        buffer = (int*)((u8*)buffer + 0x20);
    }

    buffer = (int*)param_2;
    for (int column = 0; column < 8; column++) {
        int iVar11 = *buffer + buffer[0x38];
        int iVar7 = *buffer - buffer[0x38];
        int iVar8 = buffer[8] - buffer[0x30];
        int iVar3 = buffer[8] + buffer[0x30];
        int iVar12 = buffer[0x10] - buffer[0x28];
        int iVar6 = buffer[0x10] + buffer[0x28];
        int iVar4 = iVar8 + iVar7;
        int iVar5 = buffer[0x18] + buffer[0x20];
        int iVar10 = iVar11 - iVar5;
        int iVar9 = (buffer[0x18] - buffer[0x20]) + iVar12;
        int iVar13 = iVar3 + iVar6;
        iVar11 = iVar11 + iVar5;
        *buffer = iVar11 + iVar13;
        buffer[0x20] = iVar11 - iVar13;
        iVar3 = ((iVar3 - iVar6) + iVar10) * 0xB5 >> 8;
        buffer[0x10] = iVar10 + iVar3;
        iVar6 = (iVar9 - iVar4) * 0x62 >> 8;
        buffer[0x30] = iVar10 - iVar3;
        iVar5 = iVar6 + (iVar9 * 0x8B >> 8);
        iVar6 = iVar6 + (iVar4 * 0x14E >> 8);
        iVar3 = (iVar12 + iVar8) * 0xB5 >> 8;
        iVar4 = iVar7 - iVar3;
        iVar7 = iVar7 + iVar3;
        buffer[0x28] = iVar4 + iVar5;
        buffer[0x18] = iVar4 - iVar5;
        buffer[8] = iVar7 + iVar6;
        buffer[0x38] = iVar7 - iVar6;
        buffer = (int*)((u8*)buffer + 4);
    }

    iVar6 = 0;
    iVar3 = 0;
    do {
        int iVar4 = (int)param_2 + iVar3;
        for (int i = 0; i < 8; i++) {
            *(int*)(iVar4 + i * 0x20) =
                (*(int*)(iVar4 + i * 0x20) * *(int*)((int)param_5 + iVar3 + i * 0x20) + 0x4000) >> 0xF;
        }
        iVar6++;
        iVar3 += 4;
    } while (iVar6 < 8);
}

s32 CArGBAOdh::huffmanCoder(u16* param_2, SArCDJ_HuffmanRequest* param_3) {
    u8* request = (u8*)param_3;
    int iVar4 = 0;
    u16* inputCursor = (u16*)((u8*)param_2 + 2);
    this->outputCursor = *(u32*)(request + 0x10) + (*(u32*)(request + 0x20) - **(u32**)(request + 0x14));

    while (true) {
        u32* puVar1 = *(u32**)(request + iVar4 * 4);
        u16* uVar10 = inputCursor + 2;
        u32 rawValue = (u32)*inputCursor << 16;
        s32 currentValue = (s32)rawValue >> 16;
        s32 encodedValue = currentValue - (s32)*puVar1;
        *puVar1 = (u32)currentValue;
        s32 magnitude;
        if (encodedValue < 0) {
            magnitude = -encodedValue;
            encodedValue--;
        } else {
            magnitude = encodedValue;
        }

        u32 uVar12;
        if (magnitude == 0) {
            uVar12 = 0;
        } else {
            uVar12 = 1;
            while ((magnitude >>= 1) != 0) {
                uVar12++;
            }
        }

        u32 uVar8 = *(u32*)(*(u32*)(request + 8) + uVar12 * 4);
        s32 result = EmitBit((encodedValue & ((1 << uVar12) - 1U)) |
                                 ((uVar8 & 0xFFFFFF) << uVar12),
                             ((s32)uVar8 >> 0x18) + uVar12, param_3);
        if (result == ODH_ERROR_80000004) {
            return ODH_ERROR_80000004;
        }

        while (true) {
            s32 lVar7 = 0;
            s32 coefficientValue;
            u16* psVar11;
            u32 uVar12;
            while (true) {
                psVar11 = uVar10;
                uVar10 = (u16*)((u8*)uVar10 + 4);
                u32 rawCoefficient = (u32)*psVar11 << 16;
                coefficientValue = (s32)rawCoefficient >> 16;
                uVar12 = (u32)coefficientValue;
                if (coefficientValue != 0) {
                    break;
                }
                lVar7++;
            }

            uVar8 = (u32)lVar7;
            if (coefficientValue == 0x4000) {
                break;
            }

            u32 uVar9;
            s32 iVar6 = lVar7;
            if (uVar8 == 0) {
                uVar9 = 0;
            } else {
                uVar9 = 1;
                while ((iVar6 >>= 1) != 0) {
                    uVar9++;
                }
            }

            u32 uVar2 = *(u32*)(*(u32*)(request + 0xC) + uVar9 * 4);
            result = EmitBit((uVar8 & ((1 << uVar9) - 1U)) |
                                 ((uVar2 & 0xFFFFFF) << uVar9),
                             ((s32)uVar2 >> 0x18) + uVar9, param_3);
            if (result == ODH_ERROR_80000004) {
                return ODH_ERROR_80000004;
            }

            s32 encodedValue = (s32)uVar12;
            s32 valueMagnitude;
            if (encodedValue < 0) {
                valueMagnitude = -encodedValue;
                encodedValue--;
            } else {
                valueMagnitude = encodedValue;
            }

            uVar8 = 0;
            if (valueMagnitude == 0) {
                uVar8 = 0;
            } else {
                uVar8 = 1;
                while ((valueMagnitude >>= 1) != 0) {
                    uVar8++;
                }
            }

            uVar9 = *(u32*)(*(u32*)(request + 8) + uVar8 * 4);
            result = EmitBit((encodedValue & ((1 << uVar8) - 1U)) |
                                 ((uVar9 & 0xFFFFFF) << uVar8),
                             ((s32)uVar9 >> 0x18) + uVar8, param_3);
            if (result == ODH_ERROR_80000004) {
                return ODH_ERROR_80000004;
            }
        }

        if ((uVar8 != 0) &&
            (uVar12 = *(u32*)(*(u32*)(request + 0xC) + 0x1C),
             result = EmitBit(uVar12 & 0xFFFFFF, (s32)uVar12 >> 0x18, param_3),
             result == ODH_ERROR_80000004)) {
            return ODH_ERROR_80000004;
        }

        if (((u32)uVar10 & 2) == 0) {
            break;
        }
        iVar4 = 1;
        inputCursor = param_2;
    }

    return 0;
}

s32 CArGBAOdh::EmitBit(long param_2, long param_3, SArCDJ_HuffmanRequest* param_4) {
    u8* request = (u8*)param_4;
    **(u32**)(request + 0x18) |= (u32)param_2 << (**(u32**)(request + 0x1C) - (u32)param_3);
    **(u32**)(request + 0x1C) -= (u32)param_3;

    while (**(u32**)(request + 0x1C) <= 0x18) {
        if (**(u32**)(request + 0x14) == 0) {
            return ODH_ERROR_80000004;
        }

        *(u8*)this->outputCursor = (u8)(**(u32**)(request + 0x18) >> 0x18);
        this->outputCursor++;
        **(u32**)(request + 0x14) -= 1;
        **(u32**)(request + 0x18) <<= 8;
        **(u32**)(request + 0x1C) += 8;
    }

    return 0;
}

s32 CArGBAOdh::cdj_d_initializeDecompressOdh(SArCDJ_OdhMaster* param_2, u8* param_3, u8* param_4) {
    u16* master = (u16*)param_2;
    u32 uVar1;
    u32 uVar2;
    int iVar6;
    int iVar7;
    int widthScale;
    u32 uVar4;
    s32 result;
    u32 uVar3;

    if (!(((param_4[0] == 'A') && (param_4[1] == 'J')) &&
          ((param_4[2] == 'P') && (param_4[3] == 'G')))) {
        return ODH_ERROR_80000005;
    }

        uVar1 = *(u32*)(param_4 + 4);
        uVar3 = uVar1 & 0x7FF;
        *master = (s16)uVar3;
        uVar4 = (*(u32*)(param_4 + 4) >> 0xB) & 0x7FF;
        master[1] = (s16)uVar4;
        iVar7 = ((*(u32*)(param_4 + 4) >> 0x16) & 1) + 1;
        *(char*)(master + 7) = (char)iVar7;
        iVar6 = ((*(u32*)(param_4 + 4) >> 0x17) & 1) + 1;
        *(char*)((int)master + 0xF) = (char)iVar6;
        uVar2 = *(u32*)(param_4 + 4);
        *(char*)(master + 2) = (char)(uVar2 >> 0x18);

        if (((uVar3 == 0) || (0x7FF < uVar3)) ||
            ((uVar4 == 0) || (0x7FF < uVar4))) {
            result = ODH_ERROR_80000001;
        } else if ((uVar2 >> 0x18) > 0x64) {
            result = ODH_ERROR_80000002;
        } else {
            *(u32*)(master + 0x16) = (u32)param_3;
            param_4 += 0x10;
            *(char**)(master + 0x118) = (char*)param_4;
            widthScale = (iVar7 << 3) & 0x7F8;
            master[3] = (int)(uVar3 - 1) / widthScale + 1;
            master[4] = (int)(uVar4 - 1) / ((iVar6 << 3) & 0x7F8) + 1;
            master[5] = 0;
            master[6] = 0;
            *(u32*)(master + 10) = 0;
            *(u32*)(master + 0x10) = 0;
            *(u32*)(master + 0x12) = 0;
            *(u32*)(master + 0x14) = 0;
            *(u16**)(master + 0x21A) = master + 0x10;
            *(u16**)(master + 0x21C) = master + 0x10;
            *(char**)(master + 0x222) = (char*)param_4;
            *(u16**)(master + 0x228) = master + 10;
            *(u32*)(master + 0x22A) = 0x10;
            *(u16**)(master + 0x22C) = master + 0x12;
            *(u16**)(master + 0x22E) = master + 0x14;
            *(char**)(master + 0x234) = (char*)param_4;
            *(u16**)(master + 0x23A) = master + 10;
            *(u32*)(master + 0x23C) = 0x10;
            u32 quality = uVar2 >> 0x18;
            if (quality == 0) {
                quality = 1;
            }
            u32 scale;
            if (quality < 0x32) {
                scale = 5000U / quality;
            } else {
                scale = 200 - (quality << 1);
            }
            cdj_d_setDequantizationTable(param_2, scale);
            result = 0;
        }
    return result;
}

s32 CArGBAOdh::cdj_d_decompressLoop(SArCDJ_OdhMaster* master, int srcSize, int workSize) {
  int param_2 = (int)master;
  int param_3 = srcSize;
  int param_4 = workSize;

  u8 cVar1;
  u8 bVar2;
  u16 uVar3;
  int iVar4;
  int iVar5;
  int iVar6;
  int iVar7;
  u32 uVar8;
  int iVar9;
  u16 sVar11;
  int iVar12;
  int iVar13;
  int lVar14;

  uVar8 = (u32)this;
  uVar3 = *(u16 *)(param_2 + 6);
  iVar13 = (u32)uVar3 * 0x38;
  iVar6 = (u32)uVar3 << 3;
  iVar4 = iVar13 * 2;
  iVar7 = (u32)uVar3 << 4;
  do {
    cVar1 = *(u8 *)(param_2 + 0xe);
    if ((cVar1 == 1U) && (*(u8 *)(param_2 + 0xf) == 1U)) {
      iVar9 = huffmanDecoder__9CArGBAOdhFPUlP21SArCDJ_HuffmanRequestPPUsiUl
                        (uVar8,param_2 + 0x30,param_2 + 0x434,(u32)&hufftreePtr,0,param_3);
      *(u32 *)(param_2 + 0x468) = *(u32 *)(param_2 + 0x444);
      *(u32 *)(param_2 + 0x478) = *(u32 *)(param_2 + 0x454);
      if (iVar9 != 0) return iVar9;
      iVar9 = 0;
      for (lVar14 = 0; lVar14 < 0x40; lVar14++) {
        bVar2 = odh_natural_order[lVar14];
        iVar12 = param_2 + iVar9;
        iVar9 = iVar9 + 4;
        *(u32 *) (param_2 + (u32)bVar2 * 4 + 0x130) = *(u32 *)(iVar12 + 0x30);
      }
      iVar9 = ((u32)*(u16 *)(param_2 + 0xc) << 6) * (u32)*(u16 *)(param_2 + 6) +
              (u32)*(u16 *)(param_2 + 10) * 8;
      if (iVar9 + iVar13 + 8 > param_4) {
        iVar9 = -0x7ffffffa;
        goto LAB_0001239c;
      }
      idct_fast__9CArGBAOdhFPCUcPUlPUlPUcUl
                (uVar8,(u32)range_limit,param_2 + 0x234,param_2 + 0x130,*(int *)(param_2 + 0x2c) + iVar9,
                 iVar6);
      iVar9 = huffmanDecoder__9CArGBAOdhFPUlP21SArCDJ_HuffmanRequestPPUsiUl
                        (uVar8,param_2 + 0x30,param_2 + 0x458,(u32)(u32)&hufftreePtr.tables[2],1,param_3);
      if (iVar9 != 0) return iVar9;
      iVar9 = 0;
      for (lVar14 = 0; lVar14 < 0x40; lVar14++) {
        bVar2 = odh_natural_order[lVar14];
        iVar12 = param_2 + iVar9;
        iVar9 = iVar9 + 4;
        *(u32 *) (param_2 + (u32)bVar2 * 4 + 0x130) = *(u32 *)(iVar12 + 0x30);
      }
      iVar9 = ((u32)*(u16 *)(param_2 + 0xc) << 6) * (u32)*(u16 *)(param_2 + 6) +
              (((u32)*(u16 *)(param_2 + 6) << 6) * (u32)*(u16 *)(param_2 + 8) +
               (u32)*(u16 *)(param_2 + 10) * 8);
      if (iVar9 + iVar13 + 8 > param_4) {
        iVar9 = -0x7ffffffa;
        goto LAB_0001239c;
      }
      idct_fast__9CArGBAOdhFPCUcPUlPUlPUcUl
                (uVar8,(u32)range_limit,param_2 + 0x334,param_2 + 0x130,*(int *)(param_2 + 0x2c) + iVar9,
                 iVar6);
      iVar9 = huffmanDecoder__9CArGBAOdhFPUlP21SArCDJ_HuffmanRequestPPUsiUl
                        (uVar8,param_2 + 0x30,param_2 + 0x458,(u32)(u32)&hufftreePtr.tables[2],2,param_3);
      *(u32 *)(param_2 + 0x444) = *(u32 *)(param_2 + 0x468);
      *(u32 *)(param_2 + 0x454) = *(u32 *)(param_2 + 0x478);
      if (iVar9 != 0) return iVar9;
      iVar9 = 0;
      for (lVar14 = 0; lVar14 < 0x40; lVar14++) {
        bVar2 = odh_natural_order[lVar14];
        iVar12 = param_2 + iVar9;
        iVar9 = iVar9 + 4;
        *(u32 *) (param_2 + (u32)bVar2 * 4 + 0x130) = *(u32 *)(iVar12 + 0x30);
      }
      iVar9 = ((u32)*(u16 *)(param_2 + 6) << 6) * (u32)*(u16 *)(param_2 + 8) * 2 +
              ((u32)*(u16 *)(param_2 + 10) * 8 +
              ((u32)*(u16 *)(param_2 + 0xc) << 6) * (u32)*(u16 *)(param_2 + 6));
      if (iVar9 + iVar13 + 8 > param_4) {
        iVar9 = -0x7ffffffa;
        goto LAB_0001239c;
      }
      idct_fast__9CArGBAOdhFPCUcPUlPUlPUcUl
                (uVar8,(u32)range_limit,param_2 + 0x334,param_2 + 0x130,*(int *)(param_2 + 0x2c) + iVar9,
                 iVar6);
    }
    else if ((cVar1 == 2U) && (*(u8 *)(param_2 + 0xf) == 1U)) {
      iVar9 = huffmanDecoder__9CArGBAOdhFPUlP21SArCDJ_HuffmanRequestPPUsiUl
                        (uVar8,param_2 + 0x30,param_2 + 0x434,(u32)&hufftreePtr,0,param_3);
      if (iVar9 != 0) return iVar9;
      iVar9 = 0;
      for (lVar14 = 0; lVar14 < 0x40; lVar14++) {
        bVar2 = odh_natural_order[lVar14];
        iVar12 = param_2 + iVar9;
        iVar9 = iVar9 + 4;
        *(u32 *) (param_2 + (u32)bVar2 * 4 + 0x130) = *(u32 *)(iVar12 + 0x30);
      }
      iVar12 = (u32)*(u16 *)(param_2 + 10) * 0x10 +
               ((u32)*(u16 *)(param_2 + 0xc) << 6) * (u32)*(u16 *)(param_2 + 6) * 2;
      if (iVar12 + iVar4 + 8 > param_4) {
        iVar9 = -0x7ffffffa;
        goto LAB_0001239c;
      }
      idct_fast__9CArGBAOdhFPCUcPUlPUlPUcUl
                (uVar8,(u32)range_limit,param_2 + 0x234,param_2 + 0x130,*(int *)(param_2 + 0x2c) + iVar12
                 ,iVar7);
      iVar9 = huffmanDecoder__9CArGBAOdhFPUlP21SArCDJ_HuffmanRequestPPUsiUl
                        (uVar8,param_2 + 0x30,param_2 + 0x434,(u32)&hufftreePtr,0,param_3);
      *(u32 *)(param_2 + 0x468) = *(u32 *)(param_2 + 0x444);
      if (iVar9 != 0) return iVar9;
      iVar9 = 0;
      for (lVar14 = 0; lVar14 < 0x40; lVar14++) {
        bVar2 = odh_natural_order[lVar14];
        iVar5 = param_2 + iVar9;
        iVar9 = iVar9 + 4;
        *(u32 *) (param_2 + (u32)bVar2 * 4 + 0x130) = *(u32 *)(iVar5 + 0x30);
      }
      if (iVar12 + iVar4 + 0x10 > param_4) {
        iVar9 = -0x7ffffffa;
        goto LAB_0001239c;
      }
      idct_fast__9CArGBAOdhFPCUcPUlPUlPUcUl
                (uVar8,(u32)range_limit,param_2 + 0x234,param_2 + 0x130,
                 iVar12 + *(int *)(param_2 + 0x2c) + 8,iVar7);
      iVar9 = huffmanDecoder__9CArGBAOdhFPUlP21SArCDJ_HuffmanRequestPPUsiUl
                        (uVar8,param_2 + 0x30,param_2 + 0x458,(u32)(u32)&hufftreePtr.tables[2],1,param_3);
      if (iVar9 != 0) return iVar9;
      iVar9 = 0;
      for (lVar14 = 0; lVar14 < 0x40; lVar14++) {
        bVar2 = odh_natural_order[lVar14];
        iVar12 = param_2 + iVar9;
        iVar9 = iVar9 + 4;
        *(u32 *) (param_2 + (u32)bVar2 * 4 + 0x130) = *(u32 *)(iVar12 + 0x30);
      }
      iVar9 = (u32)*(u16 *)(param_2 + 6) * ((u32)*(u16 *)(param_2 + 0xc) << 6) +
              (u32)*(u16 *)(param_2 + 10) * 8 +
              (u32)*(u16 *)(param_2 + 8) * ((u32)*(u16 *)(param_2 + 6) << 7);
      if (iVar9 + iVar13 + 8 > param_4) {
        iVar9 = -0x7ffffffa;
        goto LAB_0001239c;
      }
      idct_fast__9CArGBAOdhFPCUcPUlPUlPUcUl
                (uVar8,(u32)range_limit,param_2 + 0x334,param_2 + 0x130,*(int *)(param_2 + 0x2c) + iVar9,
                 iVar6);
      iVar9 = huffmanDecoder__9CArGBAOdhFPUlP21SArCDJ_HuffmanRequestPPUsiUl
                        (uVar8,param_2 + 0x30,param_2 + 0x458,(u32)(u32)&hufftreePtr.tables[2],2,param_3);
      *(u32 *)(param_2 + 0x444) = *(u32 *)(param_2 + 0x468);
      if (iVar9 != 0) return iVar9;
      iVar9 = 0;
      for (lVar14 = 0; lVar14 < 0x40; lVar14++) {
        bVar2 = odh_natural_order[lVar14];
        iVar12 = param_2 + iVar9;
        iVar9 = iVar9 + 4;
        *(u32 *) (param_2 + (u32)bVar2 * 4 + 0x130) = *(u32 *)(iVar12 + 0x30);
      }
      iVar9 = ((u32)*(u16 *)(param_2 + 8) * ((u32)*(u16 *)(param_2 + 6) << 7) * 2) +
              ((u32)*(u16 *)(param_2 + 10) * 8 +
               ((u32)*(u16 *)(param_2 + 0xc) << 6) * (u32)*(u16 *)(param_2 + 6));
      if (iVar9 + iVar13 + 8 > param_4) {
        iVar9 = -0x7ffffffa;
        goto LAB_0001239c;
      }
      idct_fast__9CArGBAOdhFPCUcPUlPUlPUcUl
                (uVar8,(u32)range_limit,param_2 + 0x334,param_2 + 0x130,*(int *)(param_2 + 0x2c) + iVar9,
                 iVar6);
    }
    else if ((cVar1 == 1U) && (*(u8 *)(param_2 + 0xf) == 2U)) {
      iVar9 = huffmanDecoder__9CArGBAOdhFPUlP21SArCDJ_HuffmanRequestPPUsiUl
                        (uVar8,param_2 + 0x30,param_2 + 0x434,(u32)&hufftreePtr,0,param_3);
      if (iVar9 != 0) return iVar9;
      iVar9 = 0;
      for (lVar14 = 0; lVar14 < 0x40; lVar14++) {
        bVar2 = odh_natural_order[lVar14];
        iVar12 = param_2 + iVar9;
        iVar9 = iVar9 + 4;
        *(u32 *) (param_2 + (u32)bVar2 * 4 + 0x130) = *(u32 *)(iVar12 + 0x30);
      }
      iVar12 = (u32)*(u16 *)(param_2 + 10) * 8 +
               ((u32)*(u16 *)(param_2 + 0xc) << 6) * (u32)*(u16 *)(param_2 + 6) * 2;
      if (iVar12 + iVar13 + 8 > param_4) {
        iVar9 = -0x7ffffffa;
        goto LAB_0001239c;
      }
      idct_fast__9CArGBAOdhFPCUcPUlPUlPUcUl
                (uVar8,(u32)range_limit,param_2 + 0x234,param_2 + 0x130,*(int *)(param_2 + 0x2c) + iVar12
                 ,iVar6);
      iVar9 = huffmanDecoder__9CArGBAOdhFPUlP21SArCDJ_HuffmanRequestPPUsiUl
                        (uVar8,param_2 + 0x30,param_2 + 0x434,(u32)&hufftreePtr,0,param_3);
      *(u32 *)(param_2 + 0x468) = *(u32 *)(param_2 + 0x444);
      if (iVar9 != 0) return iVar9;
      iVar9 = 0;
      for (lVar14 = 0; lVar14 < 0x40; lVar14++) {
        bVar2 = odh_natural_order[lVar14];
        iVar5 = param_2 + iVar9;
        iVar9 = iVar9 + 4;
        *(u32 *) (param_2 + (u32)bVar2 * 4 + 0x130) = *(u32 *)(iVar5 + 0x30);
      }
      iVar12 = iVar12 + (u32)*(u16 *)(param_2 + 6) * 0x40;
      if (iVar12 + iVar13 + 8 > param_4) {
        iVar9 = -0x7ffffffa;
        goto LAB_0001239c;
      }
      idct_fast__9CArGBAOdhFPCUcPUlPUlPUcUl
                (uVar8,(u32)range_limit,param_2 + 0x234,param_2 + 0x130,*(int *)(param_2 + 0x2c) + iVar12
                 ,iVar6);
      iVar9 = huffmanDecoder__9CArGBAOdhFPUlP21SArCDJ_HuffmanRequestPPUsiUl
                        (uVar8,param_2 + 0x30,param_2 + 0x458,(u32)(u32)&hufftreePtr.tables[2],1,param_3);
      if (iVar9 != 0) return iVar9;
      iVar9 = 0;
      for (lVar14 = 0; lVar14 < 0x40; lVar14++) {
        bVar2 = odh_natural_order[lVar14];
        iVar12 = param_2 + iVar9;
        iVar9 = iVar9 + 4;
        *(u32 *) (param_2 + (u32)bVar2 * 4 + 0x130) = *(u32 *)(iVar12 + 0x30);
      }
      iVar9 = ((u32)*(u16 *)(param_2 + 6) << 6) * (u32)*(u16 *)(param_2 + 8) * 2 +
              ((u32)*(u16 *)(param_2 + 10) * 8 +
              ((u32)*(u16 *)(param_2 + 0xc) << 6) * (u32)*(u16 *)(param_2 + 6));
      if (iVar9 + iVar13 + 8 > param_4) {
        iVar9 = -0x7ffffffa;
        goto LAB_0001239c;
      }
      idct_fast__9CArGBAOdhFPCUcPUlPUlPUcUl
                (uVar8,(u32)range_limit,param_2 + 0x334,param_2 + 0x130,*(int *)(param_2 + 0x2c) + iVar9,
                 iVar6);
      iVar9 = huffmanDecoder__9CArGBAOdhFPUlP21SArCDJ_HuffmanRequestPPUsiUl
                        (uVar8,param_2 + 0x30,param_2 + 0x458,(u32)(u32)&hufftreePtr.tables[2],2,param_3);
      *(u32 *)(param_2 + 0x444) = *(u32 *)(param_2 + 0x468);
      if (iVar9 != 0) return iVar9;
      iVar9 = 0;
      for (lVar14 = 0; lVar14 < 0x40; lVar14++) {
        bVar2 = odh_natural_order[lVar14];
        iVar12 = param_2 + iVar9;
        iVar9 = iVar9 + 4;
        *(u32 *) (param_2 + (u32)bVar2 * 4 + 0x130) = *(u32 *)(iVar12 + 0x30);
      }
      iVar9 = ((u32)*(u16 *)(param_2 + 6) << 6) * (u32)*(u16 *)(param_2 + 8) * 4 +
              ((u32)*(u16 *)(param_2 + 10) * 8 +
               ((u32)*(u16 *)(param_2 + 0xc) << 6) * (u32)*(u16 *)(param_2 + 6));
      if (iVar9 + iVar13 + 8 > param_4) {
        iVar9 = -0x7ffffffa;
        goto LAB_0001239c;
      }
      idct_fast__9CArGBAOdhFPCUcPUlPUlPUcUl
                (uVar8,(u32)range_limit,param_2 + 0x334,param_2 + 0x130,*(int *)(param_2 + 0x2c) + iVar9,
                 iVar6);
    }
    else if ((cVar1 == 2U) && (*(u8 *)(param_2 + 0xf) == 2U)) {
      iVar9 = huffmanDecoder__9CArGBAOdhFPUlP21SArCDJ_HuffmanRequestPPUsiUl
                        (uVar8,param_2 + 0x30,param_2 + 0x434,(u32)&hufftreePtr,0,param_3);
      if (iVar9 != 0) return iVar9;
      iVar9 = 0;
      for (lVar14 = 0; lVar14 < 0x40; lVar14++) {
        bVar2 = odh_natural_order[lVar14];
        iVar12 = param_2 + iVar9;
        iVar9 = iVar9 + 4;
        *(u32 *) (param_2 + (u32)bVar2 * 4 + 0x130) = *(u32 *)(iVar12 + 0x30);
      }
      iVar12 = (u32)*(u16 *)(param_2 + 10) * 0x10 +
               ((u32)*(u16 *)(param_2 + 0xc) << 6) * (u32)*(u16 *)(param_2 + 6) * 4;
      if (iVar12 + iVar4 + 8 > param_4) {
        iVar9 = -0x7ffffffa;
        goto LAB_0001239c;
      }
      idct_fast__9CArGBAOdhFPCUcPUlPUlPUcUl
                (uVar8,(u32)range_limit,param_2 + 0x234,param_2 + 0x130,*(int *)(param_2 + 0x2c) + iVar12
                 ,iVar7);
      iVar9 = huffmanDecoder__9CArGBAOdhFPUlP21SArCDJ_HuffmanRequestPPUsiUl
                        (uVar8,param_2 + 0x30,param_2 + 0x434,(u32)&hufftreePtr,0,param_3);
      if (iVar9 != 0) return iVar9;
      iVar9 = 0;
      for (lVar14 = 0; lVar14 < 0x40; lVar14++) {
        bVar2 = odh_natural_order[lVar14];
        iVar5 = param_2 + iVar9;
        iVar9 = iVar9 + 4;
        *(u32 *) (param_2 + (u32)bVar2 * 4 + 0x130) = *(u32 *)(iVar5 + 0x30);
      }
      int nextOffset = iVar12 + 8;
      iVar12 = nextOffset;
      if (nextOffset + iVar4 + 8 > param_4) {
        iVar9 = -0x7ffffffa;
        goto LAB_0001239c;
      }
      idct_fast__9CArGBAOdhFPCUcPUlPUlPUcUl
                (uVar8,(u32)range_limit,param_2 + 0x234,param_2 + 0x130,*(int *)(param_2 + 0x2c) + nextOffset
                 ,iVar7);
      iVar9 = huffmanDecoder__9CArGBAOdhFPUlP21SArCDJ_HuffmanRequestPPUsiUl
                        (uVar8,param_2 + 0x30,param_2 + 0x434,(u32)&hufftreePtr,0,param_3);
      if (iVar9 != 0) return iVar9;
      iVar9 = 0;
      for (lVar14 = 0; lVar14 < 0x40; lVar14++) {
        bVar2 = odh_natural_order[lVar14];
        iVar5 = param_2 + iVar9;
        iVar9 = iVar9 + 4;
        *(u32 *) (param_2 + (u32)bVar2 * 4 + 0x130) = *(u32 *)(iVar5 + 0x30);
      }
      iVar12 = iVar12 + (u32)*(u16 *)(param_2 + 6) * 0x80 + -8;
      if (iVar12 + iVar4 + 8 > param_4) {
        iVar9 = -0x7ffffffa;
        goto LAB_0001239c;
      }
      idct_fast__9CArGBAOdhFPCUcPUlPUlPUcUl
                (uVar8,(u32)range_limit,param_2 + 0x234,param_2 + 0x130,*(int *)(param_2 + 0x2c) + iVar12
                 ,iVar7);
      iVar9 = huffmanDecoder__9CArGBAOdhFPUlP21SArCDJ_HuffmanRequestPPUsiUl
                        (uVar8,param_2 + 0x30,param_2 + 0x434,(u32)&hufftreePtr,0,param_3);
      *(u32 *)(param_2 + 0x468) = *(u32 *)(param_2 + 0x444);
      if (iVar9 != 0) return iVar9;
      iVar9 = 0;
      for (lVar14 = 0; lVar14 < 0x40; lVar14++) {
        bVar2 = odh_natural_order[lVar14];
        iVar5 = param_2 + iVar9;
        iVar9 = iVar9 + 4;
        *(u32 *) (param_2 + (u32)bVar2 * 4 + 0x130) = *(u32 *)(iVar5 + 0x30);
      }
      if (iVar12 + iVar4 + 0x10 > param_4) {
        iVar9 = -0x7ffffffa;
        goto LAB_0001239c;
      }
      idct_fast__9CArGBAOdhFPCUcPUlPUlPUcUl
                (uVar8,(u32)range_limit,param_2 + 0x234,param_2 + 0x130,
                 iVar12 + *(int *)(param_2 + 0x2c) + 8,iVar7);
      iVar9 = huffmanDecoder__9CArGBAOdhFPUlP21SArCDJ_HuffmanRequestPPUsiUl
                        (uVar8,param_2 + 0x30,param_2 + 0x458,(u32)(u32)&hufftreePtr.tables[2],1,param_3);
      if (iVar9 != 0) return iVar9;
      iVar9 = 0;
      for (lVar14 = 0; lVar14 < 0x40; lVar14++) {
        bVar2 = odh_natural_order[lVar14];
        iVar12 = param_2 + iVar9;
        iVar9 = iVar9 + 4;
        *(u32 *) (param_2 + (u32)bVar2 * 4 + 0x130) = *(u32 *)(iVar12 + 0x30);
      }
      iVar9 = ((u32)*(u16 *)(param_2 + 6) << 6) * (u32)*(u16 *)(param_2 + 8) * 4 +
              ((u32)*(u16 *)(param_2 + 10) * 8 +
               ((u32)*(u16 *)(param_2 + 0xc) << 6) * (u32)*(u16 *)(param_2 + 6));
      if (iVar9 + iVar13 + 8 > param_4) {
        iVar9 = -0x7ffffffa;
        goto LAB_0001239c;
      }
      idct_fast__9CArGBAOdhFPCUcPUlPUlPUcUl
                (uVar8,(u32)range_limit,param_2 + 0x334,param_2 + 0x130,*(int *)(param_2 + 0x2c) + iVar9,
                 iVar6);
      iVar9 = huffmanDecoder__9CArGBAOdhFPUlP21SArCDJ_HuffmanRequestPPUsiUl
                        (uVar8,param_2 + 0x30,param_2 + 0x458,(u32)(u32)&hufftreePtr.tables[2],2,param_3);
      *(u32 *)(param_2 + 0x444) = *(u32 *)(param_2 + 0x468);
      if (iVar9 != 0) return iVar9;
      iVar9 = 0;
      for (lVar14 = 0; lVar14 < 0x40; lVar14++) {
        bVar2 = odh_natural_order[lVar14];
        iVar12 = param_2 + iVar9;
        iVar9 = iVar9 + 4;
        *(u32 *) (param_2 + (u32)bVar2 * 4 + 0x130) = *(u32 *)(iVar12 + 0x30);
      }
      iVar9 = ((u32)*(u16 *)(param_2 + 6) << 6) * (u32)*(u16 *)(param_2 + 8) * 8 +
              ((u32)*(u16 *)(param_2 + 10) * 8 +
              ((u32)*(u16 *)(param_2 + 0xc) << 6) * (u32)*(u16 *)(param_2 + 6));
      if (iVar9 + iVar13 + 8 > param_4) {
        iVar9 = -0x7ffffffa;
        goto LAB_0001239c;
      }
      idct_fast__9CArGBAOdhFPCUcPUlPUlPUcUl
                (uVar8,(u32)range_limit,param_2 + 0x334,param_2 + 0x130,*(int *)(param_2 + 0x2c) + iVar9,
                 iVar6);
    }
    sVar11 = *(u16 *)(param_2 + 10) + 1;
    *(u16 *)(param_2 + 10) = sVar11;
    if (sVar11 == *(u16 *)(param_2 + 6)) {
      *(u16 *)(param_2 + 10) = 0;
      *(u16 *)(param_2 + 0xc) = *(u16 *)(param_2 + 0xc) + 1;
    }
  } while (*(u16 *)(param_2 + 0xc) < *(u16 *)(param_2 + 8));
  iVar9 = 0;
LAB_0001239c:
  return iVar9;
}



void CArGBAOdh::cdj_d_setDequantizationTable(SArCDJ_OdhMaster* param_2, u32 param_3) {
    const u16* scales = (const u16*)gArAANScales;
    int iVar3 = 0;
    int iVar4 = 0;
    u32 uVar8 = 0;
    int iVar1;
    int iVar2;
    int iVar5;
    int iVar6;
    const u8* pbVar7;
    u32 uVar9;
    int iVar10;

    do {
        pbVar7 = gArCdj_std_quant_tbl + iVar4;
        iVar5 = 0;
        iVar6 = 0;

        for (int i = 0; i < 0x40; i++) {
            uVar9 = (param_3 * *pbVar7 + 0x32) / 100;
            if (uVar9 == 0) {
                uVar9 = 1;
            }
            iVar10 = (int)uVar9;
            if (0xFF < uVar9) {
                iVar10 = 0xFF;
            }
            iVar2 = iVar6;
            u32 scale = scales[iVar2];
            iVar1 = (int)param_2 + iVar3 + iVar5;
            iVar5 += 4;
            u32 value = (iVar10 * scale + 0x800) >> 0xC;
            iVar6++;
            pbVar7++;
            *(u32*)(iVar1 + 0x234) = value;
        }
        uVar8++;
        iVar3 += 0x100;
        iVar4 += 0x40;
    } while (uVar8 < 2);
}

void CArGBAOdh::cdj_c_makeHeader(SArCDJ_OdhMaster* master, u32 size) {
    master->data[0] = 'A';
    master->data[1] = 'J';
    master->data[2] = 'P';
    master->data[3] = 'G';
    *(u32*)&master->data[4] = master->field0 | (u32)master->field2 << 11 | (u32)master->field4 << 24;
    *(u32*)&master->data[8] = size;
    *(u32*)&master->data[12] = 0;
}

s32 CArGBAOdh::ScaleLimit(s32 scale) {
    s32 newScale = scale;

    if (newScale < 0) {
        newScale = 0;
    } else if (scale > 255) {
        newScale = 255;
    }

    return newScale;
}

s32 CArGBAOdh::cdj_d_colorDeconv(SArCDJ_OdhMaster* param_2, u8* param_3, int param_4) {
    u16* master = (u16*)param_2;
    u16 width = *master;
    u32 widthValue = width;
    if ((width & 1) != 0 || (master[1] & 1) != 0) {
        return 1;
    }

    {
        s32 size = widthValue * (u32)master[1];
        u8* y = (u8*)*(u32*)(master + 0x16);
        u8* cb = y + size;
        u8* cr = cb + size;
        s32 lineStride;
        s32 format = param_4;

        if (format == 0) {
            lineStride = (width & 0xFFFC) << 3;
        } else {
            lineStride = (width & 0xFFF8) << 2;
            if (format == 1) {
                lineStride = (width & 0xFFFC) << 4;
            }
        }

        u8 xSampling = *((u8*)master + 0x0E);
        s32 row;
        if (xSampling == 1 && *((u8*)master + 0x0F) == 1) {
            for (row = 0; row < (s32)(u32)master[1]; row++) {
                s32 rowGroup = row / 4;
                s32 rowOffset = rowGroup * lineStride + (row & 3) * 8 + (s32)param_3;
                LineDeconv11((u8*)rowOffset,
                             y, cb, cr, widthValue, master[1],
                             (const SArDeconvTbl*)gArDeconvPlttTbl, format);
                widthValue = *master;
                y += widthValue;
                cb += widthValue;
                cr += widthValue;
            }
        } else if (xSampling == 2 && *((u8*)master + 0x0F) == 1) {
            for (row = 0; row < (s32)(u32)master[1]; row++) {
                s32 rowGroup = row / 4;
                s32 rowOffset = rowGroup * lineStride + (row & 3) * 8 + (s32)param_3;
                LineDeconv21((u8*)rowOffset,
                             y, cb, cr, widthValue, master[1],
                             (const SArDeconvTbl*)gArDeconvPlttTbl, format);
                widthValue = *master;
                y += widthValue;
                cb += ((s32)widthValue >> 1);
                cr += ((s32)widthValue >> 1);
            }
        } else if (xSampling == 1 && *((u8*)master + 0x0F) == 2) {
            for (row = 0; row < (s32)(u32)master[1]; row += 2) {
                s32 rowGroup = row / 4;
                s32 rowOffset = rowGroup * lineStride + (row & 3) * 8 + (s32)param_3;
                LineDeconv12((u8*)rowOffset,
                             y, cb, cr, widthValue, master[1],
                             (const SArDeconvTbl*)gArDeconvPlttTbl, format);
                widthValue = *master;
                y += widthValue * 2;
                cb += widthValue;
                cr += widthValue;
            }
        } else if (xSampling == 2 && *((u8*)master + 0x0F) == 2) {
            for (row = 0; row < (s32)(u32)master[1]; row += 2) {
                s32 rowGroup = row / 4;
                s32 rowOffset = rowGroup * lineStride + (row & 3) * 8 + (s32)param_3;
                LineDeconv22((u8*)rowOffset,
                             y, cb, cr, widthValue, master[1],
                             (const SArDeconvTbl*)gArDeconvPlttTbl, format);
                widthValue = *master;
                y += widthValue * 2;
                cb += ((s32)widthValue >> 1);
                cr += ((s32)widthValue >> 1);
            }
        }
    }

    return 0;
}

void CArGBAOdh::LineDeconv11(u8* dest, u8* y, u8* cb, u8* cr, u16 width, u16 height,
                             const SArDeconvTbl* table, int format) {
    u8 bVar2;
    u8 bVar3;
    u8 bVar1;
    s32 uVar5;
    u32 uVar6;
    s32 iVar7;
    u8* puVar8;
    u32 uVar9;

    for (uVar9 = 0; (s32)uVar9 < (s32)width; uVar9++) {
        bVar1 = *cr;
        bVar2 = *y;
        bVar3 = *cb;
        uVar5 = ScaleLimit((u32)bVar2 + *(s16*)((u8*)table + (u32)bVar1 * 2));
        uVar6 = ScaleLimit((u32)bVar2 +
                           (*(s32*)((u8*)table + (u32)bVar3 * 4 + 0x200) +
                            *(s32*)((u8*)table + (u32)bVar1 * 4 + 0x600) >> 16));
        iVar7 = ScaleLimit((u32)bVar2 + *(s16*)((u8*)table + (u32)bVar3 * 2 + 0xA00));

        if (format == 0) {
            uVar5 = ((uVar5 & 0xF8) << 8 | (uVar6 & 0xFC) << 3) | (iVar7 >> 3);
            puVar8 = dest + (uVar9 & 0x1FFFFFFC) * 8 + (uVar9 & 3) * 2;
            *puVar8 = (u8)(uVar5 >> 8);
            puVar8[1] = (u8)uVar5;
        } else if (format == 1) {
            puVar8 = dest + (uVar9 & 0x0FFFFFFC) * 0x10 + (uVar9 & 3) * 2;
            *puVar8 = 0xFF;
            puVar8[1] = (u8)uVar5;
            puVar8[0x20] = (u8)uVar6;
            puVar8[0x21] = (u8)iVar7;
        } else {
            u32 offset = (uVar9 & 7) + (uVar9 & 0x3FFFFFF8) * 4;
            dest[offset] = bVar2;
            dest[(u32)width * height + offset] = bVar3;
            dest[(u32)width * height * 2 + offset] = bVar1;
        }

        y++;
        cb++;
        cr++;
    }
}

void CArGBAOdh::LineDeconv21(u8* dest, u8* y, u8* cb, u8* cr, u16 width, u16 height,
                             const SArDeconvTbl* table, int format) {
    u8 bVar1;
    u8 bVar2;
    u8 bVar3;
    s32 iVar4;
    s32 iVar6;
    s32 iVar7;
    s32 uVar9;
    u32 uVar10;
    s32 iVar11;
    s32 iVar12;
    s32 iVar13;
    u8* puVar8;
    u32 uVar14;
    u8* destinationCb = dest + (s32)width * height;
    u8* destinationCr = dest + (s32)width * height * 2;
    const u8* tableBytes = (const u8*)table;

    for (uVar14 = 0; (s32)uVar14 < (s32)(width & 0xFFFF); uVar14 += 2) {
        bVar1 = *cr;
        bVar2 = *y;
        bVar3 = *cb;
        uVar9 = ScaleLimit((u32)bVar2 + *(s16*)(tableBytes + (u32)bVar1 * 2));
        iVar12 = (s32)(tableBytes + (u32)bVar1 * 4);
        iVar4 = (s32)(tableBytes + (u32)bVar3 * 4);
        uVar10 = ScaleLimit((u32)bVar2 +
                            (*(s32*)(iVar4 + 0x200) + *(s32*)(iVar12 + 0x600) >> 16));
        iVar11 = ScaleLimit((u32)bVar2 + *(s16*)(tableBytes + (u32)bVar3 * 2 + 0xA00));

        if (format == 0) {
            iVar13 = (uVar14 & 0x1FFFFFFC) * 8 + (uVar14 & 3) * 2;
            uVar9 = ((uVar9 & 0xF8) << 8 | (uVar10 & 0xFC) << 3) | (iVar11 >> 3);
            puVar8 = dest + iVar13;
            puVar8[0] = uVar9 >> 8;
            puVar8[1] = uVar9;
        } else if (format == 1) {
            iVar13 = (uVar14 & 0x0FFFFFFC) * 0x10 + (uVar14 & 3) * 2;
            puVar8 = dest + iVar13;
            puVar8[0] = 0xFF;
            puVar8[1] = uVar9;
            puVar8[0x20] = uVar10;
            puVar8[0x21] = iVar11;
        } else {
            iVar13 = (uVar14 & 7) + (uVar14 & 0x3FFFFFF8) * 4;
            dest[iVar13] = bVar2;
            destinationCb[iVar13] = bVar3;
            destinationCr[iVar13] = bVar1;
        }

        bVar2 = y[1];
        uVar9 = ScaleLimit((u32)bVar2 + *(s16*)(tableBytes + (u32)bVar1 * 2));
        uVar10 = ScaleLimit((u32)bVar2 +
                            (*(s32*)(iVar4 + 0x200) + *(s32*)(iVar12 + 0x600) >> 16));
        iVar11 = ScaleLimit((u32)bVar2 + *(s16*)(tableBytes + (u32)bVar3 * 2 + 0xA00));

        if (format == 0) {
            uVar9 = ((uVar9 & 0xF8) << 8 | (uVar10 & 0xFC) << 3) | (iVar11 >> 3);
            puVar8[2] = uVar9 >> 8;
            puVar8[3] = uVar9;
        } else if (format == 1) {
            puVar8[2] = 0xFF;
            puVar8[3] = uVar9;
            puVar8[0x22] = uVar10;
            puVar8[0x23] = iVar11;
        } else {
            dest[iVar13 + 1] = bVar2;
            destinationCb[iVar13 + 1] = bVar3;
            destinationCr[iVar13 + 1] = bVar1;
        }

        y += 2;
        cb++;
        cr++;
    }
}

void CArGBAOdh::LineDeconv12(u8* dest, u8* y, u8* cb, u8* cr, u16 width, u16 height,
                             const SArDeconvTbl* table, int format) {
    u8 bVar1;
    u8 bVar2;
    u8 bVar3;
    s32 iVar4;
    s32 iVar5;
    s32 iVar6;
    s32 iVar7;
    s32 uVar9;
    u32 uVar10;
    s32 iVar11;
    s32 iVar12;
    s32 iVar13;
    u16 uVar15 = width;
    u32 uVar16;
    u8* puVar17;
    const u8* tableBytes = (const u8*)table;
    s32 pixelCount = (u32)uVar15 * height;
    iVar7 = (s32)dest + pixelCount;
    iVar6 = (s32)dest + pixelCount * 2;
    u8* yNext = y + uVar15;

    for (uVar16 = 0; uVar16 < (u32)uVar15; uVar16++) {
        bVar1 = *cr;
        bVar2 = *y;
        bVar3 = *cb;
        uVar9 = ScaleLimit((u32)bVar2 + *(s16*)(tableBytes + (u32)bVar1 * 2));
        iVar12 = (s32)(tableBytes + (u32)bVar1 * 4);
        iVar4 = (s32)(tableBytes + (u32)bVar3 * 4);
        uVar10 = ScaleLimit((u32)bVar2 +
                            (*(s32*)(iVar4 + 0x200) + *(s32*)(iVar12 + 0x600) >> 16));
        iVar5 = (s32)(tableBytes + (u32)bVar3 * 2);
        iVar11 = ScaleLimit((u32)bVar2 + *(s16*)(iVar5 + 0xA00));

        if (format == 0) {
            iVar13 = (uVar16 & 0x1FFFFFFC) * 8 + (uVar16 & 3) * 2;
            uVar9 = iVar11 >> 3 | (uVar9 & 0xF8) << 8 | (uVar10 & 0xFC) << 3;
            puVar17 = dest + iVar13;
            *puVar17 = uVar9 >> 8;
            puVar17[1] = uVar9;
        } else if (format == 1) {
            puVar17 = dest + (uVar16 & 0x0FFFFFFC) * 0x10 + (uVar16 & 3) * 2;
            *puVar17 = 0xFF;
            puVar17[1] = uVar9;
            puVar17[0x20] = uVar10;
            puVar17[0x21] = iVar11;
        } else {
            iVar11 = (uVar16 & 7) + (uVar16 & 0x3FFFFFF8) * 4;
            *(u8*)((s32)dest + iVar11) = bVar2;
            puVar17 = dest + iVar11;
            *(u8*)(iVar7 + iVar11) = bVar3;
            *(u8*)(iVar6 + iVar11) = bVar1;
        }

        bVar2 = *yNext;
        uVar9 = ScaleLimit((u32)bVar2 + *(s16*)(tableBytes + (u32)bVar1 * 2));
        uVar10 = ScaleLimit((u32)bVar2 +
                            (*(s32*)(iVar4 + 0x200) + *(s32*)(iVar12 + 0x600) >> 16));
        iVar12 = ScaleLimit((u32)bVar2 + *(s16*)(iVar5 + 0xA00));

        if (format == 0) {
            uVar9 = iVar12 >> 3 | (uVar9 & 0xF8) << 8 | (uVar10 & 0xFC) << 3;
            puVar17[8] = uVar9 >> 8;
            puVar17[9] = uVar9;
        } else if (format == 1) {
            puVar17[8] = 0xFF;
            puVar17[9] = uVar9;
            puVar17[0x28] = uVar10;
            puVar17[0x29] = iVar12;
        } else {
            iVar12 = (uVar16 & 7) + (uVar16 & 0x3FFFFFF8) * 4;
            *(u8*)((s32)dest + iVar12 + 8) = bVar2;
            *(u8*)(iVar7 + iVar12 + 8) = bVar3;
            *(u8*)(iVar6 + iVar12 + 8) = bVar1;
        }

        y++;
        yNext++;
        cb++;
        cr++;
    }
}

void CArGBAOdh::LineDeconv22(u8* dest, u8* y, u8* cb, u8* cr, u16 width, u16 height,
                             const SArDeconvTbl* table, int format) {
    const u8* tableBytes = (const u8*)table;
    u32 pixelCount = (u32)width * height;
    u8* destinationCb = dest + pixelCount;
    u8* destinationCr = dest + pixelCount * 2;
    u32 index;
    u8* output;

    for (index = 0; (s32)index < (s32)(width & 0xFFFF); index += 2) {
        u8 crValue = *cr;
        u8* pbVar15 = y;
        u8 yValue = *pbVar15;
        u8* nextRow = pbVar15 + width;
        u8 cbValue = *cb;
        u32 red = ScaleLimit(yValue + *(s16*)(tableBytes + (u32)crValue * 2));
        s32 crGreenOffset = (s32)(tableBytes + (u32)crValue * 4);
        s32 cbGreenOffset = (s32)(tableBytes + (u32)cbValue * 4);
        u32 green = ScaleLimit(yValue +
                               (*(s32*)(cbGreenOffset + 0x200) +
                                *(s32*)(crGreenOffset + 0x600) >> 16));
        s32 blueOffset = (s32)(tableBytes + (u32)cbValue * 2);
        s32 blue = ScaleLimit(yValue + *(s16*)(blueOffset + 0xA00));

        if (format == 0) {
            output = dest + (index & 0x1FFFFFFC) * 8 + (index & 3) * 2;
            s32 pixel = ((red & 0xF8) << 8 | (green & 0xFC) << 3) | blue >> 3;
            output[0] = pixel >> 8;
            output[1] = pixel;
        } else if (format == 1) {
            output = dest + (index & 0x0FFFFFFC) * 0x10 + (index & 3) * 2;
            output[0] = 0xFF;
            output[1] = red;
            output[0x20] = green;
            output[0x21] = blue;
        } else {
            blue = (index & 7) + (index & 0x3FFFFFF8) * 4;
            dest[blue] = yValue;
            output = dest + blue;
            destinationCb[blue] = cbValue;
            destinationCr[blue] = crValue;
        }

        yValue = pbVar15[1];
        red = ScaleLimit(yValue + *(s16*)(tableBytes + (u32)crValue * 2));
        green = ScaleLimit(yValue +
                           (*(s32*)(cbGreenOffset + 0x200) +
                            *(s32*)(crGreenOffset + 0x600) >> 16));
        blue = ScaleLimit(yValue + *(s16*)(blueOffset + 0xA00));

        if (format == 0) {
            s32 pixel = ((red & 0xF8) << 8 | (green & 0xFC) << 3) | blue >> 3;
            output[2] = pixel >> 8;
            output[3] = pixel;
        } else if (format == 1) {
            output[2] = 0xFF;
            output[3] = red;
            output[0x22] = green;
            output[0x23] = blue;
        } else {
            blue = (index & 7) + (index & 0x3FFFFFF8) * 4;
            output = dest + blue;
            output[1] = yValue;
            destinationCb[blue + 1] = cbValue;
            destinationCr[blue + 1] = crValue;
        }

        y += 2;
        yValue = *nextRow;
        red = ScaleLimit(yValue + *(s16*)(tableBytes + (u32)crValue * 2));
        green = ScaleLimit(yValue +
                           (*(s32*)(cbGreenOffset + 0x200) +
                            *(s32*)(crGreenOffset + 0x600) >> 16));
        blue = ScaleLimit(yValue + *(s16*)(blueOffset + 0xA00));

        if (format == 0) {
            s32 pixel = ((red & 0xF8) << 8 | (green & 0xFC) << 3) | blue >> 3;
            output[8] = pixel >> 8;
            output[9] = pixel;
        } else if (format == 1) {
            output[8] = 0xFF;
            output[9] = red;
            output[0x28] = green;
            output[0x29] = blue;
        } else {
            blue = (index & 7) + (index & 0x3FFFFFF8) * 4;
            output = dest + blue;
            output[8] = yValue;
            destinationCb[blue + 8] = cbValue;
            destinationCr[blue + 8] = crValue;
        }

        yValue = nextRow[1];
        red = ScaleLimit(yValue + *(s16*)(tableBytes + (u32)crValue * 2));
        green = ScaleLimit(yValue +
                           (*(s32*)(cbGreenOffset + 0x200) +
                            *(s32*)(crGreenOffset + 0x600) >> 16));
        blue = ScaleLimit(yValue + *(s16*)(blueOffset + 0xA00));

        if (format == 0) {
            s32 pixel = ((red & 0xF8) << 8 | (green & 0xFC) << 3) | blue >> 3;
            output[10] = pixel >> 8;
            output[11] = pixel;
        } else if (format == 1) {
            output[10] = 0xFF;
            output[11] = red;
            output[0x2A] = green;
            output[0x2B] = blue;
        } else {
            blue = (index & 7) + (index & 0x3FFFFFF8) * 4;
            dest[blue + 9] = yValue;
            destinationCb[blue + 9] = cbValue;
            destinationCr[blue + 9] = crValue;
        }

        cb++;
        cr++;
    }
}

s32 CArGBAOdh::huffmanDecoder(u32* param_2, SArCDJ_HuffmanRequest* param_3, u16** param_4, int param_5, u32 param_6) {
    u16 uVar1;
    int iVar2;
    u32 uVar3;
    s32 uVar5;
    s32 lVar4;
    int iVar6;
    s32 lVar7;
    int iVar8;
    u32 uVar9;
    u8* pbVar10;
    u32 uVar11;
    u32 uVar12;
    int iVar13;
    s32 unaff_r29;
    u32 uVar14;
    u32 uVar15;

    iVar13 = *(int*)((u8*)param_3 + 0x20);
    pbVar10 = *(u8**)((u8*)param_3 + 0x10);
    u32 bitOffset = **(u32**)((u8*)param_3 + 0x1C);
    if ((u32)(iVar13 + 4) > param_6) {
        uVar5 = 0x80000003;
    } else {
        lVar7 = 0xB;
        uVar9 = ((u32)*pbVar10 << 0x18) | ((u32)pbVar10[1] << 0x10) | ((u32)pbVar10[2] << 8) | pbVar10[3];
        uVar9 <<= bitOffset;
        if (param_5 == 0) {
            lVar7 = 9;
        }
        iVar6 = 1;
        uVar11 = 0;
        iVar8 = (int)lVar7;
        for (; iVar6 <= iVar8; iVar6++) {
                iVar2 = (int)*param_4;
                uVar1 = *(u16*)(iVar2 + (int)((uVar11 & 0xFFFFFFFF) << 1));
                uVar14 = (u32)uVar1 & 0x3FFF;
                if (((uVar9 >> (0x20U - iVar6)) & 1) == 0) {
                    if ((uVar1 & 0x8000) != 0) {
                        unaff_r29 = (u32)*(u16*)(iVar2 + (int)((uVar11 + uVar14 & 0xFFFFFFFF) << 1));
                        break;
                    }
                    uVar11 = uVar11 + uVar14;
                } else {
                    if ((uVar1 & 0x4000) != 0) {
                        unaff_r29 = (u32)*(u16*)(iVar2 + (int)((uVar11 + uVar14 + 1 & 0xFFFFFFFF) << 1));
                        break;
                    }
                    uVar11 = uVar11 + uVar14 + 1;
                }
        }
        if (iVar6 > iVar8) {
            uVar5 = 0x80000003;
        } else {
            if (unaff_r29 > 0) {
                uVar15 = (1 << (unaff_r29)) - 1;
                uVar9 = uVar15 & (uVar9 >> ((0x20 - iVar6) - unaff_r29));
                if ((uVar9 & (1 << (unaff_r29 - 1))) == 0) {
                    uVar9 = uVar9 + 1 | ~uVar15;
                }
            } else {
                uVar9 = 0;
            }
            iVar8 = (param_5 & 0x7FFFFFFE) * 2;
            uVar15 = bitOffset + iVar6 + unaff_r29;
            uVar11 = (u32)(uVar15 >> 3);
            uVar14 = 1;
            iVar6 = (int)uVar9 + **(int**)((u8*)param_3 + iVar8);
            *param_2 = iVar6;
            **(int**)((u8*)param_3 + iVar8) = iVar6;
            for (u32 byteIndex = 0; byteIndex < uVar11; byteIndex++) {
                pbVar10++;
                iVar13++;
                uVar15 -= 8;
            }
            do {
                if ((u32)(iVar13 + 4) > param_6) {
                    uVar5 = 0x80000003;
                    goto LAB_00013590;
                }
                iVar6 = 1;
                uVar11 = 0;
                uVar9 = ((u32)*pbVar10 << 0x18) | ((u32)pbVar10[1] << 0x10) | ((u32)pbVar10[2] << 8) | pbVar10[3];
                uVar9 <<= uVar15;
                lVar7 = 6;
                for (; lVar7 != 0; lVar7--) {
                    iVar8 = (int)param_4[1];
                    uVar1 = *(u16*)(iVar8 + (int)((uVar11 & 0xFFFFFFFF) << 1));
                    uVar3 = (u32)uVar1 & 0x3FFF;
                    if (((uVar9 >> (0x20U - iVar6)) & 1) == 0) {
                        if ((uVar1 & 0x8000) != 0) {
                            unaff_r29 = (u32)*(u16*)(iVar8 + (int)((uVar11 + uVar3 & 0xFFFFFFFF) << 1));
                            break;
                        }
                        uVar11 = uVar11 + uVar3;
                    } else {
                        if ((uVar1 & 0x4000) != 0) {
                            unaff_r29 = (u32)*(u16*)(iVar8 + (int)((uVar11 + uVar3 & 0xFFFFFFFF) << 1) + 2);
                            break;
                        }
                        uVar11 = uVar11 + uVar3 + 1;
                    }
                    iVar6++;
                }
                if (iVar6 > 6) {
                    uVar5 = 0x80000003;
                    goto LAB_00013590;
                }
                if (unaff_r29 == 7) {
                    uVar15 += iVar6;
                    uVar11 = (u32)(uVar15 >> 3);
                    for (u32 byteIndex = 0; byteIndex < uVar11; byteIndex++) {
                        pbVar10++;
                        iVar13++;
                        uVar15 -= 8;
                    }
                    break;
                }
                if (unaff_r29 > 0) {
                    uVar11 = (u32)(u32)(1 << (unaff_r29)) - 1 &
                             (u32)(uVar9 >> ((0x20 - iVar6) - unaff_r29));
                    if ((uVar11 & (u32)(1 << (unaff_r29 - 1))) == 0) {
                        uVar5 = 0x80000003;
                        goto LAB_00013590;
                    }
                } else {
                    uVar11 = 0;
                }
                for (u32 zeroIndex = 0; zeroIndex < uVar11; zeroIndex++) {
                    param_2[uVar14] = 0;
                    uVar14++;
                }
                uVar15 = uVar15 + iVar6 + unaff_r29;
                uVar11 = (u32)(uVar15 >> 3);
                for (u32 byteIndex = 0; byteIndex < uVar11; byteIndex++) {
                    pbVar10++;
                    iVar13++;
                    uVar15 -= 8;
                }
                if ((u32)(iVar13 + 4) > param_6) {
                    uVar5 = 0x80000003;
                    goto LAB_00013590;
                }
                lVar7 = 0xB;
                uVar9 = ((u32)*pbVar10 << 0x18) | ((u32)pbVar10[1] << 0x10) | ((u32)pbVar10[2] << 8) | pbVar10[3];
                uVar9 <<= uVar15;
                if (param_5 == 0) {
                    lVar7 = 9;
                }
                iVar6 = 1;
                uVar11 = 0;
                iVar8 = (int)lVar7;
                for (; iVar6 <= iVar8; iVar6++) {
                        iVar2 = (int)*param_4;
                        uVar1 = *(u16*)(iVar2 + (int)((uVar11 & 0xFFFFFFFF) << 1));
                        uVar3 = (u32)uVar1 & 0x3FFF;
                        if (((uVar9 >> (0x20U - iVar6)) & 1) == 0) {
                            if ((uVar1 & 0x8000) != 0) {
                                unaff_r29 = (u32)*(u16*)(iVar2 + (int)((uVar11 + uVar3 & 0xFFFFFFFF) << 1));
                                break;
                            }
                            uVar11 = uVar11 + uVar3;
                        } else {
                            if ((uVar1 & 0x4000) != 0) {
                                unaff_r29 = (u32)*(u16*)(iVar2 + (int)((uVar11 + uVar3 & 0xFFFFFFFF) << 1) + 2);
                                break;
                            }
                            uVar11 = uVar11 + uVar3 + 1;
                        }
                }
                if (iVar6 > iVar8) {
                    uVar5 = 0x80000003;
                    goto LAB_00013590;
                }
                if (unaff_r29 > 0) {
                    uVar12 = (1 << (unaff_r29)) - 1;
                    uVar9 = uVar12 & (uVar9 >> ((0x20 - iVar6) - unaff_r29));
                    if ((uVar9 & (1 << (unaff_r29 - 1))) == 0) {
                        uVar9 = uVar9 + 1 | ~uVar12;
                    }
                } else {
                    uVar9 = 0;
                }
                uVar15 = uVar15 + iVar6 + unaff_r29;
                param_2[uVar14] = uVar9;
                uVar11 = (u32)(uVar15 >> 3);
                uVar14 = uVar14 + 1;
                for (u32 byteIndex = 0; byteIndex < uVar11; byteIndex++) {
                    pbVar10++;
                    iVar13++;
                    uVar15 -= 8;
                }
            } while ((int)uVar14 < 0x40);
            for (; (int)uVar14 < 0x40; uVar14++) {
                param_2[uVar14] = 0;
            }
            *(int*)((u8*)param_3 + 0x20) = iVar13;
            uVar5 = 0;
            *(u8**)((u8*)param_3 + 0x10) = pbVar10;
            **(u32**)((u8*)param_3 + 0x1C) = uVar15;
        }
    }
LAB_00013590:
    return uVar5;
}

void CArGBAOdh::idct_fast(const u8* param_2, u32* param_3, u32* param_4, u8* param_5, u32 param_6) {
    u8 uVar1;
    int* piVar2;
    int iVar3;
    int iVar4;
    u32 uVar5;
    int iVar6;
    int iVar7;
    int iVar8;
    u32* puVar9;
    int* piVar10;
    int iVar11;
    u32 lVar12;
    u32 lVar13;
    u32 lVar14;
    int iVar15;
    int iVar16;
    int iVar18;
    u32 lVar17;
    int iVar20;
    u32 lVar19;
    int iVar21;
    u8* puVar22;
    u32 local_128[64];

    puVar9 = local_128;
    for (int column = 0; column < 8; column++) {
        piVar2 = (int*)param_4;
        piVar10 = (int*)param_3;
        if (piVar2[8] == 0 && piVar2[0x10] == 0 && piVar2[0x18] == 0 && piVar2[0x20] == 0 &&
            piVar2[0x28] == 0 && piVar2[0x30] == 0 && piVar2[0x38] == 0) {
            uVar5 = *piVar2 * *piVar10;
            *puVar9 = uVar5;
            puVar9[8] = uVar5;
            puVar9[0x10] = uVar5;
            puVar9[0x18] = uVar5;
            puVar9[0x20] = uVar5;
            puVar9[0x28] = uVar5;
            puVar9[0x30] = uVar5;
            puVar9[0x38] = uVar5;
            puVar9 = puVar9 + 1;
            param_4 = (u32*)((u8*)param_4 + 4);
            param_3 = (u32*)((u8*)param_3 + 4);
        } else {
            iVar16 = piVar2[8] * piVar10[8];
            iVar6 = piVar2[0x10] * piVar10[0x10] + piVar2[0x30] * piVar10[0x30];
            iVar4 = iVar16 - piVar2[0x38] * piVar10[0x38];
            iVar16 = iVar16 + piVar2[0x38] * piVar10[0x38];
            iVar8 = ((piVar2[0x10] * piVar10[0x10] - piVar2[0x30] * piVar10[0x30]) * 0x16A >> 8) - iVar6;
            iVar15 = piVar2[0x28] * piVar10[0x28] + piVar2[0x18] * piVar10[0x18];
            iVar3 = piVar2[0x28] * piVar10[0x28] - piVar2[0x18] * piVar10[0x18];
            iVar18 = iVar16 + iVar15;
            iVar11 = (iVar3 + iVar4) * 0x1D9 >> 8;
            iVar7 = *piVar2 * *piVar10 + piVar2[0x20] * piVar10[0x20];
            iVar20 = *piVar2 * *piVar10 - piVar2[0x20] * piVar10[0x20];
            iVar21 = iVar7 + iVar6;
            iVar7 = iVar7 - iVar6;
            *puVar9 = iVar21 + iVar18;
            iVar6 = iVar20 + iVar8;
            puVar9[0x38] = iVar21 - iVar18;
            iVar18 = (iVar11 + (iVar3 * -0x29D >> 8)) - iVar18;
            iVar20 = iVar20 - iVar8;
            puVar9[8] = iVar6 + iVar18;
            puVar9[0x30] = iVar6 - iVar18;
            iVar18 = ((iVar16 - iVar15) * 0x16A >> 8) - iVar18;
            puVar9[0x10] = iVar20 + iVar18;
            puVar9[0x28] = iVar20 - iVar18;
            iVar18 = ((iVar4 * 0x115 >> 8) - iVar11) + iVar18;
            puVar9[0x20] = iVar7 + iVar18;
            puVar9[0x18] = iVar7 - iVar18;
            puVar9 = puVar9 + 1;
            param_4 = (u32*)((u8*)param_4 + 4);
            param_3 = (u32*)((u8*)param_3 + 4);
        }
    }

    puVar9 = local_128;
    iVar11 = 0;
    for (int row = 0; row < 8; row++) {
        uVar5 = puVar9[1];
        puVar22 = (u8*)((int)param_5 + iVar11 * (int)param_6);
        if ((((uVar5 == 0) && (puVar9[2] == 0)) &&
             ((puVar9[3] == 0) && (((puVar9[4] == 0) && (puVar9[5] == 0)) && (puVar9[6] == 0)))) &&
            (puVar9[7] == 0)) {
            uVar1 = *(u8*)(param_2 + (*puVar9 >> 5 & 0x3FF));
            *puVar22 = uVar1;
            puVar22[1] = uVar1;
            puVar22[2] = uVar1;
            puVar22[3] = uVar1;
            puVar22[4] = uVar1;
            puVar22[5] = uVar1;
            puVar22[6] = uVar1;
            puVar22[7] = uVar1;
        } else {
            iVar4 = uVar5 - puVar9[7];
            lVar19 = uVar5 + puVar9[7];
            lVar17 = puVar9[5] + puVar9[3];
            iVar3 = puVar9[5] - puVar9[3];
            lVar13 = puVar9[2] + puVar9[6];
            lVar12 = *puVar9 + puVar9[4];
            iVar15 = (int)lVar13;
            iVar6 = (int)lVar12 + iVar15;
            lVar14 = lVar19 + lVar17;
            iVar15 = ((int)((puVar9[2] - puVar9[6]) * 0x16A) >> 8) - iVar15;
            iVar8 = *puVar9 - puVar9[4];
            iVar7 = (int)lVar14;
            lVar12 = lVar12 - lVar13;
            iVar18 = iVar8 - iVar15;
            lVar13 = (u32)((iVar3 + iVar4) * 0x1D9 >> 8);
            *puVar22 = *(u8*)(param_2 + ((u32)(iVar6 + iVar7) >> 5 & 0x3FF));
            iVar8 = iVar8 + iVar15;
            lVar14 = (lVar13 + (iVar3 * -0x29D >> 8)) - lVar14;
            puVar22[7] = *(u8*)(param_2 + ((u32)(iVar6 - iVar7) >> 5 & 0x3FF));
            iVar3 = (int)lVar14;
            lVar14 = (((int)lVar19 - (int)lVar17) * 0x16A >> 8) - lVar14;
            puVar22[1] = *(u8*)(param_2 + ((u32)(iVar8 + iVar3) >> 5 & 0x3FF));
            iVar6 = (int)lVar14;
            puVar22[6] = *(u8*)(param_2 + ((u32)(iVar8 - iVar3) >> 5 & 0x3FF));
            uVar1 = *(u8*)(param_2 + ((u32)(iVar18 - iVar6) >> 5 & 0x3FF));
            lVar14 = ((iVar4 * 0x115 >> 8) - lVar13) + lVar14;
            puVar22[2] = *(u8*)(param_2 + ((u32)(iVar18 + iVar6) >> 5 & 0x3FF));
            puVar22[5] = uVar1;
            uVar1 = *(u8*)(param_2 + ((u32)((int)lVar12 - (int)lVar14) >> 5 & 0x3FF));
            puVar22[4] = *(u8*)(param_2 + ((u32)(lVar12 + lVar14) >> 5 & 0x3FF));
            puVar22[3] = uVar1;
        }
        puVar9 = puVar9 + 8;
        iVar11++;
    }
}
