call,order_indices,source_sha256,object_sha256,fuzzy,unit_fuzzy,function_bytes,compile_status,source_stable,object_build_message,admissible,gate_failures,previous_fuzzy_call,previous_next_call
0,0 1 2 3 4 5 6 7 8 9 10 11 12 13 14 15 16 17 18 19 20 21 22 23,62da8a9e925d142025f6f0618b8a156b62dc0f5aa67f9efc627402ceaa9ab840,419c0751c5d4cb67542a4de8a3f62b962fbe2254c2144745c3dbb9534e0faedd,95.35461,96.90556,564,success_build,True,True,True,,,108
1,1 0 2 3 4 5 6 7 8 9 10 11 12 13 14 15 16 17 18 19 20 21 22 23,530832ddeb53934def06f2cb5f8a97a0245f7dd6ec2b3b134e20e9db238fd94f,419c0751c5d4cb67542a4de8a3f62b962fbe2254c2144745c3dbb9534e0faedd,95.35461,96.90556,564,success_build,True,True,True,,,
2,2 1 0 3 4 5 6 7 8 9 10 11 12 13 14 15 16 17 18 19 20 21 22 23,5d0388e04e27e213b194c00c4d683d14d71edf5fee48a38ba2ec72ecd12ba9ff,419c0751c5d4cb67542a4de8a3f62b962fbe2254c2144745c3dbb9534e0faedd,95.35461,96.90556,564,success_build,True,True,True,,,
3,3 1 2 0 4 5 6 7 8 9 10 11 12 13 14 15 16 17 18 19 20 21 22 23,3b703489281ab028af4daa34228c4a4049a76c90a01e473fd2c0750bd51bd546,b4ced190290898d947552eb5c40fc2370a19138facbba0b37b0a4b6214f02f22,90.39716,96.45343,564,success_build,True,True,False,unit fuzzy loss,,
4,4 1 2 3 0 5 6 7 8 9 10 11 12 13 14 15 16 17 18 19 20 21 22 23,388900212c7829f18f81cfc49a18d7e532c50e5fb8e21d70c418164b3bd72ca0,2fc44218dc0ebf330fc1508208228d233bee46bfed7b1639f3a6d65b5afa720c,95.141846,96.886154,564,success_build,True,True,False,unit fuzzy loss,,
5,5 1 2 3 4 0 6 7 8 9 10 11 12 13 14 15 16 17 18 19 20 21 22 23,f2fcf4ce16db504af57b3564c5ad5a13b31632aa65de4585735d4755c6e471bd,bcbdd02b6414a0a912b1b5ca6a8181ea060bc788413fded21dbbc42646de9ac6,95.17731,96.88939,564,success_build,True,True,False,unit fuzzy loss,,
6,6 1 2 3 4 5 0 7 8 9 10 11 12 13 14 15 16 17 18 19 20 21 22 23,0ffb3d102811215d3bfa3babea3a6c3926cfa6e2a81e64fb0635f70c9b38c63c,25c587057a7b698b5e5992658fe1c569d0f3729d0491f737e64c2189ba3a729f,95.17731,96.88939,564,success_build,True,True,False,unit fuzzy loss,,
7,7 1 2 3 4 5 6 0 8 9 10 11 12 13 14 15 16 17 18 19 20 21 22 23,f1b93668a8e198faa3fb4f7ab052ec4c6ab5512c6d0e9501d06512aab1118a01,9bca8ccc819203b02cc08ef5b57bca9645372891a80f4e242416ee2dccfcc97e,95.141846,96.886154,564,success_build,True,True,False,unit fuzzy loss,,
8,8 1 2 3 4 5 6 7 0 9 10 11 12 13 14 15 16 17 18 19 20 21 22 23,3a4027a75656d67b6d79f489227091bf6e54797587454d5ee82f1872da652c43,27fd12da4960ab2cab19de047f1eac1fef2d2765eff37ba3e07241a33f6d4bef,95.03546,96.87646,564,success_build,True,True,False,unit fuzzy loss,,
9,9 1 2 3 4 5 6 7 8 0 10 11 12 13 14 15 16 17 18 19 20 21 22 23,bd31f95f20012c3e8b58913381add25826464b39bd996452952701131fa92dea,e8e2273bc0f18cf4dbeb8d3ad40bfa78be90756dae79204f54af8e299f3d340c,95.0,96.87322,564,success_build,True,True,False,unit fuzzy loss,,
10,10 1 2 3 4 5 6 7 8 9 0 11 12 13 14 15 16 17 18 19 20 21 22 23,f465d0f1ceba8507f847ac11f67afdd69c6fcf444a006100be52aca53d9a0ff0,ee2c5af313987e22412a97ad87633ebb5377148b234d8a8696f08972282e6d33,94.82269,96.85705,564,success_build,True,True,False,unit fuzzy loss,,
11,11 1 2 3 4 5 6 7 8 9 10 0 12 13 14 15 16 17 18 19 20 21 22 23,208276c2cf0297a1682f8375253b485865ae065551ed84dbfc6959cdeab3737c,ee2c5af313987e22412a97ad87633ebb5377148b234d8a8696f08972282e6d33,94.82269,96.85705,564,success_build,True,True,False,unit fuzzy loss,,
12,12 1 2 3 4 5 6 7 8 9 10 11 0 13 14 15 16 17 18 19 20 21 22 23,b672b9eb4b9ac8759e7b59e4d813f16b589cb50e1aa79fa86cd487bc9179f010,f5090b48a1bfff0a21923713f21af56cf93629b2dc761eac56b866d650389704,93.53901,96.739975,564,success_build,True,True,False,unit fuzzy loss,,
13,13 1 2 3 4 5 6 7 8 9 10 11 12 0 14 15 16 17 18 19 20 21 22 23,fe9bf6583ffabbd037040eafe759bc18b319ea87a55c8b7d6709ec382ec7a1e7,db90d6db56e945698775757082c783b80d909fae8951f05675591e602fe8791e,93.43971,96.73092,564,success_build,True,True,False,unit fuzzy loss,,
14,14 1 2 3 4 5 6 7 8 9 10 11 12 13 0 15 16 17 18 19 20 21 22 23,b0be02d86dfe16a151356222de61047a47a78a83c6a7f765f4f32769e0bc707d,7338764d3a9997c18f95eda041fa11f60859859a2593b07769b67cff579b6b6e,95.03546,96.87646,564,success_build,True,True,False,unit fuzzy loss,,
15,15 1 2 3 4 5 6 7 8 9 10 11 12 13 14 0 16 17 18 19 20 21 22 23,a0793b1f4dd507a1e420a7cbcd6d7f38b32e3ed4446667770809392fbe0fac90,6724311f601201ecc0730632fe5b85253b09b472bd89c0dff64180e1b25bc116,95.07092,96.87969,564,success_build,True,True,False,unit fuzzy loss,,
16,16 1 2 3 4 5 6 7 8 9 10 11 12 13 14 15 0 17 18 19 20 21 22 23,74bb574e1dfe347e62cf3f6b5c453814732056ea215937bf64596519d09d3076,08478e101e296cad763267a26cb968f6d8267fd259c114977a6b3fadc5e98326,95.17731,96.88939,564,success_build,True,True,False,unit fuzzy loss,,
17,17 1 2 3 4 5 6 7 8 9 10 11 12 13 14 15 16 0 18 19 20 21 22 23,a01cd7fb5c240e1ad451e3c8790c78cd318deffedb5bb4f5fd8163425a3c8e30,4a8efc01212a16406095deef37733a84ab48c09e561e2a08032b34be2b17ca39,95.106384,96.88293,564,success_build,True,True,False,unit fuzzy loss,,
18,18 1 2 3 4 5 6 7 8 9 10 11 12 13 14 15 16 17 0 19 20 21 22 23,a6d7d0678fad032ca587892a78896790843228c9abe692068ba3e509ad221f34,683a13e2bd6b1539bf0a64b7b6b4eb70bdf8593e4aa975d475d8425dd014353c,92.510635,96.64619,564,success_build,True,True,False,unit fuzzy loss,,
19,19 1 2 3 4 5 6 7 8 9 10 11 12 13 14 15 16 17 18 0 20 21 22 23,883345b177ce26675daeabcbfabb7046c0e4e1c6d47c32c6207ace3ffed541d7,6d47ac5b1617dc59471ff7a67b69fdafbad327b7d801560a33098dece8d79141,92.92908,96.68435,564,success_build,True,True,False,unit fuzzy loss,,
20,20 1 2 3 4 5 6 7 8 9 10 11 12 13 14 15 16 17 18 19 0 21 22 23,a99bc7f36a9b4dbfaea5ffda1202429ea5bef3de9b18d0b88ce3d62aa6ed7048,dffc941a1895980f2a4ecc8254aa0bc2b69720bdffbb14b90167c4bcb663a78b,92.87234,96.67917,564,success_build,True,True,False,unit fuzzy loss,,
21,21 1 2 3 4 5 6 7 8 9 10 11 12 13 14 15 16 17 18 19 20 0 22 23,9fe9201fcfa04885fc19a06056fffc500aa862a928328e0786a13823f6d477f6,8dda0562103be226203856120c6fdb5539a2626bbcd0a9f08058f7165eff9434,92.97872,96.68887,564,success_build,True,True,False,unit fuzzy loss,,
22,22 1 2 3 4 5 6 7 8 9 10 11 12 13 14 15 16 17 18 19 20 21 0 23,39ac5598f9dcaf851838793b9e99bb27e948ec19ce3824deec29f691f4b5ecd1,8327c95e597ad551392a40b9b86d9f4377a826fdae47def12bb5ffcf0663b6b1,91.9078,96.5912,564,success_build,True,True,False,unit fuzzy loss,,
23,23 1 2 3 4 5 6 7 8 9 10 11 12 13 14 15 16 17 18 19 20 21 22 0,837b676b303751b637ea07c4b85eb04096ccca1120927bb474f27d6de026b824,8327c95e597ad551392a40b9b86d9f4377a826fdae47def12bb5ffcf0663b6b1,91.9078,96.5912,564,success_build,True,True,False,unit fuzzy loss,,
24,0 2 1 3 4 5 6 7 8 9 10 11 12 13 14 15 16 17 18 19 20 21 22 23,e9f2e7c53c82a09f7f8cd0f31736550b3a37c54a04d1c54cc07a0d61546e1249,419c0751c5d4cb67542a4de8a3f62b962fbe2254c2144745c3dbb9534e0faedd,95.35461,96.90556,564,success_build,True,True,True,,,
25,0 3 2 1 4 5 6 7 8 9 10 11 12 13 14 15 16 17 18 19 20 21 22 23,e24dd24699c3d33fadf05dab58f9aeb6f5373bd484fc119e6c6c49ef96deb6c4,fa8d85a52a5b67a62b409cc82c1d5734c7394397b343687bdac655d9dd7cccd9,90.50355,96.46313,564,success_build,True,True,False,unit fuzzy loss,,
26,0 4 2 3 1 5 6 7 8 9 10 11 12 13 14 15 16 17 18 19 20 21 22 23,5196474d2503078eacad72dde45fd8fd9cd4eb2f9f987807ec6780e32f319607,419c0751c5d4cb67542a4de8a3f62b962fbe2254c2144745c3dbb9534e0faedd,95.35461,96.90556,564,success_build,True,True,True,,,
27,0 5 2 3 4 1 6 7 8 9 10 11 12 13 14 15 16 17 18 19 20 21 22 23,89304fdd64fd37934e7ec1482641c806f2b4778ab62ef6e0728fd96cc62f3858,08a60f33f57f8d84dda211ff95450c82748f5bde45b53aca08205195337a7ab2,95.24823,96.89586,564,success_build,True,True,False,unit fuzzy loss,,
28,0 6 2 3 4 5 1 7 8 9 10 11 12 13 14 15 16 17 18 19 20 21 22 23,ad3818502b68e4a5bfa9f53e7711a537cb1f49afb9a372b8f504b6122351bf50,ec3470579f231d6762b79b3a45c27bcc7824c5078b4dc4719bb771b4563f0d46,95.24823,96.89586,564,success_build,True,True,False,unit fuzzy loss,,
29,0 7 2 3 4 5 6 1 8 9 10 11 12 13 14 15 16 17 18 19 20 21 22 23,f86f15271d36da512c970539b77fd49c76f03f9e6168d567340fc055572c3bfe,419c0751c5d4cb67542a4de8a3f62b962fbe2254c2144745c3dbb9534e0faedd,95.35461,96.90556,564,success_build,True,True,True,,,
30,0 8 2 3 4 5 6 7 1 9 10 11 12 13 14 15 16 17 18 19 20 21 22 23,a6becbcd47874bee6d53b17678c7725638f1286e1eb3ddda1c8e27d49e3c0482,01427f489d15a0dc74baf3ece00b8adb7c0dda510ac57a0200d40f4987a6927b,95.17731,96.88939,564,success_build,True,True,False,unit fuzzy loss,,
31,0 9 2 3 4 5 6 7 8 1 10 11 12 13 14 15 16 17 18 19 20 21 22 23,efceb76fe2a78da20700659a0970e887df4da06c9fad44f9f0810618673aa789,5c866f3f8a98557a9c6f7024855cea2f963ded4fefc9e0ed128e63ab00a2d2ea,95.07092,96.87969,564,success_build,True,True,False,unit fuzzy loss,,
32,0 10 2 3 4 5 6 7 8 9 1 11 12 13 14 15 16 17 18 19 20 21 22 23,db4451305d4a8309aac380a1aaa2e0a555a1899a2676bb33db5c27ba60ba49a1,419c0751c5d4cb67542a4de8a3f62b962fbe2254c2144745c3dbb9534e0faedd,95.35461,96.90556,564,success_build,True,True,True,,,
33,0 11 2 3 4 5 6 7 8 9 10 1 12 13 14 15 16 17 18 19 20 21 22 23,57176db7bfcb7381774e73b8b2106793a5bff6234ee49fc751f10b58b7d7ce0f,419c0751c5d4cb67542a4de8a3f62b962fbe2254c2144745c3dbb9534e0faedd,95.35461,96.90556,564,success_build,True,True,True,,,
34,0 12 2 3 4 5 6 7 8 9 10 11 1 13 14 15 16 17 18 19 20 21 22 23,498706b67e70ae1cdeb95a7f68eb73c796d4f787f67394e63dc0baab73771516,e383f36eee5534bcc0b1122061e6ea98ecca5165fa13b50795fdf9d6b8285f4c,94.80851,96.85576,564,success_build,True,True,False,unit fuzzy loss,,
35,0 13 2 3 4 5 6 7 8 9 10 11 12 1 14 15 16 17 18 19 20 21 22 23,28660d671462a77bb5307c5cafab7ae9b8ef88bc488e316551bae55dd7dbac08,180a290b6f8066887bcab7c03131d542d22fe5ecbe8bd8433b41ec6ba87239ed,93.03546,96.694046,564,success_build,True,True,False,unit fuzzy loss,,
36,0 14 2 3 4 5 6 7 8 9 10 11 12 13 1 15 16 17 18 19 20 21 22 23,530cb603c0dd0d62ee87f9772a364c448fc1c9b3155fd9522e965e33f34308a4,956ecd7592045271d0212cd354e23e69c0877898f94eb3f45acab8a44d6018ba,92.82269,96.674644,564,success_build,True,True,False,unit fuzzy loss,,
37,0 15 2 3 4 5 6 7 8 9 10 11 12 13 14 1 16 17 18 19 20 21 22 23,8647786d34ab12b2a69f6b8283d62569fb685c0b17a4e7dee7f3ad346a7c0ca5,badd8c05748579dece5bda4e6b6da33a12bb0b5bbaa333ed70307e45b82c98b7,92.71631,96.66494,564,success_build,True,True,False,unit fuzzy loss,,
38,0 16 2 3 4 5 6 7 8 9 10 11 12 13 14 15 1 17 18 19 20 21 22 23,8944b3bdf2a292b1cd1fa3a650f08f379995f694cee0609756b13d6da8e546a8,1e0081574ffc11539906556b0ec85735aafd8337104b9c46b2cf75dc6a4de5a5,92.71631,96.66494,564,success_build,True,True,False,unit fuzzy loss,,
39,0 17 2 3 4 5 6 7 8 9 10 11 12 13 14 15 16 1 18 19 20 21 22 23,c215a29307ae18ed00ab626eb2544977892b229091c6665af3c3db64b9fa8348,5bcf9e22916e995ebaa9ae53a84b2e9fa0ed4741fcc5256cf19b4d794d7a55b3,92.64539,96.65847,564,success_build,True,True,False,unit fuzzy loss,,
40,0 18 2 3 4 5 6 7 8 9 10 11 12 13 14 15 16 17 1 19 20 21 22 23,1b27e2866a47ac782a401f29de0fe33d6c8ce01a77b3eae3dfccd26633198e3a,419c0751c5d4cb67542a4de8a3f62b962fbe2254c2144745c3dbb9534e0faedd,95.35461,96.90556,564,success_build,True,True,True,,,
41,0 19 2 3 4 5 6 7 8 9 10 11 12 13 14 15 16 17 18 1 20 21 22 23,0cd93e48c8909bbfb54e191efa8b115cd2a16e5dc91adf8b2e8228c68497e142,0b6b32687600d53f0c1a6db76111a6d34175c116a524b2807973ba38da83b0c8,90.64539,96.47607,564,success_build,True,True,False,unit fuzzy loss,,
42,0 20 2 3 4 5 6 7 8 9 10 11 12 13 14 15 16 17 18 19 1 21 22 23,9419062c9f3f7cf04b75453290da548368ceb351fa8835d16bb27b2ccfff1271,9076d28bda7023efce35dd95468830dd36ff5e397c42e04156755784fc746819,90.51773,96.464424,564,success_build,True,True,False,unit fuzzy loss,,
43,0 21 2 3 4 5 6 7 8 9 10 11 12 13 14 15 16 17 18 19 20 1 22 23,ff569e4f2882d35522fdd412d469c825dc0b9b5e43312538d281e7500118c47e,56c2842123afd8f534b495cf622a62638809eb9323e0e212fcfe47307e912b59,90.0922,96.42561,564,success_build,True,True,False,unit fuzzy loss,,
44,0 22 2 3 4 5 6 7 8 9 10 11 12 13 14 15 16 17 18 19 20 21 1 23,2fac84119e38b83f6a6abe4a478c9815bd3944e6dc1a2d06586774ccbe42ba27,419c0751c5d4cb67542a4de8a3f62b962fbe2254c2144745c3dbb9534e0faedd,95.35461,96.90556,564,success_build,True,True,True,,,
45,0 23 2 3 4 5 6 7 8 9 10 11 12 13 14 15 16 17 18 19 20 21 22 1,cdfedcf22b53eaf8342a75a4a09a378b2b7d550741a6b544bef3f6f905c6d329,419c0751c5d4cb67542a4de8a3f62b962fbe2254c2144745c3dbb9534e0faedd,95.35461,96.90556,564,success_build,True,True,True,,,
46,0 1 3 2 4 5 6 7 8 9 10 11 12 13 14 15 16 17 18 19 20 21 22 23,df21396fc6e41775db39cff78439cd3192816c9672df14e1bfc755f99f679238,fa8d85a52a5b67a62b409cc82c1d5734c7394397b343687bdac655d9dd7cccd9,90.50355,96.46313,564,success_build,True,True,False,unit fuzzy loss,,
47,0 1 4 3 2 5 6 7 8 9 10 11 12 13 14 15 16 17 18 19 20 21 22 23,42e9b2c1f4733e3d456d45b360c00cf52939c5267920eecd14a1101fe50e2fef,3e2b0b06a850232f221454c086d1e026c06c301f3be71acd781bb23a0f0bfa75,90.680855,96.4793,564,success_build,True,True,False,unit fuzzy loss,,
48,0 1 5 3 4 2 6 7 8 9 10 11 12 13 14 15 16 17 18 19 20 21 22 23,1a053bdb60b7697f862e63de6f35a2710d8971e9d19b30ec9abd580ba2d5b3c9,d1d28cef1ae4e008ab297b8053c644b360694c5428e77deabb73e040c9c8c864,90.50355,96.46313,564,success_build,True,True,False,unit fuzzy loss,,
49,0 1 6 3 4 5 2 7 8 9 10 11 12 13 14 15 16 17 18 19 20 21 22 23,8f5492529312bbefe049e56c8523d543bacc19e4f119d7ea0354e080dce21622,1e44c357c6ae33bc7efef7812e90af91720e8d070f7526fd6efcd3e62e6e8ccc,90.50355,96.46313,564,success_build,True,True,False,unit fuzzy loss,,
50,0 1 7 3 4 5 6 2 8 9 10 11 12 13 14 15 16 17 18 19 20 21 22 23,1897f370be1dc43c0114151fc2b9ac3b8e795548fd11c38eef6968ffe7b67c26,15b18590e31983c30e3784bcbf8de8e733f66b2870e635b9639a293bb3ca20a1,90.60993,96.47283,564,success_build,True,True,False,unit fuzzy loss,,
51,0 1 8 3 4 5 6 7 2 9 10 11 12 13 14 15 16 17 18 19 20 21 22 23,438616ff4306d4e2fc5a74022612905dcae8176a9f25f6f0c406121775213e27,4fc40fef5860416366b49a319c8591d39be86dff714cc2eadcf21b67514b3c57,90.50355,96.46313,564,success_build,True,True,False,unit fuzzy loss,,
52,0 1 9 3 4 5 6 7 8 2 10 11 12 13 14 15 16 17 18 19 20 21 22 23,bba8a62c709cd13e50e2d52f067b21fd1f6cfa2e92b960e4b0230269469f9baf,e98cb5f688eb3384999979d2aa0d48667405cf5bcd424f77751c8d0625f9d0f2,92.60993,96.65524,564,success_build,True,True,False,unit fuzzy loss,,
53,0 1 10 3 4 5 6 7 8 9 2 11 12 13 14 15 16 17 18 19 20 21 22 23,1ef78a23c7bf7e605bbeefc952cbf51a55231c978b008940b6059523ee759837,1fda4cefc126f97117d74212b58a3189c05f3a078b8dde03b18e898327631c6f,92.893616,96.681114,564,success_build,True,True,False,unit fuzzy loss,,
54,0 1 11 3 4 5 6 7 8 9 10 2 12 13 14 15 16 17 18 19 20 21 22 23,7825be43d7d8abd5aa0d10ff9acc33ac4584d1392f5348b2b7ddad5ca45524bd,1fda4cefc126f97117d74212b58a3189c05f3a078b8dde03b18e898327631c6f,92.893616,96.681114,564,success_build,True,True,False,unit fuzzy loss,,
55,0 1 12 3 4 5 6 7 8 9 10 11 2 13 14 15 16 17 18 19 20 21 22 23,6dda35f03563caa9120a248cfb7606c9ee56e6c0634c18343fddd2d8e41a2d4e,7366ed1f475d61900d34f318b298072b710f1ddb82a1b2345aea49e6c3678424,92.524826,96.64748,564,success_build,True,True,False,unit fuzzy loss,,
56,0 1 13 3 4 5 6 7 8 9 10 11 12 2 14 15 16 17 18 19 20 21 22 23,fb1fa800f38fb08b49e2df9d251816cce8124268b8de2b88c96012f410f4ac7f,f612a1deec7260b1ce7aa56079e2b895480caa77762decf6f796fc890abc0807,91.141846,96.52135,564,success_build,True,True,False,unit fuzzy loss,,
57,0 1 14 3 4 5 6 7 8 9 10 11 12 13 2 15 16 17 18 19 20 21 22 23,0c9ea84f9f9c3f21465fa1b40b05bd987ee457cf7c1adb68f0394f40993b44a9,f7ff36a744964ae502b77159421820228e39d6d9c6e28a1fbc7b8e5d1e4f5ec6,91.141846,96.52135,564,success_build,True,True,False,unit fuzzy loss,,
58,0 1 15 3 4 5 6 7 8 9 10 11 12 13 14 2 16 17 18 19 20 21 22 23,20f9fcfb7c3915030f46cea8f3731128414bc3595a561b3a49d92787004d130c,fbd42abda32fa4635392b87bb092561cb753f5022671ad989f2b8761c1003b7d,91.141846,96.52135,564,success_build,True,True,False,unit fuzzy loss,,
59,0 1 16 3 4 5 6 7 8 9 10 11 12 13 14 15 2 17 18 19 20 21 22 23,dd501df71757fc558521637cf0862188399970a237d13165578d3970d78f63a0,15a3cf8470f8d3f3029916b3ade1d4bebcede357c22e6ea3e1595b7fc8b48a4a,91.141846,96.52135,564,success_build,True,True,False,unit fuzzy loss,,
60,0 1 17 3 4 5 6 7 8 9 10 11 12 13 14 15 16 2 18 19 20 21 22 23,4a81190b8bac9a688fb9eabe9d20c75cc3d52a74a506d1f9d2610142ea121fa8,57db8d94b7095d343cf1abe8b758090d9f55b0618c24b869705f6bebe2335b66,91.21277,96.52782,564,success_build,True,True,False,unit fuzzy loss,,
61,0 1 18 3 4 5 6 7 8 9 10 11 12 13 14 15 16 17 2 19 20 21 22 23,aae3f07d052c77a9fb59b24a7a4b9bbc4a23a403197b9ff2f0cb073d7b28ffb5,269ebadcd9caac48d1ed27d40ff6f32f013ee8d2ee552a0b24c12d0da58efc05,93.60284,96.7458,564,success_build,True,True,False,unit fuzzy loss,,
62,0 1 19 3 4 5 6 7 8 9 10 11 12 13 14 15 16 17 18 2 20 21 22 23,2f23d592204a8ea44c4f342622f291f031fed754e3dd83d653a959d6620b64e4,5bf2cb70646e945be72900d8fd0d6ca6afb13f7512e7707017e46f6af531625d,93.74468,96.758736,564,success_build,True,True,False,unit fuzzy loss,,
63,0 1 20 3 4 5 6 7 8 9 10 11 12 13 14 15 16 17 18 19 2 21 22 23,204a3400185ccab55b19722c2d9ac82669dde79688a02fcf896f9ea912a86461,7c374b1abad4fc2fc12f4a7a9df88d2424d66d5e0539af20b6095b4584dee88a,93.61702,96.747086,564,success_build,True,True,False,unit fuzzy loss,,
64,0 1 21 3 4 5 6 7 8 9 10 11 12 13 14 15 16 17 18 19 20 2 22 23,13bd1522530997369ea2228f10e9c2a59ea0e68738cdca836a5588196436a9c4,dca3aadf50094a0ad82650b8b8145ca99ca5e394e75f934a791c73a1175f93a0,93.65248,96.75032,564,success_build,True,True,False,unit fuzzy loss,,
65,0 1 22 3 4 5 6 7 8 9 10 11 12 13 14 15 16 17 18 19 20 21 2 23,4880653ac23600b841699f88ac5a6b6b03184f36aab3afed646a9b48c7894cd6,1b3ccdde75b4c99b3b4ccdf44199fe8ee1a967edce04072fa5403e9021cbe9a7,93.319145,96.719925,564,success_build,True,True,False,unit fuzzy loss,,
66,0 1 23 3 4 5 6 7 8 9 10 11 12 13 14 15 16 17 18 19 20 21 22 2,f1012ec56e55550de65f3f0de5ebe966740b4ccdca53569c26afe1bcd34ef80a,1b3ccdde75b4c99b3b4ccdf44199fe8ee1a967edce04072fa5403e9021cbe9a7,93.319145,96.719925,564,success_build,True,True,False,unit fuzzy loss,,
67,0 1 2 4 3 5 6 7 8 9 10 11 12 13 14 15 16 17 18 19 20 21 22 23,a84da45cbe644bfa2159260e148d26c7dcab660edac6e60be2b8e955047c4ba7,419c0751c5d4cb67542a4de8a3f62b962fbe2254c2144745c3dbb9534e0faedd,95.35461,96.90556,564,success_build,True,True,True,,,
68,0 1 2 5 4 3 6 7 8 9 10 11 12 13 14 15 16 17 18 19 20 21 22 23,a20121d9ac60a928f7d79a8733604e55b785297bb634bd3bd5c5ce936dc59f58,08a60f33f57f8d84dda211ff95450c82748f5bde45b53aca08205195337a7ab2,95.24823,96.89586,564,success_build,True,True,False,unit fuzzy loss,,
69,0 1 2 6 4 5 3 7 8 9 10 11 12 13 14 15 16 17 18 19 20 21 22 23,2d72bce8e840121d63b80f938c751fdeb7a067a600606a6fc0bc321dc37ba8da,ec3470579f231d6762b79b3a45c27bcc7824c5078b4dc4719bb771b4563f0d46,95.24823,96.89586,564,success_build,True,True,False,unit fuzzy loss,,
70,0 1 2 7 4 5 6 3 8 9 10 11 12 13 14 15 16 17 18 19 20 21 22 23,490cb15c29ef34fab63e0728347821e1797ca55e121c84ad0cd9ed84670b58c8,419c0751c5d4cb67542a4de8a3f62b962fbe2254c2144745c3dbb9534e0faedd,95.35461,96.90556,564,success_build,True,True,True,,,
71,0 1 2 8 4 5 6 7 3 9 10 11 12 13 14 15 16 17 18 19 20 21 22 23,86ed8d7cc0db92135d9bd770ab4388e430c3f6e538bde76f54be90dffe8338ad,01427f489d15a0dc74baf3ece00b8adb7c0dda510ac57a0200d40f4987a6927b,95.17731,96.88939,564,success_build,True,True,False,unit fuzzy loss,,
72,0 1 2 9 4 5 6 7 8 3 10 11 12 13 14 15 16 17 18 19 20 21 22 23,98c962dff06f63eeda3ab1b11bbbaf9368c77844966c42b5e03abca568f572da,5c866f3f8a98557a9c6f7024855cea2f963ded4fefc9e0ed128e63ab00a2d2ea,95.07092,96.87969,564,success_build,True,True,False,unit fuzzy loss,,
73,0 1 2 10 4 5 6 7 8 9 3 11 12 13 14 15 16 17 18 19 20 21 22 23,c17ba39b99acc86eeba98b5d87316381a9bd985697032dd171c14b5ce1c95f5f,419c0751c5d4cb67542a4de8a3f62b962fbe2254c2144745c3dbb9534e0faedd,95.35461,96.90556,564,success_build,True,True,True,,,
74,0 1 2 11 4 5 6 7 8 9 10 3 12 13 14 15 16 17 18 19 20 21 22 23,68d862b25231270010f7aaba792c09ea7043d12e8bc95634b79b12a01d000b7f,419c0751c5d4cb67542a4de8a3f62b962fbe2254c2144745c3dbb9534e0faedd,95.35461,96.90556,564,success_build,True,True,True,,,
75,0 1 2 12 4 5 6 7 8 9 10 11 3 13 14 15 16 17 18 19 20 21 22 23,9088c095da99e8a6d8fd8ac9f62d2cda514344987e4b53622c146cf8fe9c4a3d,e383f36eee5534bcc0b1122061e6ea98ecca5165fa13b50795fdf9d6b8285f4c,94.80851,96.85576,564,success_build,True,True,False,unit fuzzy loss,,
76,0 1 2 13 4 5 6 7 8 9 10 11 12 3 14 15 16 17 18 19 20 21 22 23,77bf7c7b0e483d740f09df3fae51b314cb2a68a3f1042edf2377d377eb8d3083,180a290b6f8066887bcab7c03131d542d22fe5ecbe8bd8433b41ec6ba87239ed,93.03546,96.694046,564,success_build,True,True,False,unit fuzzy loss,,
77,0 1 2 14 4 5 6 7 8 9 10 11 12 13 3 15 16 17 18 19 20 21 22 23,617e5d0314c62425699ff619fd99c0334a741aa5bc9007cadd1e6da8b323d2dd,956ecd7592045271d0212cd354e23e69c0877898f94eb3f45acab8a44d6018ba,92.82269,96.674644,564,success_build,True,True,False,unit fuzzy loss,,
78,0 1 2 15 4 5 6 7 8 9 10 11 12 13 14 3 16 17 18 19 20 21 22 23,544bc63aad11bec9b9816c0345eb7f94f37fe701581173b7fd46111b1b773b13,badd8c05748579dece5bda4e6b6da33a12bb0b5bbaa333ed70307e45b82c98b7,92.71631,96.66494,564,success_build,True,True,False,unit fuzzy loss,,
79,0 1 2 16 4 5 6 7 8 9 10 11 12 13 14 15 3 17 18 19 20 21 22 23,4fbda5a26775ec4ab8446603ea6851d8b3b6173ce4f0a49b1b0c1f095185fbb4,1e0081574ffc11539906556b0ec85735aafd8337104b9c46b2cf75dc6a4de5a5,92.71631,96.66494,564,success_build,True,True,False,unit fuzzy loss,,
80,0 1 2 17 4 5 6 7 8 9 10 11 12 13 14 15 16 3 18 19 20 21 22 23,7002d8b6035c7fe56e86ea1337cd89a1914cf4b78d5a864b1b691732c4b00717,5bcf9e22916e995ebaa9ae53a84b2e9fa0ed4741fcc5256cf19b4d794d7a55b3,92.64539,96.65847,564,success_build,True,True,False,unit fuzzy loss,,
81,0 1 2 18 4 5 6 7 8 9 10 11 12 13 14 15 16 17 3 19 20 21 22 23,9aa7750d934d0074fd4b5a8a1aa08aa1a5c4db95163fb135df9dbb4b104e6a43,419c0751c5d4cb67542a4de8a3f62b962fbe2254c2144745c3dbb9534e0faedd,95.35461,96.90556,564,success_build,True,True,True,,,
82,0 1 2 19 4 5 6 7 8 9 10 11 12 13 14 15 16 17 18 3 20 21 22 23,699ac32263444f6a3d0bee21f7793acae5caaab87889d4f5da7c1fc37aa6640a,0d9dd6e36eaa97661ca8fae074a76b5e05729ffd428e3ad852b810638d8ce1db,95.141846,96.886154,564,success_build,True,True,False,unit fuzzy loss,,
83,0 1 2 20 4 5 6 7 8 9 10 11 12 13 14 15 16 17 18 19 3 21 22 23,d84b240122cc91fc64dd3ff8ac7e9ced79d78480a8001fae9f0dd9f2060abe60,fdaa806ab472fb3e7391f45c8392b424320682b78d6f62347fd8934ff74d01e1,91.58156,96.56145,564,success_build,True,True,False,unit fuzzy loss,,
84,0 1 2 21 4 5 6 7 8 9 10 11 12 13 14 15 16 17 18 19 20 3 22 23,f43fa9dc0c135c8513fd71389ee302a254f8723df05ed8428105d05619afeb30,588c2957345226e920792e8e1d90ff961c0d261a3cd221c41903c949bca2030d,94.50355,96.82794,564,success_build,True,True,False,unit fuzzy loss,,
85,0 1 2 22 4 5 6 7 8 9 10 11 12 13 14 15 16 17 18 19 20 21 3 23,9430be33ca0ed4c931a8ef5f7f92277503bb7407dacada6b1e22334956bdc59d,d9962792dca254ef099a720730c72b1bc562c82aa032dc38f4cd417e7d641daa,95.106384,96.88293,564,success_build,True,True,False,unit fuzzy loss,,
86,0 1 2 23 4 5 6 7 8 9 10 11 12 13 14 15 16 17 18 19 20 21 22 3,e124b93682f3c59407f0d9307a01a86f30470b3c8342ce8044f1ce6667933baa,d9962792dca254ef099a720730c72b1bc562c82aa032dc38f4cd417e7d641daa,95.106384,96.88293,564,success_build,True,True,False,unit fuzzy loss,,
87,0 1 2 3 5 4 6 7 8 9 10 11 12 13 14 15 16 17 18 19 20 21 22 23,17617a429944d24e249d03f2face7761780adcd875113ecd1d5869685fadd2da,08a60f33f57f8d84dda211ff95450c82748f5bde45b53aca08205195337a7ab2,95.24823,96.89586,564,success_build,True,True,False,unit fuzzy loss,,
88,0 1 2 3 6 5 4 7 8 9 10 11 12 13 14 15 16 17 18 19 20 21 22 23,e66d224dd98a180144c8cb649eb9e8b31a3c29c951347bf6da0e1ef5d188845d,db699057386ac3bc807cbe07538947a632655bef06c2e6a4cf0b09af1f352c78,95.24823,96.89586,564,success_build,True,True,False,unit fuzzy loss,,
89,0 1 2 3 7 5 6 4 8 9 10 11 12 13 14 15 16 17 18 19 20 21 22 23,096b939ab7f4c95f370dc2132207c1a9b691833496ab98de45aeba92ddf2daea,ffef4a6d016a51a7646460d10125c11e352c98c2e069e97fc6e3ee244e5b2845,95.24823,96.89586,564,success_build,True,True,False,unit fuzzy loss,,
90,0 1 2 3 8 5 6 7 4 9 10 11 12 13 14 15 16 17 18 19 20 21 22 23,9a08c7229f002aab039a232e5e6804df3f89c95b5ef82c12d6751dccb246e587,211486770c5927479bc62fe563bdefb41ac5a13ee3a73a77131bbc2d6a7ee347,95.17731,96.88939,564,success_build,True,True,False,unit fuzzy loss,,
91,0 1 2 3 9 5 6 7 8 4 10 11 12 13 14 15 16 17 18 19 20 21 22 23,dd212a13973e422f3515979b390041b225ee9d992611100c1a54e0b990feced5,6f1f29cb09b5c840cf7dc29f8073988efd3e37310256c7a4d7aebd39fefe5e4e,95.141846,96.886154,564,success_build,True,True,False,unit fuzzy loss,,
92,0 1 2 3 10 5 6 7 8 9 4 11 12 13 14 15 16 17 18 19 20 21 22 23,ec55b3b085e0020069092dcc211e3087e7f644a4e23a0c33aaba89402d5b4b8d,dcb43042ad1982e9dd238603a6388cececaef37a3f7d6ea34e8f2437e2d39807,94.92908,96.86675,564,success_build,True,True,False,unit fuzzy loss,,
93,0 1 2 3 11 5 6 7 8 9 10 4 12 13 14 15 16 17 18 19 20 21 22 23,5756cc26ec18074be950fd0474b124f41c86bdb096d04048b3022a95762301fc,dcb43042ad1982e9dd238603a6388cececaef37a3f7d6ea34e8f2437e2d39807,94.92908,96.86675,564,success_build,True,True,False,unit fuzzy loss,,
94,0 1 2 3 12 5 6 7 8 9 10 11 4 13 14 15 16 17 18 19 20 21 22 23,f0bc136c5b6005e09478b459f9d7d576e59c3334b554efb2e9eb9c658660cbf0,181ad9d880612f785323cec3f194b280281fe0ece2a6de6e52231fa8fda768f9,93.680855,96.752914,564,success_build,True,True,False,unit fuzzy loss,,
95,0 1 2 3 13 5 6 7 8 9 10 11 12 4 14 15 16 17 18 19 20 21 22 23,977348c8c35ca5b7b5944dff12b82b878808895026d9003f6912855f60d3beae,42655f278b5045872137db36670823a1d7023467138bbf9cf570fcf657244be5,93.58156,96.74386,564,success_build,True,True,False,unit fuzzy loss,,
96,0 1 2 3 14 5 6 7 8 9 10 11 12 13 4 15 16 17 18 19 20 21 22 23,31c2123f67a5b2f4b7a6bdcb3d36d6625f3c76a6078a50b128fb4668dff99b0b,5d59ea0fefe46563e7fc2c746346930fa5ba56129216c62d6def9e7c2293aaa2,95.03546,96.87646,564,success_build,True,True,False,unit fuzzy loss,,
97,0 1 2 3 15 5 6 7 8 9 10 11 12 13 14 4 16 17 18 19 20 21 22 23,ec9f673bfc2e25469fd39ee873eedc4d2be6aeed0a06a236df53288a4c4d6f8d,ea1c9b182dd0b3c69e3932d5e0a25f35b1152101cb8e6af0e212a121fce97dfe,95.141846,96.886154,564,success_build,True,True,False,unit fuzzy loss,,
98,0 1 2 3 16 5 6 7 8 9 10 11 12 13 14 15 4 17 18 19 20 21 22 23,8bfc16b01a019e46f56d71529c3902951bb306828d7e9d44ac7906b37834ba20,d235cba4c5c8cc8f459cb165225da08070a5fadcfc9ff7416b8ca6b4dbc1c51e,95.24823,96.89586,564,success_build,True,True,False,unit fuzzy loss,,
99,0 1 2 3 17 5 6 7 8 9 10 11 12 13 14 15 16 4 18 19 20 21 22 23,916f9adf910316941d2105a0b32746f4b0e86bfebe6e8aeb5c3b42d2faa15e3f,6f5ea25f7e7bc99cda3fdc4408927d1bb7ee7f071cb0d2beb26713426c3f9b4f,95.17731,96.88939,564,success_build,True,True,False,unit fuzzy loss,,
100,0 1 2 3 18 5 6 7 8 9 10 11 12 13 14 15 16 17 4 19 20 21 22 23,b2839152d816b778d9590dc2878dd948318aeb5bd6721d1d77aad0751eaf83da,451e16f5e3138c1e24c72d8d3b6970e71541e902678dfc5ba5f8150d81ae5f03,92.61702,96.65588,564,success_build,True,True,False,unit fuzzy loss,,
101,0 1 2 3 19 5 6 7 8 9 10 11 12 13 14 15 16 17 18 4 20 21 22 23,c190d9a9e28252e32d3fb5e01a5da31f411dcdcc6b8219313a777ac79e765e5d,ff0bd23f17d5c0f9b1a84b61d87e11b75ab10eb4cf0fe263f3725c4cdd003085,93.14893,96.7044,564,success_build,True,True,False,unit fuzzy loss,,
102,0 1 2 3 20 5 6 7 8 9 10 11 12 13 14 15 16 17 18 19 4 21 22 23,aa1e0f2c428c73dc34858eb701ff3e8ed71ff83e3b43617761ab8618f3dd40e3,3e5fc4919baa1e7cc55503919732c43e28e3aa0a88f06cb2ff78ef2dd3ab3704,94.432625,96.82147,564,success_build,True,True,False,unit fuzzy loss,,
103,0 1 2 3 21 5 6 7 8 9 10 11 12 13 14 15 16 17 18 19 20 4 22 23,56665a49505b6457ee643c1c711e76bb4cc7edd2cd172672e5bc96b3dc7a599a,124c7db9b310d7a8abac01e19cd1338d9ac023c5e93f3c912ec918c1d3e65f0d,94.32624,96.811775,564,success_build,True,True,False,unit fuzzy loss,,
104,0 1 2 3 22 5 6 7 8 9 10 11 12 13 14 15 16 17 18 19 20 21 4 23,e4de2fee402602839c1cc3a54074b642f8b3f8204f5bc9e744957c0f98d4d32a,2640edd5685a9f7624b6b2f160642fde187569ead59bdcad2ae488f5fb4d5002,92.01418,96.60091,564,success_build,True,True,False,unit fuzzy loss,,
105,0 1 2 3 23 5 6 7 8 9 10 11 12 13 14 15 16 17 18 19 20 21 22 4,4014f49fc1a47ba4f84d232bb50a98f90f468bae0015c41c093da0d40914c674,2640edd5685a9f7624b6b2f160642fde187569ead59bdcad2ae488f5fb4d5002,92.01418,96.60091,564,success_build,True,True,False,unit fuzzy loss,,
106,0 1 2 3 4 6 5 7 8 9 10 11 12 13 14 15 16 17 18 19 20 21 22 23,e106ef8eb8889907f7f10dfedb50aa1afad5bafea4a6227b91203192563fc00b,e1d43360c6a0528efcbf561578e06149916d1d489dda19184a1c9954eacf668d,95.35461,96.90556,564,success_build,True,True,True,,,
107,0 1 2 3 4 7 6 5 8 9 10 11 12 13 14 15 16 17 18 19 20 21 22 23,9e8f20bc19ce6c86ae57a57c4bd31a31ccd1a7286eda0a40c643e8e597228711,e1d43360c6a0528efcbf561578e06149916d1d489dda19184a1c9954eacf668d,95.35461,96.90556,564,success_build,True,True,True,,,
108,0 1 2 3 4 8 6 7 5 9 10 11 12 13 14 15 16 17 18 19 20 21 22 23,2786627085c80a77b1e10842267d36b4fa0e975adf4c220aad2fb8d842d6ca98,6e46b9dadbfacd1b30cc290f6304395e56dd2e6cd41b4a501800f9c47af26eb9,95.28369,96.89909,564,success_build,True,True,False,unit fuzzy loss,251,0
109,0 1 2 3 4 9 6 7 8 5 10 11 12 13 14 15 16 17 18 19 20 21 22 23,64a1ad5300001dee94c404a38ea1079be8d58864a31445b2628a7489b1d8fea4,5bf3d6c8aa530153fab83655e85fc32baf48c18392e8c25bce4d5df48ffdbf5d,95.106384,96.88293,564,success_build,True,True,False,unit fuzzy loss,,
110,0 1 2 3 4 10 6 7 8 9 5 11 12 13 14 15 16 17 18 19 20 21 22 23,f5ad5ff445644c12f3f9fcd0f9dcecc0a84350056e2639ca78ec19fb05bf0db5,67657a82f128057834b91fb92b0c2dea747c104d75d0da745d7423a484c41409,95.03546,96.87646,564,success_build,True,True,False,unit fuzzy loss,,
111,0 1 2 3 4 11 6 7 8 9 10 5 12 13 14 15 16 17 18 19 20 21 22 23,9405b878e2df1d29e38e05ceeff5e11e39e5ef541dc1c7d44b542e0a135f79cc,67657a82f128057834b91fb92b0c2dea747c104d75d0da745d7423a484c41409,95.03546,96.87646,564,success_build,True,True,False,unit fuzzy loss,,
112,0 1 2 3 4 12 6 7 8 9 10 11 5 13 14 15 16 17 18 19 20 21 22 23,b09d3f470869dc67e04cf5516700a566e4111f4a2097deddea5f2a8315d73d34,beac1859d715ef3eac38367f712f0844068068a5972558832a1d252223e4fa4a,93.64539,96.74968,564,success_build,True,True,False,unit fuzzy loss,,
113,0 1 2 3 4 13 6 7 8 9 10 11 12 5 14 15 16 17 18 19 20 21 22 23,9d38fa8642a7d9110a771fd0ae4311e64187313591ec3428331738ea72558599,9e01d954c0903984525d8ef4a1b05055e1722ad870a183af54f596932b03d456,93.68794,96.753555,564,success_build,True,True,False,unit fuzzy loss,,
114,0 1 2 3 4 14 6 7 8 9 10 11 12 13 5 15 16 17 18 19 20 21 22 23,f7f215a3e9af4f8d86321f2593da91be199dfa0eed1b82b9381275d7a9037e97,e530f45a022a9246dda2f2b24c05dd4b96e212317fc9b2371b39b834008e24c1,95.141846,96.886154,564,success_build,True,True,False,unit fuzzy loss,,
115,0 1 2 3 4 15 6 7 8 9 10 11 12 13 14 5 16 17 18 19 20 21 22 23,57d568ea942a5d55f67c284b4916ae127808f254ac69f1b65ec72b27ecf60628,a54eb682f16e1c14caecb2acb41eb1d3ffae3ef5eaa48fe701914f54b9c2f1b4,95.24823,96.89586,564,success_build,True,True,False,unit fuzzy loss,,
116,0 1 2 3 4 16 6 7 8 9 10 11 12 13 14 15 5 17 18 19 20 21 22 23,20c9842ef4db199729007ee1c647ae1fedf70a476431dabafca1ed14121ba6ea,ec16b52bfcd4b132b90d9d879ebc73ee652d4337202f371609c9a18c12120c89,95.42553,96.91203,564,success_build,True,True,True,,,
117,0 1 2 3 4 17 6 7 8 9 10 11 12 13 14 15 16 5 18 19 20 21 22 23,a2407bf3a9a652f0f1f48ebd31ea0be271623cef98514f086386ca9670f7e07f,80c710396e78fc2d5c0a172c88ae34dd1fc515cfa7824d1597277390de8199af,95.28369,96.89909,564,success_build,True,True,False,unit fuzzy loss,,
118,0 1 2 3 4 18 6 7 8 9 10 11 12 13 14 15 16 17 5 19 20 21 22 23,89b64c7a43f1350a211f3c16e935fb07cb29516b9daf1c2f45a88d3198583003,28bedb0f08780c5387c50cc5eace58c433e4061bd78bd9aa5ccd03e3df236302,92.723404,96.66559,564,success_build,True,True,False,unit fuzzy loss,,
119,0 1 2 3 4 19 6 7 8 9 10 11 12 13 14 15 16 17 18 5 20 21 22 23,2be000e1e190dbff084e4b7d2ccfed6ce47a1dd1b6a9112d8c5e4887563a1ec6,f6eda8b084d596903e8177eb702031fcb19f8624f58c3b35810b6db8a9019801,93.29078,96.71734,564,success_build,True,True,False,unit fuzzy loss,,
120,0 1 2 3 4 20 6 7 8 9 10 11 12 13 14 15 16 17 18 19 5 21 22 23,d214af5fe9dac81547a83fbc858f386d8078514a8447674d297e2dfb5fba23b7,a4484db656e6a4b959a411c0e4d9f08a13aaf2343ae7f7ba7ad90744ad48c2ca,94.53901,96.83118,564,success_build,True,True,False,unit fuzzy loss,,
121,0 1 2 3 4 21 6 7 8 9 10 11 12 13 14 15 16 17 18 19 20 5 22 23,d8ed3d32d85b5f8ab826ce45d399a8aa5b57fb8181f54a009a370f6ff883cbb0,7842771b3c7210e2279aa3cbcd7684ba42b9e65d852b9fb46e1d099f81ec41fe,94.432625,96.82147,564,success_build,True,True,False,unit fuzzy loss,,
122,0 1 2 3 4 22 6 7 8 9 10 11 12 13 14 15 16 17 18 19 20 21 5 23,1c7a7f6c959aad92bf75d06ebcac1b7f69e0a81278cdeaff84f70720b2d73d2d,412cd6ae1b66d90e3d7fab3a1b9403561da948735642c928ce964ce0bbee1eee,92.12057,96.61061,564,success_build,True,True,False,unit fuzzy loss,,
123,0 1 2 3 4 23 6 7 8 9 10 11 12 13 14 15 16 17 18 19 20 21 22 5,c40275f73e4394a3523f56ddacab2f33c1812962bd085bb020738546795835bb,412cd6ae1b66d90e3d7fab3a1b9403561da948735642c928ce964ce0bbee1eee,92.12057,96.61061,564,success_build,True,True,False,unit fuzzy loss,,
124,0 1 2 3 4 5 7 6 8 9 10 11 12 13 14 15 16 17 18 19 20 21 22 23,7fbc8f413b38df7f9095ba1bbb54226f2f7c95cfb6cb7794a536fc553d42bd43,419c0751c5d4cb67542a4de8a3f62b962fbe2254c2144745c3dbb9534e0faedd,95.35461,96.90556,564,success_build,True,True,True,,,
125,0 1 2 3 4 5 8 7 6 9 10 11 12 13 14 15 16 17 18 19 20 21 22 23,65f9b4b46b490d35ef75b5182b75d00f0c17f0604b966611dddcb2d790123d77,ac80e9950aa6264c6c691f87b81d1669b0d8d6e20442141b526a3a14fa9ec698,95.28369,96.89909,564,success_build,True,True,False,unit fuzzy loss,,
126,0 1 2 3 4 5 9 7 8 6 10 11 12 13 14 15 16 17 18 19 20 21 22 23,78511acfd13d7dd1bfac27ef96b76a103c2bbcb2563c12eff62a16c04934fce8,4901d69a22533dd8a62cdd6341ef154a38201340ef761ab317b6fb2f19b766a9,95.106384,96.88293,564,success_build,True,True,False,unit fuzzy loss,,
127,0 1 2 3 4 5 10 7 8 9 6 11 12 13 14 15 16 17 18 19 20 21 22 23,04cd28276450617f928b97d3fe8ef3e172cfdbc6d9246dad59ab375446309df0,456adb65fa3ec2975e74d814bc7535d7bc5b4dca5fdb7621d15cce0b257a4a6b,95.03546,96.87646,564,success_build,True,True,False,unit fuzzy loss,,
128,0 1 2 3 4 5 11 7 8 9 10 6 12 13 14 15 16 17 18 19 20 21 22 23,ec7ba3553fc8d14bda833771eab3865441945b53db922d82d2a431f4a3858c0f,456adb65fa3ec2975e74d814bc7535d7bc5b4dca5fdb7621d15cce0b257a4a6b,95.03546,96.87646,564,success_build,True,True,False,unit fuzzy loss,,
129,0 1 2 3 4 5 12 7 8 9 10 11 6 13 14 15 16 17 18 19 20 21 22 23,ef7c0f4abb0e8c269ff777bce2211b305c5635d91564859b6b0a3c80bb6546f7,8e7d3dd48192d13ccd8fd4c609fc7c53db48ef1e2ffb4ae081a290a36c036731,93.64539,96.74968,564,success_build,True,True,False,unit fuzzy loss,,
130,0 1 2 3 4 5 13 7 8 9 10 11 12 6 14 15 16 17 18 19 20 21 22 23,42cbb82dd7587408d685ab5112407010793f890047b815d47cd03aa1e9d7f79d,c916d455628255992131d507d54718707b17ab19424c33488f8c410670d3a695,93.68794,96.753555,564,success_build,True,True,False,unit fuzzy loss,,
131,0 1 2 3 4 5 14 7 8 9 10 11 12 13 6 15 16 17 18 19 20 21 22 23,f853f5b75461387444c8ea2b14b11597499e0e1405ca3aceac90ebfbf409a2cb,87447013f7e8809e1948e4bbf97fef19116f003e52dcb478a73088d27d871e82,95.141846,96.886154,564,success_build,True,True,False,unit fuzzy loss,,
132,0 1 2 3 4 5 15 7 8 9 10 11 12 13 14 6 16 17 18 19 20 21 22 23,2b17369d85447a80098cd0db2feed1bb5d17e01d6efa08a2a6cb2677de52b441,164426842d49f5573b93faf8fba959681926950e184b7a89e74ae7d0902cb1bb,95.24823,96.89586,564,success_build,True,True,False,unit fuzzy loss,,
133,0 1 2 3 4 5 16 7 8 9 10 11 12 13 14 15 6 17 18 19 20 21 22 23,ca20af41abb43cec216effed1298857a04567daa37868afda70c51b35351cd0b,a23e70a977fdd879c383037dd66fbcbae5f19cae40b663d4c9c0cfa8c1453e70,95.35461,96.90556,564,success_build,True,True,True,,,
134,0 1 2 3 4 5 17 7 8 9 10 11 12 13 14 15 16 6 18 19 20 21 22 23,f2c6ecbd856a78d09ed0201767d1ce7078dd6c83ed3a0378594f52b6857cdefe,6a4754e2d287a15122b7b9a1f129522670fb3b09d5e50edd72d380c33e3f8614,95.28369,96.89909,564,success_build,True,True,False,unit fuzzy loss,,
135,0 1 2 3 4 5 18 7 8 9 10 11 12 13 14 15 16 17 6 19 20 21 22 23,4d6cace9bc03d8ec059b88ff562a2de11636be40785b35981b0e2deeb46de527,34351bc3bcdb7c9e0d3adbeded66ea4bda6a7e30eb500584e8db9ed8f70673a3,92.723404,96.66559,564,success_build,True,True,False,unit fuzzy loss,,
136,0 1 2 3 4 5 19 7 8 9 10 11 12 13 14 15 16 17 18 6 20 21 22 23,9dbc4eed6ff0c5a68049bcbb108f2ae9f9938dad3c1c164d4984ec673978c87d,cb47416b0922d92b958cb30b5a6e8ff7e164f38521cc265d9b2eb3a71a96fb85,93.25532,96.7141,564,success_build,True,True,False,unit fuzzy loss,,
137,0 1 2 3 4 5 20 7 8 9 10 11 12 13 14 15 16 17 18 19 6 21 22 23,460b1b083cbca9ab4d297ac87e41648a7da8e4b7361659aa336cbe4ebd3135ad,f4abb59dfa5692e5fcd087d64ab3ab861894f4268f1f3c2da768d8a9a4da3ece,94.53901,96.83118,564,success_build,True,True,False,unit fuzzy loss,,
138,0 1 2 3 4 5 21 7 8 9 10 11 12 13 14 15 16 17 18 19 20 6 22 23,52ad3836d7097d8950da40d389fa726e44dc4d31504f7c6c5afbcce7c8f747c2,804d7ac1dcf35fd1d3e9d16f03a7ec4b0b711e98758fd51b9f28f9dea697624a,94.64539,96.84088,564,success_build,True,True,False,unit fuzzy loss,,
139,0 1 2 3 4 5 22 7 8 9 10 11 12 13 14 15 16 17 18 19 20 21 6 23,311e5fd88b5dbc0b52b46553fca786d90c829fc31a670bae36d0095601d05733,c6a9f797e390e62c07413af8134ea240f8a599f6b999d99baaf9fdb1ae74b059,92.12057,96.61061,564,success_build,True,True,False,unit fuzzy loss,,
140,0 1 2 3 4 5 23 7 8 9 10 11 12 13 14 15 16 17 18 19 20 21 22 6,cd5c27aa7962b16363657ca5dd7135a30f1d9e14c7d556fecea5a2222c258412,c6a9f797e390e62c07413af8134ea240f8a599f6b999d99baaf9fdb1ae74b059,92.12057,96.61061,564,success_build,True,True,False,unit fuzzy loss,,
141,0 1 2 3 4 5 6 8 7 9 10 11 12 13 14 15 16 17 18 19 20 21 22 23,1d03e0245c8922ab23e7ee30ad335876fbf21617899cbf0925900293ef6e709b,419c0751c5d4cb67542a4de8a3f62b962fbe2254c2144745c3dbb9534e0faedd,95.35461,96.90556,564,success_build,True,True,True,,,
142,0 1 2 3 4 5 6 9 8 7 10 11 12 13 14 15 16 17 18 19 20 21 22 23,cb30661f8d08d10bafeee3ed22b832373aa69e54d4a45519fb34bf0c711c689e,142ec11daff459f74b97ecaeb0641e85eabcf047c8d56a99f426ad24f6f13229,95.03546,96.87646,564,success_build,True,True,False,unit fuzzy loss,,
143,0 1 2 3 4 5 6 10 8 9 7 11 12 13 14 15 16 17 18 19 20 21 22 23,5c2bb0b1293aa0933bbd3205156f401913632b1c863d68759c128569764c8664,419c0751c5d4cb67542a4de8a3f62b962fbe2254c2144745c3dbb9534e0faedd,95.35461,96.90556,564,success_build,True,True,True,,,
144,0 1 2 3 4 5 6 11 8 9 10 7 12 13 14 15 16 17 18 19 20 21 22 23,76fded2ec2db01dcecd16bc2d32e9eaa58d16857cd21aa103e32b37fc03762a2,419c0751c5d4cb67542a4de8a3f62b962fbe2254c2144745c3dbb9534e0faedd,95.35461,96.90556,564,success_build,True,True,True,,,
145,0 1 2 3 4 5 6 12 8 9 10 11 7 13 14 15 16 17 18 19 20 21 22 23,ccacab683f15d34c862e5c80177859776d5a9832017411548f1f30bdc5d64c68,74e679d8fd467d02711e44efdf744a5d8ff4bd26d34905c6475b2946d9beab03,94.77305,96.85252,564,success_build,True,True,False,unit fuzzy loss,,
146,0 1 2 3 4 5 6 13 8 9 10 11 12 7 14 15 16 17 18 19 20 21 22 23,3686668461a9500aa3198a2bc542b1c67f58340f637092f24436c1bf53da7a1c,89c7529c8961fb1deafc3e5c95d317669a420dc67150e911ac955da4ca38e000,94.51773,96.82924,564,success_build,True,True,False,unit fuzzy loss,,
147,0 1 2 3 4 5 6 14 8 9 10 11 12 13 7 15 16 17 18 19 20 21 22 23,0619185bb228ea4427500f05dc348258c6e7ed370759f21de515bebebac82bec,0731e386363a8aca33a06ef2f85e9e0459bb0d6e6ce9546a904ded75038f808e,92.92908,96.68435,564,success_build,True,True,False,unit fuzzy loss,,
148,0 1 2 3 4 5 6 15 8 9 10 11 12 13 14 7 16 17 18 19 20 21 22 23,9f357047845722c50435aa09ad87a9b0c195274f602dede5c730fcbf228170fa,029e4075ea64c69da1c33a0387dbf769268bc6999d031814625ef035615c42d4,92.82269,96.674644,564,success_build,True,True,False,unit fuzzy loss,,
149,0 1 2 3 4 5 6 16 8 9 10 11 12 13 14 15 7 17 18 19 20 21 22 23,a94c2e4fc120da2dc31c48982744eee6848b34ddcd26270d99f0425799d76b1a,17a16f833dcb834c6adebf93e2ce7e5b0fc6aaee675a40d3cfc8de81ecbadc24,92.82269,96.674644,564,success_build,True,True,False,unit fuzzy loss,,
150,0 1 2 3 4 5 6 17 8 9 10 11 12 13 14 15 16 7 18 19 20 21 22 23,dcdaa59ed80733c12aaeb065a93adbf3fd4068cbe0e42cce09ce80c7ecf1d44c,25e5e8afffe93c1017dfc64f16161612ce3b02df70944bbc7bc8c18c13d409bb,92.75177,96.668175,564,success_build,True,True,False,unit fuzzy loss,,
151,0 1 2 3 4 5 6 18 8 9 10 11 12 13 14 15 16 17 7 19 20 21 22 23,ebd23d0669ac9179024d7dbe7495a2fcad2eb6a3d9f385b85bbe64d294e9c9a3,419c0751c5d4cb67542a4de8a3f62b962fbe2254c2144745c3dbb9534e0faedd,95.35461,96.90556,564,success_build,True,True,True,,,
152,0 1 2 3 4 5 6 19 8 9 10 11 12 13 14 15 16 17 18 7 20 21 22 23,f465606089f97cad2528ea8e6a4029b997a1f041bbc7785848869bd4c316f804,cae9ed95c0d09a7f8ce787c4a416697ffb53174677be69b209b2c145f533497d,90.65248,96.476715,564,success_build,True,True,False,unit fuzzy loss,,
153,0 1 2 3 4 5 6 20 8 9 10 11 12 13 14 15 16 17 18 19 7 21 22 23,5285d5e98cf3cf916880ff935cbf9db348535d54ddaa3f051096dc641708f2d9,8768e1710b4559653b9f588e690b332691b755575006effc1225b7dda4ccc976,91.82979,96.58409,564,success_build,True,True,False,unit fuzzy loss,,
154,0 1 2 3 4 5 6 21 8 9 10 11 12 13 14 15 16 17 18 19 20 7 22 23,4f8538b19dba41e228d66ea17ead0ee191efa60ae4bb817bc8bea92d7429f268,4f8f67180aedcd65f3b0319fde71f68dd67686479f7cb8e03a48535a2e8e0274,91.5461,96.55821,564,success_build,True,True,False,unit fuzzy loss,,
155,0 1 2 3 4 5 6 22 8 9 10 11 12 13 14 15 16 17 18 19 20 21 7 23,61435effdc099bfc1becfc9063503e431ef016c6a8aee42e0dd997b217819c20,419c0751c5d4cb67542a4de8a3f62b962fbe2254c2144745c3dbb9534e0faedd,95.35461,96.90556,564,success_build,True,True,True,,,
156,0 1 2 3 4 5 6 23 8 9 10 11 12 13 14 15 16 17 18 19 20 21 22 7,bfc080965bb19462b073358e981e6a0c9b9e16016e6636bc51df72c021c1e22a,419c0751c5d4cb67542a4de8a3f62b962fbe2254c2144745c3dbb9534e0faedd,95.35461,96.90556,564,success_build,True,True,True,,,
157,0 1 2 3 4 5 6 7 9 8 10 11 12 13 14 15 16 17 18 19 20 21 22 23,d2758598ba2034c9e63e5fb26ca526e77825af9f3df0ed6cafda56a0eb3d499f,142ec11daff459f74b97ecaeb0641e85eabcf047c8d56a99f426ad24f6f13229,95.03546,96.87646,564,success_build,True,True,False,unit fuzzy loss,,
158,0 1 2 3 4 5 6 7 10 9 8 11 12 13 14 15 16 17 18 19 20 21 22 23,a13652975f6000e2df997ad6563603f357e07a4350adc4d39c936e8043629f0b,142ec11daff459f74b97ecaeb0641e85eabcf047c8d56a99f426ad24f6f13229,95.03546,96.87646,564,success_build,True,True,False,unit fuzzy loss,,
159,0 1 2 3 4 5 6 7 11 9 10 8 12 13 14 15 16 17 18 19 20 21 22 23,a51bdcf135148d69848791513ecb7d2044c944743e0dc0294be9308f6f6c4578,142ec11daff459f74b97ecaeb0641e85eabcf047c8d56a99f426ad24f6f13229,95.03546,96.87646,564,success_build,True,True,False,unit fuzzy loss,,
160,0 1 2 3 4 5 6 7 12 9 10 11 8 13 14 15 16 17 18 19 20 21 22 23,65f449f95c72ee84183d8e452fa26fb06faae0342edb87f061d297722bd28052,002db831e6c813c5cff41bc648275c877b2c2d5373e986121caa83c4bfe68669,93.57447,96.74321,564,success_build,True,True,False,unit fuzzy loss,,
161,0 1 2 3 4 5 6 7 13 9 10 11 12 8 14 15 16 17 18 19 20 21 22 23,afbf3189b23d92a7cf0fae6150ae443a348c92c6f8d921549cd706869057a013,6151142fd6fd210c7611cc0dbba298eee0e8f048b45c6fb39954c405ab18dd44,93.61702,96.747086,564,success_build,True,True,False,unit fuzzy loss,,
162,0 1 2 3 4 5 6 7 14 9 10 11 12 13 8 15 16 17 18 19 20 21 22 23,b45f6d0f3cf650435073a796dfc01ceb597376717bb1e6f9dbb3b950d168670b,fc317ff49e13cac834a1d6cfac4bf99d57ace1af2cddab28a7531ccce23f68b5,95.07092,96.87969,564,success_build,True,True,False,unit fuzzy loss,,
163,0 1 2 3 4 5 6 7 15 9 10 11 12 13 14 8 16 17 18 19 20 21 22 23,cb75aa6fb59841e8649b52f0e305e51e397154c27615298fa3bf6612beb1f02d,285e3e0aa09935221db550aed5d3da8b8d77cfa0c194cf5332ebf0b94c6334d0,95.17731,96.88939,564,success_build,True,True,False,unit fuzzy loss,,
164,0 1 2 3 4 5 6 7 16 9 10 11 12 13 14 15 8 17 18 19 20 21 22 23,b4683c69ca45fd1bc89b0d21fd279b8d0ae32f10988634df9dbb8af4530f5596,414e4ea3c146711a97af9bafee901780ba92f8af573632fca9b4984e83df012c,95.28369,96.89909,564,success_build,True,True,False,unit fuzzy loss,,
165,0 1 2 3 4 5 6 7 17 9 10 11 12 13 14 15 16 8 18 19 20 21 22 23,ba85e1a882f2b75d51383668d900537ad9ac6b62c2f0d2d0c7c9b2d96482abde,2a389980e1fb301e939f9f6fbb0a25a05d4e8ccf74e77cfd3d661c0ca7b115ef,95.21277,96.892624,564,success_build,True,True,False,unit fuzzy loss,,
166,0 1 2 3 4 5 6 7 18 9 10 11 12 13 14 15 16 17 8 19 20 21 22 23,6289d6181ffdf05015df53a79aba3e2f5b2191dcf28de494e1a36dabdab33a17,1daf8b6f286007932ea4438c0c925be0db7d26f8920e131cb69ca4f02fc19854,92.723404,96.66559,564,success_build,True,True,False,unit fuzzy loss,,
167,0 1 2 3 4 5 6 7 19 9 10 11 12 13 14 15 16 17 18 8 20 21 22 23,7beca1306af9a375a474e83342a63950c573bf010f4f89bc6946f000b28531a9,10348e1f38f4282a2a57120b8b1138b1d8fdf54df65680909aa1d8fc7bdd3e84,93.184395,96.707634,564,success_build,True,True,False,unit fuzzy loss,,
168,0 1 2 3 4 5 6 7 20 9 10 11 12 13 14 15 16 17 18 19 8 21 22 23,728f60e6a6ea7d14b546ecc0f12d3a2872631506bc9c023cc3a609780d8562e4,bfbbf67e39ba5f4288887da626e670f97246e1bb26bbda805e6ef492b7411ea3,94.46809,96.82471,564,success_build,True,True,False,unit fuzzy loss,,
169,0 1 2 3 4 5 6 7 21 9 10 11 12 13 14 15 16 17 18 19 20 8 22 23,0f7a4e5f2693a90c5c904c641b4bfa2f60764de8f4a894679c63097362153420,ad4dc806ccb218cc1b2de091dab15fa2490d0000ae0bdee0a4274b7aec8cdb84,94.3617,96.81501,564,success_build,True,True,False,unit fuzzy loss,,
170,0 1 2 3 4 5 6 7 22 9 10 11 12 13 14 15 16 17 18 19 20 21 8 23,53fc8630064bd5e26c039a7f69f59302e56c21e7ccab77e70a7168849bf2593d,fa646cf4815911a50ddc025997044c41535bb2f7db1389f38c854c42f274af9f,92.12057,96.61061,564,success_build,True,True,False,unit fuzzy loss,,
171,0 1 2 3 4 5 6 7 23 9 10 11 12 13 14 15 16 17 18 19 20 21 22 8,4176638e4226898af75131fe02b5f4c4a4b3256aabbd5b1f36e19aaa85a5e6a3,fa646cf4815911a50ddc025997044c41535bb2f7db1389f38c854c42f274af9f,92.12057,96.61061,564,success_build,True,True,False,unit fuzzy loss,,
172,0 1 2 3 4 5 6 7 8 10 9 11 12 13 14 15 16 17 18 19 20 21 22 23,dd0bc8db36951ff8c307ddbfdd8f5a8b3537e0ba1bd45a6e5cf1a62385db355d,419c0751c5d4cb67542a4de8a3f62b962fbe2254c2144745c3dbb9534e0faedd,95.35461,96.90556,564,success_build,True,True,True,,,
173,0 1 2 3 4 5 6 7 8 11 10 9 12 13 14 15 16 17 18 19 20 21 22 23,3675e7cfc04f252dedcd0ffc9f194c3d984efc3210120e63a5bffdbbbe606b4b,419c0751c5d4cb67542a4de8a3f62b962fbe2254c2144745c3dbb9534e0faedd,95.35461,96.90556,564,success_build,True,True,True,,,
174,0 1 2 3 4 5 6 7 8 12 10 11 9 13 14 15 16 17 18 19 20 21 22 23,ca3d8bada082a96d07eb53c0dff9c43b532c66e60f398363df8bf53f0eb033d0,a54dc6d60757669f239bd537b1e65a1a194e6dc90ec9e31ce4d9baac3a19048d,94.87943,96.86223,564,success_build,True,True,False,unit fuzzy loss,,
175,0 1 2 3 4 5 6 7 8 13 10 11 12 9 14 15 16 17 18 19 20 21 22 23,441a3b8379d69cce3cde3445ac5b0e7c98ca560ce0e099136b93557f9ba63707,2646b45a19aa797d46a4350599d2a0c7f6e73801b5101093b0fe5665158edbae,94.80142,96.85511,564,success_build,True,True,False,unit fuzzy loss,,
176,0 1 2 3 4 5 6 7 8 14 10 11 12 13 9 15 16 17 18 19 20 21 22 23,ece819729718af0ebf7e8c97b296e4603c4a14420d946d5a616df93882062f88,caa4058b5f612800a7eb7e0fffb18a6b5a95c78409e3d083a3c256435096667c,93.42553,96.72962,564,success_build,True,True,False,unit fuzzy loss,,
177,0 1 2 3 4 5 6 7 8 15 10 11 12 13 14 9 16 17 18 19 20 21 22 23,d3b74a1b744b38c6a7af1ea1e4ff64dfa27a6d67b6e2131ddb6ce7e1ef9bfcac,655f343aeb303f076e671a0da316848d574dce82f0d80a51ee37d5e52369dc3b,93.53191,96.73933,564,success_build,True,True,False,unit fuzzy loss,,
178,0 1 2 3 4 5 6 7 8 16 10 11 12 13 14 15 9 17 18 19 20 21 22 23,a9c04ccfc648f8bb6fa52b14d4d3e8234ee522c41d1c3962965b999189643a73,98573f4d553a46563b251e4a9f48bbe97074464785718bdb4a1550acdefda27b,93.6383,96.74903,564,success_build,True,True,False,unit fuzzy loss,,
179,0 1 2 3 4 5 6 7 8 17 10 11 12 13 14 15 16 9 18 19 20 21 22 23,751da809f5f5643dadbd0e190f2d10d1873b3e5976b3caca965e74801a7da187,e65b9c34f67db0b848ca1f4ea121611f0729d9c6a4ddc4e8884f0338779d08b1,93.567375,96.74256,564,success_build,True,True,False,unit fuzzy loss,,
180,0 1 2 3 4 5 6 7 8 18 10 11 12 13 14 15 16 17 9 19 20 21 22 23,db92b4c33d6cadfddbc9fd5d6008718ce0b4d1f6d81d9a18e27f92a0ec94d87d,ab7bf304b587c2d25f8e8c8408d5bbb2a32ff442bbece7182d8e242f31bfd298,94.17021,96.79754,564,success_build,True,True,False,unit fuzzy loss,,
181,0 1 2 3 4 5 6 7 8 19 10 11 12 13 14 15 16 17 18 9 20 21 22 23,792a1f9a3b76d5a858352544a9ae452652369b02e493f0eb142043e76458be21,43b97a5d811e271ee6a646a1d861a7bca34eeb7d684747bf6d30fd7527a2adf3,91.53901,96.55757,564,success_build,True,True,False,unit fuzzy loss,,
182,0 1 2 3 4 5 6 7 8 20 10 11 12 13 14 15 16 17 18 19 9 21 22 23,19d52522aa15f8a7f0c6698ac77b2afc4cffc56d92bbfd2b06ccc43d9faeab77,00a861d8da2c0684fd4ec388e46d7958481002b949a9b0a202a77228d027e19d,92.82269,96.674644,564,success_build,True,True,False,unit fuzzy loss,,
183,0 1 2 3 4 5 6 7 8 21 10 11 12 13 14 15 16 17 18 19 20 9 22 23,896cf7f97fea937bd5ed03c4769ff337832a389e48d27d2ca230e32389d99ef2,fd2a40390fc7c4158e4ef710e9ed54514b233949467aa153c7985ba44481f614,92.71631,96.66494,564,success_build,True,True,False,unit fuzzy loss,,
184,0 1 2 3 4 5 6 7 8 22 10 11 12 13 14 15 16 17 18 19 20 21 9 23,923e05bad58c92fda18af5d339c4557eda0a0fee9f0a049abf15a19495537682,ca686437bdaa35b8ab0ebb3ba57aff34b46657994fdc7388dc65c9e4859f7700,93.567375,96.74256,564,success_build,True,True,False,unit fuzzy loss,,
185,0 1 2 3 4 5 6 7 8 23 10 11 12 13 14 15 16 17 18 19 20 21 22 9,ebac236880835f1aa3d8c2e9ac8bb30782fecd0dc17e05647e9f597d24855e2f,ca686437bdaa35b8ab0ebb3ba57aff34b46657994fdc7388dc65c9e4859f7700,93.567375,96.74256,564,success_build,True,True,False,unit fuzzy loss,,
186,0 1 2 3 4 5 6 7 8 9 11 10 12 13 14 15 16 17 18 19 20 21 22 23,a709b7813757d8632a54b0c2a0a265a7e538c7876ec5c29da2481cb97ede5b71,419c0751c5d4cb67542a4de8a3f62b962fbe2254c2144745c3dbb9534e0faedd,95.35461,96.90556,564,success_build,True,True,True,,,
187,0 1 2 3 4 5 6 7 8 9 12 11 10 13 14 15 16 17 18 19 20 21 22 23,aa62428eed481ef71061ff40c3dadd47ff38481f9c6741cd0d3d83002c834c38,419c0751c5d4cb67542a4de8a3f62b962fbe2254c2144745c3dbb9534e0faedd,95.35461,96.90556,564,success_build,True,True,True,,,
188,0 1 2 3 4 5 6 7 8 9 13 11 12 10 14 15 16 17 18 19 20 21 22 23,2eeb640de55da56844015262324b443827f779eb875a7408ef561163de7bd4c0,93d498c3ccd3c9b9f21e85923033c503360815213d3b7f8bb3829b31ea69ea0a,94.78723,96.85381,564,success_build,True,True,False,unit fuzzy loss,,
189,0 1 2 3 4 5 6 7 8 9 14 11 12 13 10 15 16 17 18 19 20 21 22 23,2c77513d092cca58de39c89eea8b701b69080d4592f57b876d50f125e5ead76f,e0a82683718516c3f28e396e61ec9b10c0c4ce5caa81113b64429dd208b3ff40,94.57447,96.83441,564,success_build,True,True,False,unit fuzzy loss,,
190,0 1 2 3 4 5 6 7 8 9 15 11 12 13 14 10 16 17 18 19 20 21 22 23,e03a4bae674adb4fd3057f8e1038625628c30ae884320c5e32075a1fb5aef459,71a5af9b435046c6987256f4f8da65d477c76fad65bf4926a21aabd8d4a06d36,94.46809,96.82471,564,success_build,True,True,False,unit fuzzy loss,,
191,0 1 2 3 4 5 6 7 8 9 16 11 12 13 14 15 10 17 18 19 20 21 22 23,2e713575dfafd58c9b13438a2be72488b4d417d8d514e9f64d658c552586322f,d89e923ad4d3476bb5045a5438fa4eb546134e2e24d22dacd47ffaba966813eb,94.46809,96.82471,564,success_build,True,True,False,unit fuzzy loss,,
192,0 1 2 3 4 5 6 7 8 9 17 11 12 13 14 15 16 10 18 19 20 21 22 23,6e01f6866a4a8d0ad87dd27753a32527e48656cf30049a56675727858bd10cfc,82528bed548e820c8248f12c6ecb548defe6f7cbb01648efc8b79aab39bfb761,94.39716,96.81824,564,success_build,True,True,False,unit fuzzy loss,,
193,0 1 2 3 4 5 6 7 8 9 18 11 12 13 14 15 16 17 10 19 20 21 22 23,b1536ff1ac9454c64f857cb805c879cb313a3bdeb5c8745f958a29b76044a4f6,419c0751c5d4cb67542a4de8a3f62b962fbe2254c2144745c3dbb9534e0faedd,95.35461,96.90556,564,success_build,True,True,True,,,
194,0 1 2 3 4 5 6 7 8 9 19 11 12 13 14 15 16 17 18 10 20 21 22 23,30370291bd2717d0b285ef4fc605319075e7e3282cd6dd6ffd87664cb0287034,ec8c14c51f8bfbf3d61b24885528514f87ce7135d8dca977ee5def620c43e93a,94.29078,96.80854,564,success_build,True,True,False,unit fuzzy loss,,
195,0 1 2 3 4 5 6 7 8 9 20 11 12 13 14 15 16 17 18 19 10 21 22 23,9b3bff0a638833078d0ad5563c8a5a2a3e5aacbced411e340e501802b94104da,b41a3795ba8282424309ca20984f578957387d0d05019ded98930dbffa0ee739,94.184395,96.798836,564,success_build,True,True,False,unit fuzzy loss,,
196,0 1 2 3 4 5 6 7 8 9 21 11 12 13 14 15 16 17 18 19 20 10 22 23,05c3bbc24f33574fef206d5d06dd2c031b9642eb1a15bec802855425292cb352,64803f48adb78b924aca5fd30f8d1a4a3ef8c76ad8fd6469c6ca0ae8a65d7198,94.04256,96.7859,564,success_build,True,True,False,unit fuzzy loss,,
197,0 1 2 3 4 5 6 7 8 9 22 11 12 13 14 15 16 17 18 19 20 21 10 23,ac4c385a3a592cb915556da7dab6c8408a8ba8e4fd782072123eba07c4253b8f,419c0751c5d4cb67542a4de8a3f62b962fbe2254c2144745c3dbb9534e0faedd,95.35461,96.90556,564,success_build,True,True,True,,,
198,0 1 2 3 4 5 6 7 8 9 23 11 12 13 14 15 16 17 18 19 20 21 22 10,4da6477352d76614bf1907037fb5c4bcb28923427fd75161340e32feb876ce1a,419c0751c5d4cb67542a4de8a3f62b962fbe2254c2144745c3dbb9534e0faedd,95.35461,96.90556,564,success_build,True,True,True,,,
199,0 1 2 3 4 5 6 7 8 9 10 12 11 13 14 15 16 17 18 19 20 21 22 23,a07940bffa7d0bd82f68a6bea358ffeb10330278558e9af5fac21713b51d7deb,419c0751c5d4cb67542a4de8a3f62b962fbe2254c2144745c3dbb9534e0faedd,95.35461,96.90556,564,success_build,True,True,True,,,
200,0 1 2 3 4 5 6 7 8 9 10 13 12 11 14 15 16 17 18 19 20 21 22 23,84e39394eb8aaae9e59683d4b3ba9eecf0729747ae4a6f21d306918b8c2a3463,93d498c3ccd3c9b9f21e85923033c503360815213d3b7f8bb3829b31ea69ea0a,94.78723,96.85381,564,success_build,True,True,False,unit fuzzy loss,,
201,0 1 2 3 4 5 6 7 8 9 10 14 12 13 11 15 16 17 18 19 20 21 22 23,8bae1b87e9521644de6bfd3d0e6176323ab1f16a8fbe4fa1c2ad54d5a54bf13b,e0a82683718516c3f28e396e61ec9b10c0c4ce5caa81113b64429dd208b3ff40,94.57447,96.83441,564,success_build,True,True,False,unit fuzzy loss,,
202,0 1 2 3 4 5 6 7 8 9 10 15 12 13 14 11 16 17 18 19 20 21 22 23,af8493193bf3e6b40bfbad906cf7931e1cd42b0756cf000c4887713d8545bf1a,71a5af9b435046c6987256f4f8da65d477c76fad65bf4926a21aabd8d4a06d36,94.46809,96.82471,564,success_build,True,True,False,unit fuzzy loss,,
203,0 1 2 3 4 5 6 7 8 9 10 16 12 13 14 15 11 17 18 19 20 21 22 23,e30d078e1b4df1c2e03d8f1266e239145c14048ae3cf6cc86e3290aa2db813a1,d89e923ad4d3476bb5045a5438fa4eb546134e2e24d22dacd47ffaba966813eb,94.46809,96.82471,564,success_build,True,True,False,unit fuzzy loss,,
204,0 1 2 3 4 5 6 7 8 9 10 17 12 13 14 15 16 11 18 19 20 21 22 23,94938a764399ec51fe9f66912cc6fa7e56a9728669e1340481e66ef551c098c8,82528bed548e820c8248f12c6ecb548defe6f7cbb01648efc8b79aab39bfb761,94.39716,96.81824,564,success_build,True,True,False,unit fuzzy loss,,
205,0 1 2 3 4 5 6 7 8 9 10 18 12 13 14 15 16 17 11 19 20 21 22 23,e7d0ace219b3b1431556008ad5dc472622ce7b858d3a63cc08f51bf5907e252c,419c0751c5d4cb67542a4de8a3f62b962fbe2254c2144745c3dbb9534e0faedd,95.35461,96.90556,564,success_build,True,True,True,,,
206,0 1 2 3 4 5 6 7 8 9 10 19 12 13 14 15 16 17 18 11 20 21 22 23,51c070eaf5279a65ff46271379a59d0f67e7f9cd88276ec17f329d71fba52247,ec8c14c51f8bfbf3d61b24885528514f87ce7135d8dca977ee5def620c43e93a,94.29078,96.80854,564,success_build,True,True,False,unit fuzzy loss,,
207,0 1 2 3 4 5 6 7 8 9 10 20 12 13 14 15 16 17 18 19 11 21 22 23,501b61cb3b9408ce220f6fdea3715a73e31abb82351fcedba2e3b964439b81a5,b41a3795ba8282424309ca20984f578957387d0d05019ded98930dbffa0ee739,94.184395,96.798836,564,success_build,True,True,False,unit fuzzy loss,,
208,0 1 2 3 4 5 6 7 8 9 10 21 12 13 14 15 16 17 18 19 20 11 22 23,579ac713ebbd40c98ac89111539d213e6c1ee6a6af988b466cd031871bcfa4e0,64803f48adb78b924aca5fd30f8d1a4a3ef8c76ad8fd6469c6ca0ae8a65d7198,94.04256,96.7859,564,success_build,True,True,False,unit fuzzy loss,,
209,0 1 2 3 4 5 6 7 8 9 10 22 12 13 14 15 16 17 18 19 20 21 11 23,038f8e62deec158a5f88a4f6bbc17070065994af558bbb83ad1a55f084f64d01,419c0751c5d4cb67542a4de8a3f62b962fbe2254c2144745c3dbb9534e0faedd,95.35461,96.90556,564,success_build,True,True,True,,,
210,0 1 2 3 4 5 6 7 8 9 10 23 12 13 14 15 16 17 18 19 20 21 22 11,c6d5b0aa5895766b315283ae59bc9b02588705c621bb4ebbe43ffac70278516c,419c0751c5d4cb67542a4de8a3f62b962fbe2254c2144745c3dbb9534e0faedd,95.35461,96.90556,564,success_build,True,True,True,,,
211,0 1 2 3 4 5 6 7 8 9 10 11 13 12 14 15 16 17 18 19 20 21 22 23,e0dc23a72f43f99c978ab644d7dfcb7c5113d53b262a7720975e5eca01bab73b,93d498c3ccd3c9b9f21e85923033c503360815213d3b7f8bb3829b31ea69ea0a,94.78723,96.85381,564,success_build,True,True,False,unit fuzzy loss,,
212,0 1 2 3 4 5 6 7 8 9 10 11 14 13 12 15 16 17 18 19 20 21 22 23,4b9c1a543d9cef593789cd7c20484ebedbebb9e3254c702726d5739c115a3723,e006ab230b4b365576667e52c8e20aae66249b66798350f45104050e4009468e,94.858154,96.86028,564,success_build,True,True,False,unit fuzzy loss,,
213,0 1 2 3 4 5 6 7 8 9 10 11 15 13 14 12 16 17 18 19 20 21 22 23,736d3ec233ff9c08189bead79cb3f3114b9bf1a890a90b7e82fbefea1ec5de1c,494a21e69062a9fa228e755e52f4fd20f41fe9b14780ee8fdc33f70f69a1bea4,94.96454,96.86999,564,success_build,True,True,False,unit fuzzy loss,,
214,0 1 2 3 4 5 6 7 8 9 10 11 16 13 14 15 12 17 18 19 20 21 22 23,0ce84982c903b9a133e5a74d88453312524837fff5227338a1561dd94cfa7740,e4ebb65da442cadcf499d8586a532c21a8ac59ab6ee7062761bb394cf3994ed5,95.07092,96.87969,564,success_build,True,True,False,unit fuzzy loss,,
215,0 1 2 3 4 5 6 7 8 9 10 11 17 13 14 15 16 12 18 19 20 21 22 23,5308abfbc661ad1ff4d722688acb6d6b29f7dbc500b7f7dcb0cf2c46915243a2,0c100e22a2f34f0976ad1b835e91cb9fd6e3cd12e25e65f744dc6add9824fea0,95.0,96.87322,564,success_build,True,True,False,unit fuzzy loss,,
216,0 1 2 3 4 5 6 7 8 9 10 11 18 13 14 15 16 17 12 19 20 21 22 23,537c531831dc6f417ddbf000cd4ff1053d6154a37774efb6113ac6fd1bef953b,cafeec06c3343f8730601b53061f085f004b4d56dcb25420225f5c252a98aa70,94.39716,96.81824,564,success_build,True,True,False,unit fuzzy loss,,
217,0 1 2 3 4 5 6 7 8 9 10 11 19 13 14 15 16 17 18 12 20 21 22 23,256bb8319e354b8665a502436698e5852f7d870d9645636eea6b36cdf50d3c50,7be66720de00d89174a5ebd2fa102cb26d4ac7a94f658400c4764ca511fdb73f,94.96454,96.86999,564,success_build,True,True,False,unit fuzzy loss,,
218,0 1 2 3 4 5 6 7 8 9 10 11 20 13 14 15 16 17 18 19 12 21 22 23,c36bddf6aee09204352ffd8a783ca9f8253d35d9c4153c5eecf4db3d97cb07b9,119f5bf3c5502c118ed48d51502ebb84ca3aaadaa20cd8049262c3d49a3f366c,94.858154,96.86028,564,success_build,True,True,False,unit fuzzy loss,,
219,0 1 2 3 4 5 6 7 8 9 10 11 21 13 14 15 16 17 18 19 20 12 22 23,4a236397008f5e3bebe12b647d0bf8b3ad3021673d8484d50fd7f338a5df9d4c,c2ebaac5a006c9795401ced36a47fffe423cc17faa36262fd36e4bfeb1f0cd7b,94.64539,96.84088,564,success_build,True,True,False,unit fuzzy loss,,
220,0 1 2 3 4 5 6 7 8 9 10 11 22 13 14 15 16 17 18 19 20 21 12 23,d98b4e0d23ff96aecb4338d949a199d3847a7299058cf98983ebe0e81922c148,bee835baaf2971984ad12b455511e49a89c2f88ab2aaee14b3a6f6e6160f9ad8,93.79433,96.76326,564,success_build,True,True,False,unit fuzzy loss,,
221,0 1 2 3 4 5 6 7 8 9 10 11 23 13 14 15 16 17 18 19 20 21 22 12,27c0e42c7a23a6446b3bb2f4c03eb258ed35b5c032cb2f50f14506b015979296,bee835baaf2971984ad12b455511e49a89c2f88ab2aaee14b3a6f6e6160f9ad8,93.79433,96.76326,564,success_build,True,True,False,unit fuzzy loss,,
222,0 1 2 3 4 5 6 7 8 9 10 11 12 14 13 15 16 17 18 19 20 21 22 23,d3d4de1f8cc5b9b05ac58422755075352cd92966d5f11af962e462b0d3cc586e,23f68779a09332327b54d636f80e7889002b5eab19112a1336a3e21c8efc86e9,94.858154,96.86028,564,success_build,True,True,False,unit fuzzy loss,,
223,0 1 2 3 4 5 6 7 8 9 10 11 12 15 14 13 16 17 18 19 20 21 22 23,48ed1be0025b25fc98cc02b66fa02e3f269e10c321367482c9ba90e80ff8d5d1,5e35666d14b7386f788efdc35189449ee2a4edc1217c330f0f965e382a784f93,94.96454,96.86999,564,success_build,True,True,False,unit fuzzy loss,,
224,0 1 2 3 4 5 6 7 8 9 10 11 12 16 14 15 13 17 18 19 20 21 22 23,d233740fe29b4ce69a88be32f8cdf83b754715da050e503637a656b816534013,3440791f4b91fa853f364b895c0c942a66eb19fde98c4052a677f6f6f4371226,95.07092,96.87969,564,success_build,True,True,False,unit fuzzy loss,,
225,0 1 2 3 4 5 6 7 8 9 10 11 12 17 14 15 16 13 18 19 20 21 22 23,661d9697c30edd0fe4773bdd19db3180ec52e5609d7174f5239c01c7dc078a6e,31f604b4ffb5e708b63d5785edba30353c4cc73330413c77615e63078debcb90,95.0,96.87322,564,success_build,True,True,False,unit fuzzy loss,,
226,0 1 2 3 4 5 6 7 8 9 10 11 12 18 14 15 16 17 13 19 20 21 22 23,a073f7d0b1b0aaacd3c5eec42e0a7d4ada909634934166fa24965ee3e226f753,548a2376012340d1cca7e11d415ba93537d700bf3afa1be5f977d59bfacb5423,94.680855,96.84412,564,success_build,True,True,False,unit fuzzy loss,,
227,0 1 2 3 4 5 6 7 8 9 10 11 12 19 14 15 16 17 18 13 20 21 22 23,796b1888c4fbb877ceed2df37d6f8c70ca014b6f7dfb16cda7a5f166bae82aef,511512619294ca57e877bb6155acd14cbe39fa34ef5156a1ab7c08772afd646b,94.96454,96.86999,564,success_build,True,True,False,unit fuzzy loss,,
228,0 1 2 3 4 5 6 7 8 9 10 11 12 20 14 15 16 17 18 19 13 21 22 23,58933c4af0f83d2856b8c0ce72a813df3da271747e08b885feb670e02b193159,53949a64c258dd750d3d7a30fdb332ea85f91687d1c80336c21760e1d52f61e8,94.858154,96.86028,564,success_build,True,True,False,unit fuzzy loss,,
229,0 1 2 3 4 5 6 7 8 9 10 11 12 21 14 15 16 17 18 19 20 13 22 23,a3c205012df6c972bee8b95a5671d7d87ab8f6d8d1e9c192efef64c5254fe82c,e9668fadbc16f798afa3d21151d1a7e2404e8ae334d8138c940de172db42b27a,94.64539,96.84088,564,success_build,True,True,False,unit fuzzy loss,,
230,0 1 2 3 4 5 6 7 8 9 10 11 12 22 14 15 16 17 18 19 20 21 13 23,97be3822d0da54da68ecb77b91ef5e9b9411414340c95507724af574677e4b24,f54ec2eecff7ea2203e4d363601b01ca1f277d198d4e30cf444eb48420711486,94.07801,96.78913,564,success_build,True,True,False,unit fuzzy loss,,
231,0 1 2 3 4 5 6 7 8 9 10 11 12 23 14 15 16 17 18 19 20 21 22 13,e23dc231b18f3c75e51c7d854fa75bc84f6596ad31b64e564bf675f06849985b,f54ec2eecff7ea2203e4d363601b01ca1f277d198d4e30cf444eb48420711486,94.07801,96.78913,564,success_build,True,True,False,unit fuzzy loss,,
232,0 1 2 3 4 5 6 7 8 9 10 11 12 13 15 14 16 17 18 19 20 21 22 23,640a427d5ba7d83b7a25375bdc57d4ee2a9e0f6cb6a9a10f16e98664c27792d5,1f7ff3e1a9074027043acf441da708b5d0206399f091515e075f8e038327573f,95.03546,96.87646,564,success_build,True,True,False,unit fuzzy loss,,
233,0 1 2 3 4 5 6 7 8 9 10 11 12 13 16 15 14 17 18 19 20 21 22 23,e1728b4b5c84350752c1a2978808ab0f48c54d7a8184efeb3ca1ef23e91a3099,6c6251528266865487261165afd2d8a46907e5cf211f9234d82f7d589df8fc4d,95.141846,96.886154,564,success_build,True,True,False,unit fuzzy loss,,
234,0 1 2 3 4 5 6 7 8 9 10 11 12 13 17 15 16 14 18 19 20 21 22 23,4c6c5d90fb276826aee98b8c5e853705be9e0d36bdef3267b01ce3bc4c58bc80,90c8f15af9c13caf2956d8dd6f75155acf85783891c27137923ad9187d531dd0,95.07092,96.87969,564,success_build,True,True,False,unit fuzzy loss,,
235,0 1 2 3 4 5 6 7 8 9 10 11 12 13 18 15 16 17 14 19 20 21 22 23,3b89bba93276097aee47e669f986735048d5f041f586e0e70ac5a4d042d77bdf,a2ce2a58d8bf131fd3717131498ba98138c095a38aa85d843b694586abb3bbf2,94.96454,96.86999,564,success_build,True,True,False,unit fuzzy loss,,
236,0 1 2 3 4 5 6 7 8 9 10 11 12 13 19 15 16 17 18 14 20 21 22 23,698d3bc4fafc77ff1e7a1ab4c89dd098e97fb02fd6e2bcd65568008976c0f3c5,fc5d0034b265b5fb0212db29c00daad856ed9a9c15eb0a0dd4a4021ad7c8d7f5,95.03546,96.87646,564,success_build,True,True,False,unit fuzzy loss,,
237,0 1 2 3 4 5 6 7 8 9 10 11 12 13 20 15 16 17 18 19 14 21 22 23,ebf1b56f7af60c2bf0f0d07f5075371b6ac23e9dca4ca25ace7d3631bd8dfaf5,c4c4c378e87813c4beba1b36b683bc881e90e9e6d5c19623af6bcb08aa29c9e0,94.92908,96.86675,564,success_build,True,True,False,unit fuzzy loss,,
238,0 1 2 3 4 5 6 7 8 9 10 11 12 13 21 15 16 17 18 19 20 14 22 23,49a7e257af910c6bd44bbc2db509a6bf1a3404fb000cae38fc559df7d45a0f8d,a2e06c641d1ef429bc27997646d6dffae7f76727c2b3f27692f68ec5fc1c57d9,94.71631,96.84735,564,success_build,True,True,False,unit fuzzy loss,,
239,0 1 2 3 4 5 6 7 8 9 10 11 12 13 22 15 16 17 18 19 20 21 14 23,14db241137bfc84b38945b00b905a244cd2cf44949f8b4ded4240a7b0d7532ca,afd94cd43f51ad879f597bc8f507a81ca450b9fda18f20fae84b22ba5c776538,94.3617,96.81501,564,success_build,True,True,False,unit fuzzy loss,,
240,0 1 2 3 4 5 6 7 8 9 10 11 12 13 23 15 16 17 18 19 20 21 22 14,02e203b774e70b133f7ef97b007910a7287d515dd6f22f37c5217d71a94be0b6,afd94cd43f51ad879f597bc8f507a81ca450b9fda18f20fae84b22ba5c776538,94.3617,96.81501,564,success_build,True,True,False,unit fuzzy loss,,
241,0 1 2 3 4 5 6 7 8 9 10 11 12 13 14 16 15 17 18 19 20 21 22 23,b89d154f7f451cbb4055e7bfefdb980d028bc856ce6dfa8aad20f9cbaeffb53d,53e6ed98340ffd752501db29b9587af076921030c1b298d0bed710f4b968ca92,95.24823,96.89586,564,success_build,True,True,False,unit fuzzy loss,,
242,0 1 2 3 4 5 6 7 8 9 10 11 12 13 14 17 16 15 18 19 20 21 22 23,89549c964e412443b6775e449316a86a55205ac54c241b743e1606d3054b1d50,4a615064af5b5ed1a8856954734bb6c4a29083700f6e71f2fb2042b2f80db26f,95.17731,96.88939,564,success_build,True,True,False,unit fuzzy loss,,
243,0 1 2 3 4 5 6 7 8 9 10 11 12 13 14 18 16 17 15 19 20 21 22 23,0ab4cdac4648e1f9a06e67bd6b573b7643fefe36b65556203c649e1253959203,37c2a8ce7afb6a7ed94fbd6ef110d5bd09c0c1b4ac06264c7461abcbea0274b9,95.17731,96.88939,564,success_build,True,True,False,unit fuzzy loss,,
244,0 1 2 3 4 5 6 7 8 9 10 11 12 13 14 19 16 17 18 15 20 21 22 23,7179dfaedc998543b496ff9d33c956aa86e876749048fb11135cae6d16338607,17a9f16157c58d6fb2813aa6b3fb74c489161f705c1ae1844cd368480c9e4556,95.141846,96.886154,564,success_build,True,True,False,unit fuzzy loss,,
245,0 1 2 3 4 5 6 7 8 9 10 11 12 13 14 20 16 17 18 19 15 21 22 23,f73740b3def0d3d30261fb10adb7142ffbe3f603231a4dc29826f0bddaef045c,91596f1bbf17d1ff1f5736fb767cee89a4d2a961e343129e3b79888ff91a254d,95.03546,96.87646,564,success_build,True,True,False,unit fuzzy loss,,
246,0 1 2 3 4 5 6 7 8 9 10 11 12 13 14 21 16 17 18 19 20 15 22 23,1c486301cab220a74cb61cf475fcc08a8d832f8d521fe847609be36ce45d0e36,fb35a235022fbe891ccc85a5e7b68933ad6983431243fb23a0f82e6ba18e37aa,94.82269,96.85705,564,success_build,True,True,False,unit fuzzy loss,,
247,0 1 2 3 4 5 6 7 8 9 10 11 12 13 14 22 16 17 18 19 20 21 15 23,79da2dad82a751948e10923e067425258be6d63158c700201640980dd8f9ac58,55b5716d9467c3d531e380bae80b0afa8d5002576ea1c3af988f6729c745402f,94.57447,96.83441,564,success_build,True,True,False,unit fuzzy loss,,
248,0 1 2 3 4 5 6 7 8 9 10 11 12 13 14 23 16 17 18 19 20 21 22 15,5f3420da4b8bf486b5277ce4143f1421840f8192041bcc5394ee68e9674abd0f,55b5716d9467c3d531e380bae80b0afa8d5002576ea1c3af988f6729c745402f,94.57447,96.83441,564,success_build,True,True,False,unit fuzzy loss,,
249,0 1 2 3 4 5 6 7 8 9 10 11 12 13 14 15 17 16 18 19 20 21 22 23,b17379c7648519eea9c71f373104da87dee5a2ee7e60dfcc652d94c0d670ca8b,ac8229ffc827c6c057d445290b45dab9fc239a9a3fc6b59dd6a0206c3dabfa6c,95.28369,96.89909,564,success_build,True,True,False,unit fuzzy loss,,
250,0 1 2 3 4 5 6 7 8 9 10 11 12 13 14 15 18 17 16 19 20 21 22 23,764e3312af25f280c19cce570b6e531d1a005ca693b28e3dca9a1a724bbcddb4,ac8229ffc827c6c057d445290b45dab9fc239a9a3fc6b59dd6a0206c3dabfa6c,95.28369,96.89909,564,success_build,True,True,False,unit fuzzy loss,,
251,0 1 2 3 4 5 6 7 8 9 10 11 12 13 14 15 19 17 18 16 20 21 22 23,12a47db167ac2d7cd3075b247c95b13034d452e6d66cf674eb50db7eef9e6df9,1fdcba424ef55a192c1118dc37cf8d9ed12aec0fae0f2859df970a0ae1d81d8a,95.24823,96.89586,564,success_build,True,True,False,unit fuzzy loss,108,
252,0 1 2 3 4 5 6 7 8 9 10 11 12 13 14 15 20 17 18 19 16 21 22 23,c2e0842d73449be57cae9b2475d735c57dc416923f0f8510ba33a27816103216,f656710f4e2e5c6134536f4803d0e3ed69db1aa96c7973cc81d62b7bcb7243d5,95.141846,96.886154,564,success_build,True,True,False,unit fuzzy loss,,
253,0 1 2 3 4 5 6 7 8 9 10 11 12 13 14 15 21 17 18 19 20 16 22 23,9e06600d96fd5777a9cd0e7c05fc8572be9e492b5a76ebf015f459c0edc5b6a1,5e01dfaf1befe44460329a5ae315f8cd62c92d1ff85c9ef3929444e9b65ba214,94.92908,96.86675,564,success_build,True,True,False,unit fuzzy loss,,
254,0 1 2 3 4 5 6 7 8 9 10 11 12 13 14 15 22 17 18 19 20 21 16 23,6032abd343b78a6380a485750072094edeee572e568bb11217b14a4a29309c9b,317bd58033aa09aee8fb077ae27299d58cca9713534441035642e5c918221cc3,94.680855,96.84412,564,success_build,True,True,False,unit fuzzy loss,,
255,0 1 2 3 4 5 6 7 8 9 10 11 12 13 14 15 23 17 18 19 20 21 22 16,724d03b1b2cb3765f8103b584ee509e6d8ca3c970193ceae3fa05cd44d272a94,317bd58033aa09aee8fb077ae27299d58cca9713534441035642e5c918221cc3,94.680855,96.84412,564,success_build,True,True,False,unit fuzzy loss,,
256,0 1 2 3 4 5 6 7 8 9 10 11 12 13 14 15 16 18 17 19 20 21 22 23,c8c291e4f26d55fd28ddd279b78e331f34ca75db04a032c552daba6b70c390d4,419c0751c5d4cb67542a4de8a3f62b962fbe2254c2144745c3dbb9534e0faedd,95.35461,96.90556,564,success_build,True,True,True,,,
257,0 1 2 3 4 5 6 7 8 9 10 11 12 13 14 15 16 19 18 17 20 21 22 23,0dcf135fdb46093eea96e627f88a0c7f785861194913495415ecc5e0c736d0e5,b5d35a4fadda0e0015feb32fd07a8bf246c454e7decd8495cae15de2f603b0c5,95.17731,96.88939,564,success_build,True,True,False,unit fuzzy loss,,
258,0 1 2 3 4 5 6 7 8 9 10 11 12 13 14 15 16 20 18 19 17 21 22 23,85b5bd509ca6011ea1eac2a7d85aa7483b7d2ccdd0d788064f2383cc57f638e9,d4ebaffa4d2b262ab83eab268fd5fce9d6548e7b488d095a831ccc711e0609c3,95.07092,96.87969,564,success_build,True,True,False,unit fuzzy loss,,
259,0 1 2 3 4 5 6 7 8 9 10 11 12 13 14 15 16 21 18 19 20 17 22 23,cc2d6cdece7e8d3907a11b5182548e0627e0dadf20b2a597cbd30e9b88120167,da004f6093ffadef9d7180720446dfc0e94043620a432864558c1b1c79a7b9b3,94.858154,96.86028,564,success_build,True,True,False,unit fuzzy loss,,
260,0 1 2 3 4 5 6 7 8 9 10 11 12 13 14 15 16 22 18 19 20 21 17 23,b89e8449acc350fb26fc0212c5bdc8bc6390fb4cf4d56b774bbd2daff9ca8e19,b901ff220049999b621a63ccf2f5d8cc62fccb96061d1e38f173274f907cef75,94.680855,96.84412,564,success_build,True,True,False,unit fuzzy loss,,
261,0 1 2 3 4 5 6 7 8 9 10 11 12 13 14 15 16 23 18 19 20 21 22 17,34dcf9b9b4131a9f3b56d2d0c8b5516bdda811bdecfd945674b68f33fbe05049,b901ff220049999b621a63ccf2f5d8cc62fccb96061d1e38f173274f907cef75,94.680855,96.84412,564,success_build,True,True,False,unit fuzzy loss,,
262,0 1 2 3 4 5 6 7 8 9 10 11 12 13 14 15 16 17 19 18 20 21 22 23,d9985ab8bf723135df3bb229ab1e110eba00f6eb133e004c2ecad45a7142f185,419c0751c5d4cb67542a4de8a3f62b962fbe2254c2144745c3dbb9534e0faedd,95.35461,96.90556,564,success_build,True,True,True,,,
263,0 1 2 3 4 5 6 7 8 9 10 11 12 13 14 15 16 17 20 19 18 21 22 23,82e6a07065ebf5fee7ff835c7db5e099f6b88c857122f7256636cd859fd4e36f,25aca4d98ffa993eb618a48fafbef28712d0ce63c7535018dee357b16ba83661,95.17731,96.88939,564,success_build,True,True,False,unit fuzzy loss,,
264,0 1 2 3 4 5 6 7 8 9 10 11 12 13 14 15 16 17 21 19 20 18 22 23,726d3e8745275b177bb73c0ed3ed6693d2b2048eb3ebf4daba077c2cce7b6dce,1e7dec03ff40c82f866f6fb86e346fceabb51654920d7d9e9aa08b16c0df7880,95.03546,96.87646,564,success_build,True,True,False,unit fuzzy loss,,
265,0 1 2 3 4 5 6 7 8 9 10 11 12 13 14 15 16 17 22 19 20 21 18 23,b0fabbba2edd2c30d92d9dd39722ad3aa062a4c95892e58525bc992d4f47acfe,419c0751c5d4cb67542a4de8a3f62b962fbe2254c2144745c3dbb9534e0faedd,95.35461,96.90556,564,success_build,True,True,True,,,
266,0 1 2 3 4 5 6 7 8 9 10 11 12 13 14 15 16 17 23 19 20 21 22 18,bcd0634be2bd7200fde8149af6474f1e783c8430e69df476e0507748e4479178,419c0751c5d4cb67542a4de8a3f62b962fbe2254c2144745c3dbb9534e0faedd,95.35461,96.90556,564,success_build,True,True,True,,,
267,0 1 2 3 4 5 6 7 8 9 10 11 12 13 14 15 16 17 18 20 19 21 22 23,7741b55af2047f52dc348305c951dba2b0f077ff8da8e8ae531258fba025ddb9,25aca4d98ffa993eb618a48fafbef28712d0ce63c7535018dee357b16ba83661,95.17731,96.88939,564,success_build,True,True,False,unit fuzzy loss,,
268,0 1 2 3 4 5 6 7 8 9 10 11 12 13 14 15 16 17 18 21 20 19 22 23,17c3c3c3a08f0dbf6fc589ec8369a5267d968018388ad37e2742e491e3c7f723,77b1cb007816203373be257cf0bad48751b849fcdad47723ee0f4a7811a5a3c5,95.141846,96.886154,564,success_build,True,True,False,unit fuzzy loss,,
269,0 1 2 3 4 5 6 7 8 9 10 11 12 13 14 15 16 17 18 22 20 21 19 23,fb49bd118961fc7e4aa351f69f332f95f924ab3ea00055f4e922f0aca39459ae,531247b2a2024383914c6ebe2da6a2eb2c7bca0d9a1296c5c2a7ac1837ef4cb2,95.03546,96.87646,564,success_build,True,True,False,unit fuzzy loss,,
270,0 1 2 3 4 5 6 7 8 9 10 11 12 13 14 15 16 17 18 23 20 21 22 19,abb5e4c834122869d5c4cae04abf59c37021bcd0594defb9b0e5f3ac80b826d3,531247b2a2024383914c6ebe2da6a2eb2c7bca0d9a1296c5c2a7ac1837ef4cb2,95.03546,96.87646,564,success_build,True,True,False,unit fuzzy loss,,
271,0 1 2 3 4 5 6 7 8 9 10 11 12 13 14 15 16 17 18 19 21 20 22 23,ba2004b0008664049a4f6fa55737fdc12c92a75e34b8102e6bf9542f08ca80d6,84e6b94209491fffcbae1ff59ebed0b287aace38a4cc7bdb8b38a165e92cbf33,95.106384,96.88293,564,success_build,True,True,False,unit fuzzy loss,,
272,0 1 2 3 4 5 6 7 8 9 10 11 12 13 14 15 16 17 18 19 22 21 20 23,77d40fd510d377fa7a3a642d123a5783ffa7758341213eb034ae3d32935b195a,84e6b94209491fffcbae1ff59ebed0b287aace38a4cc7bdb8b38a165e92cbf33,95.106384,96.88293,564,success_build,True,True,False,unit fuzzy loss,,
273,0 1 2 3 4 5 6 7 8 9 10 11 12 13 14 15 16 17 18 19 23 21 22 20,57f4ed9eeb30f1e8ed7b2d2715eb74a5fd236f7f16ad998e71f207a052d57fb1,84e6b94209491fffcbae1ff59ebed0b287aace38a4cc7bdb8b38a165e92cbf33,95.106384,96.88293,564,success_build,True,True,False,unit fuzzy loss,,
274,0 1 2 3 4 5 6 7 8 9 10 11 12 13 14 15 16 17 18 19 20 22 21 23,4a5726d07c44e063b9154a6fa4155b5005ac1d71cb59e4e6a627c59b405d5612,419c0751c5d4cb67542a4de8a3f62b962fbe2254c2144745c3dbb9534e0faedd,95.35461,96.90556,564,success_build,True,True,True,,,
275,0 1 2 3 4 5 6 7 8 9 10 11 12 13 14 15 16 17 18 19 20 23 22 21,7be1740a9e0b2e9b5a520979fcc275c543c00c174def107e85f278778c43ef4d,419c0751c5d4cb67542a4de8a3f62b962fbe2254c2144745c3dbb9534e0faedd,95.35461,96.90556,564,success_build,True,True,True,,,
276,0 1 2 3 4 5 6 7 8 9 10 11 12 13 14 15 16 17 18 19 20 21 23 22,7964d5d0d0293ed62c08088a9646c0bc4bfbaec75b3f40df8598a293cbe7f24e,419c0751c5d4cb67542a4de8a3f62b962fbe2254c2144745c3dbb9534e0faedd,95.35461,96.90556,564,success_build,True,True,True,,,
277,1 2 0 3 4 5 6 7 8 9 10 11 12 13 14 15 16 17 18 19 20 21 22 23,0d0d526faf28c72ddd08755d5588011a885ff7e8c53cc726457dca6d692f7396,419c0751c5d4cb67542a4de8a3f62b962fbe2254c2144745c3dbb9534e0faedd,95.35461,96.90556,564,success_build,True,True,True,,,
278,1 2 3 0 4 5 6 7 8 9 10 11 12 13 14 15 16 17 18 19 20 21 22 23,e96e0bb78452b13b40698d3b7617390b9225845b44276de83d720470fed1400e,419c0751c5d4cb67542a4de8a3f62b962fbe2254c2144745c3dbb9534e0faedd,95.35461,96.90556,564,success_build,True,True,True,,,
279,1 2 3 4 0 5 6 7 8 9 10 11 12 13 14 15 16 17 18 19 20 21 22 23,0e3cc55681fa7f036ed40f992033e1226733c145a9ea183ff304a490e9cffaef,2fc44218dc0ebf330fc1508208228d233bee46bfed7b1639f3a6d65b5afa720c,95.141846,96.886154,564,success_build,True,True,False,unit fuzzy loss,,
280,1 2 3 4 5 0 6 7 8 9 10 11 12 13 14 15 16 17 18 19 20 21 22 23,fb4665a510b629fc7130bfda8ae4db3d44eeb8ef7b7b7027ace6cfb00a195b14,4862f3eaedcb9db29e6469112d61aa2957f06358b94a9c0477bc3881ec4b1f93,95.141846,96.886154,564,success_build,True,True,False,unit fuzzy loss,,
281,1 2 3 4 5 6 0 7 8 9 10 11 12 13 14 15 16 17 18 19 20 21 22 23,540ad0ed4242b10bf8a0f6c6b370e51b93fba55dc008a6dd3504fb193513501f,9bca8ccc819203b02cc08ef5b57bca9645372891a80f4e242416ee2dccfcc97e,95.141846,96.886154,564,success_build,True,True,False,unit fuzzy loss,,
282,1 2 3 4 5 6 7 0 8 9 10 11 12 13 14 15 16 17 18 19 20 21 22 23,56ff6dbe5f7844b485a787f752001d0d5562aeb6ccb295db479e5356cc27a7af,9bca8ccc819203b02cc08ef5b57bca9645372891a80f4e242416ee2dccfcc97e,95.141846,96.886154,564,success_build,True,True,False,unit fuzzy loss,,
283,1 2 3 4 5 6 7 8 0 9 10 11 12 13 14 15 16 17 18 19 20 21 22 23,2f80bb1d4d3dd8d693c23d73c698663934d8f33f017f91b8cf10e2c208c9fd09,0b39f51e1420f52abbde5cbabb8627c7ca95e8807a68d05072599984b59c1bf3,95.07092,96.87969,564,success_build,True,True,False,unit fuzzy loss,,
284,1 2 3 4 5 6 7 8 9 0 10 11 12 13 14 15 16 17 18 19 20 21 22 23,6179d5274a26e6315cf42b09f3eab1ca1439f2115721c967ba0c721406c60178,ee2c5af313987e22412a97ad87633ebb5377148b234d8a8696f08972282e6d33,94.82269,96.85705,564,success_build,True,True,False,unit fuzzy loss,,
285,1 2 3 4 5 6 7 8 9 10 0 11 12 13 14 15 16 17 18 19 20 21 22 23,0a86293058c563f07e2086c31f70e2a7c96b20e9a5fcf308fbc7f81ea5a56fab,ee2c5af313987e22412a97ad87633ebb5377148b234d8a8696f08972282e6d33,94.82269,96.85705,564,success_build,True,True,False,unit fuzzy loss,,
286,1 2 3 4 5 6 7 8 9 10 11 0 12 13 14 15 16 17 18 19 20 21 22 23,cecdba26789807975144856b957855ce704e765c4c1fa6b0a1561350f57837d2,ee2c5af313987e22412a97ad87633ebb5377148b234d8a8696f08972282e6d33,94.82269,96.85705,564,success_build,True,True,False,unit fuzzy loss,,
287,1 2 3 4 5 6 7 8 9 10 11 12 0 13 14 15 16 17 18 19 20 21 22 23,eb518e6ec063ae6bcac3d38a860887859649ebbf8b68826824d5fe9093273159,0d4b3f07fdc43194516dcc370b63a24b9f3ea35583ef6840f3213b251c2fbb9c,93.11347,96.701164,564,success_build,True,True,False,unit fuzzy loss,,
288,1 2 3 4 5 6 7 8 9 10 11 12 13 0 14 15 16 17 18 19 20 21 22 23,7ed57c3afdc5fc71919fded365bf4544ab5f07ca60a71220a09ce74c5b5102e5,bdbe1ea4108cb9783c90de2bb4bbf1579d48cdc2f873d96abbfea49a76fc2193,92.90071,96.68176,564,success_build,True,True,False,unit fuzzy loss,,
289,1 2 3 4 5 6 7 8 9 10 11 12 13 14 0 15 16 17 18 19 20 21 22 23,812d2de55b7df68783cd4e725e18790179f50cd690bbf9b60ed2e2309437fbfd,c02ef7e1f0926dfed3e182babaa144efae0bc58b30199dda2d20e0642d3acfdd,92.68794,96.66235,564,success_build,True,True,False,unit fuzzy loss,,
290,1 2 3 4 5 6 7 8 9 10 11 12 13 14 15 0 16 17 18 19 20 21 22 23,133c9c09e61a9532916b749c46ebb1a925d98d1a24bef28862c31d88da1da764,fa2d327a4e2c9d0e5bbe0f4708396b41b420bc9897ca256224bdb42859a82be0,92.58156,96.65265,564,success_build,True,True,False,unit fuzzy loss,,
291,1 2 3 4 5 6 7 8 9 10 11 12 13 14 15 16 0 17 18 19 20 21 22 23,701e97b75132a58e9a5e565fa68bb884da444a65e3aacaa0988652f87f6c65e5,12bb3dcb96d299731fefc141ac85d6543a74e2acc3ef915690107cae33b448bc,92.58156,96.65265,564,success_build,True,True,False,unit fuzzy loss,,
292,1 2 3 4 5 6 7 8 9 10 11 12 13 14 15 16 17 0 18 19 20 21 22 23,837669e2e0e7171e7b8765ee6415ebfdc85e51e047a922c1316bce36090a0ace,683a13e2bd6b1539bf0a64b7b6b4eb70bdf8593e4aa975d475d8425dd014353c,92.510635,96.64619,564,success_build,True,True,False,unit fuzzy loss,,
293,1 2 3 4 5 6 7 8 9 10 11 12 13 14 15 16 17 18 0 19 20 21 22 23,700edafb72cbecf11081da65a63c77a393924267be1e562171d96e8819232fa3,683a13e2bd6b1539bf0a64b7b6b4eb70bdf8593e4aa975d475d8425dd014353c,92.510635,96.64619,564,success_build,True,True,False,unit fuzzy loss,,
294,1 2 3 4 5 6 7 8 9 10 11 12 13 14 15 16 17 18 19 0 20 21 22 23,b1ee61df317e0f1b5ec9e8494ce16e08640e05dd816d92ddc83db3cef502e80d,ed0582b9043755eea70faa62e7d7c5127db2d4104166307eadcb51e9b2f95d84,92.40426,96.63648,564,success_build,True,True,False,unit fuzzy loss,,
295,1 2 3 4 5 6 7 8 9 10 11 12 13 14 15 16 17 18 19 20 0 21 22 23,5b0ccd5e9cff3e757089d980e5901ca7d4dcecaa58b3d245fee91059f68dc1c5,415a55d224a8f8dc69e6933c904e7df055cddd9c35aa3793decfd8ab25d06096,92.22695,96.62031,564,success_build,True,True,False,unit fuzzy loss,,
296,1 2 3 4 5 6 7 8 9 10 11 12 13 14 15 16 17 18 19 20 21 0 22 23,3d6aba6e436ac29c209e415700b975ec790c8867fc9d04d76d0a46b95d597304,8327c95e597ad551392a40b9b86d9f4377a826fdae47def12bb5ffcf0663b6b1,91.9078,96.5912,564,success_build,True,True,False,unit fuzzy loss,,
297,1 2 3 4 5 6 7 8 9 10 11 12 13 14 15 16 17 18 19 20 21 22 0 23,2a375cd68bd33f29c7ee306f8aa015ea5ebbc5c31981b4ed772b76ac931b9d4f,8327c95e597ad551392a40b9b86d9f4377a826fdae47def12bb5ffcf0663b6b1,91.9078,96.5912,564,success_build,True,True,False,unit fuzzy loss,,
298,1 2 3 4 5 6 7 8 9 10 11 12 13 14 15 16 17 18 19 20 21 22 23 0,7767cfa4f100a2d98a54d700f710fbfb0e3b9df4750b21b89be0a1476450a610,8327c95e597ad551392a40b9b86d9f4377a826fdae47def12bb5ffcf0663b6b1,91.9078,96.5912,564,success_build,True,True,False,unit fuzzy loss,,
299,0 2 3 1 4 5 6 7 8 9 10 11 12 13 14 15 16 17 18 19 20 21 22 23,202f6a11990fe6f8bdf290fdb8ccbe1ed85810a83549f77ff8e82a1c8c5aafbc,419c0751c5d4cb67542a4de8a3f62b962fbe2254c2144745c3dbb9534e0faedd,95.35461,96.90556,564,success_build,True,True,True,,,
300,0 2 3 4 1 5 6 7 8 9 10 11 12 13 14 15 16 17 18 19 20 21 22 23,38632c18711136d55f98eaf3aea2fd1ef30d4e2086d94b86769f5a6ec008060c,419c0751c5d4cb67542a4de8a3f62b962fbe2254c2144745c3dbb9534e0faedd,95.35461,96.90556,564,success_build,True,True,True,,,
301,0 2 3 4 5 1 6 7 8 9 10 11 12 13 14 15 16 17 18 19 20 21 22 23,e39f20556ae7f85bd7767c237160c03143de168967d9396680bc31bfa4628722,419c0751c5d4cb67542a4de8a3f62b962fbe2254c2144745c3dbb9534e0faedd,95.35461,96.90556,564,success_build,True,True,True,,,
302,0 2 3 4 5 6 1 7 8 9 10 11 12 13 14 15 16 17 18 19 20 21 22 23,c3baec68307eb566c181e6a7c09809b66e81033eedb49bee306d0f1aa5aa3883,419c0751c5d4cb67542a4de8a3f62b962fbe2254c2144745c3dbb9534e0faedd,95.35461,96.90556,564,success_build,True,True,True,,,
303,0 2 3 4 5 6 7 1 8 9 10 11 12 13 14 15 16 17 18 19 20 21 22 23,f0389629823612180199dc8a5ccca716daa86437705fac832a8bcf50b960c95b,419c0751c5d4cb67542a4de8a3f62b962fbe2254c2144745c3dbb9534e0faedd,95.35461,96.90556,564,success_build,True,True,True,,,
304,0 2 3 4 5 6 7 8 1 9 10 11 12 13 14 15 16 17 18 19 20 21 22 23,12e38cb9200db2120fc4376018dfd4dc7f1bd0956555a5cab6d8798837c3f502,419c0751c5d4cb67542a4de8a3f62b962fbe2254c2144745c3dbb9534e0faedd,95.35461,96.90556,564,success_build,True,True,True,,,
305,0 2 3 4 5 6 7 8 9 1 10 11 12 13 14 15 16 17 18 19 20 21 22 23,2588991f16b175efc39150c574acfac7fae7d3244ad5261497faeb276fcc6e0c,419c0751c5d4cb67542a4de8a3f62b962fbe2254c2144745c3dbb9534e0faedd,95.35461,96.90556,564,success_build,True,True,True,,,
306,0 2 3 4 5 6 7 8 9 10 1 11 12 13 14 15 16 17 18 19 20 21 22 23,62b50c34a86a41dc5dd58d292cef627b42e770033d3c108d46af2f6b61bddd85,419c0751c5d4cb67542a4de8a3f62b962fbe2254c2144745c3dbb9534e0faedd,95.35461,96.90556,564,success_build,True,True,True,,,
307,0 2 3 4 5 6 7 8 9 10 11 1 12 13 14 15 16 17 18 19 20 21 22 23,12c082a808a8265ea9339bf0b4d58fc5aecb6145d10b1185a6896a677489647a,419c0751c5d4cb67542a4de8a3f62b962fbe2254c2144745c3dbb9534e0faedd,95.35461,96.90556,564,success_build,True,True,True,,,
308,0 2 3 4 5 6 7 8 9 10 11 12 1 13 14 15 16 17 18 19 20 21 22 23,27bb767b55cfd341d6cb2dea9bfd334a621a01bdf98c82be1d20073589f5c8a8,419c0751c5d4cb67542a4de8a3f62b962fbe2254c2144745c3dbb9534e0faedd,95.35461,96.90556,564,success_build,True,True,True,,,
309,0 2 3 4 5 6 7 8 9 10 11 12 13 1 14 15 16 17 18 19 20 21 22 23,040003706e9ffc9a55b6d387fac38b59425b30217f50ff09b75dd6e43a2604ec,419c0751c5d4cb67542a4de8a3f62b962fbe2254c2144745c3dbb9534e0faedd,95.35461,96.90556,564,success_build,True,True,True,,,
310,0 2 3 4 5 6 7 8 9 10 11 12 13 14 1 15 16 17 18 19 20 21 22 23,ce60106e4e0be16f6a7448fe5513a63f82dbdb530844e2bfbbf506273d2c3832,419c0751c5d4cb67542a4de8a3f62b962fbe2254c2144745c3dbb9534e0faedd,95.35461,96.90556,564,success_build,True,True,True,,,
311,0 2 3 4 5 6 7 8 9 10 11 12 13 14 15 1 16 17 18 19 20 21 22 23,e07967aecb7d4dc87640d03e1b396792cf81d94b68bce2c1f810eee8b9769a18,419c0751c5d4cb67542a4de8a3f62b962fbe2254c2144745c3dbb9534e0faedd,95.35461,96.90556,564,success_build,True,True,True,,,
312,0 2 3 4 5 6 7 8 9 10 11 12 13 14 15 16 1 17 18 19 20 21 22 23,46c11253628213e35e2e553bc00ea5a6468784462793dd7428ae063cbdc3769e,419c0751c5d4cb67542a4de8a3f62b962fbe2254c2144745c3dbb9534e0faedd,95.35461,96.90556,564,success_build,True,True,True,,,
313,0 2 3 4 5 6 7 8 9 10 11 12 13 14 15 16 17 1 18 19 20 21 22 23,68211e2618cdf1b181288dd3870d828af5780abe6e1def4eb1e315d6a533e68a,419c0751c5d4cb67542a4de8a3f62b962fbe2254c2144745c3dbb9534e0faedd,95.35461,96.90556,564,success_build,True,True,True,,,
314,0 2 3 4 5 6 7 8 9 10 11 12 13 14 15 16 17 18 1 19 20 21 22 23,3f7423f33a9d264c58da275870a5ceef694a863a13c3876ee6a718b9e4133ae6,419c0751c5d4cb67542a4de8a3f62b962fbe2254c2144745c3dbb9534e0faedd,95.35461,96.90556,564,success_build,True,True,True,,,
315,0 2 3 4 5 6 7 8 9 10 11 12 13 14 15 16 17 18 19 1 20 21 22 23,54e9b957294c90bc560ae4efd323aaa7311ef99181e06ddc3fc87ebddfcfe1dc,419c0751c5d4cb67542a4de8a3f62b962fbe2254c2144745c3dbb9534e0faedd,95.35461,96.90556,564,success_build,True,True,True,,,
316,0 2 3 4 5 6 7 8 9 10 11 12 13 14 15 16 17 18 19 20 1 21 22 23,cf77085f17ecaba03f070d3e3e8bbb6a608ab5a32f949b4b233ca7bf2c1adea3,419c0751c5d4cb67542a4de8a3f62b962fbe2254c2144745c3dbb9534e0faedd,95.35461,96.90556,564,success_build,True,True,True,,,
317,0 2 3 4 5 6 7 8 9 10 11 12 13 14 15 16 17 18 19 20 21 1 22 23,7fcd173e7321cd29d9004865ff75128dc94124c9553f65b1c85f2ea0c13fc094,419c0751c5d4cb67542a4de8a3f62b962fbe2254c2144745c3dbb9534e0faedd,95.35461,96.90556,564,success_build,True,True,True,,,
318,0 2 3 4 5 6 7 8 9 10 11 12 13 14 15 16 17 18 19 20 21 22 1 23,53b7e1966e6257bc50e4167fc4fec17d6a943fb6dc0dd418f8170367c1e865dc,419c0751c5d4cb67542a4de8a3f62b962fbe2254c2144745c3dbb9534e0faedd,95.35461,96.90556,564,success_build,True,True,True,,,
319,0 2 3 4 5 6 7 8 9 10 11 12 13 14 15 16 17 18 19 20 21 22 23 1,38c10d084b9ef27934e9110dc694c7b0af29e0d40b05a86451be2db08b676d68,419c0751c5d4cb67542a4de8a3f62b962fbe2254c2144745c3dbb9534e0faedd,95.35461,96.90556,564,success_build,True,True,True,,,
320,2 0 1 3 4 5 6 7 8 9 10 11 12 13 14 15 16 17 18 19 20 21 22 23,f7729fea6d08ae9d1de15e5ec59eb4f614e31c3def0fb6a2c8246dd21ef1be4a,419c0751c5d4cb67542a4de8a3f62b962fbe2254c2144745c3dbb9534e0faedd,95.35461,96.90556,564,success_build,True,True,True,,,
321,0 1 3 4 2 5 6 7 8 9 10 11 12 13 14 15 16 17 18 19 20 21 22 23,2ba705132d361306b938d28a7049bb50ab7a0834799cb9ac3f57de8a1745d5b4,3e2b0b06a850232f221454c086d1e026c06c301f3be71acd781bb23a0f0bfa75,90.680855,96.4793,564,success_build,True,True,False,unit fuzzy loss,,
322,0 1 3 4 5 2 6 7 8 9 10 11 12 13 14 15 16 17 18 19 20 21 22 23,4b71b0247cc84f73e4f266ed0b75d40b7e6d2d057d33eaab1ee064ddf76ed3d6,0e281363e81e8ce4cf78f4b6f494d123f5c6cb4030d1ea057760fccb5eab2c1f,90.60993,96.47283,564,success_build,True,True,False,unit fuzzy loss,,
323,0 1 3 4 5 6 2 7 8 9 10 11 12 13 14 15 16 17 18 19 20 21 22 23,78742fee7b22ab3bc4bf3a3f03c9972aadd2dd33f81f5955fe7f262b20a83a66,15b18590e31983c30e3784bcbf8de8e733f66b2870e635b9639a293bb3ca20a1,90.60993,96.47283,564,success_build,True,True,False,unit fuzzy loss,,
324,0 1 3 4 5 6 7 2 8 9 10 11 12 13 14 15 16 17 18 19 20 21 22 23,61621a6b600aa9be85f3ae681c36b1b9b8bf8815558dd155cb2ed5fca2ab01e5,15b18590e31983c30e3784bcbf8de8e733f66b2870e635b9639a293bb3ca20a1,90.60993,96.47283,564,success_build,True,True,False,unit fuzzy loss,,
325,0 1 3 4 5 6 7 8 2 9 10 11 12 13 14 15 16 17 18 19 20 21 22 23,4d9a5105c00f374822c6bc11761443dba32b8148326789455936bd6f701c932f,4a3a4502eecbc5f3b45e890283403ff1cf1a89fc92d4057c0fb2c288d93377c4,90.680855,96.4793,564,success_build,True,True,False,unit fuzzy loss,,
326,0 1 3 4 5 6 7 8 9 2 10 11 12 13 14 15 16 17 18 19 20 21 22 23,c9836e35a9d2e35aeda7cb81279bb9dc8ce13f13fcf24ee0ac982d431edc46dd,1fda4cefc126f97117d74212b58a3189c05f3a078b8dde03b18e898327631c6f,92.893616,96.681114,564,success_build,True,True,False,unit fuzzy loss,,
327,0 1 3 4 5 6 7 8 9 10 2 11 12 13 14 15 16 17 18 19 20 21 22 23,c5ca04f45ac9bf8f0eb71bdfef4dd6a61effcf6012aa10b2a4891614ccf514ba,1fda4cefc126f97117d74212b58a3189c05f3a078b8dde03b18e898327631c6f,92.893616,96.681114,564,success_build,True,True,False,unit fuzzy loss,,
328,0 1 3 4 5 6 7 8 9 10 11 2 12 13 14 15 16 17 18 19 20 21 22 23,f685874d3dc82d34f29f2def42173eb49e6df37eb1ab54c9e5bd3b2bc8f6c434,1fda4cefc126f97117d74212b58a3189c05f3a078b8dde03b18e898327631c6f,92.893616,96.681114,564,success_build,True,True,False,unit fuzzy loss,,
329,0 1 3 4 5 6 7 8 9 10 11 12 2 13 14 15 16 17 18 19 20 21 22 23,45dbe5ef065845814231a4f74866576ba05002303e136df1b43e0bcb2e743463,ded1ba26780fcd4b3ea82676e1e0e351051c074581c6ae3f132e2f92d2874c49,92.96454,96.687584,564,success_build,True,True,False,unit fuzzy loss,,
330,0 1 3 4 5 6 7 8 9 10 11 12 13 2 14 15 16 17 18 19 20 21 22 23,27d4ed1e6507c582f2def742f27184d568d8d638c4f42ee5a460b8d06b2fb4bc,20d8c5b916f137a2bb533167a6396c88042ef31a03503a3e82ecc8e2af87b0b3,93.141846,96.70375,564,success_build,True,True,False,unit fuzzy loss,,
331,0 1 3 4 5 6 7 8 9 10 11 12 13 14 2 15 16 17 18 19 20 21 22 23,4d9a285fcb3c527c9ff06ead03167f88443f744dff4d8005e8f6f35791205870,d5609d3abb6bcacda05dd068eb3d73d21d05e2bd44c1dd47f0b9c13ee9273ee8,93.35461,96.72316,564,success_build,True,True,False,unit fuzzy loss,,
332,0 1 3 4 5 6 7 8 9 10 11 12 13 14 15 2 16 17 18 19 20 21 22 23,875cd788ee509dd7f51da650beb34b2c89fcda9396fc5e9b9f04cfbcde6a6555,8bc1b5a5e1fc8d236d7a564a0dfe75eaca6d20deab6e38fee4a055445206c390,93.46099,96.73286,564,success_build,True,True,False,unit fuzzy loss,,
333,0 1 3 4 5 6 7 8 9 10 11 12 13 14 15 16 2 17 18 19 20 21 22 23,8031c3ca5a3f53060350afa354b9da84a8b96b1406884fcb2667cb00cae126ce,f815747414debe9048222690ba0440930850759a63f1b18e282e5ec7a6014c08,93.46099,96.73286,564,success_build,True,True,False,unit fuzzy loss,,
334,0 1 3 4 5 6 7 8 9 10 11 12 13 14 15 16 17 2 18 19 20 21 22 23,9c3e13e420ccc3f908a62485a500ed51219ee8b56bb67e74030ec61efe0aa1ac,269ebadcd9caac48d1ed27d40ff6f32f013ee8d2ee552a0b24c12d0da58efc05,93.60284,96.7458,564,success_build,True,True,False,unit fuzzy loss,,
335,0 1 3 4 5 6 7 8 9 10 11 12 13 14 15 16 17 18 2 19 20 21 22 23,9dfaf75e7f7356e75ceae0738381ca5a6b4fce0db63f91ffef5f0a8ba09ac7bd,269ebadcd9caac48d1ed27d40ff6f32f013ee8d2ee552a0b24c12d0da58efc05,93.60284,96.7458,564,success_build,True,True,False,unit fuzzy loss,,
336,0 1 3 4 5 6 7 8 9 10 11 12 13 14 15 16 17 18 19 2 20 21 22 23,ebc9cd3cb9bfb132b96ed804da473533b379c54348f362fb0e71481866108d50,269ebadcd9caac48d1ed27d40ff6f32f013ee8d2ee552a0b24c12d0da58efc05,93.60284,96.7458,564,success_build,True,True,False,unit fuzzy loss,,
337,0 1 3 4 5 6 7 8 9 10 11 12 13 14 15 16 17 18 19 20 2 21 22 23,ee8c880234a16fc20e7dc0d58d50b9d4156e6c0ff0a88e895255b6a9f6847096,14235d858cdf3140cb9157052c396bfe7f6cbb4cb37558f605976c3cb63c8993,93.46099,96.73286,564,success_build,True,True,False,unit fuzzy loss,,
338,0 1 3 4 5 6 7 8 9 10 11 12 13 14 15 16 17 18 19 20 21 2 22 23,1bb009e5737627da0891e87484ce3f75cf37b870ae04f804a36766666093c0a9,1b3ccdde75b4c99b3b4ccdf44199fe8ee1a967edce04072fa5403e9021cbe9a7,93.319145,96.719925,564,success_build,True,True,False,unit fuzzy loss,,
339,0 1 3 4 5 6 7 8 9 10 11 12 13 14 15 16 17 18 19 20 21 22 2 23,ef0ee419c4503d72b9240942562adfd6541dbdbd923460c54fb8b5bf512934ad,1b3ccdde75b4c99b3b4ccdf44199fe8ee1a967edce04072fa5403e9021cbe9a7,93.319145,96.719925,564,success_build,True,True,False,unit fuzzy loss,,
340,0 1 3 4 5 6 7 8 9 10 11 12 13 14 15 16 17 18 19 20 21 22 23 2,6b049c1202b1f05dc2837574d11c432de72d8fa2052827ae90fbd67eca217779,1b3ccdde75b4c99b3b4ccdf44199fe8ee1a967edce04072fa5403e9021cbe9a7,93.319145,96.719925,564,success_build,True,True,False,unit fuzzy loss,,
341,3 0 1 2 4 5 6 7 8 9 10 11 12 13 14 15 16 17 18 19 20 21 22 23,009c30dcbe18744ab5bfb8754474019436359ef4322752e000e0e2140850efad,fa8d85a52a5b67a62b409cc82c1d5734c7394397b343687bdac655d9dd7cccd9,90.50355,96.46313,564,success_build,True,True,False,unit fuzzy loss,,
342,0 3 1 2 4 5 6 7 8 9 10 11 12 13 14 15 16 17 18 19 20 21 22 23,e67c090d78808caa206ddff8a877e5438ca5de79737f303a91bedab650359385,fa8d85a52a5b67a62b409cc82c1d5734c7394397b343687bdac655d9dd7cccd9,90.50355,96.46313,564,success_build,True,True,False,unit fuzzy loss,,
343,0 1 2 4 5 3 6 7 8 9 10 11 12 13 14 15 16 17 18 19 20 21 22 23,6b3a79a9782eb09c81adfa240142f1d4c5e05d1488b05d97dbbd21257022f122,419c0751c5d4cb67542a4de8a3f62b962fbe2254c2144745c3dbb9534e0faedd,95.35461,96.90556,564,success_build,True,True,True,,,
344,0 1 2 4 5 6 3 7 8 9 10 11 12 13 14 15 16 17 18 19 20 21 22 23,090918da8fec9e7ff620a1ac11655737051945e73aaf7f913e81c90aef4b7901,419c0751c5d4cb67542a4de8a3f62b962fbe2254c2144745c3dbb9534e0faedd,95.35461,96.90556,564,success_build,True,True,True,,,
345,0 1 2 4 5 6 7 3 8 9 10 11 12 13 14 15 16 17 18 19 20 21 22 23,700e1b6e8a321890cd077658e0b12ba73e4e4807131cca428f4f6ef0ec58fba2,419c0751c5d4cb67542a4de8a3f62b962fbe2254c2144745c3dbb9534e0faedd,95.35461,96.90556,564,success_build,True,True,True,,,
346,0 1 2 4 5 6 7 8 3 9 10 11 12 13 14 15 16 17 18 19 20 21 22 23,f55986a02bc25e1c14e531836c2439ac92fdb90f39fb219c7517f6ff8eeb0421,419c0751c5d4cb67542a4de8a3f62b962fbe2254c2144745c3dbb9534e0faedd,95.35461,96.90556,564,success_build,True,True,True,,,
347,0 1 2 4 5 6 7 8 9 3 10 11 12 13 14 15 16 17 18 19 20 21 22 23,13142578a026f9de2715cce5537fd432638250fe2b714a434fb9ecb9de43a271,419c0751c5d4cb67542a4de8a3f62b962fbe2254c2144745c3dbb9534e0faedd,95.35461,96.90556,564,success_build,True,True,True,,,
348,0 1 2 4 5 6 7 8 9 10 3 11 12 13 14 15 16 17 18 19 20 21 22 23,3fa0b865468e72d65aeca2fc2cb3842e0b6c60ad4ff833f45502ffa1fe4e5267,419c0751c5d4cb67542a4de8a3f62b962fbe2254c2144745c3dbb9534e0faedd,95.35461,96.90556,564,success_build,True,True,True,,,
349,0 1 2 4 5 6 7 8 9 10 11 3 12 13 14 15 16 17 18 19 20 21 22 23,6b07be307d5a4ce7b022f21bf1cf3634c239d9b416807728150c2900e6237bb8,419c0751c5d4cb67542a4de8a3f62b962fbe2254c2144745c3dbb9534e0faedd,95.35461,96.90556,564,success_build,True,True,True,,,
350,0 1 2 4 5 6 7 8 9 10 11 12 3 13 14 15 16 17 18 19 20 21 22 23,60539079ec63b26a1f3f79121e8ccf7e872ad5e0503149f835124303e2aecefc,419c0751c5d4cb67542a4de8a3f62b962fbe2254c2144745c3dbb9534e0faedd,95.35461,96.90556,564,success_build,True,True,True,,,
351,0 1 2 4 5 6 7 8 9 10 11 12 13 3 14 15 16 17 18 19 20 21 22 23,797e132cfaded20a03bba2488234e4f4035401f42b9fd4c4d36a105096ac0d4e,419c0751c5d4cb67542a4de8a3f62b962fbe2254c2144745c3dbb9534e0faedd,95.35461,96.90556,564,success_build,True,True,True,,,
352,0 1 2 4 5 6 7 8 9 10 11 12 13 14 3 15 16 17 18 19 20 21 22 23,36052a3923dbff14eaacdb824232047d4b9c914474ff2747116927d1668981ca,419c0751c5d4cb67542a4de8a3f62b962fbe2254c2144745c3dbb9534e0faedd,95.35461,96.90556,564,success_build,True,True,True,,,
353,0 1 2 4 5 6 7 8 9 10 11 12 13 14 15 3 16 17 18 19 20 21 22 23,2eeb5bac1b773533e9bd6f81fd139d28aec0e5bf0ae96870637550d47865c6f1,419c0751c5d4cb67542a4de8a3f62b962fbe2254c2144745c3dbb9534e0faedd,95.35461,96.90556,564,success_build,True,True,True,,,
354,0 1 2 4 5 6 7 8 9 10 11 12 13 14 15 16 3 17 18 19 20 21 22 23,ae75c0462ffffa6069e52d3acd82e54d229c18f134325c406fa2dbe9837dc316,419c0751c5d4cb67542a4de8a3f62b962fbe2254c2144745c3dbb9534e0faedd,95.35461,96.90556,564,success_build,True,True,True,,,
355,0 1 2 4 5 6 7 8 9 10 11 12 13 14 15 16 17 3 18 19 20 21 22 23,185420047cd92cee8df830bc8f80cce443054748aace2f671cdf7d8668456387,419c0751c5d4cb67542a4de8a3f62b962fbe2254c2144745c3dbb9534e0faedd,95.35461,96.90556,564,success_build,True,True,True,,,
356,0 1 2 4 5 6 7 8 9 10 11 12 13 14 15 16 17 18 3 19 20 21 22 23,7cea23db78ac213984d3e745a429f530f6b6b620c63a1a32043b384257507944,419c0751c5d4cb67542a4de8a3f62b962fbe2254c2144745c3dbb9534e0faedd,95.35461,96.90556,564,success_build,True,True,True,,,
357,0 1 2 4 5 6 7 8 9 10 11 12 13 14 15 16 17 18 19 3 20 21 22 23,27b3a4e64a47dc8c4ee3bd03858570a2031b8599913eb29f38ccc76584c70490,0d9dd6e36eaa97661ca8fae074a76b5e05729ffd428e3ad852b810638d8ce1db,95.141846,96.886154,564,success_build,True,True,False,unit fuzzy loss,,
358,0 1 2 4 5 6 7 8 9 10 11 12 13 14 15 16 17 18 19 20 3 21 22 23,9eb3aff031fb7988a2eca5a541e4f6f0cd5a0c29798b96abf613e5f7a8732458,50dc44d45f0259de539cd6e2cb52ce39d4fac2ed56e23e5ac9becc99824154b4,95.03546,96.87646,564,success_build,True,True,False,unit fuzzy loss,,
359,0 1 2 4 5 6 7 8 9 10 11 12 13 14 15 16 17 18 19 20 21 3 22 23,d2817a29e7389d574c6bf487af5f82666463b7c7fd3a93b4f4e50827f98c178d,d9962792dca254ef099a720730c72b1bc562c82aa032dc38f4cd417e7d641daa,95.106384,96.88293,564,success_build,True,True,False,unit fuzzy loss,,
360,0 1 2 4 5 6 7 8 9 10 11 12 13 14 15 16 17 18 19 20 21 22 3 23,ac364d5377a30fb5f8f345f49ddfbe8da12f448364f65e339ea8c73f2f180dfe,d9962792dca254ef099a720730c72b1bc562c82aa032dc38f4cd417e7d641daa,95.106384,96.88293,564,success_build,True,True,False,unit fuzzy loss,,
361,0 1 2 4 5 6 7 8 9 10 11 12 13 14 15 16 17 18 19 20 21 22 23 3,0190ef4920a644ab601c7173d70c28430ca10bdd2990c3eacfc513c89e761424,d9962792dca254ef099a720730c72b1bc562c82aa032dc38f4cd417e7d641daa,95.106384,96.88293,564,success_build,True,True,False,unit fuzzy loss,,
362,4 0 1 2 3 5 6 7 8 9 10 11 12 13 14 15 16 17 18 19 20 21 22 23,b988e27c775bcc53b6a985028b1a08fca941a9d494cecaa692b907fe647a57f4,2fc44218dc0ebf330fc1508208228d233bee46bfed7b1639f3a6d65b5afa720c,95.141846,96.886154,564,success_build,True,True,False,unit fuzzy loss,,
363,0 4 1 2 3 5 6 7 8 9 10 11 12 13 14 15 16 17 18 19 20 21 22 23,9486c364fadb729ad6e471be44f7175fbc826e74b21ad277fcd90ced57d14a1e,419c0751c5d4cb67542a4de8a3f62b962fbe2254c2144745c3dbb9534e0faedd,95.35461,96.90556,564,success_build,True,True,True,,,
364,0 1 4 2 3 5 6 7 8 9 10 11 12 13 14 15 16 17 18 19 20 21 22 23,19791753a542fa32dcd535a9a45762bc55ac9ac11ab342ca34be98e5ebf5dd64,419c0751c5d4cb67542a4de8a3f62b962fbe2254c2144745c3dbb9534e0faedd,95.35461,96.90556,564,success_build,True,True,True,,,
365,0 1 2 3 5 6 4 7 8 9 10 11 12 13 14 15 16 17 18 19 20 21 22 23,38958597306a80ff7c9b79cdcef494428c57890a4bbf83b2f5195fc94e30a72c,ffef4a6d016a51a7646460d10125c11e352c98c2e069e97fc6e3ee244e5b2845,95.24823,96.89586,564,success_build,True,True,False,unit fuzzy loss,,
366,0 1 2 3 5 6 7 4 8 9 10 11 12 13 14 15 16 17 18 19 20 21 22 23,7d271ca90836b7e3e4e0374300632ad680838218689300be233980a12356fe1e,ffef4a6d016a51a7646460d10125c11e352c98c2e069e97fc6e3ee244e5b2845,95.24823,96.89586,564,success_build,True,True,False,unit fuzzy loss,,
367,0 1 2 3 5 6 7 8 4 9 10 11 12 13 14 15 16 17 18 19 20 21 22 23,eeb7687be31d2fcd6538e483960ccfc10d89311bb007bbb4406e976df0467d39,65da6ef1707de919876224308e46bc6f1e018395e28d0ea4238a30f7bb90f1c1,95.17731,96.88939,564,success_build,True,True,False,unit fuzzy loss,,
368,0 1 2 3 5 6 7 8 9 4 10 11 12 13 14 15 16 17 18 19 20 21 22 23,0267822dea28187dff9c313537cd9aa3b938c5e6a77ff2743c3604c039b9464f,dcb43042ad1982e9dd238603a6388cececaef37a3f7d6ea34e8f2437e2d39807,94.92908,96.86675,564,success_build,True,True,False,unit fuzzy loss,,
369,0 1 2 3 5 6 7 8 9 10 4 11 12 13 14 15 16 17 18 19 20 21 22 23,d5593fc9a3d0801db60d1c3f4684b5ed0bac8ac1747c1435b1fba65bcd77dd4a,dcb43042ad1982e9dd238603a6388cececaef37a3f7d6ea34e8f2437e2d39807,94.92908,96.86675,564,success_build,True,True,False,unit fuzzy loss,,
370,0 1 2 3 5 6 7 8 9 10 11 4 12 13 14 15 16 17 18 19 20 21 22 23,64597715bc4d81a023f8096f60365924ce436074197073aee76fcca0ea757ab3,dcb43042ad1982e9dd238603a6388cececaef37a3f7d6ea34e8f2437e2d39807,94.92908,96.86675,564,success_build,True,True,False,unit fuzzy loss,,
371,0 1 2 3 5 6 7 8 9 10 11 12 4 13 14 15 16 17 18 19 20 21 22 23,2f1273e75c59f5193dd75ecc3d3748710ab3b9a9a35012c3dc8d4ed104a42110,268d2eef2978b6487ec28abbe5cf48907bd494d0bd2ed96b48fb2806b761486d,93.21986,96.71087,564,success_build,True,True,False,unit fuzzy loss,,
372,0 1 2 3 5 6 7 8 9 10 11 12 13 4 14 15 16 17 18 19 20 21 22 23,8f9fef257037cb5474ecfffcb03797893ea7a13d49585e32917e665050bc3739,2697cd8a27ac0c3055351fcfd41d1f63e2f7762763d62195ea44b50717cbe39c,93.007095,96.69146,564,success_build,True,True,False,unit fuzzy loss,,
373,0 1 2 3 5 6 7 8 9 10 11 12 13 14 4 15 16 17 18 19 20 21 22 23,7abb8c98f177ce2666e90770c4f9f57f1742af7802b8762d80573d7d8aa097bf,26f723c674ae4410f9d37869ea51cc30c81353a2d7a035179abce53d0da32d1d,92.79433,96.67206,564,success_build,True,True,False,unit fuzzy loss,,
374,0 1 2 3 5 6 7 8 9 10 11 12 13 14 15 4 16 17 18 19 20 21 22 23,792507c6eb95d30203e854b84e75382e9e2e434427513ea8f5bdf6ead1e10aa6,a7178c2dfd550cadc3c1c8511d0a7900287bfaffde8abf467198b31cc3bbf406,92.68794,96.66235,564,success_build,True,True,False,unit fuzzy loss,,
375,0 1 2 3 5 6 7 8 9 10 11 12 13 14 15 16 4 17 18 19 20 21 22 23,cc4cb26db92e8f34a87df2d7f5db3f55ebeaf6d0be3e77a1bfe4a3ba9c1eb70e,faf65d12006d97c50eb9168cca81c7aaa8b397a4205a6b31b7f2fefd7f6c390d,92.68794,96.66235,564,success_build,True,True,False,unit fuzzy loss,,
376,0 1 2 3 5 6 7 8 9 10 11 12 13 14 15 16 17 4 18 19 20 21 22 23,534b48f01801f52d9c664058e273645b15ba4275569101cbdf72eb76eef7629d,451e16f5e3138c1e24c72d8d3b6970e71541e902678dfc5ba5f8150d81ae5f03,92.61702,96.65588,564,success_build,True,True,False,unit fuzzy loss,,
377,0 1 2 3 5 6 7 8 9 10 11 12 13 14 15 16 17 18 4 19 20 21 22 23,b879b2bbce3fb6b71445762e7c70f285f2fb22347e698a57f8431cf2c9933a97,451e16f5e3138c1e24c72d8d3b6970e71541e902678dfc5ba5f8150d81ae5f03,92.61702,96.65588,564,success_build,True,True,False,unit fuzzy loss,,
378,0 1 2 3 5 6 7 8 9 10 11 12 13 14 15 16 17 18 19 4 20 21 22 23,aae888e3531d3a6e570e6bc8a1d28efda446aaaedbeb3004b13f666263488107,73ce595cca6f5dab96bc4461eaf312f536f28e774466a16f19a00a0edb07b117,92.510635,96.64619,564,success_build,True,True,False,unit fuzzy loss,,
379,0 1 2 3 5 6 7 8 9 10 11 12 13 14 15 16 17 18 19 20 4 21 22 23,a917d61793c434c2af1f30ab049011f15362fcfd58d2679bba5481a9ab3b47ef,844493e1fe5538f80cad850e0adf935e74487a1658a3b9749c186978bf04509f,92.333336,96.63001,564,success_build,True,True,False,unit fuzzy loss,,
380,0 1 2 3 5 6 7 8 9 10 11 12 13 14 15 16 17 18 19 20 21 4 22 23,c13793e13411361e31a51e1de05beefe8600bbcf5f207ba0563035db89097bc0,2640edd5685a9f7624b6b2f160642fde187569ead59bdcad2ae488f5fb4d5002,92.01418,96.60091,564,success_build,True,True,False,unit fuzzy loss,,
381,0 1 2 3 5 6 7 8 9 10 11 12 13 14 15 16 17 18 19 20 21 22 4 23,7116e842a600667cdca47ed3b7f8d4975dc4612ce20d5ed72d9c7f864142d574,2640edd5685a9f7624b6b2f160642fde187569ead59bdcad2ae488f5fb4d5002,92.01418,96.60091,564,success_build,True,True,False,unit fuzzy loss,,
382,0 1 2 3 5 6 7 8 9 10 11 12 13 14 15 16 17 18 19 20 21 22 23 4,f7566f9bc58cc15dbcfb6c06e3251ff720b281cc18d18994ae1ab2f7228f14ce,2640edd5685a9f7624b6b2f160642fde187569ead59bdcad2ae488f5fb4d5002,92.01418,96.60091,564,success_build,True,True,False,unit fuzzy loss,,
383,5 0 1 2 3 4 6 7 8 9 10 11 12 13 14 15 16 17 18 19 20 21 22 23,c9a043b7aac170a05c1e944208f762db2c09d3bbdc5a1cdfdde1ba277ab6e603,1a28991f709a0f0c1b0cca91597281aa2f85a89e999f3ce2de5a0d1354b623e6,95.07092,96.87969,564,success_build,True,True,False,unit fuzzy loss,,
384,0 5 1 2 3 4 6 7 8 9 10 11 12 13 14 15 16 17 18 19 20 21 22 23,9da82c9cf38923abad84f2c3034e7b2d4a2aff27656eb74962e5a3c9b9e3a97a,08a60f33f57f8d84dda211ff95450c82748f5bde45b53aca08205195337a7ab2,95.24823,96.89586,564,success_build,True,True,False,unit fuzzy loss,,
385,0 1 5 2 3 4 6 7 8 9 10 11 12 13 14 15 16 17 18 19 20 21 22 23,b2d108a8957f225fd743f220eaf6c09e33efbeaa6d75ccbbfc5362487fd920ad,08a60f33f57f8d84dda211ff95450c82748f5bde45b53aca08205195337a7ab2,95.24823,96.89586,564,success_build,True,True,False,unit fuzzy loss,,
386,0 1 2 5 3 4 6 7 8 9 10 11 12 13 14 15 16 17 18 19 20 21 22 23,3668361d6fa439c449ddc434f6f62a0726bb3c9be724bd97b83703803594b848,08a60f33f57f8d84dda211ff95450c82748f5bde45b53aca08205195337a7ab2,95.24823,96.89586,564,success_build,True,True,False,unit fuzzy loss,,
387,0 1 2 3 4 6 7 5 8 9 10 11 12 13 14 15 16 17 18 19 20 21 22 23,14d30afd33966a735e7327cf1247061eb836978d99003424591f6f5b9e562b0e,e1d43360c6a0528efcbf561578e06149916d1d489dda19184a1c9954eacf668d,95.35461,96.90556,564,success_build,True,True,True,,,388
388,0 1 2 3 4 6 7 8 5 9 10 11 12 13 14 15 16 17 18 19 20 21 22 23,de69cee80d45b93e46593eb5bddb1655186fd00819329be38ffc7e9c4cc3dee3,d028387f7906e0aa5f74a6ce920527ff8fb8c20cc3f38996d6f7aa754932f808,95.28369,96.89909,564,success_build,True,True,False,unit fuzzy loss,,387
389,0 1 2 3 4 6 7 8 9 5 10 11 12 13 14 15 16 17 18 19 20 21 22 23,291cc8cf7fe6c4353e5cf07c388f409278dbe61a8991b61092674d5a75d1feab,67657a82f128057834b91fb92b0c2dea747c104d75d0da745d7423a484c41409,95.03546,96.87646,564,success_build,True,True,False,unit fuzzy loss,,
390,0 1 2 3 4 6 7 8 9 10 5 11 12 13 14 15 16 17 18 19 20 21 22 23,457265b5ed54e97bfa6ca0951c626b6901503cde125fecafcfe538b323f2d4ad,67657a82f128057834b91fb92b0c2dea747c104d75d0da745d7423a484c41409,95.03546,96.87646,564,success_build,True,True,False,unit fuzzy loss,,
391,0 1 2 3 4 6 7 8 9 10 11 5 12 13 14 15 16 17 18 19 20 21 22 23,b908a7e260b07d44e68fd8c2fb67852fe31102f5f915ef0c802c9f9c7fd0ee68,67657a82f128057834b91fb92b0c2dea747c104d75d0da745d7423a484c41409,95.03546,96.87646,564,success_build,True,True,False,unit fuzzy loss,,
392,0 1 2 3 4 6 7 8 9 10 11 12 5 13 14 15 16 17 18 19 20 21 22 23,9333d0756b7c2e203109cfba78d809cd3e82dae18ef759c0e721d67aeb113a5f,ba65ca413055e5b420bcc17c76141699b05527b586053f3acda92f9fb06152a6,93.32624,96.720566,564,success_build,True,True,False,unit fuzzy loss,,
393,0 1 2 3 4 6 7 8 9 10 11 12 13 5 14 15 16 17 18 19 20 21 22 23,126f3f97052f5d87c157838795aa385b1b19a6eed20536bd93febec02b56aa1a,27e99f7bce56ee7f625d3843cb38d40c6df7437c7fa6e7b88f83287e1520b9fe,93.11347,96.701164,564,success_build,True,True,False,unit fuzzy loss,,
394,0 1 2 3 4 6 7 8 9 10 11 12 13 14 5 15 16 17 18 19 20 21 22 23,e2fa4d9560dc8941f5f0fb6576c78ad4b668ec8b92d31a76836c68815f77c0af,c730201330e37ee5bd185598a137249667d76706d9874e80fd9711c604b5585d,92.90071,96.68176,564,success_build,True,True,False,unit fuzzy loss,,
395,0 1 2 3 4 6 7 8 9 10 11 12 13 14 15 5 16 17 18 19 20 21 22 23,01c736cc00167e8a4eb6fdc6865314a95fa06c04264115f2d4e4d41851b44973,2ee5eba57be5508112c6219abad8aa5d282f58d7c7b24781e183ea330718b791,92.79433,96.67206,564,success_build,True,True,False,unit fuzzy loss,,
396,0 1 2 3 4 6 7 8 9 10 11 12 13 14 15 16 5 17 18 19 20 21 22 23,f31e58d68da59b86365a12f002150d1fd53a7ffb4b4e22932d597d0e2f938c6b,8e2ac9a33fad7eda89cce08daa1c2b581bdda5606ff64f46f479b981ad636faf,92.86525,96.67853,564,success_build,True,True,False,unit fuzzy loss,,
397,0 1 2 3 4 6 7 8 9 10 11 12 13 14 15 16 17 5 18 19 20 21 22 23,0d4c19759286123d81fb2c8e024104e39cfc8f7025cbf2e11256699653c961b8,28bedb0f08780c5387c50cc5eace58c433e4061bd78bd9aa5ccd03e3df236302,92.723404,96.66559,564,success_build,True,True,False,unit fuzzy loss,,
398,0 1 2 3 4 6 7 8 9 10 11 12 13 14 15 16 17 18 5 19 20 21 22 23,86ea7efad9e2f42ff07598e958457d966a3d2622b85bf619629a2e3994d32c3d,28bedb0f08780c5387c50cc5eace58c433e4061bd78bd9aa5ccd03e3df236302,92.723404,96.66559,564,success_build,True,True,False,unit fuzzy loss,,
399,0 1 2 3 4 6 7 8 9 10 11 12 13 14 15 16 17 18 19 5 20 21 22 23,c177cb9ad3fd3b01d5fff218f4361137cee48adcfd389e66717c9423f698ea99,6f066b8e3fde4603d0a304d2241152e85ce5557032e25254bda22fdad3444518,92.61702,96.65588,564,success_build,True,True,False,unit fuzzy loss,,
400,0 1 2 3 4 6 7 8 9 10 11 12 13 14 15 16 17 18 19 20 5 21 22 23,8d6b737bd0344048fa5712ce4dde45bf3bc6909701d8719d5fba277caaabdac0,d847d0eeb588d5e746ab8c961ca121d566fdf8b95c3faea5f37286e97f219d61,92.43971,96.63972,564,success_build,True,True,False,unit fuzzy loss,,
401,0 1 2 3 4 6 7 8 9 10 11 12 13 14 15 16 17 18 19 20 21 5 22 23,b7aa5ff4817e10c44423bf89fb3e270d9be1a6fc19381352764aaa37817feff7,412cd6ae1b66d90e3d7fab3a1b9403561da948735642c928ce964ce0bbee1eee,92.12057,96.61061,564,success_build,True,True,False,unit fuzzy loss,,
402,0 1 2 3 4 6 7 8 9 10 11 12 13 14 15 16 17 18 19 20 21 22 5 23,2af6b8369423302c986e91dc27ca840c971245604fe44dbe74bfd43407faa3cc,412cd6ae1b66d90e3d7fab3a1b9403561da948735642c928ce964ce0bbee1eee,92.12057,96.61061,564,success_build,True,True,False,unit fuzzy loss,,
403,0 1 2 3 4 6 7 8 9 10 11 12 13 14 15 16 17 18 19 20 21 22 23 5,243be9e1e65faade13d22bca8f7f918dfd91f7e265e5b0f02d054b64cebc55ce,412cd6ae1b66d90e3d7fab3a1b9403561da948735642c928ce964ce0bbee1eee,92.12057,96.61061,564,success_build,True,True,False,unit fuzzy loss,,
404,6 0 1 2 3 4 5 7 8 9 10 11 12 13 14 15 16 17 18 19 20 21 22 23,11a1ca8781eaeb7ca25ba3824f2ec410846273471da49ed76307e575c9920caa,c20907e17e601ea3f635dd8dd9a57e309d633bc84bb01ee6b54a4199668c20fb,95.07092,96.87969,564,success_build,True,True,False,unit fuzzy loss,,
405,0 6 1 2 3 4 5 7 8 9 10 11 12 13 14 15 16 17 18 19 20 21 22 23,c8c92734974179d52ae4d78e707af2795a01337fea69fccc724168e268854b07,ec3470579f231d6762b79b3a45c27bcc7824c5078b4dc4719bb771b4563f0d46,95.24823,96.89586,564,success_build,True,True,False,unit fuzzy loss,,
406,0 1 6 2 3 4 5 7 8 9 10 11 12 13 14 15 16 17 18 19 20 21 22 23,3ef619165acd8b38e8292bd6704878042eafc55a9de177102dacaf3cc3726e25,ec3470579f231d6762b79b3a45c27bcc7824c5078b4dc4719bb771b4563f0d46,95.24823,96.89586,564,success_build,True,True,False,unit fuzzy loss,,
407,0 1 2 6 3 4 5 7 8 9 10 11 12 13 14 15 16 17 18 19 20 21 22 23,f56c438709377a283582159796b933b8b0cd641a7192c233439c03ca81a0d954,ec3470579f231d6762b79b3a45c27bcc7824c5078b4dc4719bb771b4563f0d46,95.24823,96.89586,564,success_build,True,True,False,unit fuzzy loss,,
408,0 1 2 3 6 4 5 7 8 9 10 11 12 13 14 15 16 17 18 19 20 21 22 23,6e1b977fdb3fb33b8900569f9b95cc41aeffe35a09e0df88cbaeeb4b588feed5,ec3470579f231d6762b79b3a45c27bcc7824c5078b4dc4719bb771b4563f0d46,95.24823,96.89586,564,success_build,True,True,False,unit fuzzy loss,,
409,0 1 2 3 4 5 7 8 6 9 10 11 12 13 14 15 16 17 18 19 20 21 22 23,813fd22ad9d1f1ca908b7fba1dad104c91ba86b26ac362d5d6a5dba974eff6a6,ac80e9950aa6264c6c691f87b81d1669b0d8d6e20442141b526a3a14fa9ec698,95.28369,96.89909,564,success_build,True,True,False,unit fuzzy loss,,
410,0 1 2 3 4 5 7 8 9 6 10 11 12 13 14 15 16 17 18 19 20 21 22 23,580788d633433d15a29fcc3e77714e544d45214d9618591e6446ae05ef862bf2,456adb65fa3ec2975e74d814bc7535d7bc5b4dca5fdb7621d15cce0b257a4a6b,95.03546,96.87646,564,success_build,True,True,False,unit fuzzy loss,,
411,0 1 2 3 4 5 7 8 9 10 6 11 12 13 14 15 16 17 18 19 20 21 22 23,342a9a462ce41a9341b65ee4cd51d08a7522e7f1e77c4080e8c2796f9c3f25e7,456adb65fa3ec2975e74d814bc7535d7bc5b4dca5fdb7621d15cce0b257a4a6b,95.03546,96.87646,564,success_build,True,True,False,unit fuzzy loss,,
412,0 1 2 3 4 5 7 8 9 10 11 6 12 13 14 15 16 17 18 19 20 21 22 23,ebeb2fc005b0c62a21640697fa3d612ad1ce123a76dc364990eb3c650d6f7323,456adb65fa3ec2975e74d814bc7535d7bc5b4dca5fdb7621d15cce0b257a4a6b,95.03546,96.87646,564,success_build,True,True,False,unit fuzzy loss,,
413,0 1 2 3 4 5 7 8 9 10 11 12 6 13 14 15 16 17 18 19 20 21 22 23,e1fd861a51e261428198c3c755a13b9539c2d2041736aac3694b3580c5ac1801,efe91b595e64c0b810d59a5e5557b0dbcff8aa374b57fdb3c7e4100ca527aa51,93.32624,96.720566,564,success_build,True,True,False,unit fuzzy loss,,
414,0 1 2 3 4 5 7 8 9 10 11 12 13 6 14 15 16 17 18 19 20 21 22 23,7e29332435331d5d79c51e246e06216c4b8576168020fe8c265d746f2ff28c4c,cafda038b7472dc337dfd5c20bd79fb3a947520c7a3865409f7c951165338d3d,93.11347,96.701164,564,success_build,True,True,False,unit fuzzy loss,,
415,0 1 2 3 4 5 7 8 9 10 11 12 13 14 6 15 16 17 18 19 20 21 22 23,32dd7f056e95e99bae3df228ba56c9ab28dfc1bdcc08db83a97beeb8081520a3,8c462ac2d07b66a1dc8016297f7aecb57c1f4129bbe5b1ab8271df3967aa8d6e,92.90071,96.68176,564,success_build,True,True,False,unit fuzzy loss,,
416,0 1 2 3 4 5 7 8 9 10 11 12 13 14 15 6 16 17 18 19 20 21 22 23,40176b9590cff28a2feaabf0f7f8994c6fb027eaec907e76f169a76dce3b309d,308ba45c8e839bb490295b115eaa51a7986a6c6eef3bbfbef0cff91afba40961,92.79433,96.67206,564,success_build,True,True,False,unit fuzzy loss,,
417,0 1 2 3 4 5 7 8 9 10 11 12 13 14 15 16 6 17 18 19 20 21 22 23,6ef55b724cf2836002ae6564bf6efee5fdcee739ab95ee69f05373582e671110,811b27a4e88e947f3bf3d6c39e3006a1baa26224b61e324dc0d936408631da55,92.79433,96.67206,564,success_build,True,True,False,unit fuzzy loss,,
418,0 1 2 3 4 5 7 8 9 10 11 12 13 14 15 16 17 6 18 19 20 21 22 23,8062f1e65852484d5f733568f59e9b2ecc2e9e701d513ad5ccb7688f7665e7e2,34351bc3bcdb7c9e0d3adbeded66ea4bda6a7e30eb500584e8db9ed8f70673a3,92.723404,96.66559,564,success_build,True,True,False,unit fuzzy loss,,
419,0 1 2 3 4 5 7 8 9 10 11 12 13 14 15 16 17 18 6 19 20 21 22 23,9a87944f5dd4f1e13dc6feba9e7f87dd20dd7a7dba36f01d8e4244d4866179ed,34351bc3bcdb7c9e0d3adbeded66ea4bda6a7e30eb500584e8db9ed8f70673a3,92.723404,96.66559,564,success_build,True,True,False,unit fuzzy loss,,
420,0 1 2 3 4 5 7 8 9 10 11 12 13 14 15 16 17 18 19 6 20 21 22 23,3f9ed7d5f5f4db64c6880249003be017abf336279bd691a86a3f74c3e84c81a8,56d2ccacedcac903779597df54c7da1c5b58155a9566350821e67012b0a60b95,92.61702,96.65588,564,success_build,True,True,False,unit fuzzy loss,,
421,0 1 2 3 4 5 7 8 9 10 11 12 13 14 15 16 17 18 19 20 6 21 22 23,f71ab965a38fdb4438cb414b231e640f0077a45181802e65cf48bda577e5c8c3,bb49f1da795dccbeffbae9842942fde388061105d1cc67845263e36ba31518e0,92.43971,96.63972,564,success_build,True,True,False,unit fuzzy loss,,
422,0 1 2 3 4 5 7 8 9 10 11 12 13 14 15 16 17 18 19 20 21 6 22 23,0565684b248bf612bc7fd53cfeacd84f82d1b3e5a4b2a1e58fba327f40cf0be0,c6a9f797e390e62c07413af8134ea240f8a599f6b999d99baaf9fdb1ae74b059,92.12057,96.61061,564,success_build,True,True,False,unit fuzzy loss,,
423,0 1 2 3 4 5 7 8 9 10 11 12 13 14 15 16 17 18 19 20 21 22 6 23,3d77f968ce2925750c30b36cddc3c3959a887b51c679d3971066677b440fe82f,c6a9f797e390e62c07413af8134ea240f8a599f6b999d99baaf9fdb1ae74b059,92.12057,96.61061,564,success_build,True,True,False,unit fuzzy loss,,
424,0 1 2 3 4 5 7 8 9 10 11 12 13 14 15 16 17 18 19 20 21 22 23 6,77a5978510debf6affc77eb962d137ac2fa8576e30d3c56bd882af630757dfbc,c6a9f797e390e62c07413af8134ea240f8a599f6b999d99baaf9fdb1ae74b059,92.12057,96.61061,564,success_build,True,True,False,unit fuzzy loss,,
425,7 0 1 2 3 4 5 6 8 9 10 11 12 13 14 15 16 17 18 19 20 21 22 23,fb589c733bd96bdd045a0c8d0626b439155750e1c7370d2819e30817a1bc8237,419c0751c5d4cb67542a4de8a3f62b962fbe2254c2144745c3dbb9534e0faedd,95.35461,96.90556,564,success_build,True,True,True,,,
426,0 7 1 2 3 4 5 6 8 9 10 11 12 13 14 15 16 17 18 19 20 21 22 23,31694a64619f74331d3aa65c04da108fc64d611276710dea09727c6178961237,419c0751c5d4cb67542a4de8a3f62b962fbe2254c2144745c3dbb9534e0faedd,95.35461,96.90556,564,success_build,True,True,True,,,
427,0 1 7 2 3 4 5 6 8 9 10 11 12 13 14 15 16 17 18 19 20 21 22 23,786ac4d81659f1feaf3139c774e35926863b993426c22a1e0c38a4b7942a64d2,419c0751c5d4cb67542a4de8a3f62b962fbe2254c2144745c3dbb9534e0faedd,95.35461,96.90556,564,success_build,True,True,True,,,
428,0 1 2 7 3 4 5 6 8 9 10 11 12 13 14 15 16 17 18 19 20 21 22 23,1b2af3705c7cda91cf7ae027517bc069c57be5d665ab6ecf687bebb3c8bd3678,419c0751c5d4cb67542a4de8a3f62b962fbe2254c2144745c3dbb9534e0faedd,95.35461,96.90556,564,success_build,True,True,True,,,
429,0 1 2 3 7 4 5 6 8 9 10 11 12 13 14 15 16 17 18 19 20 21 22 23,424cb59c56528eef36aa0e33652de8d56fc295b91fe5921dc7bbda0d3c30ca7b,419c0751c5d4cb67542a4de8a3f62b962fbe2254c2144745c3dbb9534e0faedd,95.35461,96.90556,564,success_build,True,True,True,,,
430,0 1 2 3 4 7 5 6 8 9 10 11 12 13 14 15 16 17 18 19 20 21 22 23,88650fe0935945175340aa20c4f42ebe461f83af10d26254eb1060a69173ed60,419c0751c5d4cb67542a4de8a3f62b962fbe2254c2144745c3dbb9534e0faedd,95.35461,96.90556,564,success_build,True,True,True,,,
431,0 1 2 3 4 5 6 8 9 7 10 11 12 13 14 15 16 17 18 19 20 21 22 23,b56191cdc766722aed813108d0be603f436cb3a7938fba5152466fccdc9e368e,419c0751c5d4cb67542a4de8a3f62b962fbe2254c2144745c3dbb9534e0faedd,95.35461,96.90556,564,success_build,True,True,True,,,
432,0 1 2 3 4 5 6 8 9 10 7 11 12 13 14 15 16 17 18 19 20 21 22 23,ceaa8387b570a45b9888ae82bd9a5a64be93764ae30f0f240fcb788992eb1f80,419c0751c5d4cb67542a4de8a3f62b962fbe2254c2144745c3dbb9534e0faedd,95.35461,96.90556,564,success_build,True,True,True,,,
433,0 1 2 3 4 5 6 8 9 10 11 7 12 13 14 15 16 17 18 19 20 21 22 23,4355a69a83639fe3708ee3366a9192f27858696bee78948afc7f71b7f7789edc,419c0751c5d4cb67542a4de8a3f62b962fbe2254c2144745c3dbb9534e0faedd,95.35461,96.90556,564,success_build,True,True,True,,,
434,0 1 2 3 4 5 6 8 9 10 11 12 7 13 14 15 16 17 18 19 20 21 22 23,4ce3fd704ff0c6d1b14c7255f3f616fed8b6aad8167c59e5df6cc463ce611a6c,419c0751c5d4cb67542a4de8a3f62b962fbe2254c2144745c3dbb9534e0faedd,95.35461,96.90556,564,success_build,True,True,True,,,
435,0 1 2 3 4 5 6 8 9 10 11 12 13 7 14 15 16 17 18 19 20 21 22 23,2b267b3198c53a02b02edc5e7634ec7c5cc4029449faf07876ab583f93274a42,419c0751c5d4cb67542a4de8a3f62b962fbe2254c2144745c3dbb9534e0faedd,95.35461,96.90556,564,success_build,True,True,True,,,
436,0 1 2 3 4 5 6 8 9 10 11 12 13 14 7 15 16 17 18 19 20 21 22 23,a33544ceada541ca1ccbdd580dac2cf387c8f940e92f442a1571e3f269d0f782,419c0751c5d4cb67542a4de8a3f62b962fbe2254c2144745c3dbb9534e0faedd,95.35461,96.90556,564,success_build,True,True,True,,,
437,0 1 2 3 4 5 6 8 9 10 11 12 13 14 15 7 16 17 18 19 20 21 22 23,fe45c871c4dfe14faae5a504cb85e5d122c1a8a54787c6d5d6be9a78eb4e2935,419c0751c5d4cb67542a4de8a3f62b962fbe2254c2144745c3dbb9534e0faedd,95.35461,96.90556,564,success_build,True,True,True,,,
438,0 1 2 3 4 5 6 8 9 10 11 12 13 14 15 16 7 17 18 19 20 21 22 23,a0ede181cdb22e8930a317455aa2ab3481090421a919bf9e5183e14525d97fc6,419c0751c5d4cb67542a4de8a3f62b962fbe2254c2144745c3dbb9534e0faedd,95.35461,96.90556,564,success_build,True,True,True,,,
439,0 1 2 3 4 5 6 8 9 10 11 12 13 14 15 16 17 7 18 19 20 21 22 23,1b9a98a74014dc5f6e44cba0d5fc9e7dc8ad96bdbc05fb201b477f79fee55799,419c0751c5d4cb67542a4de8a3f62b962fbe2254c2144745c3dbb9534e0faedd,95.35461,96.90556,564,success_build,True,True,True,,,
440,0 1 2 3 4 5 6 8 9 10 11 12 13 14 15 16 17 18 7 19 20 21 22 23,cd5eca1139fa6c6e27c89d28ce1fea4eccaeee56babc910e09201eb54ce92b98,419c0751c5d4cb67542a4de8a3f62b962fbe2254c2144745c3dbb9534e0faedd,95.35461,96.90556,564,success_build,True,True,True,,,
441,0 1 2 3 4 5 6 8 9 10 11 12 13 14 15 16 17 18 19 7 20 21 22 23,82b553ace1cb4df031aeda2dfe5a24706f49d9e832fb87ce3e9b914614f2972d,419c0751c5d4cb67542a4de8a3f62b962fbe2254c2144745c3dbb9534e0faedd,95.35461,96.90556,564,success_build,True,True,True,,,
442,0 1 2 3 4 5 6 8 9 10 11 12 13 14 15 16 17 18 19 20 7 21 22 23,2c9aab9b9cb0ede22b65d831dcc2f200e4a947da09da05ff5efb5f756cde3a24,419c0751c5d4cb67542a4de8a3f62b962fbe2254c2144745c3dbb9534e0faedd,95.35461,96.90556,564,success_build,True,True,True,,,
443,0 1 2 3 4 5 6 8 9 10 11 12 13 14 15 16 17 18 19 20 21 7 22 23,c99445e6f8999c0691a62dc80e6a4030593f8cfa481eb44dc92346a19ac331b8,419c0751c5d4cb67542a4de8a3f62b962fbe2254c2144745c3dbb9534e0faedd,95.35461,96.90556,564,success_build,True,True,True,,,
444,0 1 2 3 4 5 6 8 9 10 11 12 13 14 15 16 17 18 19 20 21 22 7 23,7be29e9ca0fc232be03d721682d53ee94c35605a8eb22f840f092bcf894e109a,419c0751c5d4cb67542a4de8a3f62b962fbe2254c2144745c3dbb9534e0faedd,95.35461,96.90556,564,success_build,True,True,True,,,
445,0 1 2 3 4 5 6 8 9 10 11 12 13 14 15 16 17 18 19 20 21 22 23 7,0f1fb33a8540c7f401cdd30057a210e5e58e07fffd685affce5554bb5456f7d4,419c0751c5d4cb67542a4de8a3f62b962fbe2254c2144745c3dbb9534e0faedd,95.35461,96.90556,564,success_build,True,True,True,,,
446,8 0 1 2 3 4 5 6 7 9 10 11 12 13 14 15 16 17 18 19 20 21 22 23,abb7d60f0f2eb8bb089246a9db86e9a60cc82809787975d08089f7ddec4e9252,be456ff110b73854a7720b8e616da148171eeb54d1b57e42842ac762104559c6,94.92908,96.86675,564,success_build,True,True,False,unit fuzzy loss,,
447,0 8 1 2 3 4 5 6 7 9 10 11 12 13 14 15 16 17 18 19 20 21 22 23,016d870778e6c21c892d2e4176fb113a05dfa25c7d95e98b2abba0e7c38b1f11,01427f489d15a0dc74baf3ece00b8adb7c0dda510ac57a0200d40f4987a6927b,95.17731,96.88939,564,success_build,True,True,False,unit fuzzy loss,,
448,0 1 8 2 3 4 5 6 7 9 10 11 12 13 14 15 16 17 18 19 20 21 22 23,12a75baa10d2aad513bf7dac234142cd9d2625c43f1d1b6abfb71d3f071b1be3,01427f489d15a0dc74baf3ece00b8adb7c0dda510ac57a0200d40f4987a6927b,95.17731,96.88939,564,success_build,True,True,False,unit fuzzy loss,,
449,0 1 2 8 3 4 5 6 7 9 10 11 12 13 14 15 16 17 18 19 20 21 22 23,11cf9913099423e94d42b7bd65e3908877bd3dfa978086cf5e8c3c268ce45cd5,01427f489d15a0dc74baf3ece00b8adb7c0dda510ac57a0200d40f4987a6927b,95.17731,96.88939,564,success_build,True,True,False,unit fuzzy loss,,
450,0 1 2 3 8 4 5 6 7 9 10 11 12 13 14 15 16 17 18 19 20 21 22 23,73cf2e2279c27b246b723c4e9bd7bc066dda764dce928c3fde67f8f8f4f7ef71,01427f489d15a0dc74baf3ece00b8adb7c0dda510ac57a0200d40f4987a6927b,95.17731,96.88939,564,success_build,True,True,False,unit fuzzy loss,,
451,0 1 2 3 4 8 5 6 7 9 10 11 12 13 14 15 16 17 18 19 20 21 22 23,eb8cd695380ae08749dda70e877d183b50b47bfed0637acd615bf8e63d239c98,c90ecea1c0137960a83a6e74fac6b3d35776b989a283a92160b5a4907304d126,95.28369,96.89909,564,success_build,True,True,False,unit fuzzy loss,,452
452,0 1 2 3 4 5 8 6 7 9 10 11 12 13 14 15 16 17 18 19 20 21 22 23,2664364f761ea544e9a85459f6ef4a07a1128c5356900829cc2d212936d375d7,ac80e9950aa6264c6c691f87b81d1669b0d8d6e20442141b526a3a14fa9ec698,95.28369,96.89909,564,success_build,True,True,False,unit fuzzy loss,,451
453,0 1 2 3 4 5 6 7 9 10 8 11 12 13 14 15 16 17 18 19 20 21 22 23,79533d593e44e43367a751d66e022e1327efedd9642d039bc5ac6c218db6963b,142ec11daff459f74b97ecaeb0641e85eabcf047c8d56a99f426ad24f6f13229,95.03546,96.87646,564,success_build,True,True,False,unit fuzzy loss,,
454,0 1 2 3 4 5 6 7 9 10 11 8 12 13 14 15 16 17 18 19 20 21 22 23,56de3618dd2d0883ac0b92ab7560479bc94e8ffda8efd194590dcc186ce724c9,142ec11daff459f74b97ecaeb0641e85eabcf047c8d56a99f426ad24f6f13229,95.03546,96.87646,564,success_build,True,True,False,unit fuzzy loss,,
455,0 1 2 3 4 5 6 7 9 10 11 12 8 13 14 15 16 17 18 19 20 21 22 23,733695146e5248404f408d6875becddeb78767dcbcee50efbfb8af74d5ce800b,7eac10b8d7a031b3efb37d52e54382ff28f08f7d24e89f9c61ec8bfd0c423556,93.32624,96.720566,564,success_build,True,True,False,unit fuzzy loss,,
456,0 1 2 3 4 5 6 7 9 10 11 12 13 8 14 15 16 17 18 19 20 21 22 23,c3818788afa8d9ef3daa805445e40fd881b8abfe5200e7ecff01bce5e1e095b4,73b91ca1ac694a6b509c75c76dc1d0adb0203e1efac2507f4a39e8d1865265e7,93.11347,96.701164,564,success_build,True,True,False,unit fuzzy loss,,
457,0 1 2 3 4 5 6 7 9 10 11 12 13 14 8 15 16 17 18 19 20 21 22 23,0fd1853d0e7affe15c467144ab3f93f5efe76d305b94a87d50e2a8daddbd3955,f074853885a52ff5777b3ca61111e1be4c09427a788f1292a724a9cc00e38db2,92.90071,96.68176,564,success_build,True,True,False,unit fuzzy loss,,
458,0 1 2 3 4 5 6 7 9 10 11 12 13 14 15 8 16 17 18 19 20 21 22 23,a9e4ae35d1ebd90689a77e2fc77442f30e78817b426f7810bde78426900e2671,21457a2d130ac9cd66ce873aee450384773d4f98b863320b532a5968cd4f4a95,92.79433,96.67206,564,success_build,True,True,False,unit fuzzy loss,,
459,0 1 2 3 4 5 6 7 9 10 11 12 13 14 15 16 8 17 18 19 20 21 22 23,80423dcc1c0f6ac5986a96aaf8ae512fa73e754af3a2392a1191adc89bfdcb80,a6d5d91a0dd8317042ca9a1d97684048b2e261a637c621d6d3f0491bb978e4eb,92.79433,96.67206,564,success_build,True,True,False,unit fuzzy loss,,
460,0 1 2 3 4 5 6 7 9 10 11 12 13 14 15 16 17 8 18 19 20 21 22 23,013f27fa13a1e1bfcdbd3012e09d70b1bd26730322cf11abc6a6b909c71ee85f,1daf8b6f286007932ea4438c0c925be0db7d26f8920e131cb69ca4f02fc19854,92.723404,96.66559,564,success_build,True,True,False,unit fuzzy loss,,
461,0 1 2 3 4 5 6 7 9 10 11 12 13 14 15 16 17 18 8 19 20 21 22 23,20d92b8f77cac2f22608919b9b757686d862faed45420366c1d4255d3a441938,1daf8b6f286007932ea4438c0c925be0db7d26f8920e131cb69ca4f02fc19854,92.723404,96.66559,564,success_build,True,True,False,unit fuzzy loss,,
462,0 1 2 3 4 5 6 7 9 10 11 12 13 14 15 16 17 18 19 8 20 21 22 23,f0d92c25f1f30ca6ec8a326b63e97964cacc8d760ca6d6b4bc0cd066629238ee,d0629f9fddbfdbf9cd170613defd347262fd39069091ec568517120eea4d67f9,92.61702,96.65588,564,success_build,True,True,False,unit fuzzy loss,,
463,0 1 2 3 4 5 6 7 9 10 11 12 13 14 15 16 17 18 19 20 8 21 22 23,402a892ef9ebef098722831d01461d328dcb11692ef8fdaa05f0df3be34c3cef,7bd7a0d34b8d796f65a7fed759d81cacaa17c209f1e8c8c3f0af1b56c2315855,92.43971,96.63972,564,success_build,True,True,False,unit fuzzy loss,,
464,0 1 2 3 4 5 6 7 9 10 11 12 13 14 15 16 17 18 19 20 21 8 22 23,b522c98409709339679b4cc8f84f8877c88636dbb66f8653cdb7f1436bc70700,fa646cf4815911a50ddc025997044c41535bb2f7db1389f38c854c42f274af9f,92.12057,96.61061,564,success_build,True,True,False,unit fuzzy loss,,
465,0 1 2 3 4 5 6 7 9 10 11 12 13 14 15 16 17 18 19 20 21 22 8 23,def122f2e38083e911217b9820aebb73be731bf00331304056197423d16111e4,fa646cf4815911a50ddc025997044c41535bb2f7db1389f38c854c42f274af9f,92.12057,96.61061,564,success_build,True,True,False,unit fuzzy loss,,
466,0 1 2 3 4 5 6 7 9 10 11 12 13 14 15 16 17 18 19 20 21 22 23 8,c13f12bfb8068866da349c79c94386eeee1a074f4890b00e47120d5c53bdd991,fa646cf4815911a50ddc025997044c41535bb2f7db1389f38c854c42f274af9f,92.12057,96.61061,564,success_build,True,True,False,unit fuzzy loss,,
467,9 0 1 2 3 4 5 6 7 8 10 11 12 13 14 15 16 17 18 19 20 21 22 23,3b474e6f4ae439f9ce9348edbfdde851b805878384a87a46285c8f4cd2d3fcc9,624e923c26c4fd43102b684e3be93db693ddbc5e81d01d1b9cf084a50a7ac757,94.82269,96.85705,564,success_build,True,True,False,unit fuzzy loss,,
468,0 9 1 2 3 4 5 6 7 8 10 11 12 13 14 15 16 17 18 19 20 21 22 23,84ce0fd47a1bf02f091ac9b2df961af5d6c2244d9ec48f5251c33fa83a5434b8,5c866f3f8a98557a9c6f7024855cea2f963ded4fefc9e0ed128e63ab00a2d2ea,95.07092,96.87969,564,success_build,True,True,False,unit fuzzy loss,,
469,0 1 9 2 3 4 5 6 7 8 10 11 12 13 14 15 16 17 18 19 20 21 22 23,8fc5fe656764820b352c44e2baf2d892ddd9979ebee6d1afd13ac5aa787b937f,5c866f3f8a98557a9c6f7024855cea2f963ded4fefc9e0ed128e63ab00a2d2ea,95.07092,96.87969,564,success_build,True,True,False,unit fuzzy loss,,
470,0 1 2 9 3 4 5 6 7 8 10 11 12 13 14 15 16 17 18 19 20 21 22 23,b9dc5bc690bbca28cbcc3043561bd68f5a6d3cd7c589850bb507459d08ca2720,5c866f3f8a98557a9c6f7024855cea2f963ded4fefc9e0ed128e63ab00a2d2ea,95.07092,96.87969,564,success_build,True,True,False,unit fuzzy loss,,
471,0 1 2 3 9 4 5 6 7 8 10 11 12 13 14 15 16 17 18 19 20 21 22 23,5029d6f465e74a43a27c56a2daf3b120cf488894996bbc249bc8297bb58c7eef,5c866f3f8a98557a9c6f7024855cea2f963ded4fefc9e0ed128e63ab00a2d2ea,95.07092,96.87969,564,success_build,True,True,False,unit fuzzy loss,,
472,0 1 2 3 4 9 5 6 7 8 10 11 12 13 14 15 16 17 18 19 20 21 22 23,b2353aaaf2d0c3f4d4dcdc476ae59c08596c6803c65795181f0e33b785ddd08a,69d912a2629b969c30954b6839cff215f64b6889d8a44bfc67e510140483f23e,95.03546,96.87646,564,success_build,True,True,False,unit fuzzy loss,,
473,0 1 2 3 4 5 9 6 7 8 10 11 12 13 14 15 16 17 18 19 20 21 22 23,971d79d44b157f732080711f512a47cd5cb884e618bb97bb1066d6a7ad47c0df,8fb1d8f20b25c84867772e2dbea942054f2e3e32149f21139461879f621e8a10,95.03546,96.87646,564,success_build,True,True,False,unit fuzzy loss,,
474,0 1 2 3 4 5 6 9 7 8 10 11 12 13 14 15 16 17 18 19 20 21 22 23,497c134f2d9b819697f6b5277d2b12d85b94c0158003a2f246efc7e276719faf,142ec11daff459f74b97ecaeb0641e85eabcf047c8d56a99f426ad24f6f13229,95.03546,96.87646,564,success_build,True,True,False,unit fuzzy loss,,
475,0 1 2 3 4 5 6 7 8 10 11 9 12 13 14 15 16 17 18 19 20 21 22 23,7babf0ea4f74ddd281941dbd86b6d1870c68e33b71d63002e39ba225633f04cd,419c0751c5d4cb67542a4de8a3f62b962fbe2254c2144745c3dbb9534e0faedd,95.35461,96.90556,564,success_build,True,True,True,,,
476,0 1 2 3 4 5 6 7 8 10 11 12 9 13 14 15 16 17 18 19 20 21 22 23,2424ffea5cddfd6435e2c2c2f9a13e0ef72ccdedd438278f6963bee38bfba7ba,a54dc6d60757669f239bd537b1e65a1a194e6dc90ec9e31ce4d9baac3a19048d,94.87943,96.86223,564,success_build,True,True,False,unit fuzzy loss,,
477,0 1 2 3 4 5 6 7 8 10 11 12 13 9 14 15 16 17 18 19 20 21 22 23,6c38db043753b6de843fb87859c3057f7e5dbbfce46745a033d12ed7b58765c0,9e1dfbc909ecb8c646802999bdaa4850d99e96d757c936e1f877ebd8be6cf596,94.56029,96.833115,564,success_build,True,True,False,unit fuzzy loss,,
478,0 1 2 3 4 5 6 7 8 10 11 12 13 14 9 15 16 17 18 19 20 21 22 23,c36649646e18db0fe7298ef7a2da2c2d095a3765ba0ec80827cfc85751990ca2,e03c5e2437f4be6d5d4c2910a25a236ef4bb5f0347db69a1ae1ed955cc9f8d30,94.34752,96.81371,564,success_build,True,True,False,unit fuzzy loss,,
479,0 1 2 3 4 5 6 7 8 10 11 12 13 14 15 9 16 17 18 19 20 21 22 23,60f9d025c10cfe7e9b2a8527c746727916f6c5277391defd981609217f509aeb,a24d53664c15f219bd01efc3a26c98df1b29528c81c64d47cb96d861e53689f5,94.241135,96.80401,564,success_build,True,True,False,unit fuzzy loss,,
480,0 1 2 3 4 5 6 7 8 10 11 12 13 14 15 16 9 17 18 19 20 21 22 23,e0e10e0adb3eddb84fc1dc17ed1deb507cc439afec9d2fe429ec87da9cb87e82,ee373d1a495e43e27e16a7c942e61304337950f5fe2836d472cb518b9dd82e7a,94.241135,96.80401,564,success_build,True,True,False,unit fuzzy loss,,
481,0 1 2 3 4 5 6 7 8 10 11 12 13 14 15 16 17 9 18 19 20 21 22 23,1451a1660d3f7ba137b948c13667cb796109c6ebf268ce2af849ca4436c69454,ab7bf304b587c2d25f8e8c8408d5bbb2a32ff442bbece7182d8e242f31bfd298,94.17021,96.79754,564,success_build,True,True,False,unit fuzzy loss,,
482,0 1 2 3 4 5 6 7 8 10 11 12 13 14 15 16 17 18 9 19 20 21 22 23,90b946e085d97337a58287d94acfdfd87e106f80215c91191815eb6c35c487cc,ab7bf304b587c2d25f8e8c8408d5bbb2a32ff442bbece7182d8e242f31bfd298,94.17021,96.79754,564,success_build,True,True,False,unit fuzzy loss,,
483,0 1 2 3 4 5 6 7 8 10 11 12 13 14 15 16 17 18 19 9 20 21 22 23,0ff6a09523c45cd8d45f47cbe34b80380a75215b88c22b2c55405106db12733a,14540663dcc855e432548c50f4c6e77c4996d4a79ddd7774bbb7728fcf900e65,94.06383,96.78784,564,success_build,True,True,False,unit fuzzy loss,,
484,0 1 2 3 4 5 6 7 8 10 11 12 13 14 15 16 17 18 19 20 9 21 22 23,19d55260e58eaa8ecd97bdc000a6f83b4c4574e4b403322773deb192f6ba4d11,b9ccfdaa785b5e54a7421949b4c1a7d23dd9a199731a76c576fc59071e8bb3b0,93.88653,96.77167,564,success_build,True,True,False,unit fuzzy loss,,
485,0 1 2 3 4 5 6 7 8 10 11 12 13 14 15 16 17 18 19 20 21 9 22 23,dd68ac557f526d09d2b2c55961cc56e4abd73a34c9ce29bdb54db0575a6209e1,ca686437bdaa35b8ab0ebb3ba57aff34b46657994fdc7388dc65c9e4859f7700,93.567375,96.74256,564,success_build,True,True,False,unit fuzzy loss,,
486,0 1 2 3 4 5 6 7 8 10 11 12 13 14 15 16 17 18 19 20 21 22 9 23,068231875b5da54f82cfaac6541b90bc60585afb489a60adbf94de006e553ffa,ca686437bdaa35b8ab0ebb3ba57aff34b46657994fdc7388dc65c9e4859f7700,93.567375,96.74256,564,success_build,True,True,False,unit fuzzy loss,,
487,0 1 2 3 4 5 6 7 8 10 11 12 13 14 15 16 17 18 19 20 21 22 23 9,02944fb683b3996518e1905fc3c62a4adb9691f0cc86c8a253604c5c9e743e77,ca686437bdaa35b8ab0ebb3ba57aff34b46657994fdc7388dc65c9e4859f7700,93.567375,96.74256,564,success_build,True,True,False,unit fuzzy loss,,
488,10 0 1 2 3 4 5 6 7 8 9 11 12 13 14 15 16 17 18 19 20 21 22 23,c36000095dbd16ab7c2d6c861cc4efd127012ee25322695a30aa68ebdd1588ff,419c0751c5d4cb67542a4de8a3f62b962fbe2254c2144745c3dbb9534e0faedd,95.35461,96.90556,564,success_build,True,True,True,,,
489,0 10 1 2 3 4 5 6 7 8 9 11 12 13 14 15 16 17 18 19 20 21 22 23,e1e8e9311d0ed9aa280f0a708ac44f0d9d9e333089352a9dd13120663135a2dc,419c0751c5d4cb67542a4de8a3f62b962fbe2254c2144745c3dbb9534e0faedd,95.35461,96.90556,564,success_build,True,True,True,,,
490,0 1 10 2 3 4 5 6 7 8 9 11 12 13 14 15 16 17 18 19 20 21 22 23,1935e841eef394e6da08ebb22d29ce89b3956f1dc62f700446620bdcb702c8a3,419c0751c5d4cb67542a4de8a3f62b962fbe2254c2144745c3dbb9534e0faedd,95.35461,96.90556,564,success_build,True,True,True,,,
491,0 1 2 10 3 4 5 6 7 8 9 11 12 13 14 15 16 17 18 19 20 21 22 23,1543af37a19292f608ab2f51bb0a96eb3112a55b498646ea03a6dadfc5104770,419c0751c5d4cb67542a4de8a3f62b962fbe2254c2144745c3dbb9534e0faedd,95.35461,96.90556,564,success_build,True,True,True,,,
492,0 1 2 3 10 4 5 6 7 8 9 11 12 13 14 15 16 17 18 19 20 21 22 23,727fae6e4895783b941dfcbad719dbab1b530987bec6c1b1ab21d06142d08908,419c0751c5d4cb67542a4de8a3f62b962fbe2254c2144745c3dbb9534e0faedd,95.35461,96.90556,564,success_build,True,True,True,,,
493,0 1 2 3 4 10 5 6 7 8 9 11 12 13 14 15 16 17 18 19 20 21 22 23,06f5452ca322d81fd70c76d8ec273f57ae3958545b0806fe06587f5dda02fb0f,419c0751c5d4cb67542a4de8a3f62b962fbe2254c2144745c3dbb9534e0faedd,95.35461,96.90556,564,success_build,True,True,True,,,
494,0 1 2 3 4 5 10 6 7 8 9 11 12 13 14 15 16 17 18 19 20 21 22 23,3decec09e90464e25247a995591679694d3be706467bbd18c5fa441973ae7369,419c0751c5d4cb67542a4de8a3f62b962fbe2254c2144745c3dbb9534e0faedd,95.35461,96.90556,564,success_build,True,True,True,,,
495,0 1 2 3 4 5 6 10 7 8 9 11 12 13 14 15 16 17 18 19 20 21 22 23,150635cd85dd60fcc991c1c8f1c3e1fb160caaff6afb00945715e9db079840de,419c0751c5d4cb67542a4de8a3f62b962fbe2254c2144745c3dbb9534e0faedd,95.35461,96.90556,564,success_build,True,True,True,,,
496,0 1 2 3 4 5 6 7 10 8 9 11 12 13 14 15 16 17 18 19 20 21 22 23,7b612c51729abb2fc67ee703195fd07a93739a8e69d9e0d5540956b5ed06094e,419c0751c5d4cb67542a4de8a3f62b962fbe2254c2144745c3dbb9534e0faedd,95.35461,96.90556,564,success_build,True,True,True,,,
497,0 1 2 3 4 5 6 7 8 9 11 12 10 13 14 15 16 17 18 19 20 21 22 23,853ef2f852419866d96069e7087bfc2617a4bcda399ac80a97ee3850e61578c1,419c0751c5d4cb67542a4de8a3f62b962fbe2254c2144745c3dbb9534e0faedd,95.35461,96.90556,564,success_build,True,True,True,,,
498,0 1 2 3 4 5 6 7 8 9 11 12 13 10 14 15 16 17 18 19 20 21 22 23,5973b4ded6dcb9335c899b6fcea7b4ac1daab00c747890805d0edfe014664d26,419c0751c5d4cb67542a4de8a3f62b962fbe2254c2144745c3dbb9534e0faedd,95.35461,96.90556,564,success_build,True,True,True,,,
499,0 1 2 3 4 5 6 7 8 9 11 12 13 14 10 15 16 17 18 19 20 21 22 23,5dbc751a2197598961fd900c5ca57cca0dbf8f1f921ba6ff9af8f5e1e7eba779,419c0751c5d4cb67542a4de8a3f62b962fbe2254c2144745c3dbb9534e0faedd,95.35461,96.90556,564,success_build,True,True,True,,,
500,0 1 2 3 4 5 6 7 8 9 11 12 13 14 15 10 16 17 18 19 20 21 22 23,d9f401aec555cab27fefbf690c4fc04fe40ae4aee2f7d80bf3c125d61d60987d,419c0751c5d4cb67542a4de8a3f62b962fbe2254c2144745c3dbb9534e0faedd,95.35461,96.90556,564,success_build,True,True,True,,,
501,0 1 2 3 4 5 6 7 8 9 11 12 13 14 15 16 10 17 18 19 20 21 22 23,a9fd2f72eb1cd0a43b20dcbb6b07f65e82b538e4bc67831f4634f48f2f9a2aec,419c0751c5d4cb67542a4de8a3f62b962fbe2254c2144745c3dbb9534e0faedd,95.35461,96.90556,564,success_build,True,True,True,,,
502,0 1 2 3 4 5 6 7 8 9 11 12 13 14 15 16 17 10 18 19 20 21 22 23,9a07833380952ec0817f30ea089ee7d76489372d0cf432c1a3e8d208d15215de,419c0751c5d4cb67542a4de8a3f62b962fbe2254c2144745c3dbb9534e0faedd,95.35461,96.90556,564,success_build,True,True,True,,,
503,0 1 2 3 4 5 6 7 8 9 11 12 13 14 15 16 17 18 10 19 20 21 22 23,20d86005ebe6ef3d0da4e29f7895d3644e356bda17e5a315f1ab4a923e793279,419c0751c5d4cb67542a4de8a3f62b962fbe2254c2144745c3dbb9534e0faedd,95.35461,96.90556,564,success_build,True,True,True,,,
504,0 1 2 3 4 5 6 7 8 9 11 12 13 14 15 16 17 18 19 10 20 21 22 23,5af3b5b28ed53a69237876b7d8aadcf111fc884af535c28ee161e358383f2938,419c0751c5d4cb67542a4de8a3f62b962fbe2254c2144745c3dbb9534e0faedd,95.35461,96.90556,564,success_build,True,True,True,,,
505,0 1 2 3 4 5 6 7 8 9 11 12 13 14 15 16 17 18 19 20 10 21 22 23,ecca7e91a29c1fadfbe451032ad9f456e65529161eaa24d25684ad03491154a5,419c0751c5d4cb67542a4de8a3f62b962fbe2254c2144745c3dbb9534e0faedd,95.35461,96.90556,564,success_build,True,True,True,,,
506,0 1 2 3 4 5 6 7 8 9 11 12 13 14 15 16 17 18 19 20 21 10 22 23,67881ffd323ad1a1d167c7925e5d463687667f4617e9ab38479ce0755c8ef547,419c0751c5d4cb67542a4de8a3f62b962fbe2254c2144745c3dbb9534e0faedd,95.35461,96.90556,564,success_build,True,True,True,,,
507,0 1 2 3 4 5 6 7 8 9 11 12 13 14 15 16 17 18 19 20 21 22 10 23,38b9ca8bdb692e57f8b44786324d9e49397a7d5ad330673cf490fcf86569943c,419c0751c5d4cb67542a4de8a3f62b962fbe2254c2144745c3dbb9534e0faedd,95.35461,96.90556,564,success_build,True,True,True,,,
508,0 1 2 3 4 5 6 7 8 9 11 12 13 14 15 16 17 18 19 20 21 22 23 10,383736cd5ed5b2936c4956b0a21e2045c9931928d3e67bb7b1ae75940b821418,419c0751c5d4cb67542a4de8a3f62b962fbe2254c2144745c3dbb9534e0faedd,95.35461,96.90556,564,success_build,True,True,True,,,
509,11 0 1 2 3 4 5 6 7 8 9 10 12 13 14 15 16 17 18 19 20 21 22 23,d5647c5cbb96ff23a13d5a1e8d202a0a45478c522bd1a76a49d6d22f69b9a5ca,419c0751c5d4cb67542a4de8a3f62b962fbe2254c2144745c3dbb9534e0faedd,95.35461,96.90556,564,success_build,True,True,True,,,
510,0 11 1 2 3 4 5 6 7 8 9 10 12 13 14 15 16 17 18 19 20 21 22 23,1138461e0e784598e4967c1a29ab6ad5da94700776e24f4bd4f19fed1f5a5448,419c0751c5d4cb67542a4de8a3f62b962fbe2254c2144745c3dbb9534e0faedd,95.35461,96.90556,564,success_build,True,True,True,,,
511,0 1 11 2 3 4 5 6 7 8 9 10 12 13 14 15 16 17 18 19 20 21 22 23,beb9bed7897804e6793769f2fd99469614ab47deb2c9eb5b6fde1e0ffc541812,419c0751c5d4cb67542a4de8a3f62b962fbe2254c2144745c3dbb9534e0faedd,95.35461,96.90556,564,success_build,True,True,True,,,
512,0 1 2 11 3 4 5 6 7 8 9 10 12 13 14 15 16 17 18 19 20 21 22 23,f6f3d1dd8ed590b7b4bc90a1baaa9207a2610e7373a379537a3ce4b97ecd6ca6,419c0751c5d4cb67542a4de8a3f62b962fbe2254c2144745c3dbb9534e0faedd,95.35461,96.90556,564,success_build,True,True,True,,,
513,0 1 2 3 11 4 5 6 7 8 9 10 12 13 14 15 16 17 18 19 20 21 22 23,e7c8922b8953b398e06a8c52abb1771b00ea696816a4eec0445e1e613d4f2391,419c0751c5d4cb67542a4de8a3f62b962fbe2254c2144745c3dbb9534e0faedd,95.35461,96.90556,564,success_build,True,True,True,,,
514,0 1 2 3 4 11 5 6 7 8 9 10 12 13 14 15 16 17 18 19 20 21 22 23,aae15c07476ec64e64c57c128ccfe7e4b5e4b463885258dd997a2932a3ee0cf3,419c0751c5d4cb67542a4de8a3f62b962fbe2254c2144745c3dbb9534e0faedd,95.35461,96.90556,564,success_build,True,True,True,,,
515,0 1 2 3 4 5 11 6 7 8 9 10 12 13 14 15 16 17 18 19 20 21 22 23,b44b753bc432e1b5fd3e71577385f5a6d1fc533d20d5471f62b21bb076968e67,419c0751c5d4cb67542a4de8a3f62b962fbe2254c2144745c3dbb9534e0faedd,95.35461,96.90556,564,success_build,True,True,True,,,
516,0 1 2 3 4 5 6 11 7 8 9 10 12 13 14 15 16 17 18 19 20 21 22 23,2a940a8700b944ba9ef0a7a861e7adb4c53de2144e6606c027f791f1b4e4ec02,419c0751c5d4cb67542a4de8a3f62b962fbe2254c2144745c3dbb9534e0faedd,95.35461,96.90556,564,success_build,True,True,True,,,
517,0 1 2 3 4 5 6 7 11 8 9 10 12 13 14 15 16 17 18 19 20 21 22 23,bc5ac2b419a65d1a963adc82cb5bad7602756e981a5a83cae929136e26fda739,419c0751c5d4cb67542a4de8a3f62b962fbe2254c2144745c3dbb9534e0faedd,95.35461,96.90556,564,success_build,True,True,True,,,
518,0 1 2 3 4 5 6 7 8 11 9 10 12 13 14 15 16 17 18 19 20 21 22 23,e003dc4bc9f98b360ebc7b2d57dd82a89f0d9fdc8c709dfdfb9c968066716f19,419c0751c5d4cb67542a4de8a3f62b962fbe2254c2144745c3dbb9534e0faedd,95.35461,96.90556,564,success_build,True,True,True,,,
519,0 1 2 3 4 5 6 7 8 9 10 12 13 11 14 15 16 17 18 19 20 21 22 23,24d3d8afc5ace3e02189cd74940512f150be3a6b59b02dde842a32e1cc523bcb,419c0751c5d4cb67542a4de8a3f62b962fbe2254c2144745c3dbb9534e0faedd,95.35461,96.90556,564,success_build,True,True,True,,,
520,0 1 2 3 4 5 6 7 8 9 10 12 13 14 11 15 16 17 18 19 20 21 22 23,4f92b72793aa6c56205f245b2b66955a72b4bb9ab934a7b32a5f09cdefd86da8,419c0751c5d4cb67542a4de8a3f62b962fbe2254c2144745c3dbb9534e0faedd,95.35461,96.90556,564,success_build,True,True,True,,,
521,0 1 2 3 4 5 6 7 8 9 10 12 13 14 15 11 16 17 18 19 20 21 22 23,1d20e7e59062a3d3afb0f4856097d00177841c4d57b8e5e6306fbfa871f705c8,419c0751c5d4cb67542a4de8a3f62b962fbe2254c2144745c3dbb9534e0faedd,95.35461,96.90556,564,success_build,True,True,True,,,
522,0 1 2 3 4 5 6 7 8 9 10 12 13 14 15 16 11 17 18 19 20 21 22 23,2367a36b3985a845d8131c0b2b0c81917cd99c4219f07950c2559903388fc529,419c0751c5d4cb67542a4de8a3f62b962fbe2254c2144745c3dbb9534e0faedd,95.35461,96.90556,564,success_build,True,True,True,,,
523,0 1 2 3 4 5 6 7 8 9 10 12 13 14 15 16 17 11 18 19 20 21 22 23,144f1dd527ca4760a3223f826280ab20f53a254c9ce4c505c37ff533c7ac6f84,419c0751c5d4cb67542a4de8a3f62b962fbe2254c2144745c3dbb9534e0faedd,95.35461,96.90556,564,success_build,True,True,True,,,
524,0 1 2 3 4 5 6 7 8 9 10 12 13 14 15 16 17 18 11 19 20 21 22 23,fda892d197b13101717142da5620abf7272b16e97143f40bfad89983a0f0d737,419c0751c5d4cb67542a4de8a3f62b962fbe2254c2144745c3dbb9534e0faedd,95.35461,96.90556,564,success_build,True,True,True,,,
525,0 1 2 3 4 5 6 7 8 9 10 12 13 14 15 16 17 18 19 11 20 21 22 23,ee8c28d9679fb7c1ffcc747ba8bf1880e3fa44adf1ab155876e699cf81bcecdd,419c0751c5d4cb67542a4de8a3f62b962fbe2254c2144745c3dbb9534e0faedd,95.35461,96.90556,564,success_build,True,True,True,,,
526,0 1 2 3 4 5 6 7 8 9 10 12 13 14 15 16 17 18 19 20 11 21 22 23,2b432719d8c9f41fc13ea28b089bc063deef30db553e56269d216571c6e364b9,419c0751c5d4cb67542a4de8a3f62b962fbe2254c2144745c3dbb9534e0faedd,95.35461,96.90556,564,success_build,True,True,True,,,
527,0 1 2 3 4 5 6 7 8 9 10 12 13 14 15 16 17 18 19 20 21 11 22 23,5228862d22c6c0c30d42acfee0fc75b82ca929d014a43360c3fc6e6f286ee5f2,419c0751c5d4cb67542a4de8a3f62b962fbe2254c2144745c3dbb9534e0faedd,95.35461,96.90556,564,success_build,True,True,True,,,
528,0 1 2 3 4 5 6 7 8 9 10 12 13 14 15 16 17 18 19 20 21 22 11 23,643c60417c26510b1fae781d60514bb8db284916ef16e108f76b9b785e5c0860,419c0751c5d4cb67542a4de8a3f62b962fbe2254c2144745c3dbb9534e0faedd,95.35461,96.90556,564,success_build,True,True,True,,,
529,0 1 2 3 4 5 6 7 8 9 10 12 13 14 15 16 17 18 19 20 21 22 23 11,b48d8f49559510c9fb66c82c1bbba0264bbe281fe244f7e0cb31199fb56a5860,419c0751c5d4cb67542a4de8a3f62b962fbe2254c2144745c3dbb9534e0faedd,95.35461,96.90556,564,success_build,True,True,True,,,
530,12 0 1 2 3 4 5 6 7 8 9 10 11 13 14 15 16 17 18 19 20 21 22 23,a503dc9851bb35e9e4f74032adf64d847dd25dd06c02a2cc5098e576b0fe37de,b0e5059613cf9f3e1b951601ae507ea91467b97c82a1c0424408dcf6e94cb095,94.56029,96.833115,564,success_build,True,True,False,unit fuzzy loss,,
531,0 12 1 2 3 4 5 6 7 8 9 10 11 13 14 15 16 17 18 19 20 21 22 23,dcf246da34e9f1f1b567365b24372d1adf5c57bb192fb6f9ffc634ddc64089f6,e383f36eee5534bcc0b1122061e6ea98ecca5165fa13b50795fdf9d6b8285f4c,94.80851,96.85576,564,success_build,True,True,False,unit fuzzy loss,,
532,0 1 12 2 3 4 5 6 7 8 9 10 11 13 14 15 16 17 18 19 20 21 22 23,c3e55e68f5b584e8a4b478a15f50c5a06fd052331a3cbc710f609eda724bfb4f,e383f36eee5534bcc0b1122061e6ea98ecca5165fa13b50795fdf9d6b8285f4c,94.80851,96.85576,564,success_build,True,True,False,unit fuzzy loss,,
533,0 1 2 12 3 4 5 6 7 8 9 10 11 13 14 15 16 17 18 19 20 21 22 23,7be4b03cd3b001597d41df93b8d0a1f27dcbbbfc748de227aff30540bda2c8a9,e383f36eee5534bcc0b1122061e6ea98ecca5165fa13b50795fdf9d6b8285f4c,94.80851,96.85576,564,success_build,True,True,False,unit fuzzy loss,,
534,0 1 2 3 12 4 5 6 7 8 9 10 11 13 14 15 16 17 18 19 20 21 22 23,01423f95ba106d081f77f594b0b2060027a1aa24345f9fd29e8f260e0724243b,e383f36eee5534bcc0b1122061e6ea98ecca5165fa13b50795fdf9d6b8285f4c,94.80851,96.85576,564,success_build,True,True,False,unit fuzzy loss,,
535,0 1 2 3 4 12 5 6 7 8 9 10 11 13 14 15 16 17 18 19 20 21 22 23,05859fe1e8d948eb93df2464c7da54866baf9eae721f4e522a466bbc5c84e630,4e98c6bc6a7e6eb3446535dbaeb4f57d8e687bf8ffdcea3a35660be78a5b1c3a,94.77305,96.85252,564,success_build,True,True,False,unit fuzzy loss,,
536,0 1 2 3 4 5 12 6 7 8 9 10 11 13 14 15 16 17 18 19 20 21 22 23,fa1e66db7183633006e8c1d9007f9606d4dbd76999c338756cce7cb6e47ee1f5,1b55751a9782c093d259ce7c82a9450ac7f987ad6860345acd784c2861ce9ad0,94.77305,96.85252,564,success_build,True,True,False,unit fuzzy loss,,
537,0 1 2 3 4 5 6 12 7 8 9 10 11 13 14 15 16 17 18 19 20 21 22 23,c729fafabc7f51368d683dd2afd703529de1685cd08e45fa4b73e8a2ffd8e3aa,74e679d8fd467d02711e44efdf744a5d8ff4bd26d34905c6475b2946d9beab03,94.77305,96.85252,564,success_build,True,True,False,unit fuzzy loss,,
538,0 1 2 3 4 5 6 7 12 8 9 10 11 13 14 15 16 17 18 19 20 21 22 23,c0815ddae6bb2aaad7bf022d4604f03a76eb4a9aea40aed1bf9ae194000c8b11,74e679d8fd467d02711e44efdf744a5d8ff4bd26d34905c6475b2946d9beab03,94.77305,96.85252,564,success_build,True,True,False,unit fuzzy loss,,
539,0 1 2 3 4 5 6 7 8 12 9 10 11 13 14 15 16 17 18 19 20 21 22 23,ed3ca50c1447359ae89157fa94994756c987cb422124a3349fce800365210e20,a54dc6d60757669f239bd537b1e65a1a194e6dc90ec9e31ce4d9baac3a19048d,94.87943,96.86223,564,success_build,True,True,False,unit fuzzy loss,,
540,0 1 2 3 4 5 6 7 8 9 12 10 11 13 14 15 16 17 18 19 20 21 22 23,775af71707215cc1c1982fb72507c2bfa56b98b54a3afcd79a1628b842060c61,419c0751c5d4cb67542a4de8a3f62b962fbe2254c2144745c3dbb9534e0faedd,95.35461,96.90556,564,success_build,True,True,True,,,
541,0 1 2 3 4 5 6 7 8 9 10 11 13 14 12 15 16 17 18 19 20 21 22 23,0e3e0d4651936eaf8f5ef7f9ca3f597d97c6c45e88b00e05b50fe3fd36d544c8,1fa18136dbcb7dcf0b5eeac5356ef10cd3d445d85badfc081c0fb6aeee54bba7,94.57447,96.83441,564,success_build,True,True,False,unit fuzzy loss,,
542,0 1 2 3 4 5 6 7 8 9 10 11 13 14 15 12 16 17 18 19 20 21 22 23,5db12bc1f2e963a11021242489d51e88d691e5b74068b76da6521bf91df62856,272f4cf6f4a7ba67492f9c854be00da38f78b0b3b605436cab0fe58b6d6fa359,94.46809,96.82471,564,success_build,True,True,False,unit fuzzy loss,,
543,0 1 2 3 4 5 6 7 8 9 10 11 13 14 15 16 12 17 18 19 20 21 22 23,761af1db84de716d7fd16756cbffb015197293abab578f42e32c00184a3f1f16,88abe087947d3e6d9c125e4e88cdf85c150f8ff0e3941be4a714d5dd2388779e,94.46809,96.82471,564,success_build,True,True,False,unit fuzzy loss,,
544,0 1 2 3 4 5 6 7 8 9 10 11 13 14 15 16 17 12 18 19 20 21 22 23,67682b3c3df5084be4eac41eea1f335e2e253c99edbd1943d62d1d969cf65b5e,cafeec06c3343f8730601b53061f085f004b4d56dcb25420225f5c252a98aa70,94.39716,96.81824,564,success_build,True,True,False,unit fuzzy loss,,
545,0 1 2 3 4 5 6 7 8 9 10 11 13 14 15 16 17 18 12 19 20 21 22 23,0faff20c2052272d615f7580b3ba782b739c7b41eabfcb3041ff4d93229641e0,cafeec06c3343f8730601b53061f085f004b4d56dcb25420225f5c252a98aa70,94.39716,96.81824,564,success_build,True,True,False,unit fuzzy loss,,
546,0 1 2 3 4 5 6 7 8 9 10 11 13 14 15 16 17 18 19 12 20 21 22 23,50c6285bb31a97b59e34740c8b18b686e65aa359e80109db1bc1638d7fb6e3d3,2ea05ab3bbcb178bd1d105871a484d0fa8db452ae70dae45290e5f6eb8202931,94.29078,96.80854,564,success_build,True,True,False,unit fuzzy loss,,
547,0 1 2 3 4 5 6 7 8 9 10 11 13 14 15 16 17 18 19 20 12 21 22 23,f49d714414d4655eaf47e510bdb1866bd1344d273b399d6b697a1063ab7187d3,b94003148d5485ea4d7ed0c4ea2442b54ce10a9b63144cf6adad984b223ce91a,94.11347,96.792366,564,success_build,True,True,False,unit fuzzy loss,,
548,0 1 2 3 4 5 6 7 8 9 10 11 13 14 15 16 17 18 19 20 21 12 22 23,f8c43920de27f825c09be0f90cf4b533bc2ae1227b9453e8738cc14109963f89,bee835baaf2971984ad12b455511e49a89c2f88ab2aaee14b3a6f6e6160f9ad8,93.79433,96.76326,564,success_build,True,True,False,unit fuzzy loss,,
549,0 1 2 3 4 5 6 7 8 9 10 11 13 14 15 16 17 18 19 20 21 22 12 23,b23fca98d007dc8da7cc2dca23724ed025aa3b20dae56f0c0db691f5bf3437c0,bee835baaf2971984ad12b455511e49a89c2f88ab2aaee14b3a6f6e6160f9ad8,93.79433,96.76326,564,success_build,True,True,False,unit fuzzy loss,,
550,0 1 2 3 4 5 6 7 8 9 10 11 13 14 15 16 17 18 19 20 21 22 23 12,a0d889b2d7e618516a781594447cdb3a5be96358cfe09626660ac9ac0c8c985d,bee835baaf2971984ad12b455511e49a89c2f88ab2aaee14b3a6f6e6160f9ad8,93.79433,96.76326,564,success_build,True,True,False,unit fuzzy loss,,
551,13 0 1 2 3 4 5 6 7 8 9 10 11 12 14 15 16 17 18 19 20 21 22 23,dc472440f505c305ed1ebd60c463832b303cb1a083e9572bda01de29b7bcc178,05660a617fe4b10398fe05e65a40b5cbd4ffb8758496174a6b8ac135c8ab007f,92.78723,96.67141,564,success_build,True,True,False,unit fuzzy loss,,
552,0 13 1 2 3 4 5 6 7 8 9 10 11 12 14 15 16 17 18 19 20 21 22 23,3e82964de0c493a98148679c6b69ede1bd371cb58308904dede57eb9fdce2f67,180a290b6f8066887bcab7c03131d542d22fe5ecbe8bd8433b41ec6ba87239ed,93.03546,96.694046,564,success_build,True,True,False,unit fuzzy loss,,
553,0 1 13 2 3 4 5 6 7 8 9 10 11 12 14 15 16 17 18 19 20 21 22 23,79bade571fbb17bc396b76f99b643535b9fdc84292f8f110ce8d35a5fe41c652,180a290b6f8066887bcab7c03131d542d22fe5ecbe8bd8433b41ec6ba87239ed,93.03546,96.694046,564,success_build,True,True,False,unit fuzzy loss,,
554,0 1 2 13 3 4 5 6 7 8 9 10 11 12 14 15 16 17 18 19 20 21 22 23,69ba41bae4eae101509c1451b38a8b02e3ad0bd680b0721df60c74863eb65ff5,180a290b6f8066887bcab7c03131d542d22fe5ecbe8bd8433b41ec6ba87239ed,93.03546,96.694046,564,success_build,True,True,False,unit fuzzy loss,,
555,0 1 2 3 13 4 5 6 7 8 9 10 11 12 14 15 16 17 18 19 20 21 22 23,49da5ba8df29bb5e160cd84a3b62c1e6b906d2492761306d6aeac8aa1ccafdf2,180a290b6f8066887bcab7c03131d542d22fe5ecbe8bd8433b41ec6ba87239ed,93.03546,96.694046,564,success_build,True,True,False,unit fuzzy loss,,
556,0 1 2 3 4 13 5 6 7 8 9 10 11 12 14 15 16 17 18 19 20 21 22 23,0ca0e7929f19c001bc5be9a3c974ee67a27ffde76a86057e74754b441bcca9d6,bcff4759e6c2612e6ce1badf5a14d9448194c53c60ce14ecab7cfba97f27dcc8,94.51773,96.82924,564,success_build,True,True,False,unit fuzzy loss,,
557,0 1 2 3 4 5 13 6 7 8 9 10 11 12 14 15 16 17 18 19 20 21 22 23,fe75cfcadb1f467b5429479ee5ccaf942b757615efe6d28579b63db87c3cf502,3d1f7fd81bb9fe75371b286c34f9c2ebf0fc66475cf717649a6cff3dd2487466,94.51773,96.82924,564,success_build,True,True,False,unit fuzzy loss,,
558,0 1 2 3 4 5 6 13 7 8 9 10 11 12 14 15 16 17 18 19 20 21 22 23,32cfbf87c8284b1808cc2c8fc8a365061bdd44cea4891efe2c0ce5ce76ed6ec3,89c7529c8961fb1deafc3e5c95d317669a420dc67150e911ac955da4ca38e000,94.51773,96.82924,564,success_build,True,True,False,unit fuzzy loss,,
559,0 1 2 3 4 5 6 7 13 8 9 10 11 12 14 15 16 17 18 19 20 21 22 23,9c31c0e8b2d1fc55a218a9fafb3db87b25f45cea13b8d50995122d5ad132c33a,89c7529c8961fb1deafc3e5c95d317669a420dc67150e911ac955da4ca38e000,94.51773,96.82924,564,success_build,True,True,False,unit fuzzy loss,,
560,0 1 2 3 4 5 6 7 8 13 9 10 11 12 14 15 16 17 18 19 20 21 22 23,9edb480951249b72102ede5148ce7038d4d9c5093f17ac77e3b5ea2f2ab497a6,a0986adde550448bb1ed608e023e5d34fb5f1df49e202110312a47efbe2d8537,94.624115,96.838936,564,success_build,True,True,False,unit fuzzy loss,,
561,0 1 2 3 4 5 6 7 8 9 13 10 11 12 14 15 16 17 18 19 20 21 22 23,c3f8a2418383ccfcf13bf7960b700ce2d127587a36a9fefa60d09a91bd0e5992,93d498c3ccd3c9b9f21e85923033c503360815213d3b7f8bb3829b31ea69ea0a,94.78723,96.85381,564,success_build,True,True,False,unit fuzzy loss,,
562,0 1 2 3 4 5 6 7 8 9 10 13 11 12 14 15 16 17 18 19 20 21 22 23,514b493881969a2fb752af7aa3f2b83898f96f12cab6d034b9c71ff92edd4ef2,93d498c3ccd3c9b9f21e85923033c503360815213d3b7f8bb3829b31ea69ea0a,94.78723,96.85381,564,success_build,True,True,False,unit fuzzy loss,,
563,0 1 2 3 4 5 6 7 8 9 10 11 12 14 15 13 16 17 18 19 20 21 22 23,fb92fab8377c9819d1420a6f13e5cfe7aec9ac06c55f5c98ef8b4a51be8700ae,1c93fe9d8efc35e42c30e7aa0b640d3db07068e30c6b94cba01b056b46de368e,94.75177,96.850586,564,success_build,True,True,False,unit fuzzy loss,,
564,0 1 2 3 4 5 6 7 8 9 10 11 12 14 15 16 13 17 18 19 20 21 22 23,32e05287510dbe1c6872c4fe4abb3ffefb389d4298f0b08cced52d0dda9b4e52,ca57a4a810eeef444179644aa3a8f6bcacfe780178d00c114c7833ec615401aa,94.75177,96.850586,564,success_build,True,True,False,unit fuzzy loss,,
565,0 1 2 3 4 5 6 7 8 9 10 11 12 14 15 16 17 13 18 19 20 21 22 23,05de2e1d4781e67c77adec9d30342eabb6870297ebe341e413aea1c109818056,548a2376012340d1cca7e11d415ba93537d700bf3afa1be5f977d59bfacb5423,94.680855,96.84412,564,success_build,True,True,False,unit fuzzy loss,,
566,0 1 2 3 4 5 6 7 8 9 10 11 12 14 15 16 17 18 13 19 20 21 22 23,3484bc898dfa46e93cd8a7c643b7f1da7faea71efa1574faa6111b45e6689fe7,548a2376012340d1cca7e11d415ba93537d700bf3afa1be5f977d59bfacb5423,94.680855,96.84412,564,success_build,True,True,False,unit fuzzy loss,,
567,0 1 2 3 4 5 6 7 8 9 10 11 12 14 15 16 17 18 19 13 20 21 22 23,d3e68286465f0a02b39aa6be69dcf00de8ea7a7099503a60a14520f45b01e084,04160f41d5f45be9f0fad7622f19f6f7d0f28847da4d9bb14af75126b8fb7ab5,94.57447,96.83441,564,success_build,True,True,False,unit fuzzy loss,,
568,0 1 2 3 4 5 6 7 8 9 10 11 12 14 15 16 17 18 19 20 13 21 22 23,e295ae132d4110c3b93f57c6e3139c86a635b0b49cd0f352acf2503ce4bf653e,456522167a3e98d79eb17638379a9af1a540525e196e7a8dcf2e755ecb1a0d5b,94.39716,96.81824,564,success_build,True,True,False,unit fuzzy loss,,
569,0 1 2 3 4 5 6 7 8 9 10 11 12 14 15 16 17 18 19 20 21 13 22 23,011d6c3358890d23fc4fec8f2badbd5557f735b48380d23cc9aec7c49f6dd60e,f54ec2eecff7ea2203e4d363601b01ca1f277d198d4e30cf444eb48420711486,94.07801,96.78913,564,success_build,True,True,False,unit fuzzy loss,,
570,0 1 2 3 4 5 6 7 8 9 10 11 12 14 15 16 17 18 19 20 21 22 13 23,e28961fd56e8264d8fa4e9b2c8549aa514298facf1ad3154f388558aa2fbde23,f54ec2eecff7ea2203e4d363601b01ca1f277d198d4e30cf444eb48420711486,94.07801,96.78913,564,success_build,True,True,False,unit fuzzy loss,,
571,0 1 2 3 4 5 6 7 8 9 10 11 12 14 15 16 17 18 19 20 21 22 23 13,10184cba61eedf53ce1f4cd209ba39998474ad83d48be7bc55f68b6ba761b58f,f54ec2eecff7ea2203e4d363601b01ca1f277d198d4e30cf444eb48420711486,94.07801,96.78913,564,success_build,True,True,False,unit fuzzy loss,,
572,14 0 1 2 3 4 5 6 7 8 9 10 11 12 13 15 16 17 18 19 20 21 22 23,ae42959d7916fe806781cb658968565129aeb5d9623b7d86ef1fe98b01cbab00,e0cd5f63de9daf3d3ee95793d946ce5c054b4f7d04e8235b5bdd7bc28a67c552,92.71631,96.66494,564,success_build,True,True,False,unit fuzzy loss,,
573,0 14 1 2 3 4 5 6 7 8 9 10 11 12 13 15 16 17 18 19 20 21 22 23,471d39e109f891a3a452ad7b48178d48fcd6dd2d4a880f0113adb965b1329756,956ecd7592045271d0212cd354e23e69c0877898f94eb3f45acab8a44d6018ba,92.82269,96.674644,564,success_build,True,True,False,unit fuzzy loss,,
574,0 1 14 2 3 4 5 6 7 8 9 10 11 12 13 15 16 17 18 19 20 21 22 23,e739e3c0b41f5b491dc10e333f1a48cda248e4c2f4b2ec0ef37d68045fbb804e,956ecd7592045271d0212cd354e23e69c0877898f94eb3f45acab8a44d6018ba,92.82269,96.674644,564,success_build,True,True,False,unit fuzzy loss,,
575,0 1 2 14 3 4 5 6 7 8 9 10 11 12 13 15 16 17 18 19 20 21 22 23,49f0dce5b4307993f92f88e65966795eecf838bbe5acd7bb04744857d85be5b5,956ecd7592045271d0212cd354e23e69c0877898f94eb3f45acab8a44d6018ba,92.82269,96.674644,564,success_build,True,True,False,unit fuzzy loss,,
576,0 1 2 3 14 4 5 6 7 8 9 10 11 12 13 15 16 17 18 19 20 21 22 23,e037c38864c17ecb5cb164390f2fc3587060c357f9fbb19e3da396249a371fe1,956ecd7592045271d0212cd354e23e69c0877898f94eb3f45acab8a44d6018ba,92.82269,96.674644,564,success_build,True,True,False,unit fuzzy loss,,
577,0 1 2 3 4 14 5 6 7 8 9 10 11 12 13 15 16 17 18 19 20 21 22 23,4cde7ad3915bcb8565b2df5d63de48ea5537816cfa489124dff422ee32bf6cb8,f5c995ee224fe9d66c437793d8618e01879f47f68660f2515e53bc285923c220,92.92908,96.68435,564,success_build,True,True,False,unit fuzzy loss,,
578,0 1 2 3 4 5 14 6 7 8 9 10 11 12 13 15 16 17 18 19 20 21 22 23,132917db3fdda69c80a0d30fdb5b611ca7e712bdb02e8f25deeffe8d8eb83f98,439b84e2f59a07fb5baf4ae58d0b9fbc4a24c909ac54046534bb798bb65069eb,92.92908,96.68435,564,success_build,True,True,False,unit fuzzy loss,,
579,0 1 2 3 4 5 6 14 7 8 9 10 11 12 13 15 16 17 18 19 20 21 22 23,42b6eae5c0e0bf40e956feda7d09736fa9b4e6a3190b88921c441b09958fe4bb,0731e386363a8aca33a06ef2f85e9e0459bb0d6e6ce9546a904ded75038f808e,92.92908,96.68435,564,success_build,True,True,False,unit fuzzy loss,,
580,0 1 2 3 4 5 6 7 14 8 9 10 11 12 13 15 16 17 18 19 20 21 22 23,ff571e28026f88aeb0379f17d6659d34f39f50b511b65652c0fbbae9fa19e7f7,0731e386363a8aca33a06ef2f85e9e0459bb0d6e6ce9546a904ded75038f808e,92.92908,96.68435,564,success_build,True,True,False,unit fuzzy loss,,
581,0 1 2 3 4 5 6 7 8 14 9 10 11 12 13 15 16 17 18 19 20 21 22 23,350d0dd15842736c984d0176e953ce03e4ef75708eb65ceb37bff6fc4729886c,2d6f181c231ab73b3735d2253e1f5328daaffcbb92d074abe1240778b8aee7de,93.0,96.69082,564,success_build,True,True,False,unit fuzzy loss,,
582,0 1 2 3 4 5 6 7 8 9 14 10 11 12 13 15 16 17 18 19 20 21 22 23,6b106dc8da65845168360a4c1d6d7293088ce15171c8a8831eeaf7f1010d89dd,e0a82683718516c3f28e396e61ec9b10c0c4ce5caa81113b64429dd208b3ff40,94.57447,96.83441,564,success_build,True,True,False,unit fuzzy loss,,
583,0 1 2 3 4 5 6 7 8 9 10 14 11 12 13 15 16 17 18 19 20 21 22 23,f0a1891995f681a94bff38aa6f1b9f9083ad3df5541d34e41d92c13106d80139,e0a82683718516c3f28e396e61ec9b10c0c4ce5caa81113b64429dd208b3ff40,94.57447,96.83441,564,success_build,True,True,False,unit fuzzy loss,,
584,0 1 2 3 4 5 6 7 8 9 10 11 14 12 13 15 16 17 18 19 20 21 22 23,31da2b6de03626bfb83d6de57126fac9e1d1816c860b2d1ab8232481a5a7bdc0,e0a82683718516c3f28e396e61ec9b10c0c4ce5caa81113b64429dd208b3ff40,94.57447,96.83441,564,success_build,True,True,False,unit fuzzy loss,,
585,0 1 2 3 4 5 6 7 8 9 10 11 12 13 15 16 14 17 18 19 20 21 22 23,31109beb67a8607030e0f32db51928bf1ccc7838028519132129f1a5d0a9a523,6a73a0fc1f3ca51f4957397475325b6cc0ef300eb982e8d6630794b830dd24d9,95.03546,96.87646,564,success_build,True,True,False,unit fuzzy loss,,
586,0 1 2 3 4 5 6 7 8 9 10 11 12 13 15 16 17 14 18 19 20 21 22 23,f639660c99ea0d068d1bab3560201fb2b6869fa8e0d85ace47cadb57293995a0,a2ce2a58d8bf131fd3717131498ba98138c095a38aa85d843b694586abb3bbf2,94.96454,96.86999,564,success_build,True,True,False,unit fuzzy loss,,
587,0 1 2 3 4 5 6 7 8 9 10 11 12 13 15 16 17 18 14 19 20 21 22 23,5daf256859c6e723d7c57881eceaf338eba661edd98d584580c62f9822064982,a2ce2a58d8bf131fd3717131498ba98138c095a38aa85d843b694586abb3bbf2,94.96454,96.86999,564,success_build,True,True,False,unit fuzzy loss,,
588,0 1 2 3 4 5 6 7 8 9 10 11 12 13 15 16 17 18 19 14 20 21 22 23,e3e0a2a0dae11cbe86f7e83ef8c2f76e4115b8e205f5ea0a9645301c7d7f876f,33798493701fcc084a2fb192154f7c4c672317217910813bae5182ba64a1e69f,94.858154,96.86028,564,success_build,True,True,False,unit fuzzy loss,,
589,0 1 2 3 4 5 6 7 8 9 10 11 12 13 15 16 17 18 19 20 14 21 22 23,bd93059f213adea3b2175673b800bd9fecbfd5b29601d8937d3dedb9f3b60f24,66b0469f0ec428062a5bda70fe59288e0d1a1d80f95fb65bc332aebb6d094efa,94.680855,96.84412,564,success_build,True,True,False,unit fuzzy loss,,
590,0 1 2 3 4 5 6 7 8 9 10 11 12 13 15 16 17 18 19 20 21 14 22 23,6737b6afba0b711a45caf7a885431afc6ebd82dc19eca22b2eb561159bc97411,afd94cd43f51ad879f597bc8f507a81ca450b9fda18f20fae84b22ba5c776538,94.3617,96.81501,564,success_build,True,True,False,unit fuzzy loss,,
591,0 1 2 3 4 5 6 7 8 9 10 11 12 13 15 16 17 18 19 20 21 22 14 23,70e87bee83ee60219958a251e63fb08c17afce51a46b54fccf4c18d4a1b7a1f4,afd94cd43f51ad879f597bc8f507a81ca450b9fda18f20fae84b22ba5c776538,94.3617,96.81501,564,success_build,True,True,False,unit fuzzy loss,,
592,0 1 2 3 4 5 6 7 8 9 10 11 12 13 15 16 17 18 19 20 21 22 23 14,32521e877e4f3dfe8272640a4b0c74e3aa70d9f5feee31347b58fdec711e3b48,afd94cd43f51ad879f597bc8f507a81ca450b9fda18f20fae84b22ba5c776538,94.3617,96.81501,564,success_build,True,True,False,unit fuzzy loss,,
593,15 0 1 2 3 4 5 6 7 8 9 10 11 12 13 14 16 17 18 19 20 21 22 23,41c2da8b6b938dc63bc9b9dd281266eced1a319499d76195a10aec98d1fe9f37,ac4e8daafad1e3f7ba68c059a11a3907b6a923284a3b24265eaf1581f0fa1eaa,92.53901,96.64877,564,success_build,True,True,False,unit fuzzy loss,,
594,0 15 1 2 3 4 5 6 7 8 9 10 11 12 13 14 16 17 18 19 20 21 22 23,ac8fa34d4b827390886464340a4d1fda15d6d57bc3988b04e632b78c162890c4,badd8c05748579dece5bda4e6b6da33a12bb0b5bbaa333ed70307e45b82c98b7,92.71631,96.66494,564,success_build,True,True,False,unit fuzzy loss,,
595,0 1 15 2 3 4 5 6 7 8 9 10 11 12 13 14 16 17 18 19 20 21 22 23,32fe7f209bbf47044094ab534fb0b28c85336c15722dc514b44f106ac5982d6a,badd8c05748579dece5bda4e6b6da33a12bb0b5bbaa333ed70307e45b82c98b7,92.71631,96.66494,564,success_build,True,True,False,unit fuzzy loss,,
596,0 1 2 15 3 4 5 6 7 8 9 10 11 12 13 14 16 17 18 19 20 21 22 23,dff039b94549bbaa9dd7f443e839d29ebedb5b5ba7d8fc6325617d68dfc919b4,badd8c05748579dece5bda4e6b6da33a12bb0b5bbaa333ed70307e45b82c98b7,92.71631,96.66494,564,success_build,True,True,False,unit fuzzy loss,,
597,0 1 2 3 15 4 5 6 7 8 9 10 11 12 13 14 16 17 18 19 20 21 22 23,19eec838a2dad8a399959a640322dade953de2ab37c53945925dc994862ec219,badd8c05748579dece5bda4e6b6da33a12bb0b5bbaa333ed70307e45b82c98b7,92.71631,96.66494,564,success_build,True,True,False,unit fuzzy loss,,
598,0 1 2 3 4 15 5 6 7 8 9 10 11 12 13 14 16 17 18 19 20 21 22 23,bf9a399346bad5080f90ee2195d56241f80a2f85d3d86f7c6b50d5945f69f94e,b23b52c3ae5232b48d8098b6a396eb9bc017dc44831bd89771b206ec049ac4a9,92.82269,96.674644,564,success_build,True,True,False,unit fuzzy loss,,
599,0 1 2 3 4 5 15 6 7 8 9 10 11 12 13 14 16 17 18 19 20 21 22 23,b619bf6a9887e09a93d48b6f23514a6d19c0713c568940dfa3723612d9e60814,b82f8638e09c0eef985579f8259d11ae668293c1b94ef941f744e21a1f71ce87,92.82269,96.674644,564,success_build,True,True,False,unit fuzzy loss,,
600,0 1 2 3 4 5 6 15 7 8 9 10 11 12 13 14 16 17 18 19 20 21 22 23,8a159cface5804e9028bd62814c9d9ec4111d2bf1686cfcc6745260648b62b14,029e4075ea64c69da1c33a0387dbf769268bc6999d031814625ef035615c42d4,92.82269,96.674644,564,success_build,True,True,False,unit fuzzy loss,,
601,0 1 2 3 4 5 6 7 15 8 9 10 11 12 13 14 16 17 18 19 20 21 22 23,300f06a126e42072b1ed159be2076a860e018f98d37885ed617bd505388fce92,029e4075ea64c69da1c33a0387dbf769268bc6999d031814625ef035615c42d4,92.82269,96.674644,564,success_build,True,True,False,unit fuzzy loss,,
602,0 1 2 3 4 5 6 7 8 15 9 10 11 12 13 14 16 17 18 19 20 21 22 23,b23e202f6ef29fe8f32ee9d805d0df633f5b30f2a7a2581950116dcd7de65163,558240f3e4fffc384fb570553b34f69b6211cb9aa326217d693df1413a86c7fe,92.893616,96.681114,564,success_build,True,True,False,unit fuzzy loss,,
603,0 1 2 3 4 5 6 7 8 9 15 10 11 12 13 14 16 17 18 19 20 21 22 23,7fb757286207d1f0a48c387c69f2dd44a6f77be0fb22352e6b39fbb6bf2183ee,71a5af9b435046c6987256f4f8da65d477c76fad65bf4926a21aabd8d4a06d36,94.46809,96.82471,564,success_build,True,True,False,unit fuzzy loss,,
604,0 1 2 3 4 5 6 7 8 9 10 15 11 12 13 14 16 17 18 19 20 21 22 23,78a7329d4d7ba587176fb4a04653dd90c6c66c15aa0b9f69c349acb4aa0e7717,71a5af9b435046c6987256f4f8da65d477c76fad65bf4926a21aabd8d4a06d36,94.46809,96.82471,564,success_build,True,True,False,unit fuzzy loss,,
605,0 1 2 3 4 5 6 7 8 9 10 11 15 12 13 14 16 17 18 19 20 21 22 23,70861990110e6932dc1c7306efcac88db437a7fa44cb792aad508fde20985e20,71a5af9b435046c6987256f4f8da65d477c76fad65bf4926a21aabd8d4a06d36,94.46809,96.82471,564,success_build,True,True,False,unit fuzzy loss,,
606,0 1 2 3 4 5 6 7 8 9 10 11 12 15 13 14 16 17 18 19 20 21 22 23,397bfe4c558e570631bf866b7bc89ad0e790a4d7796a62e5c3b18472d9132a2f,3e7c705801b62aa1ae9b80b1d4aaafd32b79f644256e126641d12a339179fe9a,94.75177,96.850586,564,success_build,True,True,False,unit fuzzy loss,,
607,0 1 2 3 4 5 6 7 8 9 10 11 12 13 14 16 17 15 18 19 20 21 22 23,279154e0e3847f318b30c014632fc9bce7f9efea85ff846fa0c56137482a40a9,37c2a8ce7afb6a7ed94fbd6ef110d5bd09c0c1b4ac06264c7461abcbea0274b9,95.17731,96.88939,564,success_build,True,True,False,unit fuzzy loss,,
608,0 1 2 3 4 5 6 7 8 9 10 11 12 13 14 16 17 18 15 19 20 21 22 23,fa8212963fb31b1e347ebcef7641a350a67b75cd5e45a678444692ae043e02a8,37c2a8ce7afb6a7ed94fbd6ef110d5bd09c0c1b4ac06264c7461abcbea0274b9,95.17731,96.88939,564,success_build,True,True,False,unit fuzzy loss,,
609,0 1 2 3 4 5 6 7 8 9 10 11 12 13 14 16 17 18 19 15 20 21 22 23,56894a06aa7917bb670447db38dae7c12c43c192ef5653cadfaddc31da99af27,503c9b698a6ac79b29636ba5c102a0495cd155230f03e4897e4acbeb814fc46b,95.07092,96.87969,564,success_build,True,True,False,unit fuzzy loss,,
610,0 1 2 3 4 5 6 7 8 9 10 11 12 13 14 16 17 18 19 20 15 21 22 23,8f19107387dd008aa2b8f3b1c42c371e5474b381e9c69cae89a46b53f47e8657,967522b86fa376ab9e6bf4f9318e0aa2d5dc63349bdbfeba21ab7f9976cfc90e,94.893616,96.86352,564,success_build,True,True,False,unit fuzzy loss,,
611,0 1 2 3 4 5 6 7 8 9 10 11 12 13 14 16 17 18 19 20 21 15 22 23,0c59eafd56027a2744eac30a5c4b2c9e9c9dfb31787716fccf9c5644307dce4b,55b5716d9467c3d531e380bae80b0afa8d5002576ea1c3af988f6729c745402f,94.57447,96.83441,564,success_build,True,True,False,unit fuzzy loss,,
612,0 1 2 3 4 5 6 7 8 9 10 11 12 13 14 16 17 18 19 20 21 22 15 23,53e4c59c86e7a825dd97947d9ec684add49452f9076072ac1786786b1d79237e,55b5716d9467c3d531e380bae80b0afa8d5002576ea1c3af988f6729c745402f,94.57447,96.83441,564,success_build,True,True,False,unit fuzzy loss,,
613,0 1 2 3 4 5 6 7 8 9 10 11 12 13 14 16 17 18 19 20 21 22 23 15,943e10d487891f6bfe4ff14cc17f634dc431f3e12ba3e1e04f0897f44b255de4,55b5716d9467c3d531e380bae80b0afa8d5002576ea1c3af988f6729c745402f,94.57447,96.83441,564,success_build,True,True,False,unit fuzzy loss,,
614,16 0 1 2 3 4 5 6 7 8 9 10 11 12 13 14 15 17 18 19 20 21 22 23,5b2fbc3daa316f02771346b525c2eaf4c5d0a6d16fd8f451a68b41334d38dfd5,578bf87adb2173db03f573f5f4037316533c5e99f183546a643558bfb80ac1ad,92.53901,96.64877,564,success_build,True,True,False,unit fuzzy loss,,
615,0 16 1 2 3 4 5 6 7 8 9 10 11 12 13 14 15 17 18 19 20 21 22 23,ec449a6468be7678d73543c71f337d6d60c3d22a29adf94aa98bea97467c23ca,1e0081574ffc11539906556b0ec85735aafd8337104b9c46b2cf75dc6a4de5a5,92.71631,96.66494,564,success_build,True,True,False,unit fuzzy loss,,
616,0 1 16 2 3 4 5 6 7 8 9 10 11 12 13 14 15 17 18 19 20 21 22 23,7f79b42cf52e0d603ccd379d633b6c8fd67cf8f453d5e7ec9b143823cd2c8976,1e0081574ffc11539906556b0ec85735aafd8337104b9c46b2cf75dc6a4de5a5,92.71631,96.66494,564,success_build,True,True,False,unit fuzzy loss,,
617,0 1 2 16 3 4 5 6 7 8 9 10 11 12 13 14 15 17 18 19 20 21 22 23,4121a5abb0248786ebbf76b8fb1a9439540ad78ec94db6e49c5a9f983b7a0dca,1e0081574ffc11539906556b0ec85735aafd8337104b9c46b2cf75dc6a4de5a5,92.71631,96.66494,564,success_build,True,True,False,unit fuzzy loss,,
618,0 1 2 3 16 4 5 6 7 8 9 10 11 12 13 14 15 17 18 19 20 21 22 23,a6830b35086c37a2c46cf086b158a52b8fc14ae2f0f688787dbcd32412d90df0,1e0081574ffc11539906556b0ec85735aafd8337104b9c46b2cf75dc6a4de5a5,92.71631,96.66494,564,success_build,True,True,False,unit fuzzy loss,,
619,0 1 2 3 4 16 5 6 7 8 9 10 11 12 13 14 15 17 18 19 20 21 22 23,b44dff8ff47668654043bfe89600d599f3f45de38c9398a9932d721821ca8d7e,a840afbf2d752419b84a0f9e91e20970d54ba11041d59c9a0dc292f71676f898,92.82269,96.674644,564,success_build,True,True,False,unit fuzzy loss,,
620,0 1 2 3 4 5 16 6 7 8 9 10 11 12 13 14 15 17 18 19 20 21 22 23,f1ea3b9b88d2f4b92ba837af13a90cbd93b8e7318553c0fb67576b73a27092c1,24ba54e720850f694792c5612d2a81c36bf1681fccbcf9aebf4d951c29c09093,92.82269,96.674644,564,success_build,True,True,False,unit fuzzy loss,,
621,0 1 2 3 4 5 6 16 7 8 9 10 11 12 13 14 15 17 18 19 20 21 22 23,857df70acb92d6459e68c79031a65b375ac3a38e71d8971dc6849707e424b22b,17a16f833dcb834c6adebf93e2ce7e5b0fc6aaee675a40d3cfc8de81ecbadc24,92.82269,96.674644,564,success_build,True,True,False,unit fuzzy loss,,
622,0 1 2 3 4 5 6 7 16 8 9 10 11 12 13 14 15 17 18 19 20 21 22 23,501fa05b1c5872ef509f1adc622caa22a77f9220ce8ea60946b1fa8115c67eb5,17a16f833dcb834c6adebf93e2ce7e5b0fc6aaee675a40d3cfc8de81ecbadc24,92.82269,96.674644,564,success_build,True,True,False,unit fuzzy loss,,
623,0 1 2 3 4 5 6 7 8 16 9 10 11 12 13 14 15 17 18 19 20 21 22 23,3b42718cfdbd1a807e7eb8e09b3219adf5594e642b5bfed8e688e10633929d85,20ea79731c875653e1b6fbcaeb940247c314480af25745df15944487014b9123,92.893616,96.681114,564,success_build,True,True,False,unit fuzzy loss,,
624,0 1 2 3 4 5 6 7 8 9 16 10 11 12 13 14 15 17 18 19 20 21 22 23,84610d5397db1169f8609566130b3453f50e6bc7770f846ae6991bf85c17ca08,d89e923ad4d3476bb5045a5438fa4eb546134e2e24d22dacd47ffaba966813eb,94.46809,96.82471,564,success_build,True,True,False,unit fuzzy loss,,
625,0 1 2 3 4 5 6 7 8 9 10 16 11 12 13 14 15 17 18 19 20 21 22 23,16347de144643cc9e85147ac452bd63677a3e54d92b107d90cca3cbe5adc6ed6,d89e923ad4d3476bb5045a5438fa4eb546134e2e24d22dacd47ffaba966813eb,94.46809,96.82471,564,success_build,True,True,False,unit fuzzy loss,,
626,0 1 2 3 4 5 6 7 8 9 10 11 16 12 13 14 15 17 18 19 20 21 22 23,d0faf889e936aa7f8cec98deb83029e449437ba4c756ad8368ffb093bc21b1b7,d89e923ad4d3476bb5045a5438fa4eb546134e2e24d22dacd47ffaba966813eb,94.46809,96.82471,564,success_build,True,True,False,unit fuzzy loss,,
627,0 1 2 3 4 5 6 7 8 9 10 11 12 16 13 14 15 17 18 19 20 21 22 23,6c9e7e00848378f62a52a69a8845b7708d190b019e27b92035a56224d7b3adc1,b30c0202739d9f5dded3f7138f863ce19b3a36754d98960064c4cb9e90309f69,94.75177,96.850586,564,success_build,True,True,False,unit fuzzy loss,,
628,0 1 2 3 4 5 6 7 8 9 10 11 12 13 16 14 15 17 18 19 20 21 22 23,e3cd28cc0905397548c870802286fdd540ff705a248b6d7046ccac22c5f1f081,ef841d6bf2cf98853fed6f0025bcd8705439ef936cf236da77d039f4d3346a84,95.03546,96.87646,564,success_build,True,True,False,unit fuzzy loss,,
629,0 1 2 3 4 5 6 7 8 9 10 11 12 13 14 15 17 18 16 19 20 21 22 23,34370e523cdbfc01c71e835bd46e2479203f545ceeb6ce8d846f8ba24386d785,ac8229ffc827c6c057d445290b45dab9fc239a9a3fc6b59dd6a0206c3dabfa6c,95.28369,96.89909,564,success_build,True,True,False,unit fuzzy loss,,
630,0 1 2 3 4 5 6 7 8 9 10 11 12 13 14 15 17 18 19 16 20 21 22 23,56510523745632e48c94bac82f9f9db8e621c41b1e19522013cd00e698b762ba,1eec5c13b7b98b5ac4040edb7f13f8835b55c7f76b68f188c6523a1e1de63768,95.17731,96.88939,564,success_build,True,True,False,unit fuzzy loss,,
631,0 1 2 3 4 5 6 7 8 9 10 11 12 13 14 15 17 18 19 20 16 21 22 23,aa9f7be045af1cebb8c44a34ba1aa286d143fb52f0702702f6233b799efb2076,c6f8c117d8b6bc0625cda58f10e31495fabdb32a2956d4d267fdc77656fdadbe,95.0,96.87322,564,success_build,True,True,False,unit fuzzy loss,,
632,0 1 2 3 4 5 6 7 8 9 10 11 12 13 14 15 17 18 19 20 21 16 22 23,7db979755e44b2738319474ce766ab48423ed95fdc316231c2b24b47e976b4a0,317bd58033aa09aee8fb077ae27299d58cca9713534441035642e5c918221cc3,94.680855,96.84412,564,success_build,True,True,False,unit fuzzy loss,,
633,0 1 2 3 4 5 6 7 8 9 10 11 12 13 14 15 17 18 19 20 21 22 16 23,bed56210f838ab64c14405c7ef1bbcbf970e06f3a521252853abb5d182dd0832,317bd58033aa09aee8fb077ae27299d58cca9713534441035642e5c918221cc3,94.680855,96.84412,564,success_build,True,True,False,unit fuzzy loss,,
634,0 1 2 3 4 5 6 7 8 9 10 11 12 13 14 15 17 18 19 20 21 22 23 16,89c96b772424309efe53a5c26f0feb44982dcf043dd5c379f96972df067aada4,317bd58033aa09aee8fb077ae27299d58cca9713534441035642e5c918221cc3,94.680855,96.84412,564,success_build,True,True,False,unit fuzzy loss,,
635,17 0 1 2 3 4 5 6 7 8 9 10 11 12 13 14 15 16 18 19 20 21 22 23,88dab95ca43261a867d4476986c014402226766e2b6ae74da38d4a647c11ec25,ff018cebca78a61f4169a9d97ff06b9406db121cecc5c622fe05548427f71825,92.46809,96.6423,564,success_build,True,True,False,unit fuzzy loss,,
636,0 17 1 2 3 4 5 6 7 8 9 10 11 12 13 14 15 16 18 19 20 21 22 23,605c4348cac9f8d0e49f932345245a5bdbd52883df2eeeda569180984f2b57a8,5bcf9e22916e995ebaa9ae53a84b2e9fa0ed4741fcc5256cf19b4d794d7a55b3,92.64539,96.65847,564,success_build,True,True,False,unit fuzzy loss,,
637,0 1 17 2 3 4 5 6 7 8 9 10 11 12 13 14 15 16 18 19 20 21 22 23,c5be74517a7971ec4ad4cdd804645b7249f1bb93a71a62fdde4b090d6e028451,5bcf9e22916e995ebaa9ae53a84b2e9fa0ed4741fcc5256cf19b4d794d7a55b3,92.64539,96.65847,564,success_build,True,True,False,unit fuzzy loss,,
638,0 1 2 17 3 4 5 6 7 8 9 10 11 12 13 14 15 16 18 19 20 21 22 23,c6bf820d011e792b252950c00bfd9405cb0a764afdc784708c25cd5b0f982562,5bcf9e22916e995ebaa9ae53a84b2e9fa0ed4741fcc5256cf19b4d794d7a55b3,92.64539,96.65847,564,success_build,True,True,False,unit fuzzy loss,,
639,0 1 2 3 17 4 5 6 7 8 9 10 11 12 13 14 15 16 18 19 20 21 22 23,3cfc0f2f43fb666d1a84da8fc321be906b40b5183099d8cfe7ce663a16d87c6f,5bcf9e22916e995ebaa9ae53a84b2e9fa0ed4741fcc5256cf19b4d794d7a55b3,92.64539,96.65847,564,success_build,True,True,False,unit fuzzy loss,,
640,0 1 2 3 4 17 5 6 7 8 9 10 11 12 13 14 15 16 18 19 20 21 22 23,59cc9d5f4eb24a74bd855e2f3b4c03321e162bde76265713cac1e0530af6e184,16aa281745a30fbb3575ff06ae0a1eb1469091201cfd73869030e8493522066e,92.75177,96.668175,564,success_build,True,True,False,unit fuzzy loss,,
641,0 1 2 3 4 5 17 6 7 8 9 10 11 12 13 14 15 16 18 19 20 21 22 23,9096d1787712daad6a5d1a9528a89b50277fd377160a467448dfe15a45ae7aa6,5c3c45918e846074179e327879a61de0279c9a986d928388925d1138809c32fb,92.75177,96.668175,564,success_build,True,True,False,unit fuzzy loss,,
642,0 1 2 3 4 5 6 17 7 8 9 10 11 12 13 14 15 16 18 19 20 21 22 23,10fa1cc698fafafd6e871812ca50732d346d4a1b465708a34867fba53ca728e9,25e5e8afffe93c1017dfc64f16161612ce3b02df70944bbc7bc8c18c13d409bb,92.75177,96.668175,564,success_build,True,True,False,unit fuzzy loss,,
643,0 1 2 3 4 5 6 7 17 8 9 10 11 12 13 14 15 16 18 19 20 21 22 23,e7d5ac0562f4846e6a4cf2d1ecc23f29515993de52999112cad7d97243158f79,25e5e8afffe93c1017dfc64f16161612ce3b02df70944bbc7bc8c18c13d409bb,92.75177,96.668175,564,success_build,True,True,False,unit fuzzy loss,,
644,0 1 2 3 4 5 6 7 8 17 9 10 11 12 13 14 15 16 18 19 20 21 22 23,e5e7f5f51bd30dbb0f8459347dc5a32da667a06c90b1f89e499d1ba82ec23d05,a864be78ee1f5ba47e79cb1f78da75cfa6e059c69e2d794972b4ceeade617c1c,92.82269,96.674644,564,success_build,True,True,False,unit fuzzy loss,,
645,0 1 2 3 4 5 6 7 8 9 17 10 11 12 13 14 15 16 18 19 20 21 22 23,a21ebda1681a2b90a96caf56aaa059b008c36a6389c605c76485df7f4089236d,82528bed548e820c8248f12c6ecb548defe6f7cbb01648efc8b79aab39bfb761,94.39716,96.81824,564,success_build,True,True,False,unit fuzzy loss,,
646,0 1 2 3 4 5 6 7 8 9 10 17 11 12 13 14 15 16 18 19 20 21 22 23,6787687c9d3c725105136f0422613c86fa88af6220a2dff64e86418726c6fa05,82528bed548e820c8248f12c6ecb548defe6f7cbb01648efc8b79aab39bfb761,94.39716,96.81824,564,success_build,True,True,False,unit fuzzy loss,,
647,0 1 2 3 4 5 6 7 8 9 10 11 17 12 13 14 15 16 18 19 20 21 22 23,b69604e8a7715af3d8e76e3425ed7bcce0b5b5a165303c0c1bc8577fc117303b,82528bed548e820c8248f12c6ecb548defe6f7cbb01648efc8b79aab39bfb761,94.39716,96.81824,564,success_build,True,True,False,unit fuzzy loss,,
648,0 1 2 3 4 5 6 7 8 9 10 11 12 17 13 14 15 16 18 19 20 21 22 23,806e579a67251a3f4bd8076cfc910c8daad8ed4c6799351277f815ed6f57ae1c,bfc82f86a12c44e46245bc0766a16004111267ce3b3865567a7d1eb5c08c8183,94.680855,96.84412,564,success_build,True,True,False,unit fuzzy loss,,
649,0 1 2 3 4 5 6 7 8 9 10 11 12 13 17 14 15 16 18 19 20 21 22 23,b0b4331dcbe4f3b0e13ad82655412270990304fc298ece39f838c916ceebcd6e,c1427d61bfc54fc235042f64562e5c1d2d5c6a7ec32f183678d615d14b8d114b,94.96454,96.86999,564,success_build,True,True,False,unit fuzzy loss,,
650,0 1 2 3 4 5 6 7 8 9 10 11 12 13 14 17 15 16 18 19 20 21 22 23,5b480e8e701796bd498da47cafae7fb6e9d69dbeca99d9fbed55fa39a8907114,9982410a98c189f321d331a46fcf0b58cf57eeea0b22cdc41d35e9d9da630394,95.17731,96.88939,564,success_build,True,True,False,unit fuzzy loss,,
651,0 1 2 3 4 5 6 7 8 9 10 11 12 13 14 15 16 18 19 17 20 21 22 23,bd9ae8c30704e56c6566c739d0956e1f8e36003eda900dd25f254ce2819d8c5d,b5d35a4fadda0e0015feb32fd07a8bf246c454e7decd8495cae15de2f603b0c5,95.17731,96.88939,564,success_build,True,True,False,unit fuzzy loss,,
652,0 1 2 3 4 5 6 7 8 9 10 11 12 13 14 15 16 18 19 20 17 21 22 23,b3c9cc9a35767e90f0e29fbfe1abf91be87c78ad6448d15973006d8710c375a1,1ccfb549a9bc87afd92af3fa3b6325c746bdbcdafdacb7278c330a98b5103e74,95.0,96.87322,564,success_build,True,True,False,unit fuzzy loss,,
653,0 1 2 3 4 5 6 7 8 9 10 11 12 13 14 15 16 18 19 20 21 17 22 23,b7ea7c86f853a5b0eaf3df4caafd9a188985356d6cfdadf0711b090a73e8c057,b901ff220049999b621a63ccf2f5d8cc62fccb96061d1e38f173274f907cef75,94.680855,96.84412,564,success_build,True,True,False,unit fuzzy loss,,
654,0 1 2 3 4 5 6 7 8 9 10 11 12 13 14 15 16 18 19 20 21 22 17 23,e9d4156bf2951b8b421a732deb7f60b65fb6fc86f5f425767b18fc677ce153dc,b901ff220049999b621a63ccf2f5d8cc62fccb96061d1e38f173274f907cef75,94.680855,96.84412,564,success_build,True,True,False,unit fuzzy loss,,
655,0 1 2 3 4 5 6 7 8 9 10 11 12 13 14 15 16 18 19 20 21 22 23 17,05a4d5fc268976f40c0a44a2a2c4a0ee491ba3a89ec30d97f193370cc1d85e0e,b901ff220049999b621a63ccf2f5d8cc62fccb96061d1e38f173274f907cef75,94.680855,96.84412,564,success_build,True,True,False,unit fuzzy loss,,
656,18 0 1 2 3 4 5 6 7 8 9 10 11 12 13 14 15 16 17 19 20 21 22 23,0250ef16836216845b92eba1b1e39e1359667acc44d09822428ddb78a3531041,419c0751c5d4cb67542a4de8a3f62b962fbe2254c2144745c3dbb9534e0faedd,95.35461,96.90556,564,success_build,True,True,True,,,
657,0 18 1 2 3 4 5 6 7 8 9 10 11 12 13 14 15 16 17 19 20 21 22 23,347e8e5371b604c9a00f98586bb5e61e67b05865247085308bf31fb734ffec16,419c0751c5d4cb67542a4de8a3f62b962fbe2254c2144745c3dbb9534e0faedd,95.35461,96.90556,564,success_build,True,True,True,,,
658,0 1 18 2 3 4 5 6 7 8 9 10 11 12 13 14 15 16 17 19 20 21 22 23,c4c8369fb23b0d0830c2eae69c88b0fe20323ff7206f27f308cd2dec2e6addfd,419c0751c5d4cb67542a4de8a3f62b962fbe2254c2144745c3dbb9534e0faedd,95.35461,96.90556,564,success_build,True,True,True,,,
659,0 1 2 18 3 4 5 6 7 8 9 10 11 12 13 14 15 16 17 19 20 21 22 23,95ad7f17f638fc912eb01f45cc48ccba41217ad3cd2b1ff1b9a2be5d0a1ec72d,419c0751c5d4cb67542a4de8a3f62b962fbe2254c2144745c3dbb9534e0faedd,95.35461,96.90556,564,success_build,True,True,True,,,
660,0 1 2 3 18 4 5 6 7 8 9 10 11 12 13 14 15 16 17 19 20 21 22 23,543614753a5a75aa53b8bd9e0bb8662eae81d03225a77282156257b476ec127d,419c0751c5d4cb67542a4de8a3f62b962fbe2254c2144745c3dbb9534e0faedd,95.35461,96.90556,564,success_build,True,True,True,,,
661,0 1 2 3 4 18 5 6 7 8 9 10 11 12 13 14 15 16 17 19 20 21 22 23,d25e69e56c2d82721a42b37bfbf5d3ee662b8e6607f97210b3362bd4b19ebc88,419c0751c5d4cb67542a4de8a3f62b962fbe2254c2144745c3dbb9534e0faedd,95.35461,96.90556,564,success_build,True,True,True,,,
662,0 1 2 3 4 5 18 6 7 8 9 10 11 12 13 14 15 16 17 19 20 21 22 23,e12954e2d8b2d986416bfb0233152c29a888f36239a43911e81cc87883347000,419c0751c5d4cb67542a4de8a3f62b962fbe2254c2144745c3dbb9534e0faedd,95.35461,96.90556,564,success_build,True,True,True,,,
663,0 1 2 3 4 5 6 18 7 8 9 10 11 12 13 14 15 16 17 19 20 21 22 23,97c012abadb76d991d421dfb4b98e486038efc447f8832bf25688f664e828e1b,419c0751c5d4cb67542a4de8a3f62b962fbe2254c2144745c3dbb9534e0faedd,95.35461,96.90556,564,success_build,True,True,True,,,
664,0 1 2 3 4 5 6 7 18 8 9 10 11 12 13 14 15 16 17 19 20 21 22 23,e634eb8373216106ee2d0db2a6434f4a4cc7e9d25029e87cf6e28692cc2452e2,419c0751c5d4cb67542a4de8a3f62b962fbe2254c2144745c3dbb9534e0faedd,95.35461,96.90556,564,success_build,True,True,True,,,
665,0 1 2 3 4 5 6 7 8 18 9 10 11 12 13 14 15 16 17 19 20 21 22 23,e923783c012825ec66f1ba6330ae77ce90a0efbb1fd1f3a03bbc55b8b41c3908,419c0751c5d4cb67542a4de8a3f62b962fbe2254c2144745c3dbb9534e0faedd,95.35461,96.90556,564,success_build,True,True,True,,,
666,0 1 2 3 4 5 6 7 8 9 18 10 11 12 13 14 15 16 17 19 20 21 22 23,93934d6fd9787fbd0122356b3f9c5d7894c8e64c121e68d12bb3ef9fdcc1882a,419c0751c5d4cb67542a4de8a3f62b962fbe2254c2144745c3dbb9534e0faedd,95.35461,96.90556,564,success_build,True,True,True,,,
667,0 1 2 3 4 5 6 7 8 9 10 18 11 12 13 14 15 16 17 19 20 21 22 23,dae8cd0e51fdaba1596328f2fdf50e939bbe0d351a522eb8521c09874d4e4dcb,419c0751c5d4cb67542a4de8a3f62b962fbe2254c2144745c3dbb9534e0faedd,95.35461,96.90556,564,success_build,True,True,True,,,
668,0 1 2 3 4 5 6 7 8 9 10 11 18 12 13 14 15 16 17 19 20 21 22 23,1af96ba6fe166ffac730c313a57ad2b9aab862ac780c6919f5f40f8aa148071b,419c0751c5d4cb67542a4de8a3f62b962fbe2254c2144745c3dbb9534e0faedd,95.35461,96.90556,564,success_build,True,True,True,,,
669,0 1 2 3 4 5 6 7 8 9 10 11 12 18 13 14 15 16 17 19 20 21 22 23,6812a3b05490b346d0364f827e9aa3e28262f0e10ec028c02c1a5a3b824d885e,419c0751c5d4cb67542a4de8a3f62b962fbe2254c2144745c3dbb9534e0faedd,95.35461,96.90556,564,success_build,True,True,True,,,
670,0 1 2 3 4 5 6 7 8 9 10 11 12 13 18 14 15 16 17 19 20 21 22 23,03223c858df76888347db35f467c20ce766cefe0fc9b89c3300095175c90b2ab,419c0751c5d4cb67542a4de8a3f62b962fbe2254c2144745c3dbb9534e0faedd,95.35461,96.90556,564,success_build,True,True,True,,,
671,0 1 2 3 4 5 6 7 8 9 10 11 12 13 14 18 15 16 17 19 20 21 22 23,64d64dd408cc3d0deaf8be2fb5f9d6a69c54f8bf2901d72aaa8a838c904ed94b,419c0751c5d4cb67542a4de8a3f62b962fbe2254c2144745c3dbb9534e0faedd,95.35461,96.90556,564,success_build,True,True,True,,,
672,0 1 2 3 4 5 6 7 8 9 10 11 12 13 14 15 18 16 17 19 20 21 22 23,37552e8da42e72a9a14b1908d8e83b5fd558c9a8c99cc00da19f0f00cfd05317,419c0751c5d4cb67542a4de8a3f62b962fbe2254c2144745c3dbb9534e0faedd,95.35461,96.90556,564,success_build,True,True,True,,,
673,0 1 2 3 4 5 6 7 8 9 10 11 12 13 14 15 16 17 19 20 18 21 22 23,67d4d7b88489cdae0c00a6904067f1a65bc86ed8b1904e5dcf1481ca93bcffe7,419c0751c5d4cb67542a4de8a3f62b962fbe2254c2144745c3dbb9534e0faedd,95.35461,96.90556,564,success_build,True,True,True,,,
674,0 1 2 3 4 5 6 7 8 9 10 11 12 13 14 15 16 17 19 20 21 18 22 23,61ddbf93de21ad2dda1e4a771e64140146345cc467a9aa7c4f93560553156041,419c0751c5d4cb67542a4de8a3f62b962fbe2254c2144745c3dbb9534e0faedd,95.35461,96.90556,564,success_build,True,True,True,,,
675,0 1 2 3 4 5 6 7 8 9 10 11 12 13 14 15 16 17 19 20 21 22 18 23,33d0e51497aad70a4bb93b4aa2534ea21592e197f85191e21c515c6e20b417eb,419c0751c5d4cb67542a4de8a3f62b962fbe2254c2144745c3dbb9534e0faedd,95.35461,96.90556,564,success_build,True,True,True,,,
676,0 1 2 3 4 5 6 7 8 9 10 11 12 13 14 15 16 17 19 20 21 22 23 18,ef44adbd0ae83d829e50cd774df7ae5db921acd53e7aa24a4b0353b1624972d4,419c0751c5d4cb67542a4de8a3f62b962fbe2254c2144745c3dbb9534e0faedd,95.35461,96.90556,564,success_build,True,True,True,,,
677,19 0 1 2 3 4 5 6 7 8 9 10 11 12 13 14 15 16 17 18 20 21 22 23,a86bafd77eaa9dac9385879a3a3647c9f3496ad01e8fcf6a5335f5839d35a9ff,0b6b32687600d53f0c1a6db76111a6d34175c116a524b2807973ba38da83b0c8,90.64539,96.47607,564,success_build,True,True,False,unit fuzzy loss,,
678,0 19 1 2 3 4 5 6 7 8 9 10 11 12 13 14 15 16 17 18 20 21 22 23,c34c8e4d50dd06891b25a2180504e5b4349a1508536f25fc636778dd66cffe2d,0b6b32687600d53f0c1a6db76111a6d34175c116a524b2807973ba38da83b0c8,90.64539,96.47607,564,success_build,True,True,False,unit fuzzy loss,,
679,0 1 19 2 3 4 5 6 7 8 9 10 11 12 13 14 15 16 17 18 20 21 22 23,20bc6b18c1f8d9a779c6e2aa5ae303a5778e68e07a5a5401be27df26bbfbc62c,0b6b32687600d53f0c1a6db76111a6d34175c116a524b2807973ba38da83b0c8,90.64539,96.47607,564,success_build,True,True,False,unit fuzzy loss,,
680,0 1 2 19 3 4 5 6 7 8 9 10 11 12 13 14 15 16 17 18 20 21 22 23,01a7767ea062a561ca3e06165e800f01ec60282ee78cd3a0296d950019992984,36704e903a53f65096e27cd0eaa23852da496845214273e53756d081910297fd,90.40426,96.45408,564,success_build,True,True,False,unit fuzzy loss,,
681,0 1 2 3 19 4 5 6 7 8 9 10 11 12 13 14 15 16 17 18 20 21 22 23,21b9300d0f9bc12fa3ef05facb2968c42136a0ef6dbf13960eb02f67a5f8798f,e3e6dde71f72c4b6415724b532b0222b67acce6b97e79596b85052153385f5b6,90.5461,96.46701,564,success_build,True,True,False,unit fuzzy loss,,
682,0 1 2 3 4 19 5 6 7 8 9 10 11 12 13 14 15 16 17 18 20 21 22 23,cf71aeb54473836e595b649c9bb8f6891a56c2ee7433481858e787829d18f28c,b7f16481c4f7450bd5ab1cf312fcd703f7fae774bc55301d93fb4a8a002c145e,90.68794,96.47995,564,success_build,True,True,False,unit fuzzy loss,,
683,0 1 2 3 4 5 19 6 7 8 9 10 11 12 13 14 15 16 17 18 20 21 22 23,a5d3d382a268fbc3d64258d454db0b6802749dc32099be675cb5eff5d8f912c7,a47a0074b7d286a03925367859253704edf57ed1c8069f3f2fa5e82c3714be62,90.65248,96.476715,564,success_build,True,True,False,unit fuzzy loss,,
684,0 1 2 3 4 5 6 19 7 8 9 10 11 12 13 14 15 16 17 18 20 21 22 23,9bb0084798dbd2b5b538bc46069c92427c5126b52ce33f9a6024a24fc0f30c93,cae9ed95c0d09a7f8ce787c4a416697ffb53174677be69b209b2c145f533497d,90.65248,96.476715,564,success_build,True,True,False,unit fuzzy loss,,
685,0 1 2 3 4 5 6 7 19 8 9 10 11 12 13 14 15 16 17 18 20 21 22 23,301f078850aebde428e6618bb060becf87f9a6a4b25bdad9c4554a1598d8d352,cae9ed95c0d09a7f8ce787c4a416697ffb53174677be69b209b2c145f533497d,90.65248,96.476715,564,success_build,True,True,False,unit fuzzy loss,,
686,0 1 2 3 4 5 6 7 8 19 9 10 11 12 13 14 15 16 17 18 20 21 22 23,bd7867f9f944dee55c500bab5a5c85a7f6b0f1498400a4ac0faf2380465cc7f2,646b28b7f66308b1e1e62a23e3ac28ee4e5b3d5c9b95acdb4631b8efe0a26d00,90.723404,96.483185,564,success_build,True,True,False,unit fuzzy loss,,
687,0 1 2 3 4 5 6 7 8 9 19 10 11 12 13 14 15 16 17 18 20 21 22 23,da3394a99ed38819b5476c960dc6098c0c18283a7232b775f1e3c975f47a1de8,ec8c14c51f8bfbf3d61b24885528514f87ce7135d8dca977ee5def620c43e93a,94.29078,96.80854,564,success_build,True,True,False,unit fuzzy loss,,
688,0 1 2 3 4 5 6 7 8 9 10 19 11 12 13 14 15 16 17 18 20 21 22 23,af9349102af08884aaed902b6ae4061a36f0c71ac1e3df7c9c213bf300d907bc,ec8c14c51f8bfbf3d61b24885528514f87ce7135d8dca977ee5def620c43e93a,94.29078,96.80854,564,success_build,True,True,False,unit fuzzy loss,,
689,0 1 2 3 4 5 6 7 8 9 10 11 19 12 13 14 15 16 17 18 20 21 22 23,10edcc73112020b201d989ed0366c5e4378890b6a8798345968e8640a9cff382,ec8c14c51f8bfbf3d61b24885528514f87ce7135d8dca977ee5def620c43e93a,94.29078,96.80854,564,success_build,True,True,False,unit fuzzy loss,,
690,0 1 2 3 4 5 6 7 8 9 10 11 12 19 13 14 15 16 17 18 20 21 22 23,aa454145efebe655b36a2c5b82928c8ebddc6a12575e9422312719574735b084,d51dddefa94d0faba6d32fc2bd98bd864c1dd047f001cdd9c531ee736d99bdf1,94.57447,96.83441,564,success_build,True,True,False,unit fuzzy loss,,
691,0 1 2 3 4 5 6 7 8 9 10 11 12 13 19 14 15 16 17 18 20 21 22 23,7f472550ac5621c0fa21ee93c3b20690b688f0c4806b358f49932889d757e182,153486dbc19eccdcdc5bf838323ab833e3c9735acc3f45f74fcd331e9b73b53b,94.858154,96.86028,564,success_build,True,True,False,unit fuzzy loss,,
692,0 1 2 3 4 5 6 7 8 9 10 11 12 13 14 19 15 16 17 18 20 21 22 23,86f953b33354d73013948bd7247cd5702061c544c060bc3eff1b2523bdd490e8,80609b55bfcfafbd3006e2edf4a2db34c29e6a4dadcfc68e47bcf537e741c626,95.07092,96.87969,564,success_build,True,True,False,unit fuzzy loss,,
693,0 1 2 3 4 5 6 7 8 9 10 11 12 13 14 15 19 16 17 18 20 21 22 23,150f389e9d759b0e2aa1359bad81cf89f36e3ccb613105e786c8accf97e02d1e,9acea5a85210f1b80393004f8ce67d82fd44b2ce8b3f25bd8190668f8addc04c,95.17731,96.88939,564,success_build,True,True,False,unit fuzzy loss,,
694,0 1 2 3 4 5 6 7 8 9 10 11 12 13 14 15 16 19 17 18 20 21 22 23,47a37551651dd6ddae40e3cf3e6a4c4f0041d35c21f9727c1313248cd207ad4d,b5d35a4fadda0e0015feb32fd07a8bf246c454e7decd8495cae15de2f603b0c5,95.17731,96.88939,564,success_build,True,True,False,unit fuzzy loss,,
695,0 1 2 3 4 5 6 7 8 9 10 11 12 13 14 15 16 17 18 20 21 19 22 23,4ee3b9198c35b2bfece398c0fefeb556093babb6eff3a7950d75f8b2d7f0afc7,531247b2a2024383914c6ebe2da6a2eb2c7bca0d9a1296c5c2a7ac1837ef4cb2,95.03546,96.87646,564,success_build,True,True,False,unit fuzzy loss,,
696,0 1 2 3 4 5 6 7 8 9 10 11 12 13 14 15 16 17 18 20 21 22 19 23,d233c3665f7bb5165d0144403e28c1a7daeb1964fac9207131ce72000126e685,531247b2a2024383914c6ebe2da6a2eb2c7bca0d9a1296c5c2a7ac1837ef4cb2,95.03546,96.87646,564,success_build,True,True,False,unit fuzzy loss,,
697,0 1 2 3 4 5 6 7 8 9 10 11 12 13 14 15 16 17 18 20 21 22 23 19,0e1820e91a4cd1b02e13b70c9e38e7898d4330212745dd7ea0fb410c5a22f896,531247b2a2024383914c6ebe2da6a2eb2c7bca0d9a1296c5c2a7ac1837ef4cb2,95.03546,96.87646,564,success_build,True,True,False,unit fuzzy loss,,
698,20 0 1 2 3 4 5 6 7 8 9 10 11 12 13 14 15 16 17 18 19 21 22 23,302a90d2ff349f2fa6992443cebf33c1d9c65962cec0fcc3b407a39d301ba37a,9076d28bda7023efce35dd95468830dd36ff5e397c42e04156755784fc746819,90.51773,96.464424,564,success_build,True,True,False,unit fuzzy loss,,
699,0 20 1 2 3 4 5 6 7 8 9 10 11 12 13 14 15 16 17 18 19 21 22 23,63fe55410c6ad0faa785978fc8cee14ca3c2b49f08309fd92c24e04878ee5bc2,9076d28bda7023efce35dd95468830dd36ff5e397c42e04156755784fc746819,90.51773,96.464424,564,success_build,True,True,False,unit fuzzy loss,,
700,0 1 20 2 3 4 5 6 7 8 9 10 11 12 13 14 15 16 17 18 19 21 22 23,36bebfa5689ee150a5af56ffe91b40eb14e32fe83330d147bd62e33179f3a327,9076d28bda7023efce35dd95468830dd36ff5e397c42e04156755784fc746819,90.51773,96.464424,564,success_build,True,True,False,unit fuzzy loss,,
701,0 1 2 20 3 4 5 6 7 8 9 10 11 12 13 14 15 16 17 18 19 21 22 23,0dafef491b851120ea533aca79e497d05855228260f6ddf762abfe71671d2bba,0708cfa4e8f18c3d4abd40cc6bacd18679647f5219e02969008d1ad6491c55f0,91.723404,96.57439,564,success_build,True,True,False,unit fuzzy loss,,
702,0 1 2 3 20 4 5 6 7 8 9 10 11 12 13 14 15 16 17 18 19 21 22 23,11f5ddb4df9f38530bb33ac6ab523fb9ca062362d4e764d4fcee02b0aebe96dc,0708cfa4e8f18c3d4abd40cc6bacd18679647f5219e02969008d1ad6491c55f0,91.723404,96.57439,564,success_build,True,True,False,unit fuzzy loss,,
703,0 1 2 3 4 20 5 6 7 8 9 10 11 12 13 14 15 16 17 18 19 21 22 23,ce184024c826190060a890c234350d10b68b742558bf0b2218ea6d0b940bdc59,52ae3004d63d1092342a560985ab349f8ebabf4925a51b5436797ff048b6e568,91.82979,96.58409,564,success_build,True,True,False,unit fuzzy loss,,
704,0 1 2 3 4 5 20 6 7 8 9 10 11 12 13 14 15 16 17 18 19 21 22 23,7238d9c529874c954b58dc33ed0dbb2c6448654a1dfb951651a8d270f197490b,984089f7e0f83c3d66b1ff9ae2f57658772d0bb9fe41d70ddff784e3226be5d7,91.82979,96.58409,564,success_build,True,True,False,unit fuzzy loss,,
705,0 1 2 3 4 5 6 20 7 8 9 10 11 12 13 14 15 16 17 18 19 21 22 23,a7637f4dfa21a91bf97b290001ab9cfae2ea572d986b2a5f1b39945427cd0573,8768e1710b4559653b9f588e690b332691b755575006effc1225b7dda4ccc976,91.82979,96.58409,564,success_build,True,True,False,unit fuzzy loss,,
706,0 1 2 3 4 5 6 7 20 8 9 10 11 12 13 14 15 16 17 18 19 21 22 23,a40f7eb4806a53f90eee582351dd77b812a64aac44ed09fd73b6a8dfcebd9ce1,8768e1710b4559653b9f588e690b332691b755575006effc1225b7dda4ccc976,91.82979,96.58409,564,success_build,True,True,False,unit fuzzy loss,,
707,0 1 2 3 4 5 6 7 8 20 9 10 11 12 13 14 15 16 17 18 19 21 22 23,625cedb7a4c4b466b103e38d0a92f0d412d227f05c15f4e0dd934acf5bf5f4ff,e151e74960b2a492bdcebf6d7059705dc3031fe4553f041b1c45e05a526fa079,91.90071,96.59055,564,success_build,True,True,False,unit fuzzy loss,,
708,0 1 2 3 4 5 6 7 8 9 20 10 11 12 13 14 15 16 17 18 19 21 22 23,524029fd674adadfc23a7cfee5a2bd30ae25b255f0fe9f36381d2b7c41b7e7d5,b41a3795ba8282424309ca20984f578957387d0d05019ded98930dbffa0ee739,94.184395,96.798836,564,success_build,True,True,False,unit fuzzy loss,,
709,0 1 2 3 4 5 6 7 8 9 10 20 11 12 13 14 15 16 17 18 19 21 22 23,883d20a4c37d5d339f70613f5dd1a7901ca6b7541d961b36f8271b514de35a28,b41a3795ba8282424309ca20984f578957387d0d05019ded98930dbffa0ee739,94.184395,96.798836,564,success_build,True,True,False,unit fuzzy loss,,
710,0 1 2 3 4 5 6 7 8 9 10 11 20 12 13 14 15 16 17 18 19 21 22 23,6360706f0e48ee14b48a690e8958a1bfb6c9e445fcbe906ac0b62cc3ff4612cf,b41a3795ba8282424309ca20984f578957387d0d05019ded98930dbffa0ee739,94.184395,96.798836,564,success_build,True,True,False,unit fuzzy loss,,
711,0 1 2 3 4 5 6 7 8 9 10 11 12 20 13 14 15 16 17 18 19 21 22 23,8779bc904a3255c547b0198c83ebde1c73e4f6a3f93f196bbec55e391f63d10d,c75018be7b11c35d5cdbe97e023442cdbfb28ed136959dcc8aace4ecb29d7713,94.46809,96.82471,564,success_build,True,True,False,unit fuzzy loss,,
712,0 1 2 3 4 5 6 7 8 9 10 11 12 13 20 14 15 16 17 18 19 21 22 23,6aab0da1d7c2319841238639b5677224f42aa68c96d4efbc771bbdcb0c30671b,b15e53a7e45d2565a62b6702e6a262b7f003790337ad651362cc6b23494316f0,94.75177,96.850586,564,success_build,True,True,False,unit fuzzy loss,,
713,0 1 2 3 4 5 6 7 8 9 10 11 12 13 14 20 15 16 17 18 19 21 22 23,e3cd00bc07f2be86690633c1e5456251a5e37d4272b5a06efc18e9e01d4d48fb,f14b3fdc89b0c9c5ef8028054508e8874822b752c049356ec958424e3da02b4b,94.96454,96.86999,564,success_build,True,True,False,unit fuzzy loss,,
714,0 1 2 3 4 5 6 7 8 9 10 11 12 13 14 15 20 16 17 18 19 21 22 23,b466879c776d32b269357b4ad12e93cf6e3f326893785c2c89cc2745702fc036,b8ebab31f266f4e6230d875c7715c68afad23a8a32fa0b4fce287c51b58b56b5,95.07092,96.87969,564,success_build,True,True,False,unit fuzzy loss,,
715,0 1 2 3 4 5 6 7 8 9 10 11 12 13 14 15 16 20 17 18 19 21 22 23,1dc03472b7b17355ca2e86ae883d11c2e4668aff6697fe0ad8bc2f7b56db2862,6440d87e37eb2a40576093c60d72327c4d0373b0b626348f226ba486736079d9,95.07092,96.87969,564,success_build,True,True,False,unit fuzzy loss,,
716,0 1 2 3 4 5 6 7 8 9 10 11 12 13 14 15 16 17 20 18 19 21 22 23,25374bb170a7f8b614250a85ffbb733075193e927f900351c2d268bde62cebd3,25aca4d98ffa993eb618a48fafbef28712d0ce63c7535018dee357b16ba83661,95.17731,96.88939,564,success_build,True,True,False,unit fuzzy loss,,
717,0 1 2 3 4 5 6 7 8 9 10 11 12 13 14 15 16 17 18 19 21 22 20 23,9041a62f21917c260ef527d7fe97b1939dce7c40151fb73259df30f24c4cfef7,84e6b94209491fffcbae1ff59ebed0b287aace38a4cc7bdb8b38a165e92cbf33,95.106384,96.88293,564,success_build,True,True,False,unit fuzzy loss,,
718,0 1 2 3 4 5 6 7 8 9 10 11 12 13 14 15 16 17 18 19 21 22 23 20,616000da7ebfe9dc0d01572381ae76cff43bc570da3632c0be2d4898d7332a6d,84e6b94209491fffcbae1ff59ebed0b287aace38a4cc7bdb8b38a165e92cbf33,95.106384,96.88293,564,success_build,True,True,False,unit fuzzy loss,,
719,21 0 1 2 3 4 5 6 7 8 9 10 11 12 13 14 15 16 17 18 19 20 22 23,48fe4a13ec2742decd99961945b4c9810943aae8e8b49f83014ff436b66cbf25,56c2842123afd8f534b495cf622a62638809eb9323e0e212fcfe47307e912b59,90.0922,96.42561,564,success_build,True,True,False,unit fuzzy loss,,
720,0 21 1 2 3 4 5 6 7 8 9 10 11 12 13 14 15 16 17 18 19 20 22 23,43caaeecfe355798b7b96f29e688e37db56e47fe070438ca90e8a8054628cd02,56c2842123afd8f534b495cf622a62638809eb9323e0e212fcfe47307e912b59,90.0922,96.42561,564,success_build,True,True,False,unit fuzzy loss,,
721,0 1 21 2 3 4 5 6 7 8 9 10 11 12 13 14 15 16 17 18 19 20 22 23,faf61155e7fbe768a513393a5a8a5c2a0b5931757601572a5a59a253f6ee3355,56c2842123afd8f534b495cf622a62638809eb9323e0e212fcfe47307e912b59,90.0922,96.42561,564,success_build,True,True,False,unit fuzzy loss,,
722,0 1 2 21 3 4 5 6 7 8 9 10 11 12 13 14 15 16 17 18 19 20 22 23,5d172068b8ed1e8937e80327eb6f91c6f3b3bf9d75120cd701eda967f6e201c0,7e549f7a8dde235f0426d0f16dbcba8f685b8112d461f13a097afd68b12e142d,90.0922,96.42561,564,success_build,True,True,False,unit fuzzy loss,,
723,0 1 2 3 21 4 5 6 7 8 9 10 11 12 13 14 15 16 17 18 19 20 22 23,263a1f371e142818e0cff71592dd1b0155e64925dad1361a3b85c1923aef5c5c,d06e30e2658d6122fd459d836ce6f632eb454190a90b35ef81ded558998e1cd4,91.43971,96.548515,564,success_build,True,True,False,unit fuzzy loss,,
724,0 1 2 3 4 21 5 6 7 8 9 10 11 12 13 14 15 16 17 18 19 20 22 23,f3995e0d18122b28b12982fe9e5530216f0cffe0a9bbff1af05ccc5601a63c0b,fa7a45594b42a8b89d7bec82e654a0f2ca13d9be1224879a3d2428ba362107ab,91.5461,96.55821,564,success_build,True,True,False,unit fuzzy loss,,
725,0 1 2 3 4 5 21 6 7 8 9 10 11 12 13 14 15 16 17 18 19 20 22 23,2c48da8f2bf2626f711aef3a231ccdb2a1a9c290d75b5f14736fe242f3752f0a,7494c080e1ce56ed40f0864eb7f67ecad7020962463b11caf755b1385fe4f0e3,91.758865,96.57762,564,success_build,True,True,False,unit fuzzy loss,,
726,0 1 2 3 4 5 6 21 7 8 9 10 11 12 13 14 15 16 17 18 19 20 22 23,e5895e063ba356c8e2a79e521142037bd4be3feb26da650aeffd3a3e988aa08f,4f8f67180aedcd65f3b0319fde71f68dd67686479f7cb8e03a48535a2e8e0274,91.5461,96.55821,564,success_build,True,True,False,unit fuzzy loss,,
727,0 1 2 3 4 5 6 7 21 8 9 10 11 12 13 14 15 16 17 18 19 20 22 23,af4e4bb6b27d7f6ac8e6042c5f7626bb9ce4998693be9d6a19b61da8f847f789,4f8f67180aedcd65f3b0319fde71f68dd67686479f7cb8e03a48535a2e8e0274,91.5461,96.55821,564,success_build,True,True,False,unit fuzzy loss,,
728,0 1 2 3 4 5 6 7 8 21 9 10 11 12 13 14 15 16 17 18 19 20 22 23,c91e1541283785cb9fcb783ea483a9d6409ac996e8d13f4bfcdcb69887589727,dd73cfb4df487db26673b8524ff68e01bd767d8c31b5b350de2400c1db390cfe,91.61702,96.56468,564,success_build,True,True,False,unit fuzzy loss,,
729,0 1 2 3 4 5 6 7 8 9 21 10 11 12 13 14 15 16 17 18 19 20 22 23,f71d6df96d9b0738cf1a9153abd26f828150de63a78314130efdca7d212d5532,64803f48adb78b924aca5fd30f8d1a4a3ef8c76ad8fd6469c6ca0ae8a65d7198,94.04256,96.7859,564,success_build,True,True,False,unit fuzzy loss,,
730,0 1 2 3 4 5 6 7 8 9 10 21 11 12 13 14 15 16 17 18 19 20 22 23,7e13d4c28468e49bd2e4e6f61ccb0f52506cced8d67ecde0b88d210960713b9d,64803f48adb78b924aca5fd30f8d1a4a3ef8c76ad8fd6469c6ca0ae8a65d7198,94.04256,96.7859,564,success_build,True,True,False,unit fuzzy loss,,
731,0 1 2 3 4 5 6 7 8 9 10 11 21 12 13 14 15 16 17 18 19 20 22 23,1f3894df40b5db459b214a8f175a732b14ad3eec6ef18cff2759a0dbda41bfd2,64803f48adb78b924aca5fd30f8d1a4a3ef8c76ad8fd6469c6ca0ae8a65d7198,94.04256,96.7859,564,success_build,True,True,False,unit fuzzy loss,,
732,0 1 2 3 4 5 6 7 8 9 10 11 12 21 13 14 15 16 17 18 19 20 22 23,8f92de8652bdcf1b068f3df06a9ba67cfe82e0de144848e94a9a4c216f147e9e,05bc85f83951613078f3a706fe95176f76bfb6d863ab4fe5812cd8c8a7a571d1,94.32624,96.811775,564,success_build,True,True,False,unit fuzzy loss,,
733,0 1 2 3 4 5 6 7 8 9 10 11 12 13 21 14 15 16 17 18 19 20 22 23,841420b7d8ba79a3363c373d875db5d6e1374f13c113af881967e6cf993689be,607c9531c1f7ee22ab0880467459c6ff4e0d385155ef06731e4071d6170984be,94.60993,96.83765,564,success_build,True,True,False,unit fuzzy loss,,
734,0 1 2 3 4 5 6 7 8 9 10 11 12 13 14 21 15 16 17 18 19 20 22 23,044851cfca3dd2fd870081e3f58e0ebba76664df133d72d3377a8bab2536a340,cb83f3c1262cec8d4ac5bd7cd9ae1f6176ee2dfef821eebf25e57549cb98186b,94.82269,96.85705,564,success_build,True,True,False,unit fuzzy loss,,
735,0 1 2 3 4 5 6 7 8 9 10 11 12 13 14 15 21 16 17 18 19 20 22 23,7bc964ad3fbd7baed0d2484b74d6c4f46eec6876e2fa315b86d50a322348e72e,f2703d70b8a56c242ceb6249d1a319b0587fb1efe72d94d54a552312713f79a6,94.92908,96.86675,564,success_build,True,True,False,unit fuzzy loss,,
736,0 1 2 3 4 5 6 7 8 9 10 11 12 13 14 15 16 21 17 18 19 20 22 23,25ebe90ff03bab6e3717fd772133e6dd8763820d2310daafbeb24280131863bb,49f8c33deea4ba31f29bce043ccff064d476caf989f2410b1e4e5816e0b3854a,94.92908,96.86675,564,success_build,True,True,False,unit fuzzy loss,,
737,0 1 2 3 4 5 6 7 8 9 10 11 12 13 14 15 16 17 21 18 19 20 22 23,878824d53fda973482f995d62a09192681c99cf18d97be9d32bbf0284ec085d5,1e7dec03ff40c82f866f6fb86e346fceabb51654920d7d9e9aa08b16c0df7880,95.03546,96.87646,564,success_build,True,True,False,unit fuzzy loss,,
738,0 1 2 3 4 5 6 7 8 9 10 11 12 13 14 15 16 17 18 21 19 20 22 23,63118ada8786a643eff00dc54bbe9e559274157d56b706ebf01ee54d300c9dee,1e7dec03ff40c82f866f6fb86e346fceabb51654920d7d9e9aa08b16c0df7880,95.03546,96.87646,564,success_build,True,True,False,unit fuzzy loss,,
739,0 1 2 3 4 5 6 7 8 9 10 11 12 13 14 15 16 17 18 19 20 22 23 21,6981d7c8e55ad5773f69e183583886211f34ea32eb063b416360fbda7021be56,419c0751c5d4cb67542a4de8a3f62b962fbe2254c2144745c3dbb9534e0faedd,95.35461,96.90556,564,success_build,True,True,True,,,
740,22 0 1 2 3 4 5 6 7 8 9 10 11 12 13 14 15 16 17 18 19 20 21 23,b0832a51261e5d71cacd8b6ac4f9ebf6526a508254cfeb0665497a41c5ff52d6,419c0751c5d4cb67542a4de8a3f62b962fbe2254c2144745c3dbb9534e0faedd,95.35461,96.90556,564,success_build,True,True,True,,,
741,0 22 1 2 3 4 5 6 7 8 9 10 11 12 13 14 15 16 17 18 19 20 21 23,5e39084a4890e25835982520a1f1eccfcf78968f68a2fac742902e3b1d366ffd,419c0751c5d4cb67542a4de8a3f62b962fbe2254c2144745c3dbb9534e0faedd,95.35461,96.90556,564,success_build,True,True,True,,,
742,0 1 22 2 3 4 5 6 7 8 9 10 11 12 13 14 15 16 17 18 19 20 21 23,4bbc5a32590c249ebeac6684846dd9d3338e60fd4f100eb5fd5c73e53c01117e,419c0751c5d4cb67542a4de8a3f62b962fbe2254c2144745c3dbb9534e0faedd,95.35461,96.90556,564,success_build,True,True,True,,,
743,0 1 2 22 3 4 5 6 7 8 9 10 11 12 13 14 15 16 17 18 19 20 21 23,ea5c36b04eb1a9794f8ebf21bb3a3cda9af2c677c47b58fa3b98b1c7717ddbe1,419c0751c5d4cb67542a4de8a3f62b962fbe2254c2144745c3dbb9534e0faedd,95.35461,96.90556,564,success_build,True,True,True,,,
744,0 1 2 3 22 4 5 6 7 8 9 10 11 12 13 14 15 16 17 18 19 20 21 23,6bfcafe87d207428d9745fc54a313317b5dedb9024390732e2e674a7dc63b50d,419c0751c5d4cb67542a4de8a3f62b962fbe2254c2144745c3dbb9534e0faedd,95.35461,96.90556,564,success_build,True,True,True,,,
745,0 1 2 3 4 22 5 6 7 8 9 10 11 12 13 14 15 16 17 18 19 20 21 23,80cfe7f90d75a65ab80bcf22d5ec455c9f14f962a315271cbd168ff211d24b00,419c0751c5d4cb67542a4de8a3f62b962fbe2254c2144745c3dbb9534e0faedd,95.35461,96.90556,564,success_build,True,True,True,,,
746,0 1 2 3 4 5 22 6 7 8 9 10 11 12 13 14 15 16 17 18 19 20 21 23,e16aaf77730ac96f24f1022aed5b1572353ec3d8430545f81da0cd13b00dedd8,419c0751c5d4cb67542a4de8a3f62b962fbe2254c2144745c3dbb9534e0faedd,95.35461,96.90556,564,success_build,True,True,True,,,
747,0 1 2 3 4 5 6 22 7 8 9 10 11 12 13 14 15 16 17 18 19 20 21 23,3ca1c1e06507bde47f82914197caa7b247ae3fe96be18504cabda141314ab583,419c0751c5d4cb67542a4de8a3f62b962fbe2254c2144745c3dbb9534e0faedd,95.35461,96.90556,564,success_build,True,True,True,,,
748,0 1 2 3 4 5 6 7 22 8 9 10 11 12 13 14 15 16 17 18 19 20 21 23,1c3d085d159364a27d610b461b5abca7ea8a30c36dde1fa9d7d808f9bc8df557,419c0751c5d4cb67542a4de8a3f62b962fbe2254c2144745c3dbb9534e0faedd,95.35461,96.90556,564,success_build,True,True,True,,,
749,0 1 2 3 4 5 6 7 8 22 9 10 11 12 13 14 15 16 17 18 19 20 21 23,74f4a8e5ff790b744d8a30f1f13bf39f92b6f8769039951b49b0f8da9f6adf6e,419c0751c5d4cb67542a4de8a3f62b962fbe2254c2144745c3dbb9534e0faedd,95.35461,96.90556,564,success_build,True,True,True,,,
750,0 1 2 3 4 5 6 7 8 9 22 10 11 12 13 14 15 16 17 18 19 20 21 23,41e7237492fda8cf064048a3a042fa027d808815c02cdb0a435faaf77febc2f4,419c0751c5d4cb67542a4de8a3f62b962fbe2254c2144745c3dbb9534e0faedd,95.35461,96.90556,564,success_build,True,True,True,,,
751,0 1 2 3 4 5 6 7 8 9 10 22 11 12 13 14 15 16 17 18 19 20 21 23,0b6ab02c05924508c259e4ea9adf120a7ad6eae606cd1d59a5a67580081c59ef,419c0751c5d4cb67542a4de8a3f62b962fbe2254c2144745c3dbb9534e0faedd,95.35461,96.90556,564,success_build,True,True,True,,,
752,0 1 2 3 4 5 6 7 8 9 10 11 22 12 13 14 15 16 17 18 19 20 21 23,2d934bddd73264b9eaaa63d14b233beb0230810f57c86928a3f5719b9b638213,419c0751c5d4cb67542a4de8a3f62b962fbe2254c2144745c3dbb9534e0faedd,95.35461,96.90556,564,success_build,True,True,True,,,
753,0 1 2 3 4 5 6 7 8 9 10 11 12 22 13 14 15 16 17 18 19 20 21 23,02bb6ff99dea461c2654c733da129e202ef624fd98adeab493332998041c7004,419c0751c5d4cb67542a4de8a3f62b962fbe2254c2144745c3dbb9534e0faedd,95.35461,96.90556,564,success_build,True,True,True,,,
754,0 1 2 3 4 5 6 7 8 9 10 11 12 13 22 14 15 16 17 18 19 20 21 23,4e6c80aeaf538c85a4f6cb50bd8ca63b9fe323f88e95567096c0a2444fc35ab3,419c0751c5d4cb67542a4de8a3f62b962fbe2254c2144745c3dbb9534e0faedd,95.35461,96.90556,564,success_build,True,True,True,,,
755,0 1 2 3 4 5 6 7 8 9 10 11 12 13 14 22 15 16 17 18 19 20 21 23,b1b34c9e70a8a9044066ee915bda267924bce40ea4a2bc92b0813e293b13a8f1,419c0751c5d4cb67542a4de8a3f62b962fbe2254c2144745c3dbb9534e0faedd,95.35461,96.90556,564,success_build,True,True,True,,,
756,0 1 2 3 4 5 6 7 8 9 10 11 12 13 14 15 22 16 17 18 19 20 21 23,5dd7041a751194b993ded7a8cf287472c25b856ab6e6685314af4ea28e225283,419c0751c5d4cb67542a4de8a3f62b962fbe2254c2144745c3dbb9534e0faedd,95.35461,96.90556,564,success_build,True,True,True,,,
757,0 1 2 3 4 5 6 7 8 9 10 11 12 13 14 15 16 22 17 18 19 20 21 23,fc529bcdf37025a67704406e6a8660d7efee8b263cd3e85161e23fcd5ac5956f,419c0751c5d4cb67542a4de8a3f62b962fbe2254c2144745c3dbb9534e0faedd,95.35461,96.90556,564,success_build,True,True,True,,,
758,0 1 2 3 4 5 6 7 8 9 10 11 12 13 14 15 16 17 22 18 19 20 21 23,522df677359142e7d890fc8af827209f358b5e195587d9fc089d2bcd8d45f909,419c0751c5d4cb67542a4de8a3f62b962fbe2254c2144745c3dbb9534e0faedd,95.35461,96.90556,564,success_build,True,True,True,,,
759,0 1 2 3 4 5 6 7 8 9 10 11 12 13 14 15 16 17 18 22 19 20 21 23,031969e737e0526ec596f3f5423542384e666f85d848a59db66f9704b0f8211b,419c0751c5d4cb67542a4de8a3f62b962fbe2254c2144745c3dbb9534e0faedd,95.35461,96.90556,564,success_build,True,True,True,,,
760,0 1 2 3 4 5 6 7 8 9 10 11 12 13 14 15 16 17 18 19 22 20 21 23,905aaf915eef3f45e713507995921c96a0f2354f991da5445fd2517a8a4835e8,419c0751c5d4cb67542a4de8a3f62b962fbe2254c2144745c3dbb9534e0faedd,95.35461,96.90556,564,success_build,True,True,True,,,
761,23 0 1 2 3 4 5 6 7 8 9 10 11 12 13 14 15 16 17 18 19 20 21 22,00642dfb20553d3c68331d2111b969b379de43662be71216342680de6bec0e1a,419c0751c5d4cb67542a4de8a3f62b962fbe2254c2144745c3dbb9534e0faedd,95.35461,96.90556,564,success_build,True,True,True,,,
762,0 23 1 2 3 4 5 6 7 8 9 10 11 12 13 14 15 16 17 18 19 20 21 22,9e92369806576a7ac85464911f00c9cf81ca03f8bf3f87b8bf0e6ddd4184fff1,419c0751c5d4cb67542a4de8a3f62b962fbe2254c2144745c3dbb9534e0faedd,95.35461,96.90556,564,success_build,True,True,True,,,
763,0 1 23 2 3 4 5 6 7 8 9 10 11 12 13 14 15 16 17 18 19 20 21 22,918750fdc7bd063e2b560c1101d907c1b1793c34fbb8d8f349ccef7aa4dedb9f,419c0751c5d4cb67542a4de8a3f62b962fbe2254c2144745c3dbb9534e0faedd,95.35461,96.90556,564,success_build,True,True,True,,,
764,0 1 2 23 3 4 5 6 7 8 9 10 11 12 13 14 15 16 17 18 19 20 21 22,916ba92b5c6dd7d1a782c08bb221d59434eb1cbffeaab26a668a05b81ed871af,419c0751c5d4cb67542a4de8a3f62b962fbe2254c2144745c3dbb9534e0faedd,95.35461,96.90556,564,success_build,True,True,True,,,
765,0 1 2 3 23 4 5 6 7 8 9 10 11 12 13 14 15 16 17 18 19 20 21 22,a66b52eddc652810eb0d21c5b1dedcae2ba02b5d6c0f24d45283c7ea016d4045,419c0751c5d4cb67542a4de8a3f62b962fbe2254c2144745c3dbb9534e0faedd,95.35461,96.90556,564,success_build,True,True,True,,,
766,0 1 2 3 4 23 5 6 7 8 9 10 11 12 13 14 15 16 17 18 19 20 21 22,b89cd2c73b8c68915386a5fe21d405a412476c6b93c09cd06d627e53804fe3a3,419c0751c5d4cb67542a4de8a3f62b962fbe2254c2144745c3dbb9534e0faedd,95.35461,96.90556,564,success_build,True,True,True,,,
767,0 1 2 3 4 5 23 6 7 8 9 10 11 12 13 14 15 16 17 18 19 20 21 22,91380aca78feeea21ac6fe13bcf5ebf6114e20b496c3db7e27656877c9f80b49,419c0751c5d4cb67542a4de8a3f62b962fbe2254c2144745c3dbb9534e0faedd,95.35461,96.90556,564,success_build,True,True,True,,,
768,0 1 2 3 4 5 6 23 7 8 9 10 11 12 13 14 15 16 17 18 19 20 21 22,48ba39216e2ce37435beea5e0162fbb9ecb265fd078ffe1bc82273138a5c0c22,419c0751c5d4cb67542a4de8a3f62b962fbe2254c2144745c3dbb9534e0faedd,95.35461,96.90556,564,success_build,True,True,True,,,
769,0 1 2 3 4 5 6 7 23 8 9 10 11 12 13 14 15 16 17 18 19 20 21 22,072e7b6552d511df5cd7136ff6b4cdf7924a7e7617d31019f9d4b16d623009fd,419c0751c5d4cb67542a4de8a3f62b962fbe2254c2144745c3dbb9534e0faedd,95.35461,96.90556,564,success_build,True,True,True,,,
770,0 1 2 3 4 5 6 7 8 23 9 10 11 12 13 14 15 16 17 18 19 20 21 22,5e3be9d7db4b1dbb5197350d10526e90f278427e5483e11f3cefb45453f7b21b,419c0751c5d4cb67542a4de8a3f62b962fbe2254c2144745c3dbb9534e0faedd,95.35461,96.90556,564,success_build,True,True,True,,,
771,0 1 2 3 4 5 6 7 8 9 23 10 11 12 13 14 15 16 17 18 19 20 21 22,24fe14bd8538118942fa9a88242916079591af2b77b2fe7023504e3d34c8a7da,419c0751c5d4cb67542a4de8a3f62b962fbe2254c2144745c3dbb9534e0faedd,95.35461,96.90556,564,success_build,True,True,True,,,
772,0 1 2 3 4 5 6 7 8 9 10 23 11 12 13 14 15 16 17 18 19 20 21 22,3b7ccbe522bae09eeb0c2ad7a10d382c718f58ff30b25701fe6c5424af5e8ea6,419c0751c5d4cb67542a4de8a3f62b962fbe2254c2144745c3dbb9534e0faedd,95.35461,96.90556,564,success_build,True,True,True,,,
773,0 1 2 3 4 5 6 7 8 9 10 11 23 12 13 14 15 16 17 18 19 20 21 22,dbbedcdeddb937fe0ae9a8c69e189153fc17b6614a626db6dc30761cfa453411,419c0751c5d4cb67542a4de8a3f62b962fbe2254c2144745c3dbb9534e0faedd,95.35461,96.90556,564,success_build,True,True,True,,,
774,0 1 2 3 4 5 6 7 8 9 10 11 12 23 13 14 15 16 17 18 19 20 21 22,775898d11a52f22bfc7f51620ca66f20c15c2a54e2e844540df64db365b4ff38,419c0751c5d4cb67542a4de8a3f62b962fbe2254c2144745c3dbb9534e0faedd,95.35461,96.90556,564,success_build,True,True,True,,,
775,0 1 2 3 4 5 6 7 8 9 10 11 12 13 23 14 15 16 17 18 19 20 21 22,1553f5bd6e7789ffddf864e07bf9f9a0033682eb349ed6fa9e812ea7c7373365,419c0751c5d4cb67542a4de8a3f62b962fbe2254c2144745c3dbb9534e0faedd,95.35461,96.90556,564,success_build,True,True,True,,,
776,0 1 2 3 4 5 6 7 8 9 10 11 12 13 14 23 15 16 17 18 19 20 21 22,1d44107687474060682d747fe5a0dbd2c99b166ede696f01065ce90d27cd3f45,419c0751c5d4cb67542a4de8a3f62b962fbe2254c2144745c3dbb9534e0faedd,95.35461,96.90556,564,success_build,True,True,True,,,
777,0 1 2 3 4 5 6 7 8 9 10 11 12 13 14 15 23 16 17 18 19 20 21 22,852253c0e4d0c41e0cf1a79dc93a245c3f18984d62ba2f55634dacae411df162,419c0751c5d4cb67542a4de8a3f62b962fbe2254c2144745c3dbb9534e0faedd,95.35461,96.90556,564,success_build,True,True,True,,,
778,0 1 2 3 4 5 6 7 8 9 10 11 12 13 14 15 16 23 17 18 19 20 21 22,eba004f812a5ad54db156bdc899de54e26f5eab0f6710cff6e6a2608a8da856e,419c0751c5d4cb67542a4de8a3f62b962fbe2254c2144745c3dbb9534e0faedd,95.35461,96.90556,564,success_build,True,True,True,,,
779,0 1 2 3 4 5 6 7 8 9 10 11 12 13 14 15 16 17 23 18 19 20 21 22,82eec420c9c87e054a80eb53fd5948918ff071a4052975fab52c75efe9fb0a9b,419c0751c5d4cb67542a4de8a3f62b962fbe2254c2144745c3dbb9534e0faedd,95.35461,96.90556,564,success_build,True,True,True,,,
780,0 1 2 3 4 5 6 7 8 9 10 11 12 13 14 15 16 17 18 23 19 20 21 22,3f225d2dc52001813e62d08726246e1f0f398886b9e436f0b8ac05f80cedb5b4,419c0751c5d4cb67542a4de8a3f62b962fbe2254c2144745c3dbb9534e0faedd,95.35461,96.90556,564,success_build,True,True,True,,,
781,0 1 2 3 4 5 6 7 8 9 10 11 12 13 14 15 16 17 18 19 23 20 21 22,4ec028c487e9885a90cf93c154e9eec9a2c9264ac6ac431f3084e9d2b175680d,419c0751c5d4cb67542a4de8a3f62b962fbe2254c2144745c3dbb9534e0faedd,95.35461,96.90556,564,success_build,True,True,True,,,
782,0 1 2 3 4 5 6 7 8 9 10 11 12 13 14 15 16 17 18 19 20 23 21 22,ff38e21bb625c85dad097ea35bf758351c6e0b6deac851cb9f1e942264240a12,419c0751c5d4cb67542a4de8a3f62b962fbe2254c2144745c3dbb9534e0faedd,95.35461,96.90556,564,success_build,True,True,True,,,
