call,order_indices,source_sha256,object_sha256,fuzzy,unit_fuzzy,function_bytes,compile_status,source_stable,object_build_message,admissible,gate_failures
0,0 1 2 3 4 5 6 7 8 9 10 11 12 13 14 15 16 17 18 19 20 21 22 23,8fb0c89b7b0bcb7b0467ca1be3dfcdb70dfa43b1ec085d926d028e156470749a,f82e514864af9c85e1857e2fd59bfd976deb0aba1f651662b322730ced490ad6,90.89862,96.850586,868,success_build,True,True,True,
1,1 0 2 3 4 5 6 7 8 9 10 11 12 13 14 15 16 17 18 19 20 21 22 23,62438cf8d171d24d26dd92810d6789ba52a74479d6e79a145a6cc65a2d417c59,8d3c29cbf1b4bf38f8d2a9ae6c097b421955037dc7bc96c433de8eba5c372225,90.78341,96.83441,868,success_build,True,True,False,unit fuzzy loss
2,2 1 0 3 4 5 6 7 8 9 10 11 12 13 14 15 16 17 18 19 20 21 22 23,9e20dcf5fb9f814648d8764b1315ce085ddb65be42dbe7e94c68815894c02c50,8d3c29cbf1b4bf38f8d2a9ae6c097b421955037dc7bc96c433de8eba5c372225,90.78341,96.83441,868,success_build,True,True,False,unit fuzzy loss
3,3 1 2 0 4 5 6 7 8 9 10 11 12 13 14 15 16 17 18 19 20 21 22 23,cfe12c59ac7af1160e3fd41c15ccd8bc326a82e05fbf2acc39dc6723b3b351d0,8d3c29cbf1b4bf38f8d2a9ae6c097b421955037dc7bc96c433de8eba5c372225,90.78341,96.83441,868,success_build,True,True,False,unit fuzzy loss
4,4 1 2 3 0 5 6 7 8 9 10 11 12 13 14 15 16 17 18 19 20 21 22 23,ba54d98cf6a262106a8ee1a473f68b3bf9743e991dbd4e2eea78086c405aa4b7,8d3c29cbf1b4bf38f8d2a9ae6c097b421955037dc7bc96c433de8eba5c372225,90.78341,96.83441,868,success_build,True,True,False,unit fuzzy loss
5,5 1 2 3 4 0 6 7 8 9 10 11 12 13 14 15 16 17 18 19 20 21 22 23,c4cba022c15ef97078f74e687727052963de7616d56b7cfcf6b54ec26d7b7e16,af3b11cd77f31557e1114ad44280640b9a424ab26e27a34aa0152273d4c5554e,90.78341,96.83441,868,success_build,True,True,False,unit fuzzy loss
6,6 1 2 3 4 5 0 7 8 9 10 11 12 13 14 15 16 17 18 19 20 21 22 23,ca92ca89b043df4c3eb10d8b5ee1762b7a80a643a717cda1e5c654b377a9ac97,164d2cf8b8f5651b0b603b733db3231ff3ffd6c18dccb4b4667e0c2399e8d536,90.622116,96.811775,868,success_build,True,True,False,unit fuzzy loss
7,7 1 2 3 4 5 6 0 8 9 10 11 12 13 14 15 16 17 18 19 20 21 22 23,59cecd968fa1f6e6d3d40cb428e2b09ab4dbfb2e251006e48bfbecfe49c27a56,164d2cf8b8f5651b0b603b733db3231ff3ffd6c18dccb4b4667e0c2399e8d536,90.622116,96.811775,868,success_build,True,True,False,unit fuzzy loss
8,8 1 2 3 4 5 6 7 0 9 10 11 12 13 14 15 16 17 18 19 20 21 22 23,cbb5851d191c2319dd8452d637540036ba7304114e825930064224caf3fd336a,164d2cf8b8f5651b0b603b733db3231ff3ffd6c18dccb4b4667e0c2399e8d536,90.622116,96.811775,868,success_build,True,True,False,unit fuzzy loss
9,9 1 2 3 4 5 6 7 8 0 10 11 12 13 14 15 16 17 18 19 20 21 22 23,3d2e533e8d7855ee275fc0fdb790a66e8e2ab595667a531fc8920d6fbef0187f,6f810f1f2992da816e1b09476544ea3f4e8a6e1920f3a7a2ca7249391137abae,90.78341,96.83441,868,success_build,True,True,False,unit fuzzy loss
10,10 1 2 3 4 5 6 7 8 9 0 11 12 13 14 15 16 17 18 19 20 21 22 23,3abe3a783951eb3ce15affe794f538c10ed4febb1c4bffb5723384616731fe36,1f1f498be7ccfefaae913349c318bb6a152285171bdf14d35fcc4f40eab96273,90.52995,96.798836,868,success_build,True,True,False,unit fuzzy loss
11,11 1 2 3 4 5 6 7 8 9 10 0 12 13 14 15 16 17 18 19 20 21 22 23,db78ee09e0201948191eca8223145d86beee849a03916662aa1fd2ff29898085,fa0046a0f37268f54f7831950b0a4c8cbc0fbc0e0401f2a8643089b4b7947eaa,90.46083,96.78913,868,success_build,True,True,False,unit fuzzy loss
12,12 1 2 3 4 5 6 7 8 9 10 11 0 13 14 15 16 17 18 19 20 21 22 23,107bb66d1df99699a940f819c39dbb53eb0e94ef7fa9dd9acab0c4757f2b11f5,c8dd6aa63a0ea6dc75505f480edba4b5863bb770042d02c120306171c65acb32,89.51152,96.65588,868,success_build,True,True,False,unit fuzzy loss
13,13 1 2 3 4 5 6 7 8 9 10 11 12 0 14 15 16 17 18 19 20 21 22 23,f9460918274e8c8b0a5ce3b0c8503bb9bda80814f8a193a7fb2a73c611a80ab6,f25e51fb03c8f89fcde7eee7e483e4086b6aa610667bab903af5664e954c2a7a,89.53917,96.65977,868,success_build,True,True,False,unit fuzzy loss
14,14 1 2 3 4 5 6 7 8 9 10 11 12 13 0 15 16 17 18 19 20 21 22 23,a86fbc94fcf19985b866a5dd1b36193341f85d9edc4518aea6d5ea2a35e07291,9202d4298c594bcc9c5ee5e06b41922cfce17fb7a3862206aa8c7d767adc7d7b,90.668205,96.81824,868,success_build,True,True,False,unit fuzzy loss
15,15 1 2 3 4 5 6 7 8 9 10 11 12 13 14 0 16 17 18 19 20 21 22 23,cc8320b2f746d5093259e9e67a53cbbe0905653506c104a47a5678917f4477a4,a7567261c283c8161f3d850400b8e10ac62090bf88fe765ce296ef990742bbc3,90.71429,96.82471,868,success_build,True,True,False,unit fuzzy loss
16,16 1 2 3 4 5 6 7 8 9 10 11 12 13 14 15 0 17 18 19 20 21 22 23,44c14c8bd0b8e9b256368b7f328624217038addfac721291439c4a9992386311,bbee96bbc0124d15153508eefc6805848c21f9d43e3aaa2108dc6d72ee9a00e4,90.73733,96.82794,868,success_build,True,True,False,unit fuzzy loss
17,17 1 2 3 4 5 6 7 8 9 10 11 12 13 14 15 16 0 18 19 20 21 22 23,108c9ff50fadbae41212668d49186f9ecd93e3b3b3616ac73814947428d2452d,6568d5eb7961816ccb6f3f1c462271440c9f6b1b319b7e020bf0fc839a95976d,90.576035,96.805305,868,success_build,True,True,False,unit fuzzy loss
18,18 1 2 3 4 5 6 7 8 9 10 11 12 13 14 15 16 17 0 19 20 21 22 23,2c3cab38e6e9e77f27f50f1813c634afd0c2dbbf39d4b3ecd2e865ee21fb0612,297e398ce12def0b1dc79fadf252e655e4ff7c4467201f1c65d216c714a0622f,90.78341,96.83441,868,success_build,True,True,False,unit fuzzy loss
19,19 1 2 3 4 5 6 7 8 9 10 11 12 13 14 15 16 17 18 0 20 21 22 23,f79e44b9a2c9423a6251da16d57eb5afaeefab6896f1dfed91293fdd9444f35f,e53faae6192f8950421c35a8586b8d35203567ccf6da1f40612459b8b74401a6,90.41475,96.78266,868,success_build,True,True,False,unit fuzzy loss
20,20 1 2 3 4 5 6 7 8 9 10 11 12 13 14 15 16 17 18 19 0 21 22 23,42c6f7b761dee9c14cc0d5118095b70565f8c10819a97d48e9e57d9651c00350,01ac01478c9feff0e4f9f727e3eeaf94f14aa0d901c3dba9b9fca3285b164fa9,89.90784,96.71152,868,success_build,True,True,False,unit fuzzy loss
21,21 1 2 3 4 5 6 7 8 9 10 11 12 13 14 15 16 17 18 19 20 0 22 23,7e78d3bfeff38bf2fd6e9ab5320c867a330829c0d5a1e17a39c6a51dfdb7f580,692f8a3e21d4454a1fe2a86c046de355559df44c44c67a325fbef3ab10a9095b,89.90784,96.71152,868,success_build,True,True,False,unit fuzzy loss
22,22 1 2 3 4 5 6 7 8 9 10 11 12 13 14 15 16 17 18 19 20 21 0 23,079e4b6b686ee212742e1520b8976789e8e3cca77ca45b50e869039a5bf563ec,7596b31d8f119bc172d08c7822f316bc4678fc296e448e2217040bafc852e327,90.34562,96.772964,868,success_build,True,True,False,unit fuzzy loss
23,23 1 2 3 4 5 6 7 8 9 10 11 12 13 14 15 16 17 18 19 20 21 22 0,f580cae40e1f3e29b7c589bf98f1cb7c8b9aa7ab91fef90134490bf650d2c433,6509d48bd38b9abc57b17675d44d286a409bd1b03b12ade7ba412aef4fc14b60,87.92627,96.43338,868,success_build,True,True,False,unit fuzzy loss
24,0 2 1 3 4 5 6 7 8 9 10 11 12 13 14 15 16 17 18 19 20 21 22 23,92edc225e215502415b8712e6f6aa48c61c43c54460f88e7f92d3083c99bda84,f82e514864af9c85e1857e2fd59bfd976deb0aba1f651662b322730ced490ad6,90.89862,96.850586,868,success_build,True,True,True,
25,0 3 2 1 4 5 6 7 8 9 10 11 12 13 14 15 16 17 18 19 20 21 22 23,6c7afd87702bfd4978b39c671b4c5c36fbe608b7cf4740f8b48c695ddfce4063,f82e514864af9c85e1857e2fd59bfd976deb0aba1f651662b322730ced490ad6,90.89862,96.850586,868,success_build,True,True,True,
26,0 4 2 3 1 5 6 7 8 9 10 11 12 13 14 15 16 17 18 19 20 21 22 23,dbf4baa9eb5c09e52ed0bf74b819efd515e88a1546bb39c9718d6e40df57a611,f82e514864af9c85e1857e2fd59bfd976deb0aba1f651662b322730ced490ad6,90.89862,96.850586,868,success_build,True,True,True,
27,0 5 2 3 4 1 6 7 8 9 10 11 12 13 14 15 16 17 18 19 20 21 22 23,3d1a512d372bef46a0351e39d4b8fc79845658328d5112f9f32b63d825ea6992,41bc1f05b8c00213a234c906990840549d7d1da627e8985976f147f0735e304b,90.73733,96.82794,868,success_build,True,True,False,unit fuzzy loss
28,0 6 2 3 4 5 1 7 8 9 10 11 12 13 14 15 16 17 18 19 20 21 22 23,52273edd97e0814680757566875ac5e0a5807bbe9faccc8c933cacc781ff0569,41bc1f05b8c00213a234c906990840549d7d1da627e8985976f147f0735e304b,90.73733,96.82794,868,success_build,True,True,False,unit fuzzy loss
29,0 7 2 3 4 5 6 1 8 9 10 11 12 13 14 15 16 17 18 19 20 21 22 23,e46f387181558026998ca4cde909afa3d42be9335b660a580dca67d13810f2d1,41bc1f05b8c00213a234c906990840549d7d1da627e8985976f147f0735e304b,90.73733,96.82794,868,success_build,True,True,False,unit fuzzy loss
30,0 8 2 3 4 5 6 7 1 9 10 11 12 13 14 15 16 17 18 19 20 21 22 23,77242fbdef7c54401050d647509a530acfcf9f8cff7173266c78d681730fabc0,41bc1f05b8c00213a234c906990840549d7d1da627e8985976f147f0735e304b,90.73733,96.82794,868,success_build,True,True,False,unit fuzzy loss
31,0 9 2 3 4 5 6 7 8 1 10 11 12 13 14 15 16 17 18 19 20 21 22 23,d001cf25cf97d023904214ea9fa3205c42da8d1e9358fe0bac87f57f3bc1b323,d27516d5138e130c811369057a48bff6f6ef6c72a1695040cbba817b54a44f77,90.89862,96.850586,868,success_build,True,True,True,
32,0 10 2 3 4 5 6 7 8 9 1 11 12 13 14 15 16 17 18 19 20 21 22 23,b50c43d4056da494b8b480e2b8c11186b63309e7c40d71579997ff6b3e35b0cb,f6db4e8548f2f45079a629dc2e817f27b1c5ff18c0f603fbfc4448d00e95da01,90.691246,96.82147,868,success_build,True,True,False,unit fuzzy loss
33,0 11 2 3 4 5 6 7 8 9 10 1 12 13 14 15 16 17 18 19 20 21 22 23,28d9a7dbabcd4dc726f550ac5e0c099f3d946eb4d8cfa73ee7981a0aaf759bff,2a03ec95f84cb2f53710207fe054ac1004f327e2978f08bd46abd2996c99ff6c,90.622116,96.811775,868,success_build,True,True,False,unit fuzzy loss
34,0 12 2 3 4 5 6 7 8 9 10 11 1 13 14 15 16 17 18 19 20 21 22 23,3dec109e366b604274e29e635a41cc87f18548ef1220de0506eee5e42db9f200,f7f80e88421321fd77205dceefceb22c897c29e6b2c05b3055dabe2b08bb2823,89.67281,96.67853,868,success_build,True,True,False,unit fuzzy loss
35,0 13 2 3 4 5 6 7 8 9 10 11 12 1 14 15 16 17 18 19 20 21 22 23,f00eb128ad2825b4e0385ee3bde692665756e20077893de2b3f6159ab2c50c47,1a167c58895b83a3602bee5f6a67edc70047f80c85628a7edbefab7b012b70c0,89.70046,96.6824,868,success_build,True,True,False,unit fuzzy loss
36,0 14 2 3 4 5 6 7 8 9 10 11 12 13 1 15 16 17 18 19 20 21 22 23,53a63354c22c00933e5e9f1e3b9feca5ad292c822b47fce41d7a654cf49d6360,da2fe604dcca1f1f9d4641d4498a4240bb39e4f52a0e3faaee54ba5d843b9f7f,90.78341,96.83441,868,success_build,True,True,False,unit fuzzy loss
37,0 15 2 3 4 5 6 7 8 9 10 11 12 13 14 1 16 17 18 19 20 21 22 23,8bb053aee25b60ad49860c7547585634bad607968816b6b626daeb8df0c2f43c,222163d73633acb25579e2d74fb5b3341eefa9e551ba87a52a9e0dbc8b0e595e,90.82949,96.84088,868,success_build,True,True,False,unit fuzzy loss
38,0 16 2 3 4 5 6 7 8 9 10 11 12 13 14 15 1 17 18 19 20 21 22 23,a9c8ae062cf90b9832834dd6199bc4d189ad0a3db01280e4826ef1f7bf1b76db,8b524fc69ec30c5d0e21e7567fc7614152387ee86eeed419f2d8192191993f31,90.85253,96.84412,868,success_build,True,True,False,unit fuzzy loss
39,0 17 2 3 4 5 6 7 8 9 10 11 12 13 14 15 16 1 18 19 20 21 22 23,da2270d19888699a80cf71fc9a0f9974a1d6701da1e026c467c5803482f92715,935a467ddb17916421aad5f1309e496da8e9e9fc6de853be9cfc5614b38b0acd,90.691246,96.82147,868,success_build,True,True,False,unit fuzzy loss
40,0 18 2 3 4 5 6 7 8 9 10 11 12 13 14 15 16 17 1 19 20 21 22 23,5807c83409afebc021a1311143f045eb5a147ce8a60ea7dd3b1d7bed1ec6314d,7f4ca0cfa4bfccfd13f7b0dc476830a8e4531a0e299930ce2ded76ed68b20c94,91.013824,96.86675,868,success_build,True,True,True,
41,0 19 2 3 4 5 6 7 8 9 10 11 12 13 14 15 16 17 18 1 20 21 22 23,4d02f026cb92582008e0df6824f7e5a5cb4b20734540cc1e91f7c058a41ef9d7,c60bca3a0b44e718a33d42292a1ecddd494339765b2b6a1c3567485206b36745,90.52995,96.798836,868,success_build,True,True,False,unit fuzzy loss
42,0 20 2 3 4 5 6 7 8 9 10 11 12 13 14 15 16 17 18 19 1 21 22 23,290b26c2578e6b7b6ac2b599bc8e6f66cad4cdb986dd15de503f484f8ad192da,d066432b13b7b2abc7a9d89de07816ad73c1f45cb13ecdba45c8681977630d13,90.02304,96.727684,868,success_build,True,True,False,unit fuzzy loss
43,0 21 2 3 4 5 6 7 8 9 10 11 12 13 14 15 16 17 18 19 20 1 22 23,998d587e3515816f3ef1ea5b20b2308820977fda18bb177325c16831abbd20a0,37e511401f870b3d1a5e5398c51940af15424be238d66b0dee4d653fa298c416,90.02304,96.727684,868,success_build,True,True,False,unit fuzzy loss
44,0 22 2 3 4 5 6 7 8 9 10 11 12 13 14 15 16 17 18 19 20 21 1 23,a01c3b4457bdab131c82c943410fc4974ce27b5d7954622f3527d277673dfc33,4e7a6efc0e645b3eb7b4095fd1a69f078684036297148e23a6b88db8a952ac21,90.46083,96.78913,868,success_build,True,True,False,unit fuzzy loss
45,0 23 2 3 4 5 6 7 8 9 10 11 12 13 14 15 16 17 18 19 20 21 22 1,fa3cbe70c449eadcc8cacd23b733846bbb3729d9fced58fec73fe0051a81c105,ad2872c0e642fd545d0e126cb3b5d86ad13673937d26395cc9bc69a8a734b6e3,88.04147,96.44955,868,success_build,True,True,False,unit fuzzy loss
46,0 1 3 2 4 5 6 7 8 9 10 11 12 13 14 15 16 17 18 19 20 21 22 23,cf8e5ea2bfb9cc391300753e473ca10d7318eb6e09622237b38b506d30ae0443,f82e514864af9c85e1857e2fd59bfd976deb0aba1f651662b322730ced490ad6,90.89862,96.850586,868,success_build,True,True,True,
47,0 1 4 3 2 5 6 7 8 9 10 11 12 13 14 15 16 17 18 19 20 21 22 23,83531497aed81c51645b905e5db3cc1d74d5e59f131658e72c198bba0c596aa7,f82e514864af9c85e1857e2fd59bfd976deb0aba1f651662b322730ced490ad6,90.89862,96.850586,868,success_build,True,True,True,
48,0 1 5 3 4 2 6 7 8 9 10 11 12 13 14 15 16 17 18 19 20 21 22 23,eb5e0ceac8bd72d1c3752929eb07003f59a35e5b12f233445c1dd3f96e86eb98,f82e514864af9c85e1857e2fd59bfd976deb0aba1f651662b322730ced490ad6,90.89862,96.850586,868,success_build,True,True,True,
49,0 1 6 3 4 5 2 7 8 9 10 11 12 13 14 15 16 17 18 19 20 21 22 23,22b8385f89ef0f77af10e1fac696f784681d7d1563a9aa1673e6b137920dd2a8,f82e514864af9c85e1857e2fd59bfd976deb0aba1f651662b322730ced490ad6,90.89862,96.850586,868,success_build,True,True,True,
50,0 1 7 3 4 5 6 2 8 9 10 11 12 13 14 15 16 17 18 19 20 21 22 23,a8e5c99b462e393666dc956e68f018759d5e7ac8195ae554ef1a3f5bdd4c45b0,f82e514864af9c85e1857e2fd59bfd976deb0aba1f651662b322730ced490ad6,90.89862,96.850586,868,success_build,True,True,True,
51,0 1 8 3 4 5 6 7 2 9 10 11 12 13 14 15 16 17 18 19 20 21 22 23,57d42d75f4fabb89c54f38b9a47b5f22df029d2b6b7128153e86f5a7fe14c865,f82e514864af9c85e1857e2fd59bfd976deb0aba1f651662b322730ced490ad6,90.89862,96.850586,868,success_build,True,True,True,
52,0 1 9 3 4 5 6 7 8 2 10 11 12 13 14 15 16 17 18 19 20 21 22 23,b40f8263c5d79ef18fcff856ce398103373504cd0eadb81f0693d904257fb70c,babd816388ed733d5712899f038083c5b0bc248ac98fadd8e6b2179a1342678a,90.89862,96.850586,868,success_build,True,True,True,
53,0 1 10 3 4 5 6 7 8 9 2 11 12 13 14 15 16 17 18 19 20 21 22 23,1d255ebebdd376b16af545d0167da07c062ca89ddc2b2b2335b727d570d0fc37,bcd313570f8220d65631eb48b5a0fc14fea94d494a81bac6719afa5677d44f59,90.85253,96.84412,868,success_build,True,True,False,unit fuzzy loss
54,0 1 11 3 4 5 6 7 8 9 10 2 12 13 14 15 16 17 18 19 20 21 22 23,18c5948866e204ea52aa14453077b56e355644e5191508a9deb6addf9a126098,b0c8ec94ad71d19e7054653f926db45680d5dc532c38dda08ee88d5cd5a3807e,90.55299,96.80207,868,success_build,True,True,False,unit fuzzy loss
55,0 1 12 3 4 5 6 7 8 9 10 11 2 13 14 15 16 17 18 19 20 21 22 23,7b67f77b2bdab68acd6a8c475359f83fc8af0572e33854b29f39b7d8ed696825,f5874cc95c91c778c91f32cd7d47e2f8a1ba8f71fb7ece8a2febc07dc2c96ec1,89.62673,96.67206,868,success_build,True,True,False,unit fuzzy loss
56,0 1 13 3 4 5 6 7 8 9 10 11 12 2 14 15 16 17 18 19 20 21 22 23,1a6e21f41e97d24b455d2b3ab89d61ee1ba6d7cc37c9e86dacedf6e5e09a71cd,4c4d5fd442be2afec901aeee1c7e594a97b7e0bd188ba03ff0e409ff0b093650,89.50691,96.65524,868,success_build,True,True,False,unit fuzzy loss
57,0 1 14 3 4 5 6 7 8 9 10 11 12 13 2 15 16 17 18 19 20 21 22 23,6283d089abc8fcb7ac0c623126a394463c111e68effe0104ed074aefaabd2fac,5481a6bc46d4f307a1c11eaadd5a9014485300aae550f50b02d5533391fec35e,89.39171,96.63907,868,success_build,True,True,False,unit fuzzy loss
58,0 1 15 3 4 5 6 7 8 9 10 11 12 13 14 2 16 17 18 19 20 21 22 23,2cae41037a0ab4445c64acda94624d8861094758db7c992bd87ea5727066d4d7,883a4dcafc288ce8b0ba5b1ca4bdf01d28800d75c3d2a8dc4ccdd95b3b1e1d24,89.32258,96.629364,868,success_build,True,True,False,unit fuzzy loss
59,0 1 16 3 4 5 6 7 8 9 10 11 12 13 14 15 2 17 18 19 20 21 22 23,f61687dda9d570f9d97d00aa9ec7de59809dba99f65408c023145fa186214224,5420cb01c441491da3e7a1c94ce973efe9370cc6f80e0b861313ec46f8da886d,89.2765,96.622894,868,success_build,True,True,False,unit fuzzy loss
60,0 1 17 3 4 5 6 7 8 9 10 11 12 13 14 15 16 2 18 19 20 21 22 23,8a99e22e7aba933bbe038f2b62567f9fdcb01c3f72826542a384939a8aea26bf,69fa846612872712fc4b6bc645f17e46fcfa4f6b55b0dfdae7bfc7fff746fa3f,89.06912,96.59379,868,success_build,True,True,False,unit fuzzy loss
61,0 1 18 3 4 5 6 7 8 9 10 11 12 13 14 15 16 17 2 19 20 21 22 23,d82ec70d66868877d0066b05601bad67e747e76c5a4a0ba484530f30bf3685f6,72aaf4e116fa058b01cb3d0a1ac4ba7b9c59e88b1eb85224428890d4d5788867,89.34562,96.6326,868,success_build,True,True,False,unit fuzzy loss
62,0 1 19 3 4 5 6 7 8 9 10 11 12 13 14 15 16 17 18 2 20 21 22 23,3640b1fd129a084db460fc13c63e204191e08d5ff3b9500680b3b6d4e308063c,7f88b8eca302e0cc3fa9724b8cc0c4864029645c5f0c6bb2421305a91bc693ee,88.97696,96.58086,868,success_build,True,True,False,unit fuzzy loss
63,0 1 20 3 4 5 6 7 8 9 10 11 12 13 14 15 16 17 18 19 2 21 22 23,1c113c8fa6f7fecf8e40611b01848ee9d1126926ba5379150d20eb5134fc4260,f82e514864af9c85e1857e2fd59bfd976deb0aba1f651662b322730ced490ad6,90.89862,96.850586,868,success_build,True,True,True,
64,0 1 21 3 4 5 6 7 8 9 10 11 12 13 14 15 16 17 18 19 20 2 22 23,82864d80c0f9386c7c8a8da0d8e153b23f275e180462e42ad46529c856bd01fa,f2a7ab64a835b1b17ed2c73367cc06f2f5bc0eff4ff597d4dcec5ceca60c1898,90.89862,96.850586,868,success_build,True,True,True,
65,0 1 22 3 4 5 6 7 8 9 10 11 12 13 14 15 16 17 18 19 20 21 2 23,10a651144a38505fa840b311c428808254f4b8eb670b335d7b96c8ceaa9d6242,245ea0973c7277247a61e50e4bf350d4db74e082e237f06a1c34c805e7cee5de,88.86175,96.56468,868,success_build,True,True,False,unit fuzzy loss
66,0 1 23 3 4 5 6 7 8 9 10 11 12 13 14 15 16 17 18 19 20 21 22 2,5459f24668a0a9070bd83e867736befc980d924e7c671de18cde03f8c3403615,1cbbd1395087323526002e419ddd1033c23597a1eb833d325de232af03875918,88.68664,96.5401,868,success_build,True,True,False,unit fuzzy loss
67,0 1 2 4 3 5 6 7 8 9 10 11 12 13 14 15 16 17 18 19 20 21 22 23,862b2d07e8eac571a0c6ea9e597786f2e84a9f469b838aba0b4f4e90a05b4e4e,f82e514864af9c85e1857e2fd59bfd976deb0aba1f651662b322730ced490ad6,90.89862,96.850586,868,success_build,True,True,True,
68,0 1 2 5 4 3 6 7 8 9 10 11 12 13 14 15 16 17 18 19 20 21 22 23,23bf73d980766591b3167d176a80643ce55686f048fb7d1ce236f0e5493e0c4f,f82e514864af9c85e1857e2fd59bfd976deb0aba1f651662b322730ced490ad6,90.89862,96.850586,868,success_build,True,True,True,
69,0 1 2 6 4 5 3 7 8 9 10 11 12 13 14 15 16 17 18 19 20 21 22 23,9d38b9b89c1acabc52ebf95d9e156a8ff5b84e7f965a662b4e9c2e3fa8e5c9d9,f82e514864af9c85e1857e2fd59bfd976deb0aba1f651662b322730ced490ad6,90.89862,96.850586,868,success_build,True,True,True,
70,0 1 2 7 4 5 6 3 8 9 10 11 12 13 14 15 16 17 18 19 20 21 22 23,708fe10232d6404cd9f9393a940df22c0fd8f4629226b2ccfc0ac845b8229262,f82e514864af9c85e1857e2fd59bfd976deb0aba1f651662b322730ced490ad6,90.89862,96.850586,868,success_build,True,True,True,
71,0 1 2 8 4 5 6 7 3 9 10 11 12 13 14 15 16 17 18 19 20 21 22 23,a285a750ef83258092ae20bccb1c8ee4dd8c3e0e84c2df972463a21b3b547672,f82e514864af9c85e1857e2fd59bfd976deb0aba1f651662b322730ced490ad6,90.89862,96.850586,868,success_build,True,True,True,
72,0 1 2 9 4 5 6 7 8 3 10 11 12 13 14 15 16 17 18 19 20 21 22 23,991a51c1e3da627e6c45055c97c87c9f55a5b7868b0ee98a1741548b59e4cb14,babd816388ed733d5712899f038083c5b0bc248ac98fadd8e6b2179a1342678a,90.89862,96.850586,868,success_build,True,True,True,
73,0 1 2 10 4 5 6 7 8 9 3 11 12 13 14 15 16 17 18 19 20 21 22 23,84f2ec546a8ab91fb48f0fd35c641fd8b82b452c1f50b0b8a67e76c10928ae63,bcd313570f8220d65631eb48b5a0fc14fea94d494a81bac6719afa5677d44f59,90.85253,96.84412,868,success_build,True,True,False,unit fuzzy loss
74,0 1 2 11 4 5 6 7 8 9 10 3 12 13 14 15 16 17 18 19 20 21 22 23,fe31d7332c191e03233b9fe34ff662c87566a0654ba340e5e7d52c9737e01a68,b0c8ec94ad71d19e7054653f926db45680d5dc532c38dda08ee88d5cd5a3807e,90.55299,96.80207,868,success_build,True,True,False,unit fuzzy loss
75,0 1 2 12 4 5 6 7 8 9 10 11 3 13 14 15 16 17 18 19 20 21 22 23,8ea0c8372307f0dcb5964e0f2b739f8d162ec75580b900d1be96504cbc50735a,f5874cc95c91c778c91f32cd7d47e2f8a1ba8f71fb7ece8a2febc07dc2c96ec1,89.62673,96.67206,868,success_build,True,True,False,unit fuzzy loss
76,0 1 2 13 4 5 6 7 8 9 10 11 12 3 14 15 16 17 18 19 20 21 22 23,e4b66597c4f041bffa08e7c2c18e944b699ed05c53c8a9ffc3b3f23839e8a2c0,4c4d5fd442be2afec901aeee1c7e594a97b7e0bd188ba03ff0e409ff0b093650,89.50691,96.65524,868,success_build,True,True,False,unit fuzzy loss
77,0 1 2 14 4 5 6 7 8 9 10 11 12 13 3 15 16 17 18 19 20 21 22 23,b9e2edac8f400089582787bc8b88a074736b9fe9d2ee22666edb40a8ca64ecec,5481a6bc46d4f307a1c11eaadd5a9014485300aae550f50b02d5533391fec35e,89.39171,96.63907,868,success_build,True,True,False,unit fuzzy loss
78,0 1 2 15 4 5 6 7 8 9 10 11 12 13 14 3 16 17 18 19 20 21 22 23,a71b6f5a4d1e449281c638cd620f0474a3ab7b66d38993257ed9799b8aa51c7b,883a4dcafc288ce8b0ba5b1ca4bdf01d28800d75c3d2a8dc4ccdd95b3b1e1d24,89.32258,96.629364,868,success_build,True,True,False,unit fuzzy loss
79,0 1 2 16 4 5 6 7 8 9 10 11 12 13 14 15 3 17 18 19 20 21 22 23,94fa68984de7799ce522b2fb7e9c2a52d81ee2a5dbc2f2c477557c909fdce927,5420cb01c441491da3e7a1c94ce973efe9370cc6f80e0b861313ec46f8da886d,89.2765,96.622894,868,success_build,True,True,False,unit fuzzy loss
80,0 1 2 17 4 5 6 7 8 9 10 11 12 13 14 15 16 3 18 19 20 21 22 23,1e3ea9dde4d264f05927d9232cef61af09cbb84b909c67050d7cea7d60c16619,69fa846612872712fc4b6bc645f17e46fcfa4f6b55b0dfdae7bfc7fff746fa3f,89.06912,96.59379,868,success_build,True,True,False,unit fuzzy loss
81,0 1 2 18 4 5 6 7 8 9 10 11 12 13 14 15 16 17 3 19 20 21 22 23,aeb10a36d4a25605433b53ab0c199cd574d8e5a909c35fe2c47218170f5f3d97,72aaf4e116fa058b01cb3d0a1ac4ba7b9c59e88b1eb85224428890d4d5788867,89.34562,96.6326,868,success_build,True,True,False,unit fuzzy loss
82,0 1 2 19 4 5 6 7 8 9 10 11 12 13 14 15 16 17 18 3 20 21 22 23,37aeb38ac58475a41b1d046387505cf64dd21fcab9cf202dcb962cd7032e36db,7f88b8eca302e0cc3fa9724b8cc0c4864029645c5f0c6bb2421305a91bc693ee,88.97696,96.58086,868,success_build,True,True,False,unit fuzzy loss
83,0 1 2 20 4 5 6 7 8 9 10 11 12 13 14 15 16 17 18 19 3 21 22 23,442768b0f5c49429cfbba64707cfe52d5d4c8f2e629191bd177fe3e9cc84f849,f82e514864af9c85e1857e2fd59bfd976deb0aba1f651662b322730ced490ad6,90.89862,96.850586,868,success_build,True,True,True,
84,0 1 2 21 4 5 6 7 8 9 10 11 12 13 14 15 16 17 18 19 20 3 22 23,15ed6038fea224f8f82b94b0b19b6f8f608eab534f6129098b86cb3caa03798d,f2a7ab64a835b1b17ed2c73367cc06f2f5bc0eff4ff597d4dcec5ceca60c1898,90.89862,96.850586,868,success_build,True,True,True,
85,0 1 2 22 4 5 6 7 8 9 10 11 12 13 14 15 16 17 18 19 20 21 3 23,47f310319888b8c8f13b8cf8f2a927dc523406709b72455b0c53facd8f7d286b,245ea0973c7277247a61e50e4bf350d4db74e082e237f06a1c34c805e7cee5de,88.86175,96.56468,868,success_build,True,True,False,unit fuzzy loss
86,0 1 2 23 4 5 6 7 8 9 10 11 12 13 14 15 16 17 18 19 20 21 22 3,ef75951239d0ec83762dfa06725a3857e0d15ec1fc78e39b32e0299b1e1acf44,1cbbd1395087323526002e419ddd1033c23597a1eb833d325de232af03875918,88.68664,96.5401,868,success_build,True,True,False,unit fuzzy loss
87,0 1 2 3 5 4 6 7 8 9 10 11 12 13 14 15 16 17 18 19 20 21 22 23,c67465580939a3f256fe5ebaf9ee301218611888e1d6f83b3cbbaaa13abdc225,f82e514864af9c85e1857e2fd59bfd976deb0aba1f651662b322730ced490ad6,90.89862,96.850586,868,success_build,True,True,True,
88,0 1 2 3 6 5 4 7 8 9 10 11 12 13 14 15 16 17 18 19 20 21 22 23,95a2f7d77c5b981267406ab41a9e59f772a4c2bc7e0ef2e57ada0c53a7e622d2,f82e514864af9c85e1857e2fd59bfd976deb0aba1f651662b322730ced490ad6,90.89862,96.850586,868,success_build,True,True,True,
89,0 1 2 3 7 5 6 4 8 9 10 11 12 13 14 15 16 17 18 19 20 21 22 23,338abd53bf65364f7b00529d795a753da7e8a1f2ea5107112fa668ff0544b55c,f82e514864af9c85e1857e2fd59bfd976deb0aba1f651662b322730ced490ad6,90.89862,96.850586,868,success_build,True,True,True,
90,0 1 2 3 8 5 6 7 4 9 10 11 12 13 14 15 16 17 18 19 20 21 22 23,492227fbff9ddc1a5a534fe66876726ace18e233199fcb1ca102661d581fb3e4,f82e514864af9c85e1857e2fd59bfd976deb0aba1f651662b322730ced490ad6,90.89862,96.850586,868,success_build,True,True,True,
91,0 1 2 3 9 5 6 7 8 4 10 11 12 13 14 15 16 17 18 19 20 21 22 23,4ce98d9a5b35e422884decb112d33bcf76b23da3591bf015dcd56622d0d518df,babd816388ed733d5712899f038083c5b0bc248ac98fadd8e6b2179a1342678a,90.89862,96.850586,868,success_build,True,True,True,
92,0 1 2 3 10 5 6 7 8 9 4 11 12 13 14 15 16 17 18 19 20 21 22 23,bede90b98ef8ac17ff5d8de955ec6e35202806727f049184c35356613ca32a17,bcd313570f8220d65631eb48b5a0fc14fea94d494a81bac6719afa5677d44f59,90.85253,96.84412,868,success_build,True,True,False,unit fuzzy loss
93,0 1 2 3 11 5 6 7 8 9 10 4 12 13 14 15 16 17 18 19 20 21 22 23,9b19041bc9e2de6794ab16e917f738773e4129553ecfd7d5ded0b6d0cd68dd0c,b0c8ec94ad71d19e7054653f926db45680d5dc532c38dda08ee88d5cd5a3807e,90.55299,96.80207,868,success_build,True,True,False,unit fuzzy loss
94,0 1 2 3 12 5 6 7 8 9 10 11 4 13 14 15 16 17 18 19 20 21 22 23,198d29d8c6bf07fa643ad0e94ea1c181adc924b8ca61bb89e690d1ae5cce125f,f5874cc95c91c778c91f32cd7d47e2f8a1ba8f71fb7ece8a2febc07dc2c96ec1,89.62673,96.67206,868,success_build,True,True,False,unit fuzzy loss
95,0 1 2 3 13 5 6 7 8 9 10 11 12 4 14 15 16 17 18 19 20 21 22 23,8ae15d49596a52f8c260deba60ea2b83c3088a0ba1423e5df9f2149ef3843688,4c4d5fd442be2afec901aeee1c7e594a97b7e0bd188ba03ff0e409ff0b093650,89.50691,96.65524,868,success_build,True,True,False,unit fuzzy loss
96,0 1 2 3 14 5 6 7 8 9 10 11 12 13 4 15 16 17 18 19 20 21 22 23,b2c84ce05b8210e540c24e005eb7878ceaca0d581fd0d2cb11ce35eb69787d3b,5481a6bc46d4f307a1c11eaadd5a9014485300aae550f50b02d5533391fec35e,89.39171,96.63907,868,success_build,True,True,False,unit fuzzy loss
97,0 1 2 3 15 5 6 7 8 9 10 11 12 13 14 4 16 17 18 19 20 21 22 23,465f345f2060072d8ba462b6e0440e2641eddba497a71138a8e3c5f37e1128de,883a4dcafc288ce8b0ba5b1ca4bdf01d28800d75c3d2a8dc4ccdd95b3b1e1d24,89.32258,96.629364,868,success_build,True,True,False,unit fuzzy loss
98,0 1 2 3 16 5 6 7 8 9 10 11 12 13 14 15 4 17 18 19 20 21 22 23,88395171a2c355e85d4e791ac124398753616456cf025969e0bf1ed2a032e9d2,5420cb01c441491da3e7a1c94ce973efe9370cc6f80e0b861313ec46f8da886d,89.2765,96.622894,868,success_build,True,True,False,unit fuzzy loss
99,0 1 2 3 17 5 6 7 8 9 10 11 12 13 14 15 16 4 18 19 20 21 22 23,ac95741630ae881989829f5d6f28925cd0afb4c64262d08c2e8c8f2178df2269,69fa846612872712fc4b6bc645f17e46fcfa4f6b55b0dfdae7bfc7fff746fa3f,89.06912,96.59379,868,success_build,True,True,False,unit fuzzy loss
100,0 1 2 3 18 5 6 7 8 9 10 11 12 13 14 15 16 17 4 19 20 21 22 23,7d713c6ddc2ac6cff5be5b274a98bd88e657354855e2af1fd40b72dfb4cf8e66,72aaf4e116fa058b01cb3d0a1ac4ba7b9c59e88b1eb85224428890d4d5788867,89.34562,96.6326,868,success_build,True,True,False,unit fuzzy loss
101,0 1 2 3 19 5 6 7 8 9 10 11 12 13 14 15 16 17 18 4 20 21 22 23,ff4d9c0803206cde3875d6a68b171731aef1e5e5e029580a4d965176f4d38087,7f88b8eca302e0cc3fa9724b8cc0c4864029645c5f0c6bb2421305a91bc693ee,88.97696,96.58086,868,success_build,True,True,False,unit fuzzy loss
102,0 1 2 3 20 5 6 7 8 9 10 11 12 13 14 15 16 17 18 19 4 21 22 23,a23d5d300eb8e0ae8e2057ae3548bcab8693bfaf3cec09fe8effb389abea7641,f82e514864af9c85e1857e2fd59bfd976deb0aba1f651662b322730ced490ad6,90.89862,96.850586,868,success_build,True,True,True,
103,0 1 2 3 21 5 6 7 8 9 10 11 12 13 14 15 16 17 18 19 20 4 22 23,876336373fc8856f5cd3060ec43d6781a1d6cb395aab9b3b3b4da5fa1b31a700,f2a7ab64a835b1b17ed2c73367cc06f2f5bc0eff4ff597d4dcec5ceca60c1898,90.89862,96.850586,868,success_build,True,True,True,
104,0 1 2 3 22 5 6 7 8 9 10 11 12 13 14 15 16 17 18 19 20 21 4 23,bca96072a0b6540f049c89a26d86ea88d51eb630d5a455d7ca4ed7eedb673c5d,245ea0973c7277247a61e50e4bf350d4db74e082e237f06a1c34c805e7cee5de,88.86175,96.56468,868,success_build,True,True,False,unit fuzzy loss
105,0 1 2 3 23 5 6 7 8 9 10 11 12 13 14 15 16 17 18 19 20 21 22 4,9ce75f57368a46d03560c0128f08b9f08dbcaba7cc6a76191e46e35594d94e87,1cbbd1395087323526002e419ddd1033c23597a1eb833d325de232af03875918,88.68664,96.5401,868,success_build,True,True,False,unit fuzzy loss
106,0 1 2 3 4 6 5 7 8 9 10 11 12 13 14 15 16 17 18 19 20 21 22 23,2a9e599df7031745f27ad230c3c5fd2a509f42a604cdbee29f40c19a086e314d,f82e514864af9c85e1857e2fd59bfd976deb0aba1f651662b322730ced490ad6,90.89862,96.850586,868,success_build,True,True,True,
107,0 1 2 3 4 7 6 5 8 9 10 11 12 13 14 15 16 17 18 19 20 21 22 23,7dae13804caa4bd288c08678a85b62059365cc8fb22c6a5231db4a62cbf8e67b,f82e514864af9c85e1857e2fd59bfd976deb0aba1f651662b322730ced490ad6,90.89862,96.850586,868,success_build,True,True,True,
108,0 1 2 3 4 8 6 7 5 9 10 11 12 13 14 15 16 17 18 19 20 21 22 23,af250dc9af0eebac1db2b265afadba2d0a81dca1d7f865899e65f82da6058957,f82e514864af9c85e1857e2fd59bfd976deb0aba1f651662b322730ced490ad6,90.89862,96.850586,868,success_build,True,True,True,
109,0 1 2 3 4 9 6 7 8 5 10 11 12 13 14 15 16 17 18 19 20 21 22 23,1f9a65b5a79ce7a35ab0dff5d7ad9e2b23075ea6dc23103725cbfcf2aea8244c,babd816388ed733d5712899f038083c5b0bc248ac98fadd8e6b2179a1342678a,90.89862,96.850586,868,success_build,True,True,True,
110,0 1 2 3 4 10 6 7 8 9 5 11 12 13 14 15 16 17 18 19 20 21 22 23,36a9f13b69bbf2306411852140524392968c449f45ba328cab64279ff31d3589,c3586d0df68768e531dfb79652f8c5692a1ddf8887bf493e0bb9bc72509af6a7,90.85253,96.84412,868,success_build,True,True,False,unit fuzzy loss
111,0 1 2 3 4 11 6 7 8 9 10 5 12 13 14 15 16 17 18 19 20 21 22 23,09cbb2a529d0f37a9a47e142d2d1a927a4a94713182bbe80ed9c5f8a0ad393b1,e2e70158e4ac3d24ca4259630d21a30ea5ff0375cac015d715f657419f51c583,90.599075,96.80854,868,success_build,True,True,False,unit fuzzy loss
112,0 1 2 3 4 12 6 7 8 9 10 11 5 13 14 15 16 17 18 19 20 21 22 23,8cc7e7222611f80f390e86d9a63a2e5c0e75cdf8ccc988c275f112ef184eb3ce,fd0906ff6f5a188e5cbcb12072cb9f3639fa383f635e6925f31dc1c12070ae74,89.8341,96.701164,868,success_build,True,True,False,unit fuzzy loss
113,0 1 2 3 4 13 6 7 8 9 10 11 12 5 14 15 16 17 18 19 20 21 22 23,6689dc87840e72d0e3f2af9be5e673f0fd382babc8f7bfdf9595d005e98f7a41,4d4e50c924595964e71ae96806117890ed52d5311e18a8dbb2b04bb3ebf4d6aa,89.86175,96.70505,868,success_build,True,True,False,unit fuzzy loss
114,0 1 2 3 4 14 6 7 8 9 10 11 12 13 5 15 16 17 18 19 20 21 22 23,e5111b320c5ad3071bf0f01bd74a261ea678c0aed2eee5ab1a716fc4aa55de9e,e23e55628d2141eaed691d352051405f8579edaf1c492bfb61f9d2bbb6789789,90.78341,96.83441,868,success_build,True,True,False,unit fuzzy loss
115,0 1 2 3 4 15 6 7 8 9 10 11 12 13 14 5 16 17 18 19 20 21 22 23,fe75f1a075d6dc3a94f9174f1485c0a3f177830710906098d75af685feeab7e4,440617df3a0488d5872c2159c3d3bcfb67e52a6b9b258673ca7d81fbd4c9c273,90.82949,96.84088,868,success_build,True,True,False,unit fuzzy loss
116,0 1 2 3 4 16 6 7 8 9 10 11 12 13 14 15 5 17 18 19 20 21 22 23,2a1a90ed0873c06b410ed755becf8e0f8b9b6bf298f9a7961d287ecb3fa4e4f7,966635f43c02f356a3481546b0f00c384ddc4bcb1ca91973a12ea0982372e2b0,90.85253,96.84412,868,success_build,True,True,False,unit fuzzy loss
117,0 1 2 3 4 17 6 7 8 9 10 11 12 13 14 15 16 5 18 19 20 21 22 23,6b75a807090f2640c4adbbdb672288baa8ff0a636522e34aeeeff487d3582f01,9e0dc69ab34564f620d0a7cba2aa29828d2b283078aa7b58afc6845d87b8931c,90.73733,96.82794,868,success_build,True,True,False,unit fuzzy loss
118,0 1 2 3 4 18 6 7 8 9 10 11 12 13 14 15 16 17 5 19 20 21 22 23,4123a91e72b95eb5a07aa5b5162eecd16bfb284435567a7baaa281494ac7f272,e0dab9cfdb13b76f5ed40a0149acd4468d1f15e26b39fb0c56c3267e21791dc5,90.89862,96.850586,868,success_build,True,True,True,
119,0 1 2 3 4 19 6 7 8 9 10 11 12 13 14 15 16 17 18 5 20 21 22 23,167d82adf38088f95936cf14ee9995e0d3c89e34abc6464851a29b9e53db1bfc,c4d3848bd2600931c736ee10322f54a9271c92964b276c22db286753a20d56a8,90.52995,96.798836,868,success_build,True,True,False,unit fuzzy loss
120,0 1 2 3 4 20 6 7 8 9 10 11 12 13 14 15 16 17 18 19 5 21 22 23,42568b106ed5c3244fde582696912d363d7f31b6f2cd72c2640b4d7f7b766336,9f1193e37337291767ee664bb68724f15c12a3689b6d9ae52586a3069e173e44,90.18433,96.75032,868,success_build,True,True,False,unit fuzzy loss
121,0 1 2 3 4 21 6 7 8 9 10 11 12 13 14 15 16 17 18 19 20 5 22 23,112cc2fbb09fd037d5cb360a1808f85da1b16510da0f592634a3c6544c955c8f,3ba228832c70dfa99f392e982f913be81a7338c9cfc25eb15d5661d8c35d40ee,90.18433,96.75032,868,success_build,True,True,False,unit fuzzy loss
122,0 1 2 3 4 22 6 7 8 9 10 11 12 13 14 15 16 17 18 19 20 21 5 23,b88a6b448622ff510670bb8b2e68c1c4d31631f55dd7324badeb4d570e65f39e,a63713801f70adc13263bb91025dd10cba54be048e1397f138a2610a59be3cc7,90.46083,96.78913,868,success_build,True,True,False,unit fuzzy loss
123,0 1 2 3 4 23 6 7 8 9 10 11 12 13 14 15 16 17 18 19 20 21 22 5,422c68a054c7b667a8216475619c6294666b43113a4e7f78667f3a8a3c05d745,3351471fecf351052303eddfef580b7a518cad7044004ea0bcb81c13222fe0a9,88.20277,96.47218,868,success_build,True,True,False,unit fuzzy loss
124,0 1 2 3 4 5 7 6 8 9 10 11 12 13 14 15 16 17 18 19 20 21 22 23,3fb089a27b54da50fdee62e0e9b986e1436159e080c53d27148da807c0082b87,f82e514864af9c85e1857e2fd59bfd976deb0aba1f651662b322730ced490ad6,90.89862,96.850586,868,success_build,True,True,True,
125,0 1 2 3 4 5 8 7 6 9 10 11 12 13 14 15 16 17 18 19 20 21 22 23,aa4b0f62d649bb8eb8a9a2e30c8b055d57369571d8fa4ac45fabd896bcec32ba,f82e514864af9c85e1857e2fd59bfd976deb0aba1f651662b322730ced490ad6,90.89862,96.850586,868,success_build,True,True,True,
126,0 1 2 3 4 5 9 7 8 6 10 11 12 13 14 15 16 17 18 19 20 21 22 23,e2639c402b9deea01a7d3bcab9df99c6052ef8f712ea106ccb8065afb0b4d5ca,f82e514864af9c85e1857e2fd59bfd976deb0aba1f651662b322730ced490ad6,90.89862,96.850586,868,success_build,True,True,True,
127,0 1 2 3 4 5 10 7 8 9 6 11 12 13 14 15 16 17 18 19 20 21 22 23,546f893ba2d1482d25c33204ed57e27f75984340415941f50698fa7b4750fc49,2730679e8e91df55db656eece058b89df57d7f52c49ad06b21e97240e9bbb5a0,90.85253,96.84412,868,success_build,True,True,False,unit fuzzy loss
128,0 1 2 3 4 5 11 7 8 9 10 6 12 13 14 15 16 17 18 19 20 21 22 23,45fd5679238ce0c3f5e2ae05fed0f655fc584eda5858e9127af9cb1a3a39f182,fc8e306cd2efaf989d04c40de17a86e7d6bbe7356a0d14a17a1a977b45e4a59a,90.645164,96.81501,868,success_build,True,True,False,unit fuzzy loss
129,0 1 2 3 4 5 12 7 8 9 10 11 6 13 14 15 16 17 18 19 20 21 22 23,dead9caa36093e40e9358399c456db963bdf758f07db391cef4c84bfa4292cc3,615eb8e490415e4b05e3e0ed810d06437e3e1c42e75130f506aebb94d5ece789,90.52074,96.79754,868,success_build,True,True,False,unit fuzzy loss
130,0 1 2 3 4 5 13 7 8 9 10 11 12 6 14 15 16 17 18 19 20 21 22 23,bd00962bd04d7e6fe42c9cf445c0c7c643d92819f26051aae4cbaa83efedbe6a,82c2a45443dc583e10486c76016ec5fe2d8fbba7e2964e8b6b564ccaae0d7f1f,90.400925,96.78072,868,success_build,True,True,False,unit fuzzy loss
131,0 1 2 3 4 5 14 7 8 9 10 11 12 13 6 15 16 17 18 19 20 21 22 23,a1b8f9f09dd99e54bf2bde5d2b6e38f72a5e31fdf1ec7107d1e482c6cd571dbd,3c76a49655bdcdfd3bd2f60558857ccfb39be5cab299619bc3467fad22990f3b,89.39171,96.63907,868,success_build,True,True,False,unit fuzzy loss
132,0 1 2 3 4 5 15 7 8 9 10 11 12 13 14 6 16 17 18 19 20 21 22 23,d405248ab9148c1afb1d41087afc91ee734a61f81521d227863144f2d582a262,08044f18e3c00277e99b4b5b4992a7a67a55a00108927d953b9e3d743dbbc6bf,89.32258,96.629364,868,success_build,True,True,False,unit fuzzy loss
133,0 1 2 3 4 5 16 7 8 9 10 11 12 13 14 15 6 17 18 19 20 21 22 23,8c88d6d69b1e16dcccdbf5347acdc4ca4b2deb461c1f368826e16da6d26c59a4,60079737c2767ca315ec70d69c8ace367f04afeb0c62767a23e9522b1a37a74e,89.2765,96.622894,868,success_build,True,True,False,unit fuzzy loss
134,0 1 2 3 4 5 17 7 8 9 10 11 12 13 14 15 16 6 18 19 20 21 22 23,55b2a18c331dda717c87a593dfcd4a0f4cd9d6bfa6a038fc98c543ccacff577a,726816cec3c318e55cffe9f7da132e7baf86319af41adc50d0edf5bc59a97ab5,89.06912,96.59379,868,success_build,True,True,False,unit fuzzy loss
135,0 1 2 3 4 5 18 7 8 9 10 11 12 13 14 15 16 17 6 19 20 21 22 23,a51f6a362abfa4fa3e3f277ed6869f23231d4a79b38311a0dbe5c2cffd8a6a7e,c6c3b8f14b685a6a2d269fb901dbcd284e9785b948a4af13eea0b36c9a34b1e9,89.34562,96.6326,868,success_build,True,True,False,unit fuzzy loss
136,0 1 2 3 4 5 19 7 8 9 10 11 12 13 14 15 16 17 18 6 20 21 22 23,341ec5d6641e786351126f6010472f648d2f418f468f5ee0e6a4096fc9255985,905b75a0d0129dc8376e1d41d2297571484394fc074f7a34281aa2a388c3c9c8,89.18433,96.60996,868,success_build,True,True,False,unit fuzzy loss
137,0 1 2 3 4 5 20 7 8 9 10 11 12 13 14 15 16 17 18 19 6 21 22 23,27fe06df303945d6dc72734b403b627093cc781380353e21e6acb06320b44301,f82e514864af9c85e1857e2fd59bfd976deb0aba1f651662b322730ced490ad6,90.89862,96.850586,868,success_build,True,True,True,
138,0 1 2 3 4 5 21 7 8 9 10 11 12 13 14 15 16 17 18 19 20 6 22 23,4668038dd0e1f619704dae5afb1caa4598b26bac1b554c8dc77abd6e32fa1cd3,f2a7ab64a835b1b17ed2c73367cc06f2f5bc0eff4ff597d4dcec5ceca60c1898,90.89862,96.850586,868,success_build,True,True,True,
139,0 1 2 3 4 5 22 7 8 9 10 11 12 13 14 15 16 17 18 19 20 21 6 23,a554ce26bf65d4a4ed4c6c2b0571e9627c8d06a733e16c736f9aa9b450b954a5,e67a0e8a23dae4cfdb1b9e5ad86b1726479e03d95f66404009235e375b2f2bde,89.06912,96.59379,868,success_build,True,True,False,unit fuzzy loss
140,0 1 2 3 4 5 23 7 8 9 10 11 12 13 14 15 16 17 18 19 20 21 22 6,5db4c45e59fc48d67804d548aa0463d7eb43170ee4358278fad7fb20ce059fde,1cbbd1395087323526002e419ddd1033c23597a1eb833d325de232af03875918,88.68664,96.5401,868,success_build,True,True,False,unit fuzzy loss
141,0 1 2 3 4 5 6 8 7 9 10 11 12 13 14 15 16 17 18 19 20 21 22 23,ee4179cc49293fdfc500d899cee053520b684c9fa8d645b17e67702434a58ee8,f82e514864af9c85e1857e2fd59bfd976deb0aba1f651662b322730ced490ad6,90.89862,96.850586,868,success_build,True,True,True,
142,0 1 2 3 4 5 6 9 8 7 10 11 12 13 14 15 16 17 18 19 20 21 22 23,ecae5a5bfcb40ea84e0bbaa870529b8f64d4f6690771b409820a44ee11fff9d7,f82e514864af9c85e1857e2fd59bfd976deb0aba1f651662b322730ced490ad6,90.89862,96.850586,868,success_build,True,True,True,
143,0 1 2 3 4 5 6 10 8 9 7 11 12 13 14 15 16 17 18 19 20 21 22 23,e488b5d777e99de25c76f566ad4941baca45f48fc173fd92c4a52e11b77f3319,2730679e8e91df55db656eece058b89df57d7f52c49ad06b21e97240e9bbb5a0,90.85253,96.84412,868,success_build,True,True,False,unit fuzzy loss
144,0 1 2 3 4 5 6 11 8 9 10 7 12 13 14 15 16 17 18 19 20 21 22 23,e477848959a6b57ca2a913f455fd5c03cd5b3b7d35bac419998040b12c6dbba6,fc8e306cd2efaf989d04c40de17a86e7d6bbe7356a0d14a17a1a977b45e4a59a,90.645164,96.81501,868,success_build,True,True,False,unit fuzzy loss
145,0 1 2 3 4 5 6 12 8 9 10 11 7 13 14 15 16 17 18 19 20 21 22 23,9a2b944c0d2dd0b16804d06bbb68828e1bb3cc1929d30696fc4b97f1affe1beb,615eb8e490415e4b05e3e0ed810d06437e3e1c42e75130f506aebb94d5ece789,90.52074,96.79754,868,success_build,True,True,False,unit fuzzy loss
146,0 1 2 3 4 5 6 13 8 9 10 11 12 7 14 15 16 17 18 19 20 21 22 23,b86171d356d849cf195de450dee9770e100f79a1d9874d46f3513c0d67e16cc0,82c2a45443dc583e10486c76016ec5fe2d8fbba7e2964e8b6b564ccaae0d7f1f,90.400925,96.78072,868,success_build,True,True,False,unit fuzzy loss
147,0 1 2 3 4 5 6 14 8 9 10 11 12 13 7 15 16 17 18 19 20 21 22 23,108827a8e8cc3596ffbf187351a33e74d284c0f0ebe38a50acf8bfef4ed0223d,3c76a49655bdcdfd3bd2f60558857ccfb39be5cab299619bc3467fad22990f3b,89.39171,96.63907,868,success_build,True,True,False,unit fuzzy loss
148,0 1 2 3 4 5 6 15 8 9 10 11 12 13 14 7 16 17 18 19 20 21 22 23,9d0e15aea3120ff5d9e0623e9f035d79212a053375c53d8aa74ea162dd7b3a8f,08044f18e3c00277e99b4b5b4992a7a67a55a00108927d953b9e3d743dbbc6bf,89.32258,96.629364,868,success_build,True,True,False,unit fuzzy loss
149,0 1 2 3 4 5 6 16 8 9 10 11 12 13 14 15 7 17 18 19 20 21 22 23,bc54d722c6b080ab3a37a15ae672d4798ae8a46b3c384ee7e0f254dab5e16baf,60079737c2767ca315ec70d69c8ace367f04afeb0c62767a23e9522b1a37a74e,89.2765,96.622894,868,success_build,True,True,False,unit fuzzy loss
150,0 1 2 3 4 5 6 17 8 9 10 11 12 13 14 15 16 7 18 19 20 21 22 23,cdea00d8119412b433f6fccae87f5ceabd9cad8fa8eab966a51e233d5beaf0d5,726816cec3c318e55cffe9f7da132e7baf86319af41adc50d0edf5bc59a97ab5,89.06912,96.59379,868,success_build,True,True,False,unit fuzzy loss
151,0 1 2 3 4 5 6 18 8 9 10 11 12 13 14 15 16 17 7 19 20 21 22 23,99ac439b9a4a33305ec8e5b6c24831f83ec5cdcee4bc9b681d405d928b8bd8ba,c6c3b8f14b685a6a2d269fb901dbcd284e9785b948a4af13eea0b36c9a34b1e9,89.34562,96.6326,868,success_build,True,True,False,unit fuzzy loss
152,0 1 2 3 4 5 6 19 8 9 10 11 12 13 14 15 16 17 18 7 20 21 22 23,e3d3f7c796931659d9bc58f550370a01f933b12c383a19c9aab2f2fe8f56d84a,905b75a0d0129dc8376e1d41d2297571484394fc074f7a34281aa2a388c3c9c8,89.18433,96.60996,868,success_build,True,True,False,unit fuzzy loss
153,0 1 2 3 4 5 6 20 8 9 10 11 12 13 14 15 16 17 18 19 7 21 22 23,344ac5d0c54da14cd7de2ae1802ac63181454fd8b6d5a118f263272f6882575b,f82e514864af9c85e1857e2fd59bfd976deb0aba1f651662b322730ced490ad6,90.89862,96.850586,868,success_build,True,True,True,
154,0 1 2 3 4 5 6 21 8 9 10 11 12 13 14 15 16 17 18 19 20 7 22 23,c333dffc8fd41e5167d079784ec54a97a381efecb9247f23afa4cd76d73be463,f2a7ab64a835b1b17ed2c73367cc06f2f5bc0eff4ff597d4dcec5ceca60c1898,90.89862,96.850586,868,success_build,True,True,True,
155,0 1 2 3 4 5 6 22 8 9 10 11 12 13 14 15 16 17 18 19 20 21 7 23,dc05a42a79d4fe21e417b61da28ba243e5ab147c06dcadabedcf375a7ddaf486,e67a0e8a23dae4cfdb1b9e5ad86b1726479e03d95f66404009235e375b2f2bde,89.06912,96.59379,868,success_build,True,True,False,unit fuzzy loss
156,0 1 2 3 4 5 6 23 8 9 10 11 12 13 14 15 16 17 18 19 20 21 22 7,e5a28dd53a1096113664c041947d725f4294033528a8e5c1852a9cd07dc02808,1cbbd1395087323526002e419ddd1033c23597a1eb833d325de232af03875918,88.68664,96.5401,868,success_build,True,True,False,unit fuzzy loss
157,0 1 2 3 4 5 6 7 9 8 10 11 12 13 14 15 16 17 18 19 20 21 22 23,29e6111789c15d5896b4532b850c5fcefaa9c98d4049cc3a98d9403dd1016a01,f82e514864af9c85e1857e2fd59bfd976deb0aba1f651662b322730ced490ad6,90.89862,96.850586,868,success_build,True,True,True,
158,0 1 2 3 4 5 6 7 10 9 8 11 12 13 14 15 16 17 18 19 20 21 22 23,789111013f837d4d4c739df9d7b41a215f9f95313f16e7c5bef7f0fa940b03bb,2730679e8e91df55db656eece058b89df57d7f52c49ad06b21e97240e9bbb5a0,90.85253,96.84412,868,success_build,True,True,False,unit fuzzy loss
159,0 1 2 3 4 5 6 7 11 9 10 8 12 13 14 15 16 17 18 19 20 21 22 23,9fd80bd7ed862a3f344fd44c5652b3900ca7058725cee8c96c8847035857921f,fc8e306cd2efaf989d04c40de17a86e7d6bbe7356a0d14a17a1a977b45e4a59a,90.645164,96.81501,868,success_build,True,True,False,unit fuzzy loss
160,0 1 2 3 4 5 6 7 12 9 10 11 8 13 14 15 16 17 18 19 20 21 22 23,75dad092326782cf8e372586b5af597fa491385e4e6f2e8ead55fecf5fd99d43,615eb8e490415e4b05e3e0ed810d06437e3e1c42e75130f506aebb94d5ece789,90.52074,96.79754,868,success_build,True,True,False,unit fuzzy loss
161,0 1 2 3 4 5 6 7 13 9 10 11 12 8 14 15 16 17 18 19 20 21 22 23,adbfd6a69b8534f9473ea1a96eca1169a3a1ea35cee99345d52fd9b8e45f649c,82c2a45443dc583e10486c76016ec5fe2d8fbba7e2964e8b6b564ccaae0d7f1f,90.400925,96.78072,868,success_build,True,True,False,unit fuzzy loss
162,0 1 2 3 4 5 6 7 14 9 10 11 12 13 8 15 16 17 18 19 20 21 22 23,c8fe40ec781c5dac2639a523bb6a4e12c24fff2d640df5ea0fffe887d588ebc4,3c76a49655bdcdfd3bd2f60558857ccfb39be5cab299619bc3467fad22990f3b,89.39171,96.63907,868,success_build,True,True,False,unit fuzzy loss
163,0 1 2 3 4 5 6 7 15 9 10 11 12 13 14 8 16 17 18 19 20 21 22 23,716f54788cb9534129febfbae3717e544fe1f9955f4e9c93b23304201981ff4d,08044f18e3c00277e99b4b5b4992a7a67a55a00108927d953b9e3d743dbbc6bf,89.32258,96.629364,868,success_build,True,True,False,unit fuzzy loss
164,0 1 2 3 4 5 6 7 16 9 10 11 12 13 14 15 8 17 18 19 20 21 22 23,cf0781a16d8ab9ec68b825eed9315734ccd254eec7199d5b2099573279e778fd,60079737c2767ca315ec70d69c8ace367f04afeb0c62767a23e9522b1a37a74e,89.2765,96.622894,868,success_build,True,True,False,unit fuzzy loss
165,0 1 2 3 4 5 6 7 17 9 10 11 12 13 14 15 16 8 18 19 20 21 22 23,c601cacab6145a3719454557d88f9d0e6bff484775ffc1fd2bf4e101b6b0bcdc,726816cec3c318e55cffe9f7da132e7baf86319af41adc50d0edf5bc59a97ab5,89.06912,96.59379,868,success_build,True,True,False,unit fuzzy loss
166,0 1 2 3 4 5 6 7 18 9 10 11 12 13 14 15 16 17 8 19 20 21 22 23,072070855f29e78e9c0a3da0f46f77b5811f6df1a816099f7f2831e71b171d62,c6c3b8f14b685a6a2d269fb901dbcd284e9785b948a4af13eea0b36c9a34b1e9,89.34562,96.6326,868,success_build,True,True,False,unit fuzzy loss
167,0 1 2 3 4 5 6 7 19 9 10 11 12 13 14 15 16 17 18 8 20 21 22 23,71635e1387171ff0f17d468cc99ade513de15b5ed2bc15295de22c448393ac00,905b75a0d0129dc8376e1d41d2297571484394fc074f7a34281aa2a388c3c9c8,89.18433,96.60996,868,success_build,True,True,False,unit fuzzy loss
168,0 1 2 3 4 5 6 7 20 9 10 11 12 13 14 15 16 17 18 19 8 21 22 23,f64d62a6ae18bdae26e4adbd84027e3391e60725522e7b6d77cb73a78953b576,f82e514864af9c85e1857e2fd59bfd976deb0aba1f651662b322730ced490ad6,90.89862,96.850586,868,success_build,True,True,True,
169,0 1 2 3 4 5 6 7 21 9 10 11 12 13 14 15 16 17 18 19 20 8 22 23,a4adc3ee0cb414eec1dc91a407e20f83230bb9e2d9196827f0d774ec014757a5,f2a7ab64a835b1b17ed2c73367cc06f2f5bc0eff4ff597d4dcec5ceca60c1898,90.89862,96.850586,868,success_build,True,True,True,
170,0 1 2 3 4 5 6 7 22 9 10 11 12 13 14 15 16 17 18 19 20 21 8 23,b1a1ed1b283e304d842fb02ee913c94f41a5b86aeef524862583b84d75e598ad,e67a0e8a23dae4cfdb1b9e5ad86b1726479e03d95f66404009235e375b2f2bde,89.06912,96.59379,868,success_build,True,True,False,unit fuzzy loss
171,0 1 2 3 4 5 6 7 23 9 10 11 12 13 14 15 16 17 18 19 20 21 22 8,7c0d767360f890960364b017ac425149fe5aa03739b5ecd5d7acf226a389dd42,1cbbd1395087323526002e419ddd1033c23597a1eb833d325de232af03875918,88.68664,96.5401,868,success_build,True,True,False,unit fuzzy loss
172,0 1 2 3 4 5 6 7 8 10 9 11 12 13 14 15 16 17 18 19 20 21 22 23,72e9344ce6f9f70c986bd118dbbe944d1f18b8be1dffb1c7e276e192d73c7868,2730679e8e91df55db656eece058b89df57d7f52c49ad06b21e97240e9bbb5a0,90.85253,96.84412,868,success_build,True,True,False,unit fuzzy loss
173,0 1 2 3 4 5 6 7 8 11 10 9 12 13 14 15 16 17 18 19 20 21 22 23,e7c3dcdb0299d81f3bbc2eeb3f58b6d2b672ac7a29211b7dee64eef8802d4e72,af94d26a560bdb680d0c43ca06817f37eb94acd3ef71eac7db0cf7ca87c8e5dd,90.691246,96.82147,868,success_build,True,True,False,unit fuzzy loss
174,0 1 2 3 4 5 6 7 8 12 10 11 9 13 14 15 16 17 18 19 20 21 22 23,e7d161199dae7f2862f76f342fb00b91a4f72e0273167b5ddd2ab7ce68333e78,922729afcb871f7b41fbdc5f25af27dd7ef104a67042a516ffce5abf4764cdcf,90.76037,96.83118,868,success_build,True,True,False,unit fuzzy loss
175,0 1 2 3 4 5 6 7 8 13 10 11 12 9 14 15 16 17 18 19 20 21 22 23,af579e270f6d5ac1fefbc08bab2f35cdf4eed80922fa090fb0e44f4925387585,80c7fd3457197bb76bfa1e4e4820c8538675185186af667704dfeb11617d56f4,90.76037,96.83118,868,success_build,True,True,False,unit fuzzy loss
176,0 1 2 3 4 5 6 7 8 14 10 11 12 13 9 15 16 17 18 19 20 21 22 23,592ec7d3cdef0d262b8b6038989f9ccf1cd57a9f23f88c8b40c3d53ae1ec4552,2a3c962a64aa44b26c969c3cc9e00559d89013af6c6be6c83e00e381970bc5fc,90.78341,96.83441,868,success_build,True,True,False,unit fuzzy loss
177,0 1 2 3 4 5 6 7 8 15 10 11 12 13 14 9 16 17 18 19 20 21 22 23,64e2244134900bbd421f262405a94e4389b73e92c7882f3644e0d4d06a959386,9a3c97366dec61ad2b96228397a65ae962488c8079c35a0a4be5cbaae5d11b78,90.82949,96.84088,868,success_build,True,True,False,unit fuzzy loss
178,0 1 2 3 4 5 6 7 8 16 10 11 12 13 14 15 9 17 18 19 20 21 22 23,a69cd640064cd72b23d8149256827ae08f2af5512d7fb036d3a0b487adb103ac,e7fa440b9f9f52b7bef363cdaa0af8b9f8364db63d883369369fb6ecd7ec8598,90.85253,96.84412,868,success_build,True,True,False,unit fuzzy loss
179,0 1 2 3 4 5 6 7 8 17 10 11 12 13 14 15 16 9 18 19 20 21 22 23,cea2a221ae1ae7040e125b3d13122a94625e4f582f1633a723db30b3781e7ca5,42ab64fcc6035ea37e6c51c09131c88de3c1d984ebc8a2c63bebe5f463557017,90.691246,96.82147,868,success_build,True,True,False,unit fuzzy loss
180,0 1 2 3 4 5 6 7 8 18 10 11 12 13 14 15 16 17 9 19 20 21 22 23,5af34db67ef94abb9df3e905e727ad60c99ac5b4ba02e161b0a2078af064ea66,601914226ab03bc11ea380d0aedc629adda172a0ba4fa62bada8a9b79741d6df,90.89862,96.850586,868,success_build,True,True,True,
181,0 1 2 3 4 5 6 7 8 19 10 11 12 13 14 15 16 17 18 9 20 21 22 23,f8b189d7ad7ed66d1252f89d92279864fdf0a4a00c5ea7da50eab9185ee11dce,78f986b6aa62995f1b0e2c735196c4198324404fa161b0aaf92e013af4693827,90.73733,96.82794,868,success_build,True,True,False,unit fuzzy loss
182,0 1 2 3 4 5 6 7 8 20 10 11 12 13 14 15 16 17 18 19 9 21 22 23,d0b5f0dc36b3582a339f6898738e243c420a3f9f045151e4ae6f570040c9df8f,fe2198d8c3d09d37746f750d5d519255f087d8348cd97af1e769336c5e467767,90.18433,96.75032,868,success_build,True,True,False,unit fuzzy loss
183,0 1 2 3 4 5 6 7 8 21 10 11 12 13 14 15 16 17 18 19 20 9 22 23,1cdfab4c270e0fb3e1e69caacc21dabbf118e40d3676ba0b0db1b346cb960cfd,9b3fb9c2bf414bdac018b421051edad30c232ad6fa2a15a81a43f535787e6d20,90.18433,96.75032,868,success_build,True,True,False,unit fuzzy loss
184,0 1 2 3 4 5 6 7 8 22 10 11 12 13 14 15 16 17 18 19 20 21 9 23,4fa8ac2bf1296f6e4a5eae3a39649903f1abac8ad520cd94c6a98b25686e36ec,9d7c67d659e03a4598bc7a1f1e9f58bae4098336d1ba4cba87096d6d7c98667e,90.668205,96.81824,868,success_build,True,True,False,unit fuzzy loss
185,0 1 2 3 4 5 6 7 8 23 10 11 12 13 14 15 16 17 18 19 20 21 22 9,beb8e528bd6a7a9cb064c5445dc6440301fff728219049f617d2f4f2323e03e7,e25f231812565cf220c89cc7de180977f3624cb7b253dade6941b644bfca099d,88.20277,96.47218,868,success_build,True,True,False,unit fuzzy loss
186,0 1 2 3 4 5 6 7 8 9 11 10 12 13 14 15 16 17 18 19 20 21 22 23,3bab335ca60b5ebac8c115f351302b78ce1618165f162a16382dba9f63a48d30,13cdf1f1b2938445ac2244455fa57f7fec03cf91778f16483591d1a840d3ba98,90.645164,96.81501,868,success_build,True,True,False,unit fuzzy loss
187,0 1 2 3 4 5 6 7 8 9 12 11 10 13 14 15 16 17 18 19 20 21 22 23,7bac36f084f6ac3aa2a69237202890cd46febd5860b4351b555c0dca596b27f2,db666b6c3a335d0ab6fad4db71946048cc022b436be7080e0ca36b354467430d,90.71429,96.82471,868,success_build,True,True,False,unit fuzzy loss
188,0 1 2 3 4 5 6 7 8 9 13 11 12 10 14 15 16 17 18 19 20 21 22 23,1f61efa94c1213d4ab17f917831f5747c078f788c7554aee82270572503e8677,aad101ae8a4ab8dcc4972997e9d3d767aada060c56af2dd3eee2bd00daf492f1,90.71429,96.82471,868,success_build,True,True,False,unit fuzzy loss
189,0 1 2 3 4 5 6 7 8 9 14 11 12 13 10 15 16 17 18 19 20 21 22 23,1f8072d9e4d655013e1307267ccdff59bb77e64141811ab0194f3354ce0ad177,ebbb6c429fa97585f7db549f5735c800d32030c0205c5a7bbaacf045f38a23b0,90.73733,96.82794,868,success_build,True,True,False,unit fuzzy loss
190,0 1 2 3 4 5 6 7 8 9 15 11 12 13 14 10 16 17 18 19 20 21 22 23,45bf3a029094907f934cdb6dc10da5d311cdcce1fc1bd8b1dde0bc3088b59dd4,63e36bceb40c7b5869a7d70809493782feccded5a25cc6b11b4ace10b4b86f86,90.78341,96.83441,868,success_build,True,True,False,unit fuzzy loss
191,0 1 2 3 4 5 6 7 8 9 16 11 12 13 14 15 10 17 18 19 20 21 22 23,24cd3b05bea04b62f6c7c5b86df3220a26fab04a99f956cc129957bdc2ccf4af,22eb066fbeed9934e8840b95b0c7ee5e81eae5b69994cb014b47e8ac31386acf,90.80645,96.83765,868,success_build,True,True,False,unit fuzzy loss
192,0 1 2 3 4 5 6 7 8 9 17 11 12 13 14 15 16 10 18 19 20 21 22 23,7f9f73a4e0e6a28d2295fd898487675f702b7eff3ada681f9bb422e0fdc7c30e,e2b82af1d4418c56ab3bdb22fad956ff12ad1bd4185a812bcc13b3a1906b94cd,90.645164,96.81501,868,success_build,True,True,False,unit fuzzy loss
193,0 1 2 3 4 5 6 7 8 9 18 11 12 13 14 15 16 17 10 19 20 21 22 23,b13fb65c4b2f7fa131892b922198b220df86c10aed43c89a40e8c00287668b10,193b52126a6eca56f6b017a01f9021161d463a3573f798393b6fbc23b0282354,90.85253,96.84412,868,success_build,True,True,False,unit fuzzy loss
194,0 1 2 3 4 5 6 7 8 9 19 11 12 13 14 15 16 17 18 10 20 21 22 23,4e9f2550268a44b4d31657fccd5c95ff0943004c1e283e829821a85b4f512ec1,42091355484c9603cabad85bd59badf9c167e05e376cf2be183ecfd01a349dba,90.48387,96.792366,868,success_build,True,True,False,unit fuzzy loss
195,0 1 2 3 4 5 6 7 8 9 20 11 12 13 14 15 16 17 18 19 10 21 22 23,1651f6188f8991690fbaff62c325261e5e4b091edfb53ca4dca4064547c4c02f,47e254d080d3fd80e21e5fc5b493a900e1ebadf7d5bef0b03d1a450efefcf8ea,90.18433,96.75032,868,success_build,True,True,False,unit fuzzy loss
196,0 1 2 3 4 5 6 7 8 9 21 11 12 13 14 15 16 17 18 19 20 10 22 23,02723cf7a98faa358eedf89135534ca24d645b496908fcb10e53f4987067818b,0e73d54ffcf0802a31a6d83319117315a0f5a4f1b024398f8c0331402a4a98b7,90.18433,96.75032,868,success_build,True,True,False,unit fuzzy loss
197,0 1 2 3 4 5 6 7 8 9 22 11 12 13 14 15 16 17 18 19 20 21 10 23,d56b08b41905752a2ecf2d20b696f30b5182f7d68f6f1d6363675201fbf702a5,e6b7af3953b7b7471cba09a2325de4cc61d5fa9f8587f780b5adb2c5b0c293d9,90.41475,96.78266,868,success_build,True,True,False,unit fuzzy loss
198,0 1 2 3 4 5 6 7 8 9 23 11 12 13 14 15 16 17 18 19 20 21 22 10,2b4fc201bbe9af893eabcc153458102a8daed7259029f5dd0d1341bea381d549,5799a2170b815510a00909186a6ed77fe8550abb781086241d7c9a8603357912,88.20277,96.47218,868,success_build,True,True,False,unit fuzzy loss
199,0 1 2 3 4 5 6 7 8 9 10 12 11 13 14 15 16 17 18 19 20 21 22 23,8887156c44abad5c71c395c38571920f61dbc1b72fff0bf23cc13c868bc6d74a,3afefc89c673f5208e7e52a89097daacc6fcc2c2ed980efd7c254f27c965d7ce,90.58986,96.80724,868,success_build,True,True,False,unit fuzzy loss
200,0 1 2 3 4 5 6 7 8 9 10 13 12 11 14 15 16 17 18 19 20 21 22 23,aa9df3ba6ec2682d49c6c469a6e478170e47208b07d78861849502034319518d,fd8f8ad2827dd65dce479df5a2352790c44579c626b6cfc2d7a46f64ae5f547e,90.53917,96.80013,868,success_build,True,True,False,unit fuzzy loss
201,0 1 2 3 4 5 6 7 8 9 10 14 12 13 11 15 16 17 18 19 20 21 22 23,68280f986f3086faee7dba143f55d4a5e65d9bad94cc31e2d94f972ceaed6149,249d64d2e2a0456c039a73e031dbbea6fc02d7a4243bde886c88c9812f91a15c,89.622116,96.67141,868,success_build,True,True,False,unit fuzzy loss
202,0 1 2 3 4 5 6 7 8 9 10 15 12 13 14 11 16 17 18 19 20 21 22 23,cbbe1c3ed11cb7cad9a0645572a3f34c4e62ffc623b6adf779d4d21c020f149f,a18767a207b03fe196a56fee6c2fb1ed586173f427137c9742ba953cfdbb7be1,89.668205,96.67788,868,success_build,True,True,False,unit fuzzy loss
203,0 1 2 3 4 5 6 7 8 9 10 16 12 13 14 15 11 17 18 19 20 21 22 23,863a1d36335a8849ecdc7320411fa8bfaa4112896973b717508169a2ccd25450,342090b84d2117a069bec09b285789d7ebe178cb4c9cd1b15fc5917b4130f89b,89.691246,96.681114,868,success_build,True,True,False,unit fuzzy loss
204,0 1 2 3 4 5 6 7 8 9 10 17 12 13 14 15 16 11 18 19 20 21 22 23,227856ae9285ed8410ef70b3783493872f939f65b382c28de17d626988ac1703,86b4ebd1ae3395b83cdec387c15bdbda4b0c1c791bc8ddca7cccb4c4a3d0e9a6,89.52995,96.65847,868,success_build,True,True,False,unit fuzzy loss
205,0 1 2 3 4 5 6 7 8 9 10 18 12 13 14 15 16 17 11 19 20 21 22 23,ae99b8b5a05721ad4a8fa664743a444f39f5280d29a81585dec011a95d4cf241,4600ef48ef41c39af82aad74a7d35971299f6437472299635dd11be382d3a82e,89.73733,96.687584,868,success_build,True,True,False,unit fuzzy loss
206,0 1 2 3 4 5 6 7 8 9 10 19 12 13 14 15 16 17 18 11 20 21 22 23,f8e601524be7d63f9964609334a1146134321384d6f3d59c9166311dfdc16944,97f7eb9fe96c913c7d7781534754409fcfe01bf6b90eac49deefaf47aea78793,89.36866,96.63583,868,success_build,True,True,False,unit fuzzy loss
207,0 1 2 3 4 5 6 7 8 9 10 20 12 13 14 15 16 17 18 19 11 21 22 23,5e31f08f68f982b4c8f5d68d2b7e561f5baeee4ca0ea9b2866823c3e1cdef93b,3b335e53e9fdc18493d909a5956983d7c9be44a20632e687c25cd6eb64964e50,90.24424,96.758736,868,success_build,True,True,False,unit fuzzy loss
208,0 1 2 3 4 5 6 7 8 9 10 21 12 13 14 15 16 17 18 19 20 11 22 23,12e2954395f70741dca3a74fa6053a8cc225090cd55ff45edcab0f2473bac304,c22ec4654caa8a1c6f1c96dac076ad4e08f1e820d841efe110fe68bc70394a27,90.24424,96.758736,868,success_build,True,True,False,unit fuzzy loss
209,0 1 2 3 4 5 6 7 8 9 10 22 12 13 14 15 16 17 18 19 20 21 11 23,8d7fe161bda6fa181162815675a3de28fa604e4c0ff1d7b41f59f32881e333f0,0cfd31f80439342307ccf14e00f40076ebfea3778cb62d6533c7a69545ae0463,89.29954,96.62613,868,success_build,True,True,False,unit fuzzy loss
210,0 1 2 3 4 5 6 7 8 9 10 23 12 13 14 15 16 17 18 19 20 21 22 11,9d4b0de145aae473a87811ce0ff8e933fea517c714c8e4f5d779288891bddc3d,14d56782bc974f4cfc8d23051a9e0843e91b9635fba93fb4e8abdf91d61a87c3,88.064514,96.45278,868,success_build,True,True,False,unit fuzzy loss
211,0 1 2 3 4 5 6 7 8 9 10 11 13 12 14 15 16 17 18 19 20 21 22 23,7967c6522a09525bf73fa5ab78584dac1cd9deb4a247393921c26d1886113900,d71238715ddd4b1354d4b1dc0480e80570f0a7b955b4d835ef20c9478617068b,90.622116,96.811775,868,success_build,True,True,False,unit fuzzy loss
212,0 1 2 3 4 5 6 7 8 9 10 11 14 13 12 15 16 17 18 19 20 21 22 23,a563352164341c3cdb3aacb76559e20bce29acc9a3d2e7b353548695c727be94,e6e377ce0ae5421ae28738da9f6cc328fe9a370c6a72e6c9133ff5b42a1449f3,90.645164,96.81501,868,success_build,True,True,False,unit fuzzy loss
213,0 1 2 3 4 5 6 7 8 9 10 11 15 13 14 12 16 17 18 19 20 21 22 23,823c96cdaa2f4a5448740c32e25d471ddf04c46bc878e81b47af870d7f7cf3cf,fff3698084b3ab4a9bc7e518a454d2ad8bd09066ab3cb4000ac10869138cf23e,90.691246,96.82147,868,success_build,True,True,False,unit fuzzy loss
214,0 1 2 3 4 5 6 7 8 9 10 11 16 13 14 15 12 17 18 19 20 21 22 23,f36d1647cbba9be5e5bdb1db46bb902e8e9e1ff9205f4b890ae1dde761d96c98,8d88bed5a6ab135c5a9fa66f127a8dfe55f0b650f8613248a8a21bcbeadebf99,90.71429,96.82471,868,success_build,True,True,False,unit fuzzy loss
215,0 1 2 3 4 5 6 7 8 9 10 11 17 13 14 15 16 12 18 19 20 21 22 23,9b8c3aa29b50a6f495184a95118ce9f7bd28380c1b263fdd938f6b6e1191e709,9e0b78e1be7e978c85798b9a934962f41f2cf2232ead49dbbb0092b7cae111b5,90.76037,96.83118,868,success_build,True,True,False,unit fuzzy loss
216,0 1 2 3 4 5 6 7 8 9 10 11 18 13 14 15 16 17 12 19 20 21 22 23,179b15011e3b73f28aa1217dc8fa817f8cab3330738caec5ab0b215fff129cf8,bf00788456423952e43d2f35e31995a5cd93d5c708f0816d24ad05e0bdfa62e1,90.76037,96.83118,868,success_build,True,True,False,unit fuzzy loss
217,0 1 2 3 4 5 6 7 8 9 10 11 19 13 14 15 16 17 18 12 20 21 22 23,b508474732b6581d4f34962d654715f1676c95c14267b1d1ca4ba9a5f3781295,aed6c8bab1fd00320f5e0603cc9c7baed30c3abbb1dead6225ff53937ef19ab9,90.71429,96.82471,868,success_build,True,True,False,unit fuzzy loss
218,0 1 2 3 4 5 6 7 8 9 10 11 20 13 14 15 16 17 18 19 12 21 22 23,c88f2a2b6fe636076cb7840c02bb1d12adda50de5849d667a5898a75e928b6ad,b3df10f0782a0c2660d3da893be5f7f15a54614fd01a8cccd68c5c82f957ea22,90.43779,96.7859,868,success_build,True,True,False,unit fuzzy loss
219,0 1 2 3 4 5 6 7 8 9 10 11 21 13 14 15 16 17 18 19 20 12 22 23,567cab009d8bdabebe472a1da11f7a91fcebca99f6f5bc952b3f0e6a858bdc8f,f288f0b693c2dfde2e5221fbdd7a79e23d2b6ecb5d2b7cbfc37f8bb75b141fa7,90.43779,96.7859,868,success_build,True,True,False,unit fuzzy loss
220,0 1 2 3 4 5 6 7 8 9 10 11 22 13 14 15 16 17 18 19 20 21 12 23,577c91803ebaec8c2dd9bd2a549ba70725c4bc69f349bd6421695de453ccea51,8788baeffa71af1de2c3fa7001dc99cec4cd81d3ccacb874ef23dcb03e797e16,90.691246,96.82147,868,success_build,True,True,False,unit fuzzy loss
221,0 1 2 3 4 5 6 7 8 9 10 11 23 13 14 15 16 17 18 19 20 21 22 12,ec25653b233bf39c385f7b7b9e076b3a410eb5a7bc135866c8b0eac91d5fd71e,6942d267a92da991490a548d5303b06d2497119ed897b7d60cbd5e14210e183f,87.36866,96.35511,868,success_build,True,True,False,unit fuzzy loss
222,0 1 2 3 4 5 6 7 8 9 10 11 12 14 13 15 16 17 18 19 20 21 22 23,3ca0c0a0053175580039c2c3845956fd862616e141fa7f0321694c33642d48dc,f2fb1636bd4cf70109306c83e1de1d36d606061d1b84641f8f73f3e9e921b9e9,90.645164,96.81501,868,success_build,True,True,False,unit fuzzy loss
223,0 1 2 3 4 5 6 7 8 9 10 11 12 15 14 13 16 17 18 19 20 21 22 23,a38f91ab30c5eac7d7ba4c4671d1e54aeefd42515494f93b144e4978b2aa623a,6c18735240cbd7a5356c92aaa09f5695d3b2c6f480ae9f5c6335e200dd678fe5,90.691246,96.82147,868,success_build,True,True,False,unit fuzzy loss
224,0 1 2 3 4 5 6 7 8 9 10 11 12 16 14 15 13 17 18 19 20 21 22 23,436daa8323e9f71d6b0b9d3036eb7e7d55ba509f9b86fe195b6fdc1549a02008,bae08aa0ae9ce312d18f880e57a45a32d45d79d9c603397423f2140a4e38ec98,90.71429,96.82471,868,success_build,True,True,False,unit fuzzy loss
225,0 1 2 3 4 5 6 7 8 9 10 11 12 17 14 15 16 13 18 19 20 21 22 23,f5549f25113169f150bd2ac8262fef19c1f83fd6e22ee57c74eaa1138a6cedf9,e921a114a5a32a5720d0b3ec50a9eaec467e38cf4bea28c6167a066869298222,90.76037,96.83118,868,success_build,True,True,False,unit fuzzy loss
226,0 1 2 3 4 5 6 7 8 9 10 11 12 18 14 15 16 17 13 19 20 21 22 23,efa9ea4bb32006868cef332b07941373d0c4d7ba11bc0b4f2c3b863beba3bf17,0dec504d32dfb23ae98d78f4b4ac7870f11edfb358653cd9a3d49a990524f7ed,90.76037,96.83118,868,success_build,True,True,False,unit fuzzy loss
227,0 1 2 3 4 5 6 7 8 9 10 11 12 19 14 15 16 17 18 13 20 21 22 23,eb4983657dfaf8aab0a83698ff5756e1efa0ee1c19290be6f159c2bc168fc137,7270f58868a4afcb022e1bf85cb984e498e671c8770182c47d3f6ff7bfd1c978,90.71429,96.82471,868,success_build,True,True,False,unit fuzzy loss
228,0 1 2 3 4 5 6 7 8 9 10 11 12 20 14 15 16 17 18 19 13 21 22 23,37b876e7358d86b851754c75bda52d27849fe3fcfe3e4b033f64a810f1bd5345,ac3305ea7958812a064906695241d4940679c84fd51aeba96f62209f59ba2440,90.576035,96.805305,868,success_build,True,True,False,unit fuzzy loss
229,0 1 2 3 4 5 6 7 8 9 10 11 12 21 14 15 16 17 18 19 20 13 22 23,e62ee6ca0c13dacb563658649f4b9ca3b4529f58d42c8f0139f60ddde1363b42,364e4094199cd36a15a0ba2746c39911c520a54070bdc8a99210a9e896fa5356,90.576035,96.805305,868,success_build,True,True,False,unit fuzzy loss
230,0 1 2 3 4 5 6 7 8 9 10 11 12 22 14 15 16 17 18 19 20 21 13 23,0ff048e5e51762b2da80df039d54d155d83decb55af66a6d74beb293311e4dd2,01c38e064e33291d8879fe685a196919073881f9c3dfe3c2a640b81a95571fb4,90.691246,96.82147,868,success_build,True,True,False,unit fuzzy loss
231,0 1 2 3 4 5 6 7 8 9 10 11 12 23 14 15 16 17 18 19 20 21 22 13,2cf1efd877e49144188f60466b934102e6dc757ea34aa1dcaae7bf8a6af1ae16,f23888b03a8f573b117eb5f0462eaf076fb45a5d3383c9215c28b81a1865dd39,88.45622,96.50776,868,success_build,True,True,False,unit fuzzy loss
232,0 1 2 3 4 5 6 7 8 9 10 11 12 13 15 14 16 17 18 19 20 21 22 23,90fa7274dcce13d2870d927a9cef855746b35de48c47e1b5f12cb35b873e1001,3b1a426ef9ce5dabf608b6c5b3fbecd53b1c51f7f5c98d6753fbd678537285fd,90.71429,96.82471,868,success_build,True,True,False,unit fuzzy loss
233,0 1 2 3 4 5 6 7 8 9 10 11 12 13 16 15 14 17 18 19 20 21 22 23,d3042a0b419745a0828c692d1abf1dc592e4d4bcf2986ac38439b9b7f246b323,5ddc4ac4955a2806877c1bd6ca3ed9bd2bb16122dac37ad8b3f5bdf58a8ee65e,90.73733,96.82794,868,success_build,True,True,False,unit fuzzy loss
234,0 1 2 3 4 5 6 7 8 9 10 11 12 13 17 15 16 14 18 19 20 21 22 23,96f85646abcb585e5f5ea2228abb71356c8b80fcbaa71a204fb03de5758487a6,0465aca3900b39cebba886c27c2cc3a6b49853ef2e0a090ca2cf388476cbdfaa,90.78341,96.83441,868,success_build,True,True,False,unit fuzzy loss
235,0 1 2 3 4 5 6 7 8 9 10 11 12 13 18 15 16 17 14 19 20 21 22 23,92f882ea62099250374cf48bf2081e14f57507f492f03da76b29affd6ccac059,266315cf4934d8d2c5d2f0274cfcfbc199a86110f9bc83ad5bbe9a893b6f8e27,90.78341,96.83441,868,success_build,True,True,False,unit fuzzy loss
236,0 1 2 3 4 5 6 7 8 9 10 11 12 13 19 15 16 17 18 14 20 21 22 23,84e165477e2b4bd5310d9aea0de6104e9168d39da854bfb63b1efe05959db747,96328a612693d61a0d1832674d5c4e429e46267723a1224fc7b0ac1b98640e45,90.73733,96.82794,868,success_build,True,True,False,unit fuzzy loss
237,0 1 2 3 4 5 6 7 8 9 10 11 12 13 20 15 16 17 18 19 14 21 22 23,459610a19305036bfc6c348d158047a8f1be0a02e8723504d6bc496c395b4016,ce656847842e73788192210d3ef46699310e14863859fa191a3447c8c2afabfe,90.71429,96.82471,868,success_build,True,True,False,unit fuzzy loss
238,0 1 2 3 4 5 6 7 8 9 10 11 12 13 21 15 16 17 18 19 20 14 22 23,e2d0482488cde45e9d3c935b7870a22ccd39ed8748070d191f2b72588c89df85,1a51e449df83c7bf77a0e43ef54ee882627a86e1855bb02600b4cc7a0b926f02,90.71429,96.82471,868,success_build,True,True,False,unit fuzzy loss
239,0 1 2 3 4 5 6 7 8 9 10 11 12 13 22 15 16 17 18 19 20 21 14 23,6197474d8a1576322ba6d07f764d0102779e924e10a033343740a85852368d33,baca0aed4e769b8a917199bd1bdf8b388bc354de910f2974839ead43ba181eab,90.71429,96.82471,868,success_build,True,True,False,unit fuzzy loss
240,0 1 2 3 4 5 6 7 8 9 10 11 12 13 23 15 16 17 18 19 20 21 22 14,a1536023c0a9332e56215c6d28e7d7fd5a2d4721189619df6c734af8b32a1bb6,8ee17aa18892db981e60a5ff04c37565bd8b31a2112c49b199d482b20c3cfca2,88.525345,96.51746,868,success_build,True,True,False,unit fuzzy loss
241,0 1 2 3 4 5 6 7 8 9 10 11 12 13 14 16 15 17 18 19 20 21 22 23,737581f46eb92925f5642e86d383740230dc163b116ba334974e2ab0ee044fa5,ee8ab70fb7f8c69ce3e6568f62125407eba5b7735e35c167909c70d3ccd71414,90.78341,96.83441,868,success_build,True,True,False,unit fuzzy loss
242,0 1 2 3 4 5 6 7 8 9 10 11 12 13 14 17 16 15 18 19 20 21 22 23,964d8c664d47a11001c09770d1c228b39f9ca57f57de08e6b6616f0bbad5f722,3f1191b533b4e7f3eef74b9ca0c4c7443912533be2c08383779c1a20cfa18b16,90.82949,96.84088,868,success_build,True,True,False,unit fuzzy loss
243,0 1 2 3 4 5 6 7 8 9 10 11 12 13 14 18 16 17 15 19 20 21 22 23,5123461f0d5acc8ea1c7aa818ad3d0eb1c5f8a05a1722cad5e0e8c0eee0d2e90,3c5f1bef26ea178ab32c898c33f0915bdf3acd73dea7f6c24a427196331f819f,90.82949,96.84088,868,success_build,True,True,False,unit fuzzy loss
244,0 1 2 3 4 5 6 7 8 9 10 11 12 13 14 19 16 17 18 15 20 21 22 23,63772767e20ea7cdadb12557d63b2cc674ed6234edeb689110b0b1cdc4ae0219,6d8ccfd933e7c33b21d68e015f8c74352a332ba8e15ce57f94cac8422b848d78,90.78341,96.83441,868,success_build,True,True,False,unit fuzzy loss
245,0 1 2 3 4 5 6 7 8 9 10 11 12 13 14 20 16 17 18 19 15 21 22 23,11dce455154e06bf6c2ed5e928594c7c72f3e0acf9bacec6ccfe5c3ff7bb92ee,1db94f36cbcba612025fe68933b8c2ce8fa702c222842e438fad451f89e93507,90.82949,96.84088,868,success_build,True,True,False,unit fuzzy loss
246,0 1 2 3 4 5 6 7 8 9 10 11 12 13 14 21 16 17 18 19 20 15 22 23,4179421bf99fb40b755e5dcb5c3fa67c642a8224c66360d372871901c8f6ae50,85fb2d7aa309e4775243dad1427705ef76d5fda66e376ce7bc7fc70e15851b85,90.82949,96.84088,868,success_build,True,True,False,unit fuzzy loss
247,0 1 2 3 4 5 6 7 8 9 10 11 12 13 14 22 16 17 18 19 20 21 15 23,f58026ef178720bff37d4cad3b90d75c4c12ae55be6e22ff198cb700461e5c57,0e89e7774bcd8fed1c036ab48162b026e36a84a33daeb2e4d814b17ef9d0e1f0,90.76037,96.83118,868,success_build,True,True,False,unit fuzzy loss
248,0 1 2 3 4 5 6 7 8 9 10 11 12 13 14 23 16 17 18 19 20 21 22 15,1ce54c053b1a779434c62f75e2537d37d3c6cb8e4114aae8299cf1499b7a2156,9bd81e5a94c35d65192f3487a46950620b63571473169242fcef15bd3b8d14c5,88.64056,96.53364,868,success_build,True,True,False,unit fuzzy loss
249,0 1 2 3 4 5 6 7 8 9 10 11 12 13 14 15 17 16 18 19 20 21 22 23,4533d873f7c5c11dcac18b5fc29dea1ccec1ee380812092affd724cc683b701f,bc587b701523ff758be76becd07e7d83a1abdd4259d821fa16d0274d777cfdb2,90.85253,96.84412,868,success_build,True,True,False,unit fuzzy loss
250,0 1 2 3 4 5 6 7 8 9 10 11 12 13 14 15 18 17 16 19 20 21 22 23,5ed51bc9fe3991b2681a313c164e9ff6fce4f01ce5947ac274c1079ba43009f8,f3f92d05a6505048b3b5b90a93050614a8a3340829cc00463e4683204c229b5a,90.85253,96.84412,868,success_build,True,True,False,unit fuzzy loss
251,0 1 2 3 4 5 6 7 8 9 10 11 12 13 14 15 19 17 18 16 20 21 22 23,ad28dac5b5d22b8a9fc9cd5e6444357781b417e760e340eac749b9b42f2ad5a3,a0d42c8731b79e71b3f9ee858071b6ec8f77b05389e0705b52d688c3701d1d0d,90.80645,96.83765,868,success_build,True,True,False,unit fuzzy loss
252,0 1 2 3 4 5 6 7 8 9 10 11 12 13 14 15 20 17 18 19 16 21 22 23,278e1642ea29b72d88fe3dc73bcd886569edf90d2456cb8970d7d047b983e429,3b973caddb8b58ebd7faff06f721fede314bb7e923a464a0bdf28a5002280531,90.89862,96.850586,868,success_build,True,True,True,
253,0 1 2 3 4 5 6 7 8 9 10 11 12 13 14 15 21 17 18 19 20 16 22 23,38746429424cce4c7d52310a38292059d6d6433ad7b463bd5dfbac98960d550c,f7e1701843c5430349850167312dd9eb20b7ac43ab0c6ee80a7f486043f992e0,90.89862,96.850586,868,success_build,True,True,True,
254,0 1 2 3 4 5 6 7 8 9 10 11 12 13 14 15 22 17 18 19 20 21 16 23,79c0e320d2f1f5fdc990c86a9b37ab9f1cd24831c01503d0a048966f58ea9a66,bf7525389368aab2b7d1cd74ab01932b0a6060c0d95e6922bc7aa1022b7532cf,90.78341,96.83441,868,success_build,True,True,False,unit fuzzy loss
255,0 1 2 3 4 5 6 7 8 9 10 11 12 13 14 15 23 17 18 19 20 21 22 16,3677806b15f957d0f0e522e8750dd7347a624b81e4b46252b5464d88bab176ef,6d13ba3b44ce935f75f19e68a23ce5c2028cdf14258d2476d9c3c53ea9bd3d02,88.70968,96.543335,868,success_build,True,True,False,unit fuzzy loss
256,0 1 2 3 4 5 6 7 8 9 10 11 12 13 14 15 16 18 17 19 20 21 22 23,8e513880e5591485641d7c1383120da17505bd17b1bcf3179df9f4dc9a8bb166,b2a018861686faa263139c2e0fee1c909103ef82d797f985b6bd96da0029c1ec,90.96774,96.86028,868,success_build,True,True,True,
257,0 1 2 3 4 5 6 7 8 9 10 11 12 13 14 15 16 19 18 17 20 21 22 23,c0e13c9eaf323d5ff25146bbb5a185e8f79079bc4193fd244509caca37ec3df1,0a87e0eaec2fe2ef4fe0d9633b9fd99951277ccd28479d45ca3f61a2703d6e29,90.92166,96.85381,868,success_build,True,True,True,
258,0 1 2 3 4 5 6 7 8 9 10 11 12 13 14 15 16 20 18 19 17 21 22 23,f125e6e8877eaafbe63e1d7d019f09092e645ea5958908955829879e5620d655,c920429194c8d2d5a9036e215b979fc3638786defd06f36bc516e5cbc8679ff7,91.013824,96.86675,868,success_build,True,True,True,
259,0 1 2 3 4 5 6 7 8 9 10 11 12 13 14 15 16 21 18 19 20 17 22 23,13e575b0c4fad2bac1ff93b4ccfe8fe1df33a5e881d18568928447f5f4518ce3,e7290542bbd57a9b27bc080c9cb51ec96150ac5fe796b7f6bb789d2f2ae198a0,91.013824,96.86675,868,success_build,True,True,True,
260,0 1 2 3 4 5 6 7 8 9 10 11 12 13 14 15 16 22 18 19 20 21 17 23,7befd1a326763b9a4d0cfd03933ab10af30dac83b6f23176a443f5e8fa5ec4f5,669588978cf43621ec14b7f121fe990feaa56b2f1d8d9ca07a447c14ac6e756c,90.78341,96.83441,868,success_build,True,True,False,unit fuzzy loss
261,0 1 2 3 4 5 6 7 8 9 10 11 12 13 14 15 16 23 18 19 20 21 22 17,48de05dec48eeb423365a10d916d11f4d04fc4424a0870fc9eac8c2e929e86b0,d79f99dd44921032818d9c27fc79ec9acf22d7edf62a1403ad6870f56f7dc83c,88.84792,96.562744,868,success_build,True,True,False,unit fuzzy loss
262,0 1 2 3 4 5 6 7 8 9 10 11 12 13 14 15 16 17 19 18 20 21 22 23,aec640d8ab20e9ab9830bf38f256c8bb8eac5aadd04ba0c023bf54319601dd60,188f91d1b8e2df6aabba257205a591f5216c09944479b15ee444300d019253cc,90.9447,96.85705,868,success_build,True,True,True,
263,0 1 2 3 4 5 6 7 8 9 10 11 12 13 14 15 16 17 20 19 18 21 22 23,93a4458ea6b505106d166cb2d05caea1d9f39c053c55c8d2265980639f1bf4d6,188f91d1b8e2df6aabba257205a591f5216c09944479b15ee444300d019253cc,90.9447,96.85705,868,success_build,True,True,True,
264,0 1 2 3 4 5 6 7 8 9 10 11 12 13 14 15 16 17 21 19 20 18 22 23,4e563b68d9084b89766a54e51196f3d4158be46dd2e380fb98069500829853a6,4426fea2340af606d5f45d801d208170a5fb665d3674510d31b3515c9dfdb1fc,90.9447,96.85705,868,success_build,True,True,True,
265,0 1 2 3 4 5 6 7 8 9 10 11 12 13 14 15 16 17 22 19 20 21 18 23,4716ca765ffadd390a0f9eaec9891d13b86cceb1e22633bdc23ea87ee183f973,bd7c635e55537874b1d94b31cb327367f403ce27cfeb33d3b2e621b9f83849da,90.85253,96.84412,868,success_build,True,True,False,unit fuzzy loss
266,0 1 2 3 4 5 6 7 8 9 10 11 12 13 14 15 16 17 23 19 20 21 22 18,34cc9d4e1acda05d71f4ceaa0fad806d19ba642817a1652c8cae21f7fc7db592,b39e51081178d36de5ce1890fe263b20f49ceeb2718a083ccd11faa82281ec79,88.75576,96.549805,868,success_build,True,True,False,unit fuzzy loss
267,0 1 2 3 4 5 6 7 8 9 10 11 12 13 14 15 16 17 18 20 19 21 22 23,d09318b90c96f8c58383ac37713b1159544c13c0f18ac8ed85bc9a6f24ec5144,f82e514864af9c85e1857e2fd59bfd976deb0aba1f651662b322730ced490ad6,90.89862,96.850586,868,success_build,True,True,True,
268,0 1 2 3 4 5 6 7 8 9 10 11 12 13 14 15 16 17 18 21 20 19 22 23,6b55abc2454ea7dcbf1e7fc143188dcb27f9b88561021778f696a456a6074803,f2a7ab64a835b1b17ed2c73367cc06f2f5bc0eff4ff597d4dcec5ceca60c1898,90.89862,96.850586,868,success_build,True,True,True,
269,0 1 2 3 4 5 6 7 8 9 10 11 12 13 14 15 16 17 18 22 20 21 19 23,3c8215206c9a34b1b17f059f94ace25d34391eda94b4aea70ea66c62fc50b6fd,de3677dfe3572fe0f8b7779ce15173adc0bb7fb2314cc4d9a392879bb99c0362,90.73733,96.82794,868,success_build,True,True,False,unit fuzzy loss
270,0 1 2 3 4 5 6 7 8 9 10 11 12 13 14 15 16 17 18 23 20 21 22 19,05ede8cc0a117d418b83d24dc73130192bdd699da6bef09b3541fc14c3f87fbb,90e2a6245b01650a73425c12457be9b5e5cc9f70c7355e26371a2311060e15e8,88.75576,96.549805,868,success_build,True,True,False,unit fuzzy loss
271,0 1 2 3 4 5 6 7 8 9 10 11 12 13 14 15 16 17 18 19 21 20 22 23,0f0e714d747a9c1942aaa40ac0eada8630f7ba33328ef971e6893e75496d5675,f2a7ab64a835b1b17ed2c73367cc06f2f5bc0eff4ff597d4dcec5ceca60c1898,90.89862,96.850586,868,success_build,True,True,True,
272,0 1 2 3 4 5 6 7 8 9 10 11 12 13 14 15 16 17 18 19 22 21 20 23,dd0f5ba64af3fa4a80cb4fec70f14b7b386239b433551ea04af04857bf4c9229,f2a7ab64a835b1b17ed2c73367cc06f2f5bc0eff4ff597d4dcec5ceca60c1898,90.89862,96.850586,868,success_build,True,True,True,
273,0 1 2 3 4 5 6 7 8 9 10 11 12 13 14 15 16 17 18 19 23 21 22 20,9c9030ac93f17a6bb7d2682c8451f0738f162c1a31285a9d802b28d80a047327,8a98c099ed6788ba6887a4d2859479fcd4ca90031b434cf596554d928c36f17d,90.2765,96.76326,868,success_build,True,True,False,unit fuzzy loss
274,0 1 2 3 4 5 6 7 8 9 10 11 12 13 14 15 16 17 18 19 20 22 21 23,883dcf68589168f31f2670cab4ab41a09c7fe74f3e214ebfefd90fd157275e20,f82e514864af9c85e1857e2fd59bfd976deb0aba1f651662b322730ced490ad6,90.89862,96.850586,868,success_build,True,True,True,
275,0 1 2 3 4 5 6 7 8 9 10 11 12 13 14 15 16 17 18 19 20 23 22 21,94f2f086082cf9dae4174a5b9dbb5ec735c9ee60e2a36a3ef2dafa9dc17fbd65,6d73e91736472cafcc71db3b26751f4cf67adad34de286d2e9d9ca03dbfc68ad,88.91705,96.57245,868,success_build,True,True,False,unit fuzzy loss
276,0 1 2 3 4 5 6 7 8 9 10 11 12 13 14 15 16 17 18 19 20 21 23 22,04cdf8306c69f678c269d799241466609bb20d2366f20f365e94afe00ed44500,3d9e82859ea3019c4d372bcb145bdfe92d0c909b1f871b8276170601636a0e1e,90.645164,96.81501,868,success_build,True,True,False,unit fuzzy loss
277,1 2 0 3 4 5 6 7 8 9 10 11 12 13 14 15 16 17 18 19 20 21 22 23,6e7823ac0e62d487c15235a8827ac3d3191aff3d016dc1c5913ab540ec0f8e42,8d3c29cbf1b4bf38f8d2a9ae6c097b421955037dc7bc96c433de8eba5c372225,90.78341,96.83441,868,success_build,True,True,False,unit fuzzy loss
278,1 2 3 0 4 5 6 7 8 9 10 11 12 13 14 15 16 17 18 19 20 21 22 23,6f159b8993d21ca97781dabf0acbf8aaad7a881e49cfb8a2704af67376765c97,8d3c29cbf1b4bf38f8d2a9ae6c097b421955037dc7bc96c433de8eba5c372225,90.78341,96.83441,868,success_build,True,True,False,unit fuzzy loss
279,1 2 3 4 0 5 6 7 8 9 10 11 12 13 14 15 16 17 18 19 20 21 22 23,4d3d36583e733378cf478b0d728c22f1622688340a531995f033ddd287f6dde7,8d3c29cbf1b4bf38f8d2a9ae6c097b421955037dc7bc96c433de8eba5c372225,90.78341,96.83441,868,success_build,True,True,False,unit fuzzy loss
280,1 2 3 4 5 0 6 7 8 9 10 11 12 13 14 15 16 17 18 19 20 21 22 23,952fbf36d7e9a48fc6e40c050db9360a008bdb6decf0bfcc94b813874c644b74,164d2cf8b8f5651b0b603b733db3231ff3ffd6c18dccb4b4667e0c2399e8d536,90.622116,96.811775,868,success_build,True,True,False,unit fuzzy loss
281,1 2 3 4 5 6 0 7 8 9 10 11 12 13 14 15 16 17 18 19 20 21 22 23,29ee93eb9a7969989c372c2923b13743338ee5cb7caa3a48008abd0fa43c7853,164d2cf8b8f5651b0b603b733db3231ff3ffd6c18dccb4b4667e0c2399e8d536,90.622116,96.811775,868,success_build,True,True,False,unit fuzzy loss
282,1 2 3 4 5 6 7 0 8 9 10 11 12 13 14 15 16 17 18 19 20 21 22 23,548b0985f708a9ea47ccf1b48c03d22eaba334a684e055ef2612170260b3bd30,164d2cf8b8f5651b0b603b733db3231ff3ffd6c18dccb4b4667e0c2399e8d536,90.622116,96.811775,868,success_build,True,True,False,unit fuzzy loss
283,1 2 3 4 5 6 7 8 0 9 10 11 12 13 14 15 16 17 18 19 20 21 22 23,21afd7942654a3a987bbeef9fe34074bdd9594cb3d54264e8405b459d88343f4,164d2cf8b8f5651b0b603b733db3231ff3ffd6c18dccb4b4667e0c2399e8d536,90.622116,96.811775,868,success_build,True,True,False,unit fuzzy loss
284,1 2 3 4 5 6 7 8 9 0 10 11 12 13 14 15 16 17 18 19 20 21 22 23,769bf882cfcf699e1af6dcafbf6f8ee035aa76d70ba019cb762f03bff4b27e95,a882255632688f517eed7a16d30370859f85287fd4cef901bfad8d226232cb5e,90.622116,96.811775,868,success_build,True,True,False,unit fuzzy loss
285,1 2 3 4 5 6 7 8 9 10 0 11 12 13 14 15 16 17 18 19 20 21 22 23,8438303f273da453dcae065b5943e346b93b161f8c2af6f5daab43fe437a890e,eaf68c34b6e254001870910f7f877e7a993c14b64885e7f4068d42a9dd8b488c,90.576035,96.805305,868,success_build,True,True,False,unit fuzzy loss
286,1 2 3 4 5 6 7 8 9 10 11 0 12 13 14 15 16 17 18 19 20 21 22 23,58719cbc6df9193874de0c290af8faf0bf682c25c4f8d2aff3d2b7dadcdad70d,9ba56a0da687ba81e4c36d70631f891090400ed8b3f994d88a4a317ebbf7d70b,90.36866,96.7762,868,success_build,True,True,False,unit fuzzy loss
287,1 2 3 4 5 6 7 8 9 10 11 12 0 13 14 15 16 17 18 19 20 21 22 23,3ff1910f8ed83841f8c51c7f0c854566289a913591a276c0e5c7a5b3d6dfd363,896231e87f51a960b26a6b28bacab3a0e0e9eb7dea1f2b244d128aa671ae81f3,90.230415,96.75679,868,success_build,True,True,False,unit fuzzy loss
288,1 2 3 4 5 6 7 8 9 10 11 12 13 0 14 15 16 17 18 19 20 21 22 23,0aee34a52408df80d5a27a3602ed5b1e7624b1394c2145c3eee02438f3bd9d49,77a61c5aaeb5e65972d165404efbf87268e85cdf5301b98807ac7de8ea8e340a,90.09216,96.73739,868,success_build,True,True,False,unit fuzzy loss
289,1 2 3 4 5 6 7 8 9 10 11 12 13 14 0 15 16 17 18 19 20 21 22 23,66ab18fecacbc0e14d45215a9365ec46b8d3d80767b29a9ef7fcd90d6f6ac5ee,171597b73629247ee2a3631634e63bf7841337d2137c55f0327d6d32522b8b2f,89.97696,96.721214,868,success_build,True,True,False,unit fuzzy loss
290,1 2 3 4 5 6 7 8 9 10 11 12 13 14 15 0 16 17 18 19 20 21 22 23,e15ec2073cba22ec92f51c75d70e3292af78d7709768df94586958e6a9dda323,da0077ce26a041d2250d642fb6498e8af0cfe5652e0c21c68cdd53e14ed91c7e,89.90784,96.71152,868,success_build,True,True,False,unit fuzzy loss
291,1 2 3 4 5 6 7 8 9 10 11 12 13 14 15 16 0 17 18 19 20 21 22 23,43bdcc4127f062235faf9e55d5e161fca8507560694990d64173809d19b0fdb3,5f4136c0d5755468a1927dd3a3fda6ea224abb7fa83b6433303831b7d540583a,89.86175,96.70505,868,success_build,True,True,False,unit fuzzy loss
292,1 2 3 4 5 6 7 8 9 10 11 12 13 14 15 16 17 0 18 19 20 21 22 23,6960871aa076110c2409649d946b885fe393a7b2ac9fa5021679f4cbc431691f,482f20cf8401c07bbf2ce31878c3ea5882310e476758bb733b831c81960fbc68,89.86175,96.70505,868,success_build,True,True,False,unit fuzzy loss
293,1 2 3 4 5 6 7 8 9 10 11 12 13 14 15 16 17 18 0 19 20 21 22 23,d01c5b987fd54679d3525c8383d2ed9f78a7b3a33003c865edbd85979d57ee46,813152133870fac4186cea82cdcc4734e11ec90863c065a0176e06aa129c0d25,89.86175,96.70505,868,success_build,True,True,False,unit fuzzy loss
294,1 2 3 4 5 6 7 8 9 10 11 12 13 14 15 16 17 18 19 0 20 21 22 23,3042ff16bfb5f41347f9a88a55f2da19048847ec86aced7765dfd67682851d1a,01ac01478c9feff0e4f9f727e3eeaf94f14aa0d901c3dba9b9fca3285b164fa9,89.90784,96.71152,868,success_build,True,True,False,unit fuzzy loss
295,1 2 3 4 5 6 7 8 9 10 11 12 13 14 15 16 17 18 19 20 0 21 22 23,cb28e693a5ab418661e0558ad9d39ae402f07de476cddf422c016fb8d48ec8c0,01ac01478c9feff0e4f9f727e3eeaf94f14aa0d901c3dba9b9fca3285b164fa9,89.90784,96.71152,868,success_build,True,True,False,unit fuzzy loss
296,1 2 3 4 5 6 7 8 9 10 11 12 13 14 15 16 17 18 19 20 21 0 22 23,b987c99367b1352aa4e4d3c93ea072f953a948db855cc1d496bea75d64867c44,01ac01478c9feff0e4f9f727e3eeaf94f14aa0d901c3dba9b9fca3285b164fa9,89.90784,96.71152,868,success_build,True,True,False,unit fuzzy loss
297,1 2 3 4 5 6 7 8 9 10 11 12 13 14 15 16 17 18 19 20 21 22 0 23,2bd5842cbb9dccbb45e23ad7cb20da2f78b5dfd3e9e820d4c1eea40f169afefc,edd85ea548bcda4f085cb5a1e768e685b5655669c25dfc311d4b2265595d4ace,89.83871,96.70181,868,success_build,True,True,False,unit fuzzy loss
298,1 2 3 4 5 6 7 8 9 10 11 12 13 14 15 16 17 18 19 20 21 22 23 0,a3e67e554dcb550d54822550b767722d85f3041c29bfdd5f8b685491962a38b0,d42abfb7f8a520076080d63c283b0ea727e6cc66e1ed4cf7ebb999d839f3c61d,89.56221,96.663,868,success_build,True,True,False,unit fuzzy loss
299,0 2 3 1 4 5 6 7 8 9 10 11 12 13 14 15 16 17 18 19 20 21 22 23,2d88287ce1a69f683d80cd597f62816ac9161b2720dc204ce079659545869320,f82e514864af9c85e1857e2fd59bfd976deb0aba1f651662b322730ced490ad6,90.89862,96.850586,868,success_build,True,True,True,
300,0 2 3 4 1 5 6 7 8 9 10 11 12 13 14 15 16 17 18 19 20 21 22 23,baa8625b5d2a8efadfb5add0bea9916f0396b77c13977590133e0008fbdeb952,f82e514864af9c85e1857e2fd59bfd976deb0aba1f651662b322730ced490ad6,90.89862,96.850586,868,success_build,True,True,True,
301,0 2 3 4 5 1 6 7 8 9 10 11 12 13 14 15 16 17 18 19 20 21 22 23,84a1d30ad9ac55a12977ba4a7e33c5ff8b2275102115774e2dd5f92c7cd97760,41bc1f05b8c00213a234c906990840549d7d1da627e8985976f147f0735e304b,90.73733,96.82794,868,success_build,True,True,False,unit fuzzy loss
302,0 2 3 4 5 6 1 7 8 9 10 11 12 13 14 15 16 17 18 19 20 21 22 23,1efb91cb825fbc67a5ece90a25e4b203427eb7066698b0569fe0630509f87ee1,41bc1f05b8c00213a234c906990840549d7d1da627e8985976f147f0735e304b,90.73733,96.82794,868,success_build,True,True,False,unit fuzzy loss
303,0 2 3 4 5 6 7 1 8 9 10 11 12 13 14 15 16 17 18 19 20 21 22 23,46480e649a0b0f976f2d2252dbf4258f3f06baa05d3c6e0b9b43f6dab63a0db4,41bc1f05b8c00213a234c906990840549d7d1da627e8985976f147f0735e304b,90.73733,96.82794,868,success_build,True,True,False,unit fuzzy loss
304,0 2 3 4 5 6 7 8 1 9 10 11 12 13 14 15 16 17 18 19 20 21 22 23,7fa91a73b4d55bc38b4aaed8190f199aeec43a72bd23bd70d5087ebfdcda0a0d,41bc1f05b8c00213a234c906990840549d7d1da627e8985976f147f0735e304b,90.73733,96.82794,868,success_build,True,True,False,unit fuzzy loss
305,0 2 3 4 5 6 7 8 9 1 10 11 12 13 14 15 16 17 18 19 20 21 22 23,f079548f62c7b1f71500906c7408e14a6e42374c8ca2cf115738cad8732be1cf,757ccc89d628d9efc13122b69a7a2e4c47c6d01d7c4385f56976c97f5e724d77,90.73733,96.82794,868,success_build,True,True,False,unit fuzzy loss
306,0 2 3 4 5 6 7 8 9 10 1 11 12 13 14 15 16 17 18 19 20 21 22 23,fbe9d316fc20d1e9d0870f7bb9f2b7e81e73eb7cf166ad583b5def9fdc5657b0,7c753977afb8545a9a4191bd33c4eb114b91d0e4d639f9f29559abc12b5d6b3a,90.691246,96.82147,868,success_build,True,True,False,unit fuzzy loss
307,0 2 3 4 5 6 7 8 9 10 11 1 12 13 14 15 16 17 18 19 20 21 22 23,51157bf5187916275f74881c7db34bd34fb5be7642a4de7c2f834d07a7cec8c5,5b216ce77d0dc3abb6dcd5328102523c5ac992fbbb62728f254ef0920be2ca0d,90.48387,96.792366,868,success_build,True,True,False,unit fuzzy loss
308,0 2 3 4 5 6 7 8 9 10 11 12 1 13 14 15 16 17 18 19 20 21 22 23,cdb0371c015318fd309b1e12f51838b940a9f23c5dc482e8e057a1b1d62097eb,3409712b35f95a14305281598633fcdfc7af62addfa9b7864e44dabe39a8423e,90.34562,96.772964,868,success_build,True,True,False,unit fuzzy loss
309,0 2 3 4 5 6 7 8 9 10 11 12 13 1 14 15 16 17 18 19 20 21 22 23,533deb5927d91027677ac6654a57af20aaa74a8248ab41539b6fda735735c087,5c1ceaee8f318dbbf8c982d0a804123e925a49115c5bbf837f6202202f6f839b,90.207375,96.753555,868,success_build,True,True,False,unit fuzzy loss
310,0 2 3 4 5 6 7 8 9 10 11 12 13 14 1 15 16 17 18 19 20 21 22 23,8430c4c375395ee6a965ab6e3fe2b7b4420294e5b83aa66e7d9e960d2984fabf,5172eb5c76fb36f56bcfc2d0a9dfb243930a4c9e5f70bf4f8fb8b65b67799e15,90.09216,96.73739,868,success_build,True,True,False,unit fuzzy loss
311,0 2 3 4 5 6 7 8 9 10 11 12 13 14 15 1 16 17 18 19 20 21 22 23,37610b731845d7f0e6c45119f6fe52a9ee14bca9b5c566351800d019f89af277,2b6f4f8d8ae84d95c7da848b09f12e1b6cfefa0c20b1524c368c540ec516fa6f,90.02304,96.727684,868,success_build,True,True,False,unit fuzzy loss
312,0 2 3 4 5 6 7 8 9 10 11 12 13 14 15 16 1 17 18 19 20 21 22 23,fa4308b9e16627a350703d543d6b70518758fc1ec8a45f8caecd1b216176eb20,f4f6d2eeece2ff7717486cb2ca96a826521262e46c377a9ada139a1c8cf2051c,89.97696,96.721214,868,success_build,True,True,False,unit fuzzy loss
313,0 2 3 4 5 6 7 8 9 10 11 12 13 14 15 16 17 1 18 19 20 21 22 23,4d35806ebb39f5f7629ab4272242132d25ea1c3027563516fc942dc64e2d3555,f9fbff70a862cf04bbbd698cd3698960e70506f6744af57de2725b0dd638ea37,89.97696,96.721214,868,success_build,True,True,False,unit fuzzy loss
314,0 2 3 4 5 6 7 8 9 10 11 12 13 14 15 16 17 18 1 19 20 21 22 23,21dd63313cd91b54a50cc5b1c494b8a4846e4c0f0c86c1853c00cc1b5d912cc9,12ee36ea97f2b7af073148e2fe26b9b145b1d8b3e157232e266a0dd21e68fe3a,89.97696,96.721214,868,success_build,True,True,False,unit fuzzy loss
315,0 2 3 4 5 6 7 8 9 10 11 12 13 14 15 16 17 18 19 1 20 21 22 23,3fd772d041174795de39c440be842d6f0162eb81c09aa15709396746e3c52f4c,d066432b13b7b2abc7a9d89de07816ad73c1f45cb13ecdba45c8681977630d13,90.02304,96.727684,868,success_build,True,True,False,unit fuzzy loss
316,0 2 3 4 5 6 7 8 9 10 11 12 13 14 15 16 17 18 19 20 1 21 22 23,3698b4ba857a59bd679cc17194534a06e7103d75f44ab54767d78ff97c94a093,d066432b13b7b2abc7a9d89de07816ad73c1f45cb13ecdba45c8681977630d13,90.02304,96.727684,868,success_build,True,True,False,unit fuzzy loss
317,0 2 3 4 5 6 7 8 9 10 11 12 13 14 15 16 17 18 19 20 21 1 22 23,6f686d93f0a4021a15d508b5fa7f45595ae5cd412dfc2d144fb0d663701f0be3,d066432b13b7b2abc7a9d89de07816ad73c1f45cb13ecdba45c8681977630d13,90.02304,96.727684,868,success_build,True,True,False,unit fuzzy loss
318,0 2 3 4 5 6 7 8 9 10 11 12 13 14 15 16 17 18 19 20 21 22 1 23,3f84f4fa7e99b8f227ca1c8e4deecc57856924d3cbc65ef937d1b9dcb781f1d2,a720c728d065c07c724f40774446fe934d3489dd465be66f6f4bf373763580e2,89.95392,96.71798,868,success_build,True,True,False,unit fuzzy loss
319,0 2 3 4 5 6 7 8 9 10 11 12 13 14 15 16 17 18 19 20 21 22 23 1,ddfec50ed3d2f89329ed8bdf72599bb304a3142bd49c4393dabb1d72df158588,a9681f4e1e4047f5c746451a8423805c1ff18de9d2683d9fc3c241d2913b7656,89.67742,96.67917,868,success_build,True,True,False,unit fuzzy loss
320,2 0 1 3 4 5 6 7 8 9 10 11 12 13 14 15 16 17 18 19 20 21 22 23,bc028545672c418cb37efa8138624daa9784ed6919e5ebc2faf3188ecec86c3c,f82e514864af9c85e1857e2fd59bfd976deb0aba1f651662b322730ced490ad6,90.89862,96.850586,868,success_build,True,True,True,
321,0 1 3 4 2 5 6 7 8 9 10 11 12 13 14 15 16 17 18 19 20 21 22 23,7d17bff418075037c9771b6ff9459cc46afc47034ab07fe7a547e04d16b77a4d,f82e514864af9c85e1857e2fd59bfd976deb0aba1f651662b322730ced490ad6,90.89862,96.850586,868,success_build,True,True,True,
322,0 1 3 4 5 2 6 7 8 9 10 11 12 13 14 15 16 17 18 19 20 21 22 23,b52e9929a4982e8765dc42e0a612fcddbd9271890d4e57f4f9f186e92c99077f,f82e514864af9c85e1857e2fd59bfd976deb0aba1f651662b322730ced490ad6,90.89862,96.850586,868,success_build,True,True,True,
323,0 1 3 4 5 6 2 7 8 9 10 11 12 13 14 15 16 17 18 19 20 21 22 23,a4abea1e4ce1a1572e8e1374b2ee7a621026103252bcab4265a89058b7ef5c75,f82e514864af9c85e1857e2fd59bfd976deb0aba1f651662b322730ced490ad6,90.89862,96.850586,868,success_build,True,True,True,
324,0 1 3 4 5 6 7 2 8 9 10 11 12 13 14 15 16 17 18 19 20 21 22 23,3c99abfb5fd039a60557582d27db2ed34627609fc8be00884b5285e6339b7276,f82e514864af9c85e1857e2fd59bfd976deb0aba1f651662b322730ced490ad6,90.89862,96.850586,868,success_build,True,True,True,
325,0 1 3 4 5 6 7 8 2 9 10 11 12 13 14 15 16 17 18 19 20 21 22 23,8b8328d8d9b3df3bc11f3c035ecfce6af6b7ed12a4023d8a535c6a553ca577d7,f82e514864af9c85e1857e2fd59bfd976deb0aba1f651662b322730ced490ad6,90.89862,96.850586,868,success_build,True,True,True,
326,0 1 3 4 5 6 7 8 9 2 10 11 12 13 14 15 16 17 18 19 20 21 22 23,79ade001d94c395d97efc28a48b5e16a3403a8471c751382bb5e503fb5208b23,f82e514864af9c85e1857e2fd59bfd976deb0aba1f651662b322730ced490ad6,90.89862,96.850586,868,success_build,True,True,True,
327,0 1 3 4 5 6 7 8 9 10 2 11 12 13 14 15 16 17 18 19 20 21 22 23,e88ed4903d9abe842e98738c9cb6d174f14e17ae9b20f78d97e4c145addd6280,f82e514864af9c85e1857e2fd59bfd976deb0aba1f651662b322730ced490ad6,90.89862,96.850586,868,success_build,True,True,True,
328,0 1 3 4 5 6 7 8 9 10 11 2 12 13 14 15 16 17 18 19 20 21 22 23,94745c4b64a7a3d2223ed988302c67b1920032cb3ab2bcf29535902300438db0,f82e514864af9c85e1857e2fd59bfd976deb0aba1f651662b322730ced490ad6,90.89862,96.850586,868,success_build,True,True,True,
329,0 1 3 4 5 6 7 8 9 10 11 12 2 13 14 15 16 17 18 19 20 21 22 23,574401aecd92c4f1ea748327fb614b1ce2a0f5242d2f5db24435f441867016b8,f82e514864af9c85e1857e2fd59bfd976deb0aba1f651662b322730ced490ad6,90.89862,96.850586,868,success_build,True,True,True,
330,0 1 3 4 5 6 7 8 9 10 11 12 13 2 14 15 16 17 18 19 20 21 22 23,9c8cbbbb05bb4976a83ffe114c48b772e5291f48523e26e3e315f71a23c07bef,f82e514864af9c85e1857e2fd59bfd976deb0aba1f651662b322730ced490ad6,90.89862,96.850586,868,success_build,True,True,True,
331,0 1 3 4 5 6 7 8 9 10 11 12 13 14 2 15 16 17 18 19 20 21 22 23,efa025396d466c9bf2030e1ee29c431128c7fdb64169dbb395044c6e57be63db,f82e514864af9c85e1857e2fd59bfd976deb0aba1f651662b322730ced490ad6,90.89862,96.850586,868,success_build,True,True,True,
332,0 1 3 4 5 6 7 8 9 10 11 12 13 14 15 2 16 17 18 19 20 21 22 23,39412fd1283ef753240208447ae2f700469cee9dfeac8eef9196da2d8498fe77,f82e514864af9c85e1857e2fd59bfd976deb0aba1f651662b322730ced490ad6,90.89862,96.850586,868,success_build,True,True,True,
333,0 1 3 4 5 6 7 8 9 10 11 12 13 14 15 16 2 17 18 19 20 21 22 23,119f05f4fc31e867a49ce2fb4b0255587ddc7ed23227a5a6397712f10cb3a432,f82e514864af9c85e1857e2fd59bfd976deb0aba1f651662b322730ced490ad6,90.89862,96.850586,868,success_build,True,True,True,
334,0 1 3 4 5 6 7 8 9 10 11 12 13 14 15 16 17 2 18 19 20 21 22 23,f851050fc5462fe82ea5bc09afc14abf394926843dd1949422782e8294e8791c,f82e514864af9c85e1857e2fd59bfd976deb0aba1f651662b322730ced490ad6,90.89862,96.850586,868,success_build,True,True,True,
335,0 1 3 4 5 6 7 8 9 10 11 12 13 14 15 16 17 18 2 19 20 21 22 23,24ed8b006d8fd6963c529a2fdf21eeafc42ea88d47e2d8ca61f7de9ce00ab64f,f82e514864af9c85e1857e2fd59bfd976deb0aba1f651662b322730ced490ad6,90.89862,96.850586,868,success_build,True,True,True,
336,0 1 3 4 5 6 7 8 9 10 11 12 13 14 15 16 17 18 19 2 20 21 22 23,97a1ff0eea265e992d09112f1be33c1e979336e2960d99df78f092ddd9e1b2f5,f82e514864af9c85e1857e2fd59bfd976deb0aba1f651662b322730ced490ad6,90.89862,96.850586,868,success_build,True,True,True,
337,0 1 3 4 5 6 7 8 9 10 11 12 13 14 15 16 17 18 19 20 2 21 22 23,ce81e4e0cf8d7b989ef5a5967d9adc408b2977c8233fae18a7508fd6666f9862,f82e514864af9c85e1857e2fd59bfd976deb0aba1f651662b322730ced490ad6,90.89862,96.850586,868,success_build,True,True,True,
338,0 1 3 4 5 6 7 8 9 10 11 12 13 14 15 16 17 18 19 20 21 2 22 23,7a715f761d0e4224d43f85147e315f72c96dc342af8bec3998a6da974fef2be4,f82e514864af9c85e1857e2fd59bfd976deb0aba1f651662b322730ced490ad6,90.89862,96.850586,868,success_build,True,True,True,
339,0 1 3 4 5 6 7 8 9 10 11 12 13 14 15 16 17 18 19 20 21 22 2 23,834ad5887075025b8f6a1ae7bb659991f9aa63fe11cd8cdcc55f2f47121e26be,f82e514864af9c85e1857e2fd59bfd976deb0aba1f651662b322730ced490ad6,90.89862,96.850586,868,success_build,True,True,True,
340,0 1 3 4 5 6 7 8 9 10 11 12 13 14 15 16 17 18 19 20 21 22 23 2,ede68800d3b424ad1a43fc94f43d6703d78a5f7c07bcf3192083dc6b43250d16,f82e514864af9c85e1857e2fd59bfd976deb0aba1f651662b322730ced490ad6,90.89862,96.850586,868,success_build,True,True,True,
341,3 0 1 2 4 5 6 7 8 9 10 11 12 13 14 15 16 17 18 19 20 21 22 23,a38551d64e059c730ce26b17a8d88e4734a91d3132e83b04ad34f5840f8c316c,f82e514864af9c85e1857e2fd59bfd976deb0aba1f651662b322730ced490ad6,90.89862,96.850586,868,success_build,True,True,True,
342,0 3 1 2 4 5 6 7 8 9 10 11 12 13 14 15 16 17 18 19 20 21 22 23,3e383bc7a08f651a1f7fdcbdf8d72045eca7ea8e765acdef1c223297a5bce2e9,f82e514864af9c85e1857e2fd59bfd976deb0aba1f651662b322730ced490ad6,90.89862,96.850586,868,success_build,True,True,True,
343,0 1 2 4 5 3 6 7 8 9 10 11 12 13 14 15 16 17 18 19 20 21 22 23,a02e5122cf2e157ed1ad1a52b13dd2f99bf4af5892b9b4282f50c49d26a8c08d,f82e514864af9c85e1857e2fd59bfd976deb0aba1f651662b322730ced490ad6,90.89862,96.850586,868,success_build,True,True,True,
344,0 1 2 4 5 6 3 7 8 9 10 11 12 13 14 15 16 17 18 19 20 21 22 23,4f59eaa4dd1e099aba133281f6d07ba4813c236b1e0a3b46e970b23609adcf40,f82e514864af9c85e1857e2fd59bfd976deb0aba1f651662b322730ced490ad6,90.89862,96.850586,868,success_build,True,True,True,
345,0 1 2 4 5 6 7 3 8 9 10 11 12 13 14 15 16 17 18 19 20 21 22 23,96bcbaf317c3ee1c790caff355e6a14be9dc61457b14bcdcb716a04959529036,f82e514864af9c85e1857e2fd59bfd976deb0aba1f651662b322730ced490ad6,90.89862,96.850586,868,success_build,True,True,True,
346,0 1 2 4 5 6 7 8 3 9 10 11 12 13 14 15 16 17 18 19 20 21 22 23,baa6a12db1756b06617bd81ba58ffe85ae0828119e6d656ac34bdd62d792ff23,f82e514864af9c85e1857e2fd59bfd976deb0aba1f651662b322730ced490ad6,90.89862,96.850586,868,success_build,True,True,True,
347,0 1 2 4 5 6 7 8 9 3 10 11 12 13 14 15 16 17 18 19 20 21 22 23,a72bcce8354b6d50e9d1be399f909f2a8b0168a6a66bc75e3069aeefa80d6125,f82e514864af9c85e1857e2fd59bfd976deb0aba1f651662b322730ced490ad6,90.89862,96.850586,868,success_build,True,True,True,
348,0 1 2 4 5 6 7 8 9 10 3 11 12 13 14 15 16 17 18 19 20 21 22 23,0a325884cad097e0a4085c7d763f1a8b588412892859d91723bfed0ee88baa8b,f82e514864af9c85e1857e2fd59bfd976deb0aba1f651662b322730ced490ad6,90.89862,96.850586,868,success_build,True,True,True,
349,0 1 2 4 5 6 7 8 9 10 11 3 12 13 14 15 16 17 18 19 20 21 22 23,e96fea35992bba4342f1110b0e69479a25faa0bada9970229d53978ec6d20a46,f82e514864af9c85e1857e2fd59bfd976deb0aba1f651662b322730ced490ad6,90.89862,96.850586,868,success_build,True,True,True,
350,0 1 2 4 5 6 7 8 9 10 11 12 3 13 14 15 16 17 18 19 20 21 22 23,43c39f2cfa7576493a598b7ff9d772892d75959502bdf2366210d3a015626ae9,f82e514864af9c85e1857e2fd59bfd976deb0aba1f651662b322730ced490ad6,90.89862,96.850586,868,success_build,True,True,True,
351,0 1 2 4 5 6 7 8 9 10 11 12 13 3 14 15 16 17 18 19 20 21 22 23,1004756832e188fd78f4980adcff330b1c7886a00c52a2e321761ca8311e94c0,f82e514864af9c85e1857e2fd59bfd976deb0aba1f651662b322730ced490ad6,90.89862,96.850586,868,success_build,True,True,True,
352,0 1 2 4 5 6 7 8 9 10 11 12 13 14 3 15 16 17 18 19 20 21 22 23,c08c0c4eadbaf283f1442bc17c289b159541ec4d279c97a8623e52e59e868dbd,f82e514864af9c85e1857e2fd59bfd976deb0aba1f651662b322730ced490ad6,90.89862,96.850586,868,success_build,True,True,True,
353,0 1 2 4 5 6 7 8 9 10 11 12 13 14 15 3 16 17 18 19 20 21 22 23,e3c103ac261b35751d2515a4db709ca1742ccf39c6a1bbd01ce17f44c2b7e45d,f82e514864af9c85e1857e2fd59bfd976deb0aba1f651662b322730ced490ad6,90.89862,96.850586,868,success_build,True,True,True,
354,0 1 2 4 5 6 7 8 9 10 11 12 13 14 15 16 3 17 18 19 20 21 22 23,5585dbb23afc453ee784e9d20608c9fe2afa753b820a6b96275bc681d8251d27,f82e514864af9c85e1857e2fd59bfd976deb0aba1f651662b322730ced490ad6,90.89862,96.850586,868,success_build,True,True,True,
355,0 1 2 4 5 6 7 8 9 10 11 12 13 14 15 16 17 3 18 19 20 21 22 23,9782bf97e77a0f7aa9e4adbe4162490dc468c94917aab424f7d57efb9542281a,f82e514864af9c85e1857e2fd59bfd976deb0aba1f651662b322730ced490ad6,90.89862,96.850586,868,success_build,True,True,True,
356,0 1 2 4 5 6 7 8 9 10 11 12 13 14 15 16 17 18 3 19 20 21 22 23,7ad9b185aa60abf84050f015a146d1c8bcddfb616b6d1d7607844d9540cf6ae7,f82e514864af9c85e1857e2fd59bfd976deb0aba1f651662b322730ced490ad6,90.89862,96.850586,868,success_build,True,True,True,
357,0 1 2 4 5 6 7 8 9 10 11 12 13 14 15 16 17 18 19 3 20 21 22 23,eaa60b47e42e3d9b68fdae28f49c1be9baecce002da80bf7b2960160333a1151,f82e514864af9c85e1857e2fd59bfd976deb0aba1f651662b322730ced490ad6,90.89862,96.850586,868,success_build,True,True,True,
358,0 1 2 4 5 6 7 8 9 10 11 12 13 14 15 16 17 18 19 20 3 21 22 23,6f958258d9751aa67e842578d0071f8e4049b501a1a19d77b919edde76b0faf7,f82e514864af9c85e1857e2fd59bfd976deb0aba1f651662b322730ced490ad6,90.89862,96.850586,868,success_build,True,True,True,
359,0 1 2 4 5 6 7 8 9 10 11 12 13 14 15 16 17 18 19 20 21 3 22 23,9e2da0cba003067430dacc0826813892e0085ba3fb8b0b62658607df55b52c7c,f82e514864af9c85e1857e2fd59bfd976deb0aba1f651662b322730ced490ad6,90.89862,96.850586,868,success_build,True,True,True,
360,0 1 2 4 5 6 7 8 9 10 11 12 13 14 15 16 17 18 19 20 21 22 3 23,935841680170c807f36e1ad554db2cb18557e29c01af32c85abf0d74cd1fe143,f82e514864af9c85e1857e2fd59bfd976deb0aba1f651662b322730ced490ad6,90.89862,96.850586,868,success_build,True,True,True,
361,0 1 2 4 5 6 7 8 9 10 11 12 13 14 15 16 17 18 19 20 21 22 23 3,915765ecda7ad518e041f5b55c9591bdcec783663e43e16a362fc7b94907288f,f82e514864af9c85e1857e2fd59bfd976deb0aba1f651662b322730ced490ad6,90.89862,96.850586,868,success_build,True,True,True,
362,4 0 1 2 3 5 6 7 8 9 10 11 12 13 14 15 16 17 18 19 20 21 22 23,a03422d0569b5752ca110e4925be917f6f4f68765671f3f939f796c5a2f64d18,f82e514864af9c85e1857e2fd59bfd976deb0aba1f651662b322730ced490ad6,90.89862,96.850586,868,success_build,True,True,True,
363,0 4 1 2 3 5 6 7 8 9 10 11 12 13 14 15 16 17 18 19 20 21 22 23,ff87b86c78c1038c18fb02dbe25e941e4b5c9be47d448166efc8b9805a1de86e,f82e514864af9c85e1857e2fd59bfd976deb0aba1f651662b322730ced490ad6,90.89862,96.850586,868,success_build,True,True,True,
364,0 1 4 2 3 5 6 7 8 9 10 11 12 13 14 15 16 17 18 19 20 21 22 23,668edac5e5022535fb07d5055457827ead0f67e32a0114657e76f043c6e8cc8b,f82e514864af9c85e1857e2fd59bfd976deb0aba1f651662b322730ced490ad6,90.89862,96.850586,868,success_build,True,True,True,
365,0 1 2 3 5 6 4 7 8 9 10 11 12 13 14 15 16 17 18 19 20 21 22 23,6c0cbecbc49cc5e0ab2a63db786850957ee5a4c42979421345803b6ca0f92859,f82e514864af9c85e1857e2fd59bfd976deb0aba1f651662b322730ced490ad6,90.89862,96.850586,868,success_build,True,True,True,
366,0 1 2 3 5 6 7 4 8 9 10 11 12 13 14 15 16 17 18 19 20 21 22 23,323ca9e1d39311a8ce4578f72a1f2c99cd0b5b8238ce2d0469ca3c819b8abd4b,f82e514864af9c85e1857e2fd59bfd976deb0aba1f651662b322730ced490ad6,90.89862,96.850586,868,success_build,True,True,True,
367,0 1 2 3 5 6 7 8 4 9 10 11 12 13 14 15 16 17 18 19 20 21 22 23,8d88b60a9917433645787fd1e94be8ba9c3df967e39847ac3ae30c5ddcc9fa93,f82e514864af9c85e1857e2fd59bfd976deb0aba1f651662b322730ced490ad6,90.89862,96.850586,868,success_build,True,True,True,
368,0 1 2 3 5 6 7 8 9 4 10 11 12 13 14 15 16 17 18 19 20 21 22 23,679fc3e669f8a4baa1348bafcddb233b8906eed9dfbc4ed3fec66dd1738dfb38,f82e514864af9c85e1857e2fd59bfd976deb0aba1f651662b322730ced490ad6,90.89862,96.850586,868,success_build,True,True,True,
369,0 1 2 3 5 6 7 8 9 10 4 11 12 13 14 15 16 17 18 19 20 21 22 23,0991338bb9669dbe300e690e6980f2d7cf949e20dcd5dae98914ca38d15214f5,f82e514864af9c85e1857e2fd59bfd976deb0aba1f651662b322730ced490ad6,90.89862,96.850586,868,success_build,True,True,True,
370,0 1 2 3 5 6 7 8 9 10 11 4 12 13 14 15 16 17 18 19 20 21 22 23,af2cfefbbeafefe538844273c362137c42446abae271fd84eb1554495f532b8a,f82e514864af9c85e1857e2fd59bfd976deb0aba1f651662b322730ced490ad6,90.89862,96.850586,868,success_build,True,True,True,
371,0 1 2 3 5 6 7 8 9 10 11 12 4 13 14 15 16 17 18 19 20 21 22 23,5ef79375f4d83f75957618debeb22f1b95e611250d6659f2181bd5aa20a0b684,f82e514864af9c85e1857e2fd59bfd976deb0aba1f651662b322730ced490ad6,90.89862,96.850586,868,success_build,True,True,True,
372,0 1 2 3 5 6 7 8 9 10 11 12 13 4 14 15 16 17 18 19 20 21 22 23,60fca3ba18250e382f7097a3d69e0aa872bfb599f51a45da15f36f3f772b02a4,f82e514864af9c85e1857e2fd59bfd976deb0aba1f651662b322730ced490ad6,90.89862,96.850586,868,success_build,True,True,True,
373,0 1 2 3 5 6 7 8 9 10 11 12 13 14 4 15 16 17 18 19 20 21 22 23,567fdbd096e7e7bf573ee874e718be8d5cee3a41a7ce39bda519159fe4fd00f2,f82e514864af9c85e1857e2fd59bfd976deb0aba1f651662b322730ced490ad6,90.89862,96.850586,868,success_build,True,True,True,
374,0 1 2 3 5 6 7 8 9 10 11 12 13 14 15 4 16 17 18 19 20 21 22 23,14c5c85b25d6f23a04f0140832d50753c2c0b08501a219b409149ec57e4c8620,f82e514864af9c85e1857e2fd59bfd976deb0aba1f651662b322730ced490ad6,90.89862,96.850586,868,success_build,True,True,True,
375,0 1 2 3 5 6 7 8 9 10 11 12 13 14 15 16 4 17 18 19 20 21 22 23,179523649bb377100b84ed92597d46ddbc5117ac60b0ceb58dd7ebd248408a72,f82e514864af9c85e1857e2fd59bfd976deb0aba1f651662b322730ced490ad6,90.89862,96.850586,868,success_build,True,True,True,
376,0 1 2 3 5 6 7 8 9 10 11 12 13 14 15 16 17 4 18 19 20 21 22 23,978db914a15a99f0f577697ceba84dbf7eb77171cdce09d566e6b8a9a74d7650,f82e514864af9c85e1857e2fd59bfd976deb0aba1f651662b322730ced490ad6,90.89862,96.850586,868,success_build,True,True,True,
377,0 1 2 3 5 6 7 8 9 10 11 12 13 14 15 16 17 18 4 19 20 21 22 23,2ae4e3df8c7d19401b59ebe253f6e42748fc1c7dd2871746c44f1ade1fdf6356,f82e514864af9c85e1857e2fd59bfd976deb0aba1f651662b322730ced490ad6,90.89862,96.850586,868,success_build,True,True,True,
378,0 1 2 3 5 6 7 8 9 10 11 12 13 14 15 16 17 18 19 4 20 21 22 23,33afc2e43801eee8189dcac05c6f716aa7d168a79f17a5e62bca3022463ea936,f82e514864af9c85e1857e2fd59bfd976deb0aba1f651662b322730ced490ad6,90.89862,96.850586,868,success_build,True,True,True,
379,0 1 2 3 5 6 7 8 9 10 11 12 13 14 15 16 17 18 19 20 4 21 22 23,be2e7348152f57661dfbff031c9bcb82a4447e21a4fafdf45bb74bdb844259bf,f82e514864af9c85e1857e2fd59bfd976deb0aba1f651662b322730ced490ad6,90.89862,96.850586,868,success_build,True,True,True,
380,0 1 2 3 5 6 7 8 9 10 11 12 13 14 15 16 17 18 19 20 21 4 22 23,18e999cb6ba25d87ff6e2a95118c2735f0db67515b5dc4ec3d9430c69da11403,f82e514864af9c85e1857e2fd59bfd976deb0aba1f651662b322730ced490ad6,90.89862,96.850586,868,success_build,True,True,True,
381,0 1 2 3 5 6 7 8 9 10 11 12 13 14 15 16 17 18 19 20 21 22 4 23,4b135de2c64242292983320fb6d3c0703d26de779a8f94a0a741092fc2217ad1,f82e514864af9c85e1857e2fd59bfd976deb0aba1f651662b322730ced490ad6,90.89862,96.850586,868,success_build,True,True,True,
382,0 1 2 3 5 6 7 8 9 10 11 12 13 14 15 16 17 18 19 20 21 22 23 4,b9eb03b5f1b3c5bdd79f61bf6a43a4b2d8adf92ccc413a4b7ae8010690ac1868,f82e514864af9c85e1857e2fd59bfd976deb0aba1f651662b322730ced490ad6,90.89862,96.850586,868,success_build,True,True,True,
383,5 0 1 2 3 4 6 7 8 9 10 11 12 13 14 15 16 17 18 19 20 21 22 23,61373727059a51b0a9cf71b68ed4621d597fb55bb4829c098f366d90977abb09,4e42d1f964ae1c2e614a4054d9f037ce89fad60858fabe88403f36ee3bf2325f,90.78341,96.83441,868,success_build,True,True,False,unit fuzzy loss
384,0 5 1 2 3 4 6 7 8 9 10 11 12 13 14 15 16 17 18 19 20 21 22 23,2d86554c8108e26fcdcfb27e84aef688273a2addfc06459812e8d67df2c32e02,41bc1f05b8c00213a234c906990840549d7d1da627e8985976f147f0735e304b,90.73733,96.82794,868,success_build,True,True,False,unit fuzzy loss
385,0 1 5 2 3 4 6 7 8 9 10 11 12 13 14 15 16 17 18 19 20 21 22 23,523bfb78fafe0c00b1984e2e1e1257dd48daad3dbf7ebc7401e0a563b29cd9b0,f82e514864af9c85e1857e2fd59bfd976deb0aba1f651662b322730ced490ad6,90.89862,96.850586,868,success_build,True,True,True,
386,0 1 2 5 3 4 6 7 8 9 10 11 12 13 14 15 16 17 18 19 20 21 22 23,e498facd71696648209532f3d20174aa95d109f91112e6506f6d3f1766d1b605,f82e514864af9c85e1857e2fd59bfd976deb0aba1f651662b322730ced490ad6,90.89862,96.850586,868,success_build,True,True,True,
387,0 1 2 3 4 6 7 5 8 9 10 11 12 13 14 15 16 17 18 19 20 21 22 23,3fc4c5e12934c2863bc79c063596068a8c8ea2c9eecf0c51307ac568eea03380,f82e514864af9c85e1857e2fd59bfd976deb0aba1f651662b322730ced490ad6,90.89862,96.850586,868,success_build,True,True,True,
388,0 1 2 3 4 6 7 8 5 9 10 11 12 13 14 15 16 17 18 19 20 21 22 23,0bddf16d4943cb871f2fb7753546bf239ea9f730474370790471d4010824af64,f82e514864af9c85e1857e2fd59bfd976deb0aba1f651662b322730ced490ad6,90.89862,96.850586,868,success_build,True,True,True,
389,0 1 2 3 4 6 7 8 9 5 10 11 12 13 14 15 16 17 18 19 20 21 22 23,9b4961b4dda6c488d6dd53d62c969e4083b4aeab356d55cb673e6d9bdaa20866,babd816388ed733d5712899f038083c5b0bc248ac98fadd8e6b2179a1342678a,90.89862,96.850586,868,success_build,True,True,True,
390,0 1 2 3 4 6 7 8 9 10 5 11 12 13 14 15 16 17 18 19 20 21 22 23,4c606ce10c8a9a7b5c8d10d8f5aa50b5776102909303bdc6f80edac1dc6d3d9d,aff91b418f889a0e7a2654ba19f862c8b5ae4bea86125bee1f412c28bf09847a,90.85253,96.84412,868,success_build,True,True,False,unit fuzzy loss
391,0 1 2 3 4 6 7 8 9 10 11 5 12 13 14 15 16 17 18 19 20 21 22 23,a9bc938ccd38c4695edd20ed6fc8317cc7a9a8394bc18b3509b76375eb22522d,20a07a20b1a9004a374498d98ea7557239b84e93be35f953eca95e37340800ba,90.645164,96.81501,868,success_build,True,True,False,unit fuzzy loss
392,0 1 2 3 4 6 7 8 9 10 11 12 5 13 14 15 16 17 18 19 20 21 22 23,0d9205831bb3fac8759a351b654d5c48db01443f591937780217f18f4b3ca145,72d2ba06559618e583361e507cbe146a203240933ed56038f3c44d00e3359e59,90.50691,96.7956,868,success_build,True,True,False,unit fuzzy loss
393,0 1 2 3 4 6 7 8 9 10 11 12 13 5 14 15 16 17 18 19 20 21 22 23,7683ede469c0c36542e4ed47605d6aaf684258f65aa6d803a1bc15fc71afe3f2,69cbb5eb2eca01b30bfb81f363d1d0685b23369726aa1e7dde44066a79f48e73,90.36866,96.7762,868,success_build,True,True,False,unit fuzzy loss
394,0 1 2 3 4 6 7 8 9 10 11 12 13 14 5 15 16 17 18 19 20 21 22 23,4f7f6f6821b680dc450a27ff1cb959f9d754a0ad3b4085fcdfb5a60dfd91a197,75b989bbb14ac39a72c588a8303785d02b9bbfff4dee3a79ae7cd961b8e2765e,90.253456,96.760025,868,success_build,True,True,False,unit fuzzy loss
395,0 1 2 3 4 6 7 8 9 10 11 12 13 14 15 5 16 17 18 19 20 21 22 23,35f1be605565c1e545c895439a0039cdc00afb2426196d75eaaa64e6c19e6a41,5bc162572cab7477a15ab3e801ce6f45797bacb78a53983485fb2970d5b95d04,90.18433,96.75032,868,success_build,True,True,False,unit fuzzy loss
396,0 1 2 3 4 6 7 8 9 10 11 12 13 14 15 16 5 17 18 19 20 21 22 23,0d2b780420d73c6971854d55508935439da6ea0a56fa570834c0b96a5e5d08e8,bb3000055aaa2363ede605b65cc65a1a3f57ba494cb7e87d7a4460c6f7827762,90.13825,96.74386,868,success_build,True,True,False,unit fuzzy loss
397,0 1 2 3 4 6 7 8 9 10 11 12 13 14 15 16 17 5 18 19 20 21 22 23,80d319ab1000e5a4a7edf64c87f0c986c5d8fa1b9a076aaa2c24cd96b68b34dd,a98b47ddca07cc12479892bfeae41da05afdb800dbc03e6e5710b3a8911659ba,90.18433,96.75032,868,success_build,True,True,False,unit fuzzy loss
398,0 1 2 3 4 6 7 8 9 10 11 12 13 14 15 16 17 18 5 19 20 21 22 23,a6466fcbba14efbd1a26e6cfe005a165114133c0c225c8730e450c51ed24eb63,e7d0352e1315f8ecb13aa0c9eb42f26b4031c794fbb0ae49fcc4d57636d04d6d,90.13825,96.74386,868,success_build,True,True,False,unit fuzzy loss
399,0 1 2 3 4 6 7 8 9 10 11 12 13 14 15 16 17 18 19 5 20 21 22 23,35d6ee2d1322d0dca0e216a60dfa6a03388ee1f3fb4df1cfa70dfb5fb8c132ce,9f1193e37337291767ee664bb68724f15c12a3689b6d9ae52586a3069e173e44,90.18433,96.75032,868,success_build,True,True,False,unit fuzzy loss
400,0 1 2 3 4 6 7 8 9 10 11 12 13 14 15 16 17 18 19 20 5 21 22 23,a10c8dfdc1f2db3f6aec099be60ae24da7b27e02103c652a030a731570e77cfd,9f1193e37337291767ee664bb68724f15c12a3689b6d9ae52586a3069e173e44,90.18433,96.75032,868,success_build,True,True,False,unit fuzzy loss
401,0 1 2 3 4 6 7 8 9 10 11 12 13 14 15 16 17 18 19 20 21 5 22 23,5316691241b89776848f345d3682ac7a2898028e7ef2f6178de80ddced694d65,9f1193e37337291767ee664bb68724f15c12a3689b6d9ae52586a3069e173e44,90.18433,96.75032,868,success_build,True,True,False,unit fuzzy loss
402,0 1 2 3 4 6 7 8 9 10 11 12 13 14 15 16 17 18 19 20 21 22 5 23,66f5b494e4b5d9dde39d17b54c304973ff4f780a4a26fd244112c18e07e85f4b,93b2e0ae31a3e370430f9ea5894ed787a896d685898b65366e9f5dc631701777,90.115204,96.74062,868,success_build,True,True,False,unit fuzzy loss
403,0 1 2 3 4 6 7 8 9 10 11 12 13 14 15 16 17 18 19 20 21 22 23 5,ff6365730b127714e355db192496eab910b3ce6890c62f3bf1e6a5fbc6106244,5883fa5541d07048828775c2aee5f8c81b4004ada682ed7efe1ef7fcca5697ba,89.83871,96.70181,868,success_build,True,True,False,unit fuzzy loss
404,6 0 1 2 3 4 5 7 8 9 10 11 12 13 14 15 16 17 18 19 20 21 22 23,267c23c6fb4e96daeb1941777686d0be94192b0c5c9be818e97e25947e594daf,f82e514864af9c85e1857e2fd59bfd976deb0aba1f651662b322730ced490ad6,90.89862,96.850586,868,success_build,True,True,True,
405,0 6 1 2 3 4 5 7 8 9 10 11 12 13 14 15 16 17 18 19 20 21 22 23,c9d681f2c65ee75e2ee4a4a202c31db7a3ea8f66f49dcc1a1968f790c2ed4e75,f82e514864af9c85e1857e2fd59bfd976deb0aba1f651662b322730ced490ad6,90.89862,96.850586,868,success_build,True,True,True,
406,0 1 6 2 3 4 5 7 8 9 10 11 12 13 14 15 16 17 18 19 20 21 22 23,020dd8e254e68d2d8e992313148d7d58a2d1c1cd5b618c45bc39d86b4c780997,f82e514864af9c85e1857e2fd59bfd976deb0aba1f651662b322730ced490ad6,90.89862,96.850586,868,success_build,True,True,True,
407,0 1 2 6 3 4 5 7 8 9 10 11 12 13 14 15 16 17 18 19 20 21 22 23,e19572a2607e924e3b958fe97e561f6d090d39309393d2ead12b6961d3c8c314,f82e514864af9c85e1857e2fd59bfd976deb0aba1f651662b322730ced490ad6,90.89862,96.850586,868,success_build,True,True,True,
408,0 1 2 3 6 4 5 7 8 9 10 11 12 13 14 15 16 17 18 19 20 21 22 23,0aa60480c03ae7402002bab9fd76dfd30602d2b602de47e39c91dfb666fc5e3c,f82e514864af9c85e1857e2fd59bfd976deb0aba1f651662b322730ced490ad6,90.89862,96.850586,868,success_build,True,True,True,
409,0 1 2 3 4 5 7 8 6 9 10 11 12 13 14 15 16 17 18 19 20 21 22 23,62ae23541dbd8eadbcea3d93bf5e27f59ce3857b5d314e2a46f142af562344a1,f82e514864af9c85e1857e2fd59bfd976deb0aba1f651662b322730ced490ad6,90.89862,96.850586,868,success_build,True,True,True,
410,0 1 2 3 4 5 7 8 9 6 10 11 12 13 14 15 16 17 18 19 20 21 22 23,12c179d9c658763ff477b7f07461907e9e6dd764c41e62fde3def39eb5504b49,f82e514864af9c85e1857e2fd59bfd976deb0aba1f651662b322730ced490ad6,90.89862,96.850586,868,success_build,True,True,True,
411,0 1 2 3 4 5 7 8 9 10 6 11 12 13 14 15 16 17 18 19 20 21 22 23,ed216a5de6416d0dd5b30abf739741faf5aeb59b7c020bc5b9297870775eea92,f82e514864af9c85e1857e2fd59bfd976deb0aba1f651662b322730ced490ad6,90.89862,96.850586,868,success_build,True,True,True,
412,0 1 2 3 4 5 7 8 9 10 11 6 12 13 14 15 16 17 18 19 20 21 22 23,68dc751264f4b45df7bca74dafa5494b72a511b8a3aa542ee22a74a0db1a3529,f82e514864af9c85e1857e2fd59bfd976deb0aba1f651662b322730ced490ad6,90.89862,96.850586,868,success_build,True,True,True,
413,0 1 2 3 4 5 7 8 9 10 11 12 6 13 14 15 16 17 18 19 20 21 22 23,d558fe69febcea77b7767cc8a877660ff92cb85c0db9c1398a963810fa92a4d2,f82e514864af9c85e1857e2fd59bfd976deb0aba1f651662b322730ced490ad6,90.89862,96.850586,868,success_build,True,True,True,
414,0 1 2 3 4 5 7 8 9 10 11 12 13 6 14 15 16 17 18 19 20 21 22 23,6321482f6d29e88e8ceb40b753c2ffd9c94cb95cb0b139c7e64971e886f1cdd1,f82e514864af9c85e1857e2fd59bfd976deb0aba1f651662b322730ced490ad6,90.89862,96.850586,868,success_build,True,True,True,
415,0 1 2 3 4 5 7 8 9 10 11 12 13 14 6 15 16 17 18 19 20 21 22 23,faf5df06903301f3ed78e48f6ea1a99d2b3963705c78f00681b821a8790d21c9,f82e514864af9c85e1857e2fd59bfd976deb0aba1f651662b322730ced490ad6,90.89862,96.850586,868,success_build,True,True,True,
416,0 1 2 3 4 5 7 8 9 10 11 12 13 14 15 6 16 17 18 19 20 21 22 23,cb73fc79c2040694d6154aff96d947c616fc2fb977628ad01ba6430ea882fa23,f82e514864af9c85e1857e2fd59bfd976deb0aba1f651662b322730ced490ad6,90.89862,96.850586,868,success_build,True,True,True,
417,0 1 2 3 4 5 7 8 9 10 11 12 13 14 15 16 6 17 18 19 20 21 22 23,74b5945a098e7dbba4d069d1384e3b9440ba47717e4b2c874d58126ff0f6387f,f82e514864af9c85e1857e2fd59bfd976deb0aba1f651662b322730ced490ad6,90.89862,96.850586,868,success_build,True,True,True,
418,0 1 2 3 4 5 7 8 9 10 11 12 13 14 15 16 17 6 18 19 20 21 22 23,25b62aab15c6eb31f9f6a06d194e0f60758508f65347f24344e093cf957c42e9,f82e514864af9c85e1857e2fd59bfd976deb0aba1f651662b322730ced490ad6,90.89862,96.850586,868,success_build,True,True,True,
419,0 1 2 3 4 5 7 8 9 10 11 12 13 14 15 16 17 18 6 19 20 21 22 23,5172934f6f4a242509fb94b4b3a9d3dbe49df229c75f057239f6f59f5c68dbe9,f82e514864af9c85e1857e2fd59bfd976deb0aba1f651662b322730ced490ad6,90.89862,96.850586,868,success_build,True,True,True,
420,0 1 2 3 4 5 7 8 9 10 11 12 13 14 15 16 17 18 19 6 20 21 22 23,62e58d061f49323a3e77d30e4fc2953f8735861510e688b338b16fb1f15896ce,f82e514864af9c85e1857e2fd59bfd976deb0aba1f651662b322730ced490ad6,90.89862,96.850586,868,success_build,True,True,True,
421,0 1 2 3 4 5 7 8 9 10 11 12 13 14 15 16 17 18 19 20 6 21 22 23,667e71b91af8fed8896c0ebb7dd89259191a621b617e4f92bf92a6b7b7def269,f82e514864af9c85e1857e2fd59bfd976deb0aba1f651662b322730ced490ad6,90.89862,96.850586,868,success_build,True,True,True,
422,0 1 2 3 4 5 7 8 9 10 11 12 13 14 15 16 17 18 19 20 21 6 22 23,4d5980fd41d1b13227d334298b089b1e6cc7f0654c5883a33a0728e4d153717c,f82e514864af9c85e1857e2fd59bfd976deb0aba1f651662b322730ced490ad6,90.89862,96.850586,868,success_build,True,True,True,
423,0 1 2 3 4 5 7 8 9 10 11 12 13 14 15 16 17 18 19 20 21 22 6 23,29c55c06875d8b4a6f8f6b41480fd41e294d3ad2a2136c51826141d229e2a064,f82e514864af9c85e1857e2fd59bfd976deb0aba1f651662b322730ced490ad6,90.89862,96.850586,868,success_build,True,True,True,
424,0 1 2 3 4 5 7 8 9 10 11 12 13 14 15 16 17 18 19 20 21 22 23 6,3245e2713b572b7c5f73f3d1447a6192a45f891fe54ab45256cd45f9adbea55a,f82e514864af9c85e1857e2fd59bfd976deb0aba1f651662b322730ced490ad6,90.89862,96.850586,868,success_build,True,True,True,
425,7 0 1 2 3 4 5 6 8 9 10 11 12 13 14 15 16 17 18 19 20 21 22 23,1275da66481f11e7243c15b7ae261b436e8679f6336f875b77600b2987dd9361,f82e514864af9c85e1857e2fd59bfd976deb0aba1f651662b322730ced490ad6,90.89862,96.850586,868,success_build,True,True,True,
426,0 7 1 2 3 4 5 6 8 9 10 11 12 13 14 15 16 17 18 19 20 21 22 23,05f852477f666779cfa8a7d82bf54a8ad7ab156aabbd28623e8cfb7ef03a7b73,f82e514864af9c85e1857e2fd59bfd976deb0aba1f651662b322730ced490ad6,90.89862,96.850586,868,success_build,True,True,True,
427,0 1 7 2 3 4 5 6 8 9 10 11 12 13 14 15 16 17 18 19 20 21 22 23,d0cc28c41f64be23a5096dbfec1df38111937d6c52b5855d502b276f03aef8ac,f82e514864af9c85e1857e2fd59bfd976deb0aba1f651662b322730ced490ad6,90.89862,96.850586,868,success_build,True,True,True,
428,0 1 2 7 3 4 5 6 8 9 10 11 12 13 14 15 16 17 18 19 20 21 22 23,20c3cecf90e7da9336c323d19d5ddd25f945108d06d6e8aeddcaa89bc1c82968,f82e514864af9c85e1857e2fd59bfd976deb0aba1f651662b322730ced490ad6,90.89862,96.850586,868,success_build,True,True,True,
429,0 1 2 3 7 4 5 6 8 9 10 11 12 13 14 15 16 17 18 19 20 21 22 23,a3e50e1b2023acf29c5965684d9fd9eea3e51ba21119b10b6e1ae02757d2336e,f82e514864af9c85e1857e2fd59bfd976deb0aba1f651662b322730ced490ad6,90.89862,96.850586,868,success_build,True,True,True,
430,0 1 2 3 4 7 5 6 8 9 10 11 12 13 14 15 16 17 18 19 20 21 22 23,fef75cb668c1678c41241fcc34289951f4b86282e5173696f0eb8e0b666d9407,f82e514864af9c85e1857e2fd59bfd976deb0aba1f651662b322730ced490ad6,90.89862,96.850586,868,success_build,True,True,True,
431,0 1 2 3 4 5 6 8 9 7 10 11 12 13 14 15 16 17 18 19 20 21 22 23,6473c785b4fd259b44b9c4f2cda6e008fae6280b0cb992cf405d612fe7fb969c,f82e514864af9c85e1857e2fd59bfd976deb0aba1f651662b322730ced490ad6,90.89862,96.850586,868,success_build,True,True,True,
432,0 1 2 3 4 5 6 8 9 10 7 11 12 13 14 15 16 17 18 19 20 21 22 23,8e955dda028d28c6a7b6e259d8c5253e886e9b493d64a3c4023c5006eb909726,f82e514864af9c85e1857e2fd59bfd976deb0aba1f651662b322730ced490ad6,90.89862,96.850586,868,success_build,True,True,True,
433,0 1 2 3 4 5 6 8 9 10 11 7 12 13 14 15 16 17 18 19 20 21 22 23,35f91fae6daaa5c44e8c5b6b5ddf8267aa87f5ef60b89b4d53c927b6579cea48,f82e514864af9c85e1857e2fd59bfd976deb0aba1f651662b322730ced490ad6,90.89862,96.850586,868,success_build,True,True,True,
434,0 1 2 3 4 5 6 8 9 10 11 12 7 13 14 15 16 17 18 19 20 21 22 23,39031b7a229f859452cc893bc413c1375121e5631921bcc1ffb94ebfe211287f,f82e514864af9c85e1857e2fd59bfd976deb0aba1f651662b322730ced490ad6,90.89862,96.850586,868,success_build,True,True,True,
435,0 1 2 3 4 5 6 8 9 10 11 12 13 7 14 15 16 17 18 19 20 21 22 23,e38c6c3203a7ec703466626d5cd890f805cae01370ef7450c4094993cf0e6065,f82e514864af9c85e1857e2fd59bfd976deb0aba1f651662b322730ced490ad6,90.89862,96.850586,868,success_build,True,True,True,
436,0 1 2 3 4 5 6 8 9 10 11 12 13 14 7 15 16 17 18 19 20 21 22 23,990005bc381b7e8b0940704e8473f2e502bf5db98b4b81ad4941b82846e69a83,f82e514864af9c85e1857e2fd59bfd976deb0aba1f651662b322730ced490ad6,90.89862,96.850586,868,success_build,True,True,True,
437,0 1 2 3 4 5 6 8 9 10 11 12 13 14 15 7 16 17 18 19 20 21 22 23,0c9d8043834fb223dfb1025c6d823e1514a85c12b7b881af65791fc694b2e7a9,f82e514864af9c85e1857e2fd59bfd976deb0aba1f651662b322730ced490ad6,90.89862,96.850586,868,success_build,True,True,True,
438,0 1 2 3 4 5 6 8 9 10 11 12 13 14 15 16 7 17 18 19 20 21 22 23,a12cd5d5732854741b3aaea1895f0ce6637f8ac7c275ec2581afd0650548b8b7,f82e514864af9c85e1857e2fd59bfd976deb0aba1f651662b322730ced490ad6,90.89862,96.850586,868,success_build,True,True,True,
439,0 1 2 3 4 5 6 8 9 10 11 12 13 14 15 16 17 7 18 19 20 21 22 23,8441c11b90640f08f2c3d881787055499e8b591db8b4bd6f5ad5b5ccce765f5d,f82e514864af9c85e1857e2fd59bfd976deb0aba1f651662b322730ced490ad6,90.89862,96.850586,868,success_build,True,True,True,
440,0 1 2 3 4 5 6 8 9 10 11 12 13 14 15 16 17 18 7 19 20 21 22 23,763304a0a3502cf43694f753a55ae76c45937e592540046ae0e440fb2999adb7,f82e514864af9c85e1857e2fd59bfd976deb0aba1f651662b322730ced490ad6,90.89862,96.850586,868,success_build,True,True,True,
441,0 1 2 3 4 5 6 8 9 10 11 12 13 14 15 16 17 18 19 7 20 21 22 23,c47cf6717c60c4665e4b23e1d0a890db6a841b654c2ac4353842866211cd48b5,f82e514864af9c85e1857e2fd59bfd976deb0aba1f651662b322730ced490ad6,90.89862,96.850586,868,success_build,True,True,True,
442,0 1 2 3 4 5 6 8 9 10 11 12 13 14 15 16 17 18 19 20 7 21 22 23,d730390b2aea992b5de08b4a71e8e98abcdad8f095fefb46c7c062cf11db7022,f82e514864af9c85e1857e2fd59bfd976deb0aba1f651662b322730ced490ad6,90.89862,96.850586,868,success_build,True,True,True,
443,0 1 2 3 4 5 6 8 9 10 11 12 13 14 15 16 17 18 19 20 21 7 22 23,8ef3fe3c7710370220e2c2b0f94a7994386858da66176b7bf2e7e8e8a22073f5,f82e514864af9c85e1857e2fd59bfd976deb0aba1f651662b322730ced490ad6,90.89862,96.850586,868,success_build,True,True,True,
444,0 1 2 3 4 5 6 8 9 10 11 12 13 14 15 16 17 18 19 20 21 22 7 23,e819e11b62988fc0e15b7f363e59699b4a1e278029b1568b73204fa94321fc5a,f82e514864af9c85e1857e2fd59bfd976deb0aba1f651662b322730ced490ad6,90.89862,96.850586,868,success_build,True,True,True,
445,0 1 2 3 4 5 6 8 9 10 11 12 13 14 15 16 17 18 19 20 21 22 23 7,97677c2bf35077e95a87d1d777bb2c7ee42d84150868d91c32a7e9484657e462,f82e514864af9c85e1857e2fd59bfd976deb0aba1f651662b322730ced490ad6,90.89862,96.850586,868,success_build,True,True,True,
446,8 0 1 2 3 4 5 6 7 9 10 11 12 13 14 15 16 17 18 19 20 21 22 23,04ae5bc4ab41f61d2d9c1de0d73bb396b189534879d6e6fd6ebcbfc9e2434950,f82e514864af9c85e1857e2fd59bfd976deb0aba1f651662b322730ced490ad6,90.89862,96.850586,868,success_build,True,True,True,
447,0 8 1 2 3 4 5 6 7 9 10 11 12 13 14 15 16 17 18 19 20 21 22 23,eb264ef152277602d581cbb1f2444e8ec562ed08a19efad680c93061ccd30050,f82e514864af9c85e1857e2fd59bfd976deb0aba1f651662b322730ced490ad6,90.89862,96.850586,868,success_build,True,True,True,
448,0 1 8 2 3 4 5 6 7 9 10 11 12 13 14 15 16 17 18 19 20 21 22 23,c31c10cfd4f453b753f3d350bda47b65c792161ec7a385fedc0b6af61d9225bf,f82e514864af9c85e1857e2fd59bfd976deb0aba1f651662b322730ced490ad6,90.89862,96.850586,868,success_build,True,True,True,
449,0 1 2 8 3 4 5 6 7 9 10 11 12 13 14 15 16 17 18 19 20 21 22 23,cad96c004d11e47ee7f0805e86388a43c0dc4489311c5d74b5d9d51d065668c3,f82e514864af9c85e1857e2fd59bfd976deb0aba1f651662b322730ced490ad6,90.89862,96.850586,868,success_build,True,True,True,
450,0 1 2 3 8 4 5 6 7 9 10 11 12 13 14 15 16 17 18 19 20 21 22 23,c89c463cb7e063884961e9ba8cb44dd730ece4845f028504248ad7faede45018,f82e514864af9c85e1857e2fd59bfd976deb0aba1f651662b322730ced490ad6,90.89862,96.850586,868,success_build,True,True,True,
451,0 1 2 3 4 8 5 6 7 9 10 11 12 13 14 15 16 17 18 19 20 21 22 23,d088a1dfa780c7510f78fe21ac9837c93145ead0e947361f8c81e0ebb9d34304,f82e514864af9c85e1857e2fd59bfd976deb0aba1f651662b322730ced490ad6,90.89862,96.850586,868,success_build,True,True,True,
452,0 1 2 3 4 5 8 6 7 9 10 11 12 13 14 15 16 17 18 19 20 21 22 23,4e85f8ed8997ba7a0df562cae29f3e1bac03c91127287053f5d0786c6a825167,f82e514864af9c85e1857e2fd59bfd976deb0aba1f651662b322730ced490ad6,90.89862,96.850586,868,success_build,True,True,True,
453,0 1 2 3 4 5 6 7 9 10 8 11 12 13 14 15 16 17 18 19 20 21 22 23,1bc5f189a3ec72bcafa75b0f283f6b0abf5cce1cb29877d0e0f627553db5ff3d,f82e514864af9c85e1857e2fd59bfd976deb0aba1f651662b322730ced490ad6,90.89862,96.850586,868,success_build,True,True,True,
454,0 1 2 3 4 5 6 7 9 10 11 8 12 13 14 15 16 17 18 19 20 21 22 23,b7db4884f9fa07308b6e9b80f1e3ee7c6189877f750e4331b535a6279c4263c3,f82e514864af9c85e1857e2fd59bfd976deb0aba1f651662b322730ced490ad6,90.89862,96.850586,868,success_build,True,True,True,
455,0 1 2 3 4 5 6 7 9 10 11 12 8 13 14 15 16 17 18 19 20 21 22 23,9ff4309895cb7bc91993764724bbc76ec9580f28f2d34ec14941f8262ed6441d,f82e514864af9c85e1857e2fd59bfd976deb0aba1f651662b322730ced490ad6,90.89862,96.850586,868,success_build,True,True,True,
456,0 1 2 3 4 5 6 7 9 10 11 12 13 8 14 15 16 17 18 19 20 21 22 23,6bb6592f99e20ee4fafb1c4dd2827fb91d0c41cae63720a6f5e1b2e4d3ebac35,f82e514864af9c85e1857e2fd59bfd976deb0aba1f651662b322730ced490ad6,90.89862,96.850586,868,success_build,True,True,True,
457,0 1 2 3 4 5 6 7 9 10 11 12 13 14 8 15 16 17 18 19 20 21 22 23,62628c939625de6c9c3590773e73e11f728dfeda1cb0d63582e310eebdc9f2ad,f82e514864af9c85e1857e2fd59bfd976deb0aba1f651662b322730ced490ad6,90.89862,96.850586,868,success_build,True,True,True,
458,0 1 2 3 4 5 6 7 9 10 11 12 13 14 15 8 16 17 18 19 20 21 22 23,478b9fecac123939ea564066c7729747d90b95332656b26e224a4bf1c73a9806,f82e514864af9c85e1857e2fd59bfd976deb0aba1f651662b322730ced490ad6,90.89862,96.850586,868,success_build,True,True,True,
459,0 1 2 3 4 5 6 7 9 10 11 12 13 14 15 16 8 17 18 19 20 21 22 23,02abe5e07272affff035130db74bdc67478d81c0ede8bf23e4252279f86043cd,f82e514864af9c85e1857e2fd59bfd976deb0aba1f651662b322730ced490ad6,90.89862,96.850586,868,success_build,True,True,True,
460,0 1 2 3 4 5 6 7 9 10 11 12 13 14 15 16 17 8 18 19 20 21 22 23,bbc433b737efb1d39dedbeb2d8a0c6e50117b475758885b46d6aaf274fc65461,f82e514864af9c85e1857e2fd59bfd976deb0aba1f651662b322730ced490ad6,90.89862,96.850586,868,success_build,True,True,True,
461,0 1 2 3 4 5 6 7 9 10 11 12 13 14 15 16 17 18 8 19 20 21 22 23,0f4874f5d09b0e10020d8930b86c7ff8f7e1aa157bd03a9787b11c75ad2e982c,f82e514864af9c85e1857e2fd59bfd976deb0aba1f651662b322730ced490ad6,90.89862,96.850586,868,success_build,True,True,True,
462,0 1 2 3 4 5 6 7 9 10 11 12 13 14 15 16 17 18 19 8 20 21 22 23,1d13b1fb4d98e0c213a0baa61265d5c920a0ee193de44319c23332e77fd60100,f82e514864af9c85e1857e2fd59bfd976deb0aba1f651662b322730ced490ad6,90.89862,96.850586,868,success_build,True,True,True,
463,0 1 2 3 4 5 6 7 9 10 11 12 13 14 15 16 17 18 19 20 8 21 22 23,741aed6ed4765f6d2ac5596d2ec35eea4b3be28973ee87e508dfb7654ec2bc45,f82e514864af9c85e1857e2fd59bfd976deb0aba1f651662b322730ced490ad6,90.89862,96.850586,868,success_build,True,True,True,
464,0 1 2 3 4 5 6 7 9 10 11 12 13 14 15 16 17 18 19 20 21 8 22 23,46ac948fa9d8a766dde433f5ad81ee5e44bf8c594de6f71bf7baaedea6fbf16a,f82e514864af9c85e1857e2fd59bfd976deb0aba1f651662b322730ced490ad6,90.89862,96.850586,868,success_build,True,True,True,
465,0 1 2 3 4 5 6 7 9 10 11 12 13 14 15 16 17 18 19 20 21 22 8 23,296a5b07faf0012c7f72ed317e2452274a12965734e05e5491ce6c21a1336461,f82e514864af9c85e1857e2fd59bfd976deb0aba1f651662b322730ced490ad6,90.89862,96.850586,868,success_build,True,True,True,
466,0 1 2 3 4 5 6 7 9 10 11 12 13 14 15 16 17 18 19 20 21 22 23 8,f5336e89556ac3063f650d40ebfbd659fa8f1e775f1fdc5881174f0e60c45d5a,f82e514864af9c85e1857e2fd59bfd976deb0aba1f651662b322730ced490ad6,90.89862,96.850586,868,success_build,True,True,True,
467,9 0 1 2 3 4 5 6 7 8 10 11 12 13 14 15 16 17 18 19 20 21 22 23,bde4492f2c1c849a40785a3bafdcc917f8e2a0cc299b4f729e6a763d52e15445,c6ac0d9c2615d16cf594cfc3b846ce15edcefc53ea5211ab569187b90ede090b,90.78341,96.83441,868,success_build,True,True,False,unit fuzzy loss
468,0 9 1 2 3 4 5 6 7 8 10 11 12 13 14 15 16 17 18 19 20 21 22 23,ae6ef312062f07541eb4b8cbf433771c3d55b4e53891c681b89c5126802e3397,2168c28818fd9edcd110a9ba840c4a7faca72015047c530a67531a989ffdca0e,90.89862,96.850586,868,success_build,True,True,True,
469,0 1 9 2 3 4 5 6 7 8 10 11 12 13 14 15 16 17 18 19 20 21 22 23,06ddceb75c113513803670ffdd9264c681cf660615196e3ae0791e3ea22da558,babd816388ed733d5712899f038083c5b0bc248ac98fadd8e6b2179a1342678a,90.89862,96.850586,868,success_build,True,True,True,
470,0 1 2 9 3 4 5 6 7 8 10 11 12 13 14 15 16 17 18 19 20 21 22 23,2d575e807ddb506e3fd967d38f090673b205047212857aae61c994ca68839f8a,babd816388ed733d5712899f038083c5b0bc248ac98fadd8e6b2179a1342678a,90.89862,96.850586,868,success_build,True,True,True,
471,0 1 2 3 9 4 5 6 7 8 10 11 12 13 14 15 16 17 18 19 20 21 22 23,51b8285c7edb995e9ffc4bff8ee3968552dca29ced657e92fe3eac1c06b9075e,babd816388ed733d5712899f038083c5b0bc248ac98fadd8e6b2179a1342678a,90.89862,96.850586,868,success_build,True,True,True,
472,0 1 2 3 4 9 5 6 7 8 10 11 12 13 14 15 16 17 18 19 20 21 22 23,ce82fcec6728fe6dcaf2c996c3e73a1a144efae097cd45e5078321923d26a834,babd816388ed733d5712899f038083c5b0bc248ac98fadd8e6b2179a1342678a,90.89862,96.850586,868,success_build,True,True,True,
473,0 1 2 3 4 5 9 6 7 8 10 11 12 13 14 15 16 17 18 19 20 21 22 23,6e35c75426f183586cb78cff463bfdafcbcb68f74364077239ffc18df293eab1,f82e514864af9c85e1857e2fd59bfd976deb0aba1f651662b322730ced490ad6,90.89862,96.850586,868,success_build,True,True,True,
474,0 1 2 3 4 5 6 9 7 8 10 11 12 13 14 15 16 17 18 19 20 21 22 23,05988ba6817abe88ff8bae6c7a85ef1b3f1fd7c9e2b99c09af86cd31983a5b2e,f82e514864af9c85e1857e2fd59bfd976deb0aba1f651662b322730ced490ad6,90.89862,96.850586,868,success_build,True,True,True,
475,0 1 2 3 4 5 6 7 8 10 11 9 12 13 14 15 16 17 18 19 20 21 22 23,6bd284fc60a12fbe32b010ca6a0f8b43ab0aa04bf8a3d4bc8f6c400643dbcaa9,6d12f3da852364c82a1154465ad85a16dd6be6f7b66ebec41b3862d89466b13c,90.645164,96.81501,868,success_build,True,True,False,unit fuzzy loss
476,0 1 2 3 4 5 6 7 8 10 11 12 9 13 14 15 16 17 18 19 20 21 22 23,af29d3263db2b44804a07215539204893e39642d6f0e3c2093e8bd7680f94fcb,6880827168360a28e29e5fc37c40b5c73304f00ae90d7dbcb74d040b7b36d66b,90.50691,96.7956,868,success_build,True,True,False,unit fuzzy loss
477,0 1 2 3 4 5 6 7 8 10 11 12 13 9 14 15 16 17 18 19 20 21 22 23,ef581860ce21567b7ca90a31375f302651b4f7d051e04cc909564368bbc946a3,b5a0e05931f6c3155aeab92b9378c3e7cda9bd6b1e2dec642ac387b8bac414ac,90.36866,96.7762,868,success_build,True,True,False,unit fuzzy loss
478,0 1 2 3 4 5 6 7 8 10 11 12 13 14 9 15 16 17 18 19 20 21 22 23,bbd121b50cd70f1c5cf9ea934d7f37fbdf8543f74de3a1799d75831b16d18317,5bf9b6735bfc01a5fe9ccc786a7bf7e0dc43fe2ed0d1f3b7a11f931d4d767548,90.253456,96.760025,868,success_build,True,True,False,unit fuzzy loss
479,0 1 2 3 4 5 6 7 8 10 11 12 13 14 15 9 16 17 18 19 20 21 22 23,a7d6ae2a6a779c43496bd313c129ec8f89d432a73766d3e8533bcb3e6d48105e,1c96e23962bcaa9e7918c089b727dbba496c7cbbbf0e9d778e663520bace7b33,90.18433,96.75032,868,success_build,True,True,False,unit fuzzy loss
480,0 1 2 3 4 5 6 7 8 10 11 12 13 14 15 16 9 17 18 19 20 21 22 23,967e27551dbb1fb6add7fb4b74359a555e633a341d80f50ccfc66d655a70c10a,5f6c9ab0e152e60575465ce4d6d680c60edf603bf71c6d9c24d32c7376e0394b,90.13825,96.74386,868,success_build,True,True,False,unit fuzzy loss
481,0 1 2 3 4 5 6 7 8 10 11 12 13 14 15 16 17 9 18 19 20 21 22 23,e74caf4ecaf36ed2a16a1c1e5bcd59c099ba62aca0fa49670d2e118cae696e6d,428eacf4224b7fd5147fc8f54f8e6663b68c4b39483cbb6705eb7e3163d8f0d9,90.13825,96.74386,868,success_build,True,True,False,unit fuzzy loss
482,0 1 2 3 4 5 6 7 8 10 11 12 13 14 15 16 17 18 9 19 20 21 22 23,842f7ed1af462ceb65e05ce76ae2523d113d6cdda71b700cc2d7368271a3e549,f14341cd441f0bd116ebb196d62f8609528b4b765203b511979ba4b78385a276,90.13825,96.74386,868,success_build,True,True,False,unit fuzzy loss
483,0 1 2 3 4 5 6 7 8 10 11 12 13 14 15 16 17 18 19 9 20 21 22 23,608e6d67af1fdeddd81b54345bb70e5189da2479876a381709caae82855fc7d4,fe2198d8c3d09d37746f750d5d519255f087d8348cd97af1e769336c5e467767,90.18433,96.75032,868,success_build,True,True,False,unit fuzzy loss
484,0 1 2 3 4 5 6 7 8 10 11 12 13 14 15 16 17 18 19 20 9 21 22 23,5c8241a56bf1ec417dd5ca33460ca1d3cb4078e0154cd13d61f29edcfe077981,fe2198d8c3d09d37746f750d5d519255f087d8348cd97af1e769336c5e467767,90.18433,96.75032,868,success_build,True,True,False,unit fuzzy loss
485,0 1 2 3 4 5 6 7 8 10 11 12 13 14 15 16 17 18 19 20 21 9 22 23,2d15797d5b63e1a0dac5dfe35c9fa6038b55793fe607ea35e575ec24c1832276,fe2198d8c3d09d37746f750d5d519255f087d8348cd97af1e769336c5e467767,90.18433,96.75032,868,success_build,True,True,False,unit fuzzy loss
486,0 1 2 3 4 5 6 7 8 10 11 12 13 14 15 16 17 18 19 20 21 22 9 23,f026fdaf35e9ed103b563fe30b7df84c2d5035c6315be120c44383df3886f144,00d1ca5d8e0fbcb126471f60cc076cdf1e98aa2175a52d958d702cfbb058d9ca,90.115204,96.74062,868,success_build,True,True,False,unit fuzzy loss
487,0 1 2 3 4 5 6 7 8 10 11 12 13 14 15 16 17 18 19 20 21 22 23 9,13d88d4fddec59f7586ddaa47f37d73de8205602fee416306144c5cecab3cc80,c1bd913640b5780d502604873a98d39baed0a5acad43c0cdcec6354217f406a5,89.83871,96.70181,868,success_build,True,True,False,unit fuzzy loss
488,10 0 1 2 3 4 5 6 7 8 9 11 12 13 14 15 16 17 18 19 20 21 22 23,185b44cda27a35dd4c9f44d22b3eb0b4131a86c23a77abcbcd42aeb8ec381ad3,ad2d627721e7ee944318fb43299ef64c727d92c1b839f06e95b7e46495411d37,90.52995,96.798836,868,success_build,True,True,False,unit fuzzy loss
489,0 10 1 2 3 4 5 6 7 8 9 11 12 13 14 15 16 17 18 19 20 21 22 23,5ecd01f100b32c9524698898aff07ae10edd9b79de359a5b1e31680ea66b0d41,e06b5967ae33eb41114b9edf655e9698cdc06644e898d21df4624ecc76ecd1ef,90.691246,96.82147,868,success_build,True,True,False,unit fuzzy loss
490,0 1 10 2 3 4 5 6 7 8 9 11 12 13 14 15 16 17 18 19 20 21 22 23,1dbdcbc20b5ca9a429cdec4b0e554bd1d07759586c4008293a5b96310fc38eb1,bcd313570f8220d65631eb48b5a0fc14fea94d494a81bac6719afa5677d44f59,90.85253,96.84412,868,success_build,True,True,False,unit fuzzy loss
491,0 1 2 10 3 4 5 6 7 8 9 11 12 13 14 15 16 17 18 19 20 21 22 23,7f03f558f7b4c5fd08f60aadf9afb9cd223cfd8b430c9ce35f968c4d1e44d7b1,bcd313570f8220d65631eb48b5a0fc14fea94d494a81bac6719afa5677d44f59,90.85253,96.84412,868,success_build,True,True,False,unit fuzzy loss
492,0 1 2 3 10 4 5 6 7 8 9 11 12 13 14 15 16 17 18 19 20 21 22 23,404c30ddb2af8fd07410d7eac64c83c4c1fdd2cfc52e167b0a0d210f5c36f125,bcd313570f8220d65631eb48b5a0fc14fea94d494a81bac6719afa5677d44f59,90.85253,96.84412,868,success_build,True,True,False,unit fuzzy loss
493,0 1 2 3 4 10 5 6 7 8 9 11 12 13 14 15 16 17 18 19 20 21 22 23,e31b6234f0f155e4f0ac234031787f9e3591b046908c3c77d81acba82229b2be,bcd313570f8220d65631eb48b5a0fc14fea94d494a81bac6719afa5677d44f59,90.85253,96.84412,868,success_build,True,True,False,unit fuzzy loss
494,0 1 2 3 4 5 10 6 7 8 9 11 12 13 14 15 16 17 18 19 20 21 22 23,74db249c4d6d6f93a795e87a5a11beaa9fae7e5264bb46f457acae19b590feaa,2730679e8e91df55db656eece058b89df57d7f52c49ad06b21e97240e9bbb5a0,90.85253,96.84412,868,success_build,True,True,False,unit fuzzy loss
495,0 1 2 3 4 5 6 10 7 8 9 11 12 13 14 15 16 17 18 19 20 21 22 23,3e68be7960bee06f7714b171c24ba3a10df346cd2fe7c1dfa527d85e76e10dc1,2730679e8e91df55db656eece058b89df57d7f52c49ad06b21e97240e9bbb5a0,90.85253,96.84412,868,success_build,True,True,False,unit fuzzy loss
496,0 1 2 3 4 5 6 7 10 8 9 11 12 13 14 15 16 17 18 19 20 21 22 23,77d0cef69c2dd5bb9c5087d58ab2740be93d801b5c28f7e4e5a0c8a8ced295f7,2730679e8e91df55db656eece058b89df57d7f52c49ad06b21e97240e9bbb5a0,90.85253,96.84412,868,success_build,True,True,False,unit fuzzy loss
497,0 1 2 3 4 5 6 7 8 9 11 12 10 13 14 15 16 17 18 19 20 21 22 23,556c95049cec5a5271b1027a19943e001e4503acbfb6e43266567d533bebd27c,3ac69349f4436553434f1e84bfe14d13ca4bd6e3a7d8470a83426f565f6cbdc2,90.50691,96.7956,868,success_build,True,True,False,unit fuzzy loss
498,0 1 2 3 4 5 6 7 8 9 11 12 13 10 14 15 16 17 18 19 20 21 22 23,1085c9e1615a50ceb2251076bba4f8737580e7ae409795274b1ef2331b351eae,2dff069450a13c74e60c2439e749d97a675028c364608ac014c3441bde556fea,90.36866,96.7762,868,success_build,True,True,False,unit fuzzy loss
499,0 1 2 3 4 5 6 7 8 9 11 12 13 14 10 15 16 17 18 19 20 21 22 23,24cbcd93586628080c9821f5e7b986e2c8b3fdf1cba651e6fb6aa8a4bfe9d576,3bf0f92a2d1b9d6fa350ac8b93e4aaf2278188c24f05a1b0baae4672c7edbb1f,90.253456,96.760025,868,success_build,True,True,False,unit fuzzy loss
500,0 1 2 3 4 5 6 7 8 9 11 12 13 14 15 10 16 17 18 19 20 21 22 23,75e77f32393afa87be833d25e8d89f46e598ce36d98821e88684b78e0e67caf4,4e3d7bd789b13c3369867fe3b202566833e7fc9a522f866c351904e74d791e0e,90.18433,96.75032,868,success_build,True,True,False,unit fuzzy loss
501,0 1 2 3 4 5 6 7 8 9 11 12 13 14 15 16 10 17 18 19 20 21 22 23,23f077385d9ceadf99c3a8e85d0f1b780657be639de0fd0d8d78feff684f01db,929155a0b549aad583da6d134e5b1521af59aba3a5bfca278eb6ac983581ff57,90.13825,96.74386,868,success_build,True,True,False,unit fuzzy loss
502,0 1 2 3 4 5 6 7 8 9 11 12 13 14 15 16 17 10 18 19 20 21 22 23,da5cd5c14d1a59d540dfe37265d5eefb6302487a449c3d6d17fba374b442d671,9b704275ca37c9bc85fd11bf64ea5573784f414fc3d5045f0862a78c223c0f2c,90.13825,96.74386,868,success_build,True,True,False,unit fuzzy loss
503,0 1 2 3 4 5 6 7 8 9 11 12 13 14 15 16 17 18 10 19 20 21 22 23,b4d7cfa1bebf052875f0c4591e8330857efb1cd9dcae2b167c442fc31d7c1e30,d51cf4686c7166fcaf759dd2eebeb63856e370878f50c0a6f3381c2aa70b6913,90.13825,96.74386,868,success_build,True,True,False,unit fuzzy loss
504,0 1 2 3 4 5 6 7 8 9 11 12 13 14 15 16 17 18 19 10 20 21 22 23,60e00a09ff80b89f074caf21320f3445611b857a6d78af5690dc73924eb577d3,47e254d080d3fd80e21e5fc5b493a900e1ebadf7d5bef0b03d1a450efefcf8ea,90.18433,96.75032,868,success_build,True,True,False,unit fuzzy loss
505,0 1 2 3 4 5 6 7 8 9 11 12 13 14 15 16 17 18 19 20 10 21 22 23,4771e1fc11726955d37486752fd3574ce52c5046b6d5b997e3e406348526e496,47e254d080d3fd80e21e5fc5b493a900e1ebadf7d5bef0b03d1a450efefcf8ea,90.18433,96.75032,868,success_build,True,True,False,unit fuzzy loss
506,0 1 2 3 4 5 6 7 8 9 11 12 13 14 15 16 17 18 19 20 21 10 22 23,73ffaa71f53dea69aef2e926d6b9e1de166d1375dd48b00a0259a6b3abb2d77b,47e254d080d3fd80e21e5fc5b493a900e1ebadf7d5bef0b03d1a450efefcf8ea,90.18433,96.75032,868,success_build,True,True,False,unit fuzzy loss
507,0 1 2 3 4 5 6 7 8 9 11 12 13 14 15 16 17 18 19 20 21 22 10 23,15f08ba857f76cc83aa34f285106d5a497cc3f33e7441b640574188fb89c10f0,3e85c1d7af063a940ef58c39dfaa7973af54c9902f745cecfff9c18f38c04ce2,90.115204,96.74062,868,success_build,True,True,False,unit fuzzy loss
508,0 1 2 3 4 5 6 7 8 9 11 12 13 14 15 16 17 18 19 20 21 22 23 10,abf97abbd3bf28fae29f1d1921812fc28bea0ccc8f96fddc905630b89ffedb0d,8f4c9b4effc38a96eee8851bfe624a4f857a780c76de95439e384ac0891461cd,89.83871,96.70181,868,success_build,True,True,False,unit fuzzy loss
509,11 0 1 2 3 4 5 6 7 8 9 10 12 13 14 15 16 17 18 19 20 21 22 23,438cb8d37905f2a5f0dd32d442689e39b38048ad6aeab95203b202aa3563da6c,2bb08c9214d5f13e8a732e3a04d5dcddf9ebcf62d4b15e08d24f673b98840160,90.32258,96.76973,868,success_build,True,True,False,unit fuzzy loss
510,0 11 1 2 3 4 5 6 7 8 9 10 12 13 14 15 16 17 18 19 20 21 22 23,b00210139cf7841cca1951e9fc337a6367c0264ca53cc25898f9a173a9934ca6,a04e6ddd2ff9f8c90e446e984c079f55208e2fcc65306184004f070cc8921b2d,90.48387,96.792366,868,success_build,True,True,False,unit fuzzy loss
511,0 1 11 2 3 4 5 6 7 8 9 10 12 13 14 15 16 17 18 19 20 21 22 23,e0f24fc04de1c8758ba64f5c9d972eb97ce7fc3c4643b38ac28a959e1a634dd5,b0c8ec94ad71d19e7054653f926db45680d5dc532c38dda08ee88d5cd5a3807e,90.55299,96.80207,868,success_build,True,True,False,unit fuzzy loss
512,0 1 2 11 3 4 5 6 7 8 9 10 12 13 14 15 16 17 18 19 20 21 22 23,3556d651f3313d2b507608ef437e92577ab447c701a39ca987f111cf8161f276,b0c8ec94ad71d19e7054653f926db45680d5dc532c38dda08ee88d5cd5a3807e,90.55299,96.80207,868,success_build,True,True,False,unit fuzzy loss
513,0 1 2 3 11 4 5 6 7 8 9 10 12 13 14 15 16 17 18 19 20 21 22 23,92af43b1c6a37c2ca22180f57747c35f3994ea4379bb4772cef3dcf9aba1b5e1,b0c8ec94ad71d19e7054653f926db45680d5dc532c38dda08ee88d5cd5a3807e,90.55299,96.80207,868,success_build,True,True,False,unit fuzzy loss
514,0 1 2 3 4 11 5 6 7 8 9 10 12 13 14 15 16 17 18 19 20 21 22 23,6efa5aed5d15052d0dc6abc8e398cfff819c252b9f5a139f9ba098e57628305e,b0c8ec94ad71d19e7054653f926db45680d5dc532c38dda08ee88d5cd5a3807e,90.55299,96.80207,868,success_build,True,True,False,unit fuzzy loss
515,0 1 2 3 4 5 11 6 7 8 9 10 12 13 14 15 16 17 18 19 20 21 22 23,6e579f283395b1c8cc1455e995e55d419eed8427cf26a521558744c2b8569f61,fc8e306cd2efaf989d04c40de17a86e7d6bbe7356a0d14a17a1a977b45e4a59a,90.645164,96.81501,868,success_build,True,True,False,unit fuzzy loss
516,0 1 2 3 4 5 6 11 7 8 9 10 12 13 14 15 16 17 18 19 20 21 22 23,a766b5f0219031552565b2dc01b7a9cce190171b5b35ab3deac032959c02d370,fc8e306cd2efaf989d04c40de17a86e7d6bbe7356a0d14a17a1a977b45e4a59a,90.645164,96.81501,868,success_build,True,True,False,unit fuzzy loss
517,0 1 2 3 4 5 6 7 11 8 9 10 12 13 14 15 16 17 18 19 20 21 22 23,502c944d71dee8c6a0a5fde3e62b13c06738dbd294822aad64c7e80a79358165,fc8e306cd2efaf989d04c40de17a86e7d6bbe7356a0d14a17a1a977b45e4a59a,90.645164,96.81501,868,success_build,True,True,False,unit fuzzy loss
518,0 1 2 3 4 5 6 7 8 11 9 10 12 13 14 15 16 17 18 19 20 21 22 23,8fd3b3279fa18bebc2937c114d89f1192e936b655e89b4c6bcac42fae4275c8d,fc8e306cd2efaf989d04c40de17a86e7d6bbe7356a0d14a17a1a977b45e4a59a,90.645164,96.81501,868,success_build,True,True,False,unit fuzzy loss
519,0 1 2 3 4 5 6 7 8 9 10 12 13 11 14 15 16 17 18 19 20 21 22 23,59476ccf8af113c9aa8cfe53b924f3501f16293ad894babbb7a5f21d06ed1de8,ce45b6b7bffe4d44890111096638562d016ba603f86c8d55f0a1ce8ad939bc92,90.42857,96.78461,868,success_build,True,True,False,unit fuzzy loss
520,0 1 2 3 4 5 6 7 8 9 10 12 13 14 11 15 16 17 18 19 20 21 22 23,527c157e93fe2044482a4353f684fd09bd605e7e10c2e45020c6ddc0dae828c8,ab82d22c94c6a47d0d5de9e26a317a2c6b68c7db9523165f467843a2740f3b94,90.31336,96.76843,868,success_build,True,True,False,unit fuzzy loss
521,0 1 2 3 4 5 6 7 8 9 10 12 13 14 15 11 16 17 18 19 20 21 22 23,15d0527126c74cfa68d5713ec8d1f4ca7638c0e2305623d4ba04725c76684267,239fa7753f9e6eff2936c2cf41ee1c862758e829cbc3d944c5fccd37b546d42d,90.24424,96.758736,868,success_build,True,True,False,unit fuzzy loss
522,0 1 2 3 4 5 6 7 8 9 10 12 13 14 15 16 11 17 18 19 20 21 22 23,2645ace733cfac5c331cda8e82aef66a0340ff6312e1fbcccb79d89d3d347f18,47a8480364c015ffc7dd9a1cceb27e29e9a1976f334325ddb23105db062ecfb1,90.19816,96.752266,868,success_build,True,True,False,unit fuzzy loss
523,0 1 2 3 4 5 6 7 8 9 10 12 13 14 15 16 17 11 18 19 20 21 22 23,be191eb432c13e1cd488f7d4a7f104a438913fd3c1b9d991cbcfb7fe0737f2b6,817dcae3cd3a58b133aa57e7c7a8d9ba5d74433eae39fb1881ed53c376632340,90.19816,96.752266,868,success_build,True,True,False,unit fuzzy loss
524,0 1 2 3 4 5 6 7 8 9 10 12 13 14 15 16 17 18 11 19 20 21 22 23,484f50c544242c1d5c1493699a00c8ba91222b1b6b11dd313f68a4ab2b3baad2,5da063cb03b4c7650cc4983517372fb7ace021784a2f19936157c299554f8aec,90.19816,96.752266,868,success_build,True,True,False,unit fuzzy loss
525,0 1 2 3 4 5 6 7 8 9 10 12 13 14 15 16 17 18 19 11 20 21 22 23,91f3ed7fdb52a10f0c02595df17cf1292a2479d2ccd4ffbf33dfc29bacaf0145,3b335e53e9fdc18493d909a5956983d7c9be44a20632e687c25cd6eb64964e50,90.24424,96.758736,868,success_build,True,True,False,unit fuzzy loss
526,0 1 2 3 4 5 6 7 8 9 10 12 13 14 15 16 17 18 19 20 11 21 22 23,2bd137d96891519c82afc8e872569f29deb39d25b1071f028cc1c077bbb14dd8,3b335e53e9fdc18493d909a5956983d7c9be44a20632e687c25cd6eb64964e50,90.24424,96.758736,868,success_build,True,True,False,unit fuzzy loss
527,0 1 2 3 4 5 6 7 8 9 10 12 13 14 15 16 17 18 19 20 21 11 22 23,cab8d13233c1207ef5b0607f2a3baf1d021bd95484c6b0adb2680a388d258df5,3b335e53e9fdc18493d909a5956983d7c9be44a20632e687c25cd6eb64964e50,90.24424,96.758736,868,success_build,True,True,False,unit fuzzy loss
528,0 1 2 3 4 5 6 7 8 9 10 12 13 14 15 16 17 18 19 20 21 22 11 23,0650a0c496e8b96b4eb6e52c13ad4eda56d4da6c98308a2fb29de24e35a32257,48ffef3a72d232e3f841d9dbf193070957525ef07d6c7bedd5af47f61592490e,90.17512,96.74903,868,success_build,True,True,False,unit fuzzy loss
529,0 1 2 3 4 5 6 7 8 9 10 12 13 14 15 16 17 18 19 20 21 22 23 11,0537273d91e6e67cc4ca50b16ec207fff68202dc96248184dd4f4d45dc7a98a1,002b87ea65739cd900d02c7d6211fb7a5a54be83247875a68c250e1f67fc5aec,90.2765,96.76326,868,success_build,True,True,False,unit fuzzy loss
530,12 0 1 2 3 4 5 6 7 8 9 10 11 13 14 15 16 17 18 19 20 21 22 23,22cca69a5166fec6af44678ef2febc52a4a0aa30ec99162810e7c3e19c489a55,e4253cef05bc661fb7b5160075460dc5780c7cf7cf6c8b5bcf9f48faeb22052c,89.304146,96.62678,868,success_build,True,True,False,unit fuzzy loss
531,0 12 1 2 3 4 5 6 7 8 9 10 11 13 14 15 16 17 18 19 20 21 22 23,80967b9ac57a6f1a4bdba0433d6e710810702d5e9dc1755cb6a42aaf7b6e47e2,48d0467151cab1b43e06364483c66aaaee5c5dffcf9da20bde0f73adc64f7422,89.46544,96.649414,868,success_build,True,True,False,unit fuzzy loss
532,0 1 12 2 3 4 5 6 7 8 9 10 11 13 14 15 16 17 18 19 20 21 22 23,7aed1643d1d7f155ce8d4c2b8d9ced3e1b6da0da7c2f4969fd082d875e82fb5b,f5874cc95c91c778c91f32cd7d47e2f8a1ba8f71fb7ece8a2febc07dc2c96ec1,89.62673,96.67206,868,success_build,True,True,False,unit fuzzy loss
533,0 1 2 12 3 4 5 6 7 8 9 10 11 13 14 15 16 17 18 19 20 21 22 23,1d665ed2380f04c33b4bbfdd7144866ee93ac1d7abc28fa4077a57430927ad97,f5874cc95c91c778c91f32cd7d47e2f8a1ba8f71fb7ece8a2febc07dc2c96ec1,89.62673,96.67206,868,success_build,True,True,False,unit fuzzy loss
534,0 1 2 3 12 4 5 6 7 8 9 10 11 13 14 15 16 17 18 19 20 21 22 23,16c2a562406fb7385878b6462d50a2c1acea6049bcb6f054a6465effe6a6e708,f5874cc95c91c778c91f32cd7d47e2f8a1ba8f71fb7ece8a2febc07dc2c96ec1,89.62673,96.67206,868,success_build,True,True,False,unit fuzzy loss
535,0 1 2 3 4 12 5 6 7 8 9 10 11 13 14 15 16 17 18 19 20 21 22 23,90c58eadfc4f7280efb5ceef8663b108a191925b26c9f03917a8137c6f930ff5,f5874cc95c91c778c91f32cd7d47e2f8a1ba8f71fb7ece8a2febc07dc2c96ec1,89.62673,96.67206,868,success_build,True,True,False,unit fuzzy loss
536,0 1 2 3 4 5 12 6 7 8 9 10 11 13 14 15 16 17 18 19 20 21 22 23,5df2621c95196cd4e50dd371936fffbbf9fe1f382f23e78c93bbcff6f02a1fbd,615eb8e490415e4b05e3e0ed810d06437e3e1c42e75130f506aebb94d5ece789,90.52074,96.79754,868,success_build,True,True,False,unit fuzzy loss
537,0 1 2 3 4 5 6 12 7 8 9 10 11 13 14 15 16 17 18 19 20 21 22 23,257882b461d20280faf82b8b3551ddf47a81d06a7105a9bd32aa0b48db009330,615eb8e490415e4b05e3e0ed810d06437e3e1c42e75130f506aebb94d5ece789,90.52074,96.79754,868,success_build,True,True,False,unit fuzzy loss
538,0 1 2 3 4 5 6 7 12 8 9 10 11 13 14 15 16 17 18 19 20 21 22 23,5b130bc77a5f842c341e64f406e1bdd01513d40d99ea498aef3aee378b946df1,615eb8e490415e4b05e3e0ed810d06437e3e1c42e75130f506aebb94d5ece789,90.52074,96.79754,868,success_build,True,True,False,unit fuzzy loss
539,0 1 2 3 4 5 6 7 8 12 9 10 11 13 14 15 16 17 18 19 20 21 22 23,e74f44c0fd4133c07671307b788ccd52738be5cf5c4846a1505ec3503795bec6,615eb8e490415e4b05e3e0ed810d06437e3e1c42e75130f506aebb94d5ece789,90.52074,96.79754,868,success_build,True,True,False,unit fuzzy loss
540,0 1 2 3 4 5 6 7 8 9 12 10 11 13 14 15 16 17 18 19 20 21 22 23,846435429213d128d8e8da9796820348e9222561348e6b946382bc9a6e8ae682,32d7b2c308a2a2bac45034551dbb09234abd61f4b25e4e787cf90ce54362528e,90.52074,96.79754,868,success_build,True,True,False,unit fuzzy loss
541,0 1 2 3 4 5 6 7 8 9 10 11 13 14 12 15 16 17 18 19 20 21 22 23,90201dc707c750267d3d7fe0fcd815b46ba1b0e845682d7d3ac1cb88166db502,7c04fa9aacfdcd8fd3f2bef258ad69984c582bb7d142bea1397a9ea2d965fed2,90.50691,96.7956,868,success_build,True,True,False,unit fuzzy loss
542,0 1 2 3 4 5 6 7 8 9 10 11 13 14 15 12 16 17 18 19 20 21 22 23,faaf2d9a9dbc3449eaed23e0656331b40b408a6d1693feb9a8d9411188080b28,3b9c6c3eb5c264c3de7bb45066fb2f1d5265e5b10aa396d6d1608cf1b773bedc,90.43779,96.7859,868,success_build,True,True,False,unit fuzzy loss
543,0 1 2 3 4 5 6 7 8 9 10 11 13 14 15 16 12 17 18 19 20 21 22 23,fb6cf57efa2681ada5046fa2f8fe0081730e7063110b048181c98ea0158419f3,71f6f54cc4edb8e3f72e87260031fe6fdf117d6f745436721e833bd333ad92eb,90.39171,96.779434,868,success_build,True,True,False,unit fuzzy loss
544,0 1 2 3 4 5 6 7 8 9 10 11 13 14 15 16 17 12 18 19 20 21 22 23,6300f6904079671717ae7480d6f01b2141703fc9c7206b63662e09d8e8d9ac7a,06d4499be5e659030a08b1a8dab7be2073e8f0fd0eac4a0cc9648e01aab0d31f,90.39171,96.779434,868,success_build,True,True,False,unit fuzzy loss
545,0 1 2 3 4 5 6 7 8 9 10 11 13 14 15 16 17 18 12 19 20 21 22 23,429868bc4d38db0f3a49ee4246a116768b1cfa4ac936ec8427463b970a7cf61e,28e9842193b1cbca6dc8ddeef3ba2533225bd0809a1d7d9e42c8e8e2fda4e0d2,90.39171,96.779434,868,success_build,True,True,False,unit fuzzy loss
546,0 1 2 3 4 5 6 7 8 9 10 11 13 14 15 16 17 18 19 12 20 21 22 23,320a733e5e3fbe39fbc151b35eae30fe62eb223c69b362faf6028b3966b4b227,b3df10f0782a0c2660d3da893be5f7f15a54614fd01a8cccd68c5c82f957ea22,90.43779,96.7859,868,success_build,True,True,False,unit fuzzy loss
547,0 1 2 3 4 5 6 7 8 9 10 11 13 14 15 16 17 18 19 20 12 21 22 23,dae0a4dee6896e0a0ddf60571f7d7731a5cb9182ba1d646ec01d69e5af158bb6,b3df10f0782a0c2660d3da893be5f7f15a54614fd01a8cccd68c5c82f957ea22,90.43779,96.7859,868,success_build,True,True,False,unit fuzzy loss
548,0 1 2 3 4 5 6 7 8 9 10 11 13 14 15 16 17 18 19 20 21 12 22 23,cf14072b16d2cd426351ee24e225f78f539eb155eebcd149a9f076f63559c339,b3df10f0782a0c2660d3da893be5f7f15a54614fd01a8cccd68c5c82f957ea22,90.43779,96.7859,868,success_build,True,True,False,unit fuzzy loss
549,0 1 2 3 4 5 6 7 8 9 10 11 13 14 15 16 17 18 19 20 21 22 12 23,373b08c41e83147eacd97920132ccdcf0ccb2f9e6f6bcb6e0adc5096d7cf85cd,c8eb14e80f0e3504bf1b39f4f2cb895f2d1a14fd837fce090040967fee7025a6,90.36866,96.7762,868,success_build,True,True,False,unit fuzzy loss
550,0 1 2 3 4 5 6 7 8 9 10 11 13 14 15 16 17 18 19 20 21 22 23 12,9a179bd5a5bf639df7972afff823a8d066da0e0e63e460c36b52eee2c9e2266d,f6b1b624862334c51003f6ae5bff5d155c0eccea610da880604d61aff576c69f,89.51152,96.65588,868,success_build,True,True,False,unit fuzzy loss
551,13 0 1 2 3 4 5 6 7 8 9 10 11 12 14 15 16 17 18 19 20 21 22 23,3661044cf02fe454ec87dd96da6d620ae2e733db1c7e28d4202a44d43a45d2ce,3643c62a001bfc09cc2ac2b4800688484a399e3bfbeda18629ee9d6c24379562,89.18433,96.60996,868,success_build,True,True,False,unit fuzzy loss
552,0 13 1 2 3 4 5 6 7 8 9 10 11 12 14 15 16 17 18 19 20 21 22 23,ac67b5760636c34222b9003b9c70b4879978023065253be4435ee791d9d44877,c3a8ad8d98d9250349722fa4bc367741ea0745aa27f4d950d74ca65a501a7865,89.34562,96.6326,868,success_build,True,True,False,unit fuzzy loss
553,0 1 13 2 3 4 5 6 7 8 9 10 11 12 14 15 16 17 18 19 20 21 22 23,20bc9a8d9a54c6d194d985b3f8a914ae40ad531147f5f149308b19097e42f253,4c4d5fd442be2afec901aeee1c7e594a97b7e0bd188ba03ff0e409ff0b093650,89.50691,96.65524,868,success_build,True,True,False,unit fuzzy loss
554,0 1 2 13 3 4 5 6 7 8 9 10 11 12 14 15 16 17 18 19 20 21 22 23,4041cb1b5d6bf504ad9b6e4328179a2a69f2cd68afbfbf89a252bc5377a038c2,4c4d5fd442be2afec901aeee1c7e594a97b7e0bd188ba03ff0e409ff0b093650,89.50691,96.65524,868,success_build,True,True,False,unit fuzzy loss
555,0 1 2 3 13 4 5 6 7 8 9 10 11 12 14 15 16 17 18 19 20 21 22 23,b123ad38240af072db06d5236fa18552062a9a693d01326c53f5c4c52d760718,4c4d5fd442be2afec901aeee1c7e594a97b7e0bd188ba03ff0e409ff0b093650,89.50691,96.65524,868,success_build,True,True,False,unit fuzzy loss
556,0 1 2 3 4 13 5 6 7 8 9 10 11 12 14 15 16 17 18 19 20 21 22 23,066da9638af6461621ccf3bc7045fd7f9fac3e5db004457df3f8a192aabdc13f,4c4d5fd442be2afec901aeee1c7e594a97b7e0bd188ba03ff0e409ff0b093650,89.50691,96.65524,868,success_build,True,True,False,unit fuzzy loss
557,0 1 2 3 4 5 13 6 7 8 9 10 11 12 14 15 16 17 18 19 20 21 22 23,a48b5e443c3d5519db0aa4c812f21b0c0b60944713c27da7afd9bf49684d17af,82c2a45443dc583e10486c76016ec5fe2d8fbba7e2964e8b6b564ccaae0d7f1f,90.400925,96.78072,868,success_build,True,True,False,unit fuzzy loss
558,0 1 2 3 4 5 6 13 7 8 9 10 11 12 14 15 16 17 18 19 20 21 22 23,a0a8e78c8adbcbe21b205a10d3649766b8ffe73afbc23a6924c4fdc94732afe9,82c2a45443dc583e10486c76016ec5fe2d8fbba7e2964e8b6b564ccaae0d7f1f,90.400925,96.78072,868,success_build,True,True,False,unit fuzzy loss
559,0 1 2 3 4 5 6 7 13 8 9 10 11 12 14 15 16 17 18 19 20 21 22 23,52266f9d2dad0b4c49be80545e9bf123900a5eae40b2ddb0d401edc14efd1d68,82c2a45443dc583e10486c76016ec5fe2d8fbba7e2964e8b6b564ccaae0d7f1f,90.400925,96.78072,868,success_build,True,True,False,unit fuzzy loss
560,0 1 2 3 4 5 6 7 8 13 9 10 11 12 14 15 16 17 18 19 20 21 22 23,444ca64938f14565e2a37df527279a4509208a795ac64712a159f95dbcf3b631,82c2a45443dc583e10486c76016ec5fe2d8fbba7e2964e8b6b564ccaae0d7f1f,90.400925,96.78072,868,success_build,True,True,False,unit fuzzy loss
561,0 1 2 3 4 5 6 7 8 9 13 10 11 12 14 15 16 17 18 19 20 21 22 23,2f91039931e523e8f33a80ad460220baf5ea2827a76d600b6b5e6406fa84ede5,dbe66221dc4421ba5ac7fdfb11d3af8ef62481f004f387c228295f204c6d5cf4,90.400925,96.78072,868,success_build,True,True,False,unit fuzzy loss
562,0 1 2 3 4 5 6 7 8 9 10 13 11 12 14 15 16 17 18 19 20 21 22 23,d2c229559609ea9349ea39e32b5aa9e2b806d3802f0db9eef91a48c30b6dcf02,89c7fe8c7228aaaafd7e207e3d54c69f0b9b1befdddd2e5128cc55d995eac9d5,90.47005,96.79043,868,success_build,True,True,False,unit fuzzy loss
563,0 1 2 3 4 5 6 7 8 9 10 11 12 14 15 13 16 17 18 19 20 21 22 23,a661103359ab8f07b7f99e898b3a11afb0ff761ba79a976d4dac42b87050eb30,cb16b7826c8677541d18f3a8d9e8fa55cc9217123df694daa18886f761d6fd68,90.576035,96.805305,868,success_build,True,True,False,unit fuzzy loss
564,0 1 2 3 4 5 6 7 8 9 10 11 12 14 15 16 13 17 18 19 20 21 22 23,a50c8674fbb0839d315825b8ab84ff58e3ec4f3abddc6d0688c3bf28998e6379,d592473d8f80f76d64e16d772574173f12a8469ee541dbf29c751c8eca864a46,90.52995,96.798836,868,success_build,True,True,False,unit fuzzy loss
565,0 1 2 3 4 5 6 7 8 9 10 11 12 14 15 16 17 13 18 19 20 21 22 23,c89a58352b61f1caf7502d7decbc2c5ed42227bc1b53ca14e65ae28984bb2f41,94ab555a8286160d489c67a6d15d4f399ed54af28e2e632990f1e845aaa610b5,90.52995,96.798836,868,success_build,True,True,False,unit fuzzy loss
566,0 1 2 3 4 5 6 7 8 9 10 11 12 14 15 16 17 18 13 19 20 21 22 23,44dac1dfa7c4f6bd69dea30e011f8aba8989cd65fd090f95a1966a9c0c6a702e,03f983f887b8cecc3903360111b195d121b7a2991976b30c4349e6fc6a014721,90.52995,96.798836,868,success_build,True,True,False,unit fuzzy loss
567,0 1 2 3 4 5 6 7 8 9 10 11 12 14 15 16 17 18 19 13 20 21 22 23,b652b1d27cb5ed6ed29c7da32fff52add2f3478d2693c92c3f5cba87a4dc3af4,ac3305ea7958812a064906695241d4940679c84fd51aeba96f62209f59ba2440,90.576035,96.805305,868,success_build,True,True,False,unit fuzzy loss
568,0 1 2 3 4 5 6 7 8 9 10 11 12 14 15 16 17 18 19 20 13 21 22 23,05b8a0eac1f6224452fc4bc2f515cadef1dc1ee071cfa1f22d0fc1475c0aa5fd,ac3305ea7958812a064906695241d4940679c84fd51aeba96f62209f59ba2440,90.576035,96.805305,868,success_build,True,True,False,unit fuzzy loss
569,0 1 2 3 4 5 6 7 8 9 10 11 12 14 15 16 17 18 19 20 21 13 22 23,cf1b3cb4138be93b1f3b2a4796ed55876eb32f952607a202789583e1f6a18ae4,ac3305ea7958812a064906695241d4940679c84fd51aeba96f62209f59ba2440,90.576035,96.805305,868,success_build,True,True,False,unit fuzzy loss
570,0 1 2 3 4 5 6 7 8 9 10 11 12 14 15 16 17 18 19 20 21 22 13 23,e4fb35706ace38c19b155c6e77e3b0b3193d1f827bc63f49397c3d96b7b1cda3,e067e4a67473c83e304bcabe51cf805bb60edb6713f7483800289ab6584608ac,90.50691,96.7956,868,success_build,True,True,False,unit fuzzy loss
571,0 1 2 3 4 5 6 7 8 9 10 11 12 14 15 16 17 18 19 20 21 22 23 13,73bb774ad11b1420aa327960d6b2738b5ff43dc53b441fda3438e519252497d9,c342ce5eb650ade230b0cc092698c58a1bb33ad5d54c19a5e5239548599f3035,90.230415,96.75679,868,success_build,True,True,False,unit fuzzy loss
572,14 0 1 2 3 4 5 6 7 8 9 10 11 12 13 15 16 17 18 19 20 21 22 23,078c6d44375701ab636103e71b38b736cc1447809916df8f63679a9cf7f3a37a,311eda067cd203d2f19e92fee004a25ad0ee2cf0f3f2defbc35b567a105d5b77,89.2765,96.622894,868,success_build,True,True,False,unit fuzzy loss
573,0 14 1 2 3 4 5 6 7 8 9 10 11 12 13 15 16 17 18 19 20 21 22 23,d1e205b600bab1d101d9e96a0d96bdb3aab3ef5ec8dc6746b907c797538b4b18,79a6bb79ec2c28d132454eb8427ff8cfeadcedb2e5536fa51afe2a8a24054349,89.39171,96.63907,868,success_build,True,True,False,unit fuzzy loss
574,0 1 14 2 3 4 5 6 7 8 9 10 11 12 13 15 16 17 18 19 20 21 22 23,8e160cedd4717e6af038c6ffc64c6cf039502a3388c53cc324c4cb8aeb21fbe6,5481a6bc46d4f307a1c11eaadd5a9014485300aae550f50b02d5533391fec35e,89.39171,96.63907,868,success_build,True,True,False,unit fuzzy loss
575,0 1 2 14 3 4 5 6 7 8 9 10 11 12 13 15 16 17 18 19 20 21 22 23,dde29d6e49136c392cefdd061aa31451b2b4df68e31aea88bf85cb98ecd6f205,5481a6bc46d4f307a1c11eaadd5a9014485300aae550f50b02d5533391fec35e,89.39171,96.63907,868,success_build,True,True,False,unit fuzzy loss
576,0 1 2 3 14 4 5 6 7 8 9 10 11 12 13 15 16 17 18 19 20 21 22 23,24e673c6f69f65ca619a4223bfda51bdf71a7212ad6aec6aee928eec8a80ad50,5481a6bc46d4f307a1c11eaadd5a9014485300aae550f50b02d5533391fec35e,89.39171,96.63907,868,success_build,True,True,False,unit fuzzy loss
577,0 1 2 3 4 14 5 6 7 8 9 10 11 12 13 15 16 17 18 19 20 21 22 23,168331b0445038bbf8145e1693c27ccf711f29ae47f903f5d76005bfad9bb3e9,5481a6bc46d4f307a1c11eaadd5a9014485300aae550f50b02d5533391fec35e,89.39171,96.63907,868,success_build,True,True,False,unit fuzzy loss
578,0 1 2 3 4 5 14 6 7 8 9 10 11 12 13 15 16 17 18 19 20 21 22 23,d9f724a90d68a62c37b69f4ac8843e8a4c4d257e0d9d1e4a169b9f11fa56023f,3c76a49655bdcdfd3bd2f60558857ccfb39be5cab299619bc3467fad22990f3b,89.39171,96.63907,868,success_build,True,True,False,unit fuzzy loss
579,0 1 2 3 4 5 6 14 7 8 9 10 11 12 13 15 16 17 18 19 20 21 22 23,71277d77a445a18539e5f7035101efd787e3411427b18f42039067beafe38c76,3c76a49655bdcdfd3bd2f60558857ccfb39be5cab299619bc3467fad22990f3b,89.39171,96.63907,868,success_build,True,True,False,unit fuzzy loss
580,0 1 2 3 4 5 6 7 14 8 9 10 11 12 13 15 16 17 18 19 20 21 22 23,3a016947d249dccc3646094336abb61ad00a454727bc0a470cc599d38a07aaed,3c76a49655bdcdfd3bd2f60558857ccfb39be5cab299619bc3467fad22990f3b,89.39171,96.63907,868,success_build,True,True,False,unit fuzzy loss
581,0 1 2 3 4 5 6 7 8 14 9 10 11 12 13 15 16 17 18 19 20 21 22 23,4d173544ad816ca2fef35bf908f030472c4c249bbe464776b2597834582fbc93,3c76a49655bdcdfd3bd2f60558857ccfb39be5cab299619bc3467fad22990f3b,89.39171,96.63907,868,success_build,True,True,False,unit fuzzy loss
582,0 1 2 3 4 5 6 7 8 9 14 10 11 12 13 15 16 17 18 19 20 21 22 23,150aec96462512732b89f17036c4a85a85d34eaaab1e2d96e8d18093ed8d719d,8f512d777c133ebbfd41c30a02bdc2b348a4258cf9daafa9c011fdf78bb39efb,89.39171,96.63907,868,success_build,True,True,False,unit fuzzy loss
583,0 1 2 3 4 5 6 7 8 9 10 14 11 12 13 15 16 17 18 19 20 21 22 23,f7e4e30c70e922185d78e83223d281268ca27ba4b6c045393956835241145d7d,b4c83e4be7c5200729a613730140028773f34d1d7b56df329357224927131380,89.43779,96.64554,868,success_build,True,True,False,unit fuzzy loss
584,0 1 2 3 4 5 6 7 8 9 10 11 14 12 13 15 16 17 18 19 20 21 22 23,1023c148012569143913cdc9fd29d9cc5474673de8b48b5ff510a1cf0c46665d,c35957b23eace783cd462adcc4e5c8a8ac44c44270dd36fe4bdf7d4c5f81f9a5,90.50691,96.7956,868,success_build,True,True,False,unit fuzzy loss
585,0 1 2 3 4 5 6 7 8 9 10 11 12 13 15 16 14 17 18 19 20 21 22 23,533e105843a85e3d2ae6435ed23de7c45c0f6898787e2b95b0906425f465c995,4005be6e4bffab28b11c9a2eef27e3690a385d3d890f6e3cff99d170d3c5d300,90.668205,96.81824,868,success_build,True,True,False,unit fuzzy loss
586,0 1 2 3 4 5 6 7 8 9 10 11 12 13 15 16 17 14 18 19 20 21 22 23,8f80e543be1917355b5564fa5eb2e63d4da8412c7ba4fd67f08f0d2f03cf89fb,26e3c7219af87f85b35490b30ab9faee5e048464a2cbe50951f97080011eeebc,90.668205,96.81824,868,success_build,True,True,False,unit fuzzy loss
587,0 1 2 3 4 5 6 7 8 9 10 11 12 13 15 16 17 18 14 19 20 21 22 23,5f8ad3e5960c9635e87b8d2d52e3e2caee3408d5f198a26a095a2db3bd6c8c18,682c4919c4f8aab8491148484a1c226c0c98412663fbc0aad239deaca0fdfd56,90.668205,96.81824,868,success_build,True,True,False,unit fuzzy loss
588,0 1 2 3 4 5 6 7 8 9 10 11 12 13 15 16 17 18 19 14 20 21 22 23,fa48b14b755282bef753286d20cd8b206d6ea9f77db27e212a022c9122169d74,ce656847842e73788192210d3ef46699310e14863859fa191a3447c8c2afabfe,90.71429,96.82471,868,success_build,True,True,False,unit fuzzy loss
589,0 1 2 3 4 5 6 7 8 9 10 11 12 13 15 16 17 18 19 20 14 21 22 23,b9c25c3759d0b8b29e31767be37945642a2bc5d3722ee184c0086439b8dcdf5e,ce656847842e73788192210d3ef46699310e14863859fa191a3447c8c2afabfe,90.71429,96.82471,868,success_build,True,True,False,unit fuzzy loss
590,0 1 2 3 4 5 6 7 8 9 10 11 12 13 15 16 17 18 19 20 21 14 22 23,7c74965eab5b6a082a937772cb0cbe16b9f4bb62335643b80f0b00dbbde69df7,ce656847842e73788192210d3ef46699310e14863859fa191a3447c8c2afabfe,90.71429,96.82471,868,success_build,True,True,False,unit fuzzy loss
591,0 1 2 3 4 5 6 7 8 9 10 11 12 13 15 16 17 18 19 20 21 22 14 23,54e4c17b0edad492e3e2b1040fe7805d977cd2474d2b71b5c38e92a47b9e1283,57e8e0b51fd89d3c0394c1a7f3d70a17d16abc5871b46c6a20b7e215cb2d9dfc,90.645164,96.81501,868,success_build,True,True,False,unit fuzzy loss
592,0 1 2 3 4 5 6 7 8 9 10 11 12 13 15 16 17 18 19 20 21 22 23 14,7c3f78b9b37b8e4268449253017b8cad528ea02a501301f5efe19a113304ec3b,6eeb181b1911ef46bb1cdc5238cbbbf177e5560ec6fcc27d110b5c4aa012194e,90.36866,96.7762,868,success_build,True,True,False,unit fuzzy loss
593,15 0 1 2 3 4 5 6 7 8 9 10 11 12 13 14 16 17 18 19 20 21 22 23,8e6e8696c2934b6161a7f65e16c7789fb0d5b06d27e0e560670c9a0f0859e7cd,bbb7a6224f1408b06c4bcc33ea2c8f736ee49d7b343ab36535d1d065facf3a33,89.207375,96.6132,868,success_build,True,True,False,unit fuzzy loss
594,0 15 1 2 3 4 5 6 7 8 9 10 11 12 13 14 16 17 18 19 20 21 22 23,279dfc28104a91a90c050a1282572c8c1eac8a834fea9d257c59226aa3da7329,26f6c79550fb268c665c846a2aa2ae76585abdfb0487d796e4620240c32a5e73,89.32258,96.629364,868,success_build,True,True,False,unit fuzzy loss
595,0 1 15 2 3 4 5 6 7 8 9 10 11 12 13 14 16 17 18 19 20 21 22 23,8a2ed20e93fbaae9f8eaf01478573eb4dd36b4a00bd76885ee0e165cf5968d23,883a4dcafc288ce8b0ba5b1ca4bdf01d28800d75c3d2a8dc4ccdd95b3b1e1d24,89.32258,96.629364,868,success_build,True,True,False,unit fuzzy loss
596,0 1 2 15 3 4 5 6 7 8 9 10 11 12 13 14 16 17 18 19 20 21 22 23,5c024f1ae2dc776e1cff0a199a7714f44fc780432f036b88c8516e195198ff50,883a4dcafc288ce8b0ba5b1ca4bdf01d28800d75c3d2a8dc4ccdd95b3b1e1d24,89.32258,96.629364,868,success_build,True,True,False,unit fuzzy loss
597,0 1 2 3 15 4 5 6 7 8 9 10 11 12 13 14 16 17 18 19 20 21 22 23,aaf6f4c106c99189ad838b7b81c51e0478b5e0fa346cde73e67ba4da20d1ce93,883a4dcafc288ce8b0ba5b1ca4bdf01d28800d75c3d2a8dc4ccdd95b3b1e1d24,89.32258,96.629364,868,success_build,True,True,False,unit fuzzy loss
598,0 1 2 3 4 15 5 6 7 8 9 10 11 12 13 14 16 17 18 19 20 21 22 23,fea2011f5a47578761f9b442bf109bbfde1bef9762caa444d18d00648bdbc5cd,883a4dcafc288ce8b0ba5b1ca4bdf01d28800d75c3d2a8dc4ccdd95b3b1e1d24,89.32258,96.629364,868,success_build,True,True,False,unit fuzzy loss
599,0 1 2 3 4 5 15 6 7 8 9 10 11 12 13 14 16 17 18 19 20 21 22 23,edb66f12fb828e716ed40e85d8965750c1806a1b3869dd84cb8f47da37635f6a,08044f18e3c00277e99b4b5b4992a7a67a55a00108927d953b9e3d743dbbc6bf,89.32258,96.629364,868,success_build,True,True,False,unit fuzzy loss
600,0 1 2 3 4 5 6 15 7 8 9 10 11 12 13 14 16 17 18 19 20 21 22 23,2aea97b0eb53c9101a9fd8734d9e125ac4194130e57acc919f087fd1735cb094,08044f18e3c00277e99b4b5b4992a7a67a55a00108927d953b9e3d743dbbc6bf,89.32258,96.629364,868,success_build,True,True,False,unit fuzzy loss
601,0 1 2 3 4 5 6 7 15 8 9 10 11 12 13 14 16 17 18 19 20 21 22 23,b9e7d8d0fe2e823b74f971310b41cb297ad6259b194f033d852d9796ad309b55,08044f18e3c00277e99b4b5b4992a7a67a55a00108927d953b9e3d743dbbc6bf,89.32258,96.629364,868,success_build,True,True,False,unit fuzzy loss
602,0 1 2 3 4 5 6 7 8 15 9 10 11 12 13 14 16 17 18 19 20 21 22 23,1d0c313fe2de4235b8b3dd0614bd0de2127afb00f963c306c202ce8da4799f8e,08044f18e3c00277e99b4b5b4992a7a67a55a00108927d953b9e3d743dbbc6bf,89.32258,96.629364,868,success_build,True,True,False,unit fuzzy loss
603,0 1 2 3 4 5 6 7 8 9 15 10 11 12 13 14 16 17 18 19 20 21 22 23,3ace994adae0ebd08da8d526e9486049c605e08e6e26a3869779c730d58c8d61,08a6ec21bec797a5a35d89b6c04f4bfe2983966d0490292dcd366104ce72834b,89.32258,96.629364,868,success_build,True,True,False,unit fuzzy loss
604,0 1 2 3 4 5 6 7 8 9 10 15 11 12 13 14 16 17 18 19 20 21 22 23,658fc5cfa9ea7abd0ab02265936b7d14fc523e73ea868d6fee39cec05a99c3fc,688e3d356f5462dbff9e64ea7cd63fa38d457b9863c643fbf43b3b850f079fef,89.36866,96.63583,868,success_build,True,True,False,unit fuzzy loss
605,0 1 2 3 4 5 6 7 8 9 10 11 15 12 13 14 16 17 18 19 20 21 22 23,c4ec75ec94125b509e0fbfadef160d1516aa36e52dd5646d274c440fee0ed7ee,a278639d013e4e5e9647238414ed39ca7d04d52eeecffa6ed93b55771b444052,90.43779,96.7859,868,success_build,True,True,False,unit fuzzy loss
606,0 1 2 3 4 5 6 7 8 9 10 11 12 15 13 14 16 17 18 19 20 21 22 23,e148be6e090a1a92a9551b6de52b4e2d8aa6345b9cc5ee5e4a158f60d0c479dc,1b4bfa4b6c8e35b2efb1d0ef4188bb6b97be7c5785c723163eecc577b8ac3efc,90.576035,96.805305,868,success_build,True,True,False,unit fuzzy loss
607,0 1 2 3 4 5 6 7 8 9 10 11 12 13 14 16 17 15 18 19 20 21 22 23,28b2ce91b5dbcce656003f119818dea075f7ab17860e72f70b911af8dd3d9f87,23e1a7e077ca3ac7abf58bbf9e1cbfd15724f8421c43e0f7e6423ee4ef7ff2ac,90.78341,96.83441,868,success_build,True,True,False,unit fuzzy loss
608,0 1 2 3 4 5 6 7 8 9 10 11 12 13 14 16 17 18 15 19 20 21 22 23,bc0e07664c26ea9e25e0051aec2466f673b41df9719b4a71b7db93273cf14195,fff5bdf72468128d95694ea957fbd6ee601bb909a293237ccba59029043e1a50,90.78341,96.83441,868,success_build,True,True,False,unit fuzzy loss
609,0 1 2 3 4 5 6 7 8 9 10 11 12 13 14 16 17 18 19 15 20 21 22 23,47d910285bf8f953e24b46dcf59256be5efa6d5c71c73fae4b0f4eb2c491d7b0,1db94f36cbcba612025fe68933b8c2ce8fa702c222842e438fad451f89e93507,90.82949,96.84088,868,success_build,True,True,False,unit fuzzy loss
610,0 1 2 3 4 5 6 7 8 9 10 11 12 13 14 16 17 18 19 20 15 21 22 23,02fc67329966fac62f96fdec493ce401b42492642f5b373b90ff813fe8841cd4,1db94f36cbcba612025fe68933b8c2ce8fa702c222842e438fad451f89e93507,90.82949,96.84088,868,success_build,True,True,False,unit fuzzy loss
611,0 1 2 3 4 5 6 7 8 9 10 11 12 13 14 16 17 18 19 20 21 15 22 23,45b8d77f2addcb9cd74078a974a1083f455292068eb8d9f3e0405224b601452f,1db94f36cbcba612025fe68933b8c2ce8fa702c222842e438fad451f89e93507,90.82949,96.84088,868,success_build,True,True,False,unit fuzzy loss
612,0 1 2 3 4 5 6 7 8 9 10 11 12 13 14 16 17 18 19 20 21 22 15 23,26e1a25ccbd410daeca753d7c4efe031486eabee5084fbc76b647c359011558c,98dab5bc620683e7e0f738cca9d47605aea4a2ec8e6ac998636a3da42324f366,90.76037,96.83118,868,success_build,True,True,False,unit fuzzy loss
613,0 1 2 3 4 5 6 7 8 9 10 11 12 13 14 16 17 18 19 20 21 22 23 15,f58f1d0119ead482c64d85770bb30ad1e05b92392b708978896b5f309d453f48,cb43912fa3c88770221adad66b93ace8a109ced366f534433548a075615c076e,90.48387,96.792366,868,success_build,True,True,False,unit fuzzy loss
614,16 0 1 2 3 4 5 6 7 8 9 10 11 12 13 14 15 17 18 19 20 21 22 23,c458ca7c62d677a95e8804969340e5cf775f4bdcde8ee57448cc00ac9ec3994d,1da6f3d3fa670bf3a93216b337f107bf9eb7d0634ce5faf632a477f65c3c5bf3,89.16129,96.60673,868,success_build,True,True,False,unit fuzzy loss
615,0 16 1 2 3 4 5 6 7 8 9 10 11 12 13 14 15 17 18 19 20 21 22 23,9b731b6e9ed80ad31bc3abeba360225fe4b62a315d49088dec961c53d344e6a1,3af2fc13b3d8cfba8d59396356e0f000f0f0784b820cb757893c0b2f5782a4c2,89.2765,96.622894,868,success_build,True,True,False,unit fuzzy loss
616,0 1 16 2 3 4 5 6 7 8 9 10 11 12 13 14 15 17 18 19 20 21 22 23,3da29c2315100f2f3ca11a517922535c2fd33dfedb70747f9cabb72cc8e69e70,5420cb01c441491da3e7a1c94ce973efe9370cc6f80e0b861313ec46f8da886d,89.2765,96.622894,868,success_build,True,True,False,unit fuzzy loss
617,0 1 2 16 3 4 5 6 7 8 9 10 11 12 13 14 15 17 18 19 20 21 22 23,03fed815ee3e7356c96af0c53e8c2850ace6657cffa7ff24d9f8bda0b3dc448c,5420cb01c441491da3e7a1c94ce973efe9370cc6f80e0b861313ec46f8da886d,89.2765,96.622894,868,success_build,True,True,False,unit fuzzy loss
618,0 1 2 3 16 4 5 6 7 8 9 10 11 12 13 14 15 17 18 19 20 21 22 23,d0e467bfb57de61b0c3253ab5878e8a3916c0807bfd13b2aa05c43baefb0a5b5,5420cb01c441491da3e7a1c94ce973efe9370cc6f80e0b861313ec46f8da886d,89.2765,96.622894,868,success_build,True,True,False,unit fuzzy loss
619,0 1 2 3 4 16 5 6 7 8 9 10 11 12 13 14 15 17 18 19 20 21 22 23,978c349cb5d6f2e9344333abed76f9637c1ff9ba67a6990d67bf7ef76e66a1e6,5420cb01c441491da3e7a1c94ce973efe9370cc6f80e0b861313ec46f8da886d,89.2765,96.622894,868,success_build,True,True,False,unit fuzzy loss
620,0 1 2 3 4 5 16 6 7 8 9 10 11 12 13 14 15 17 18 19 20 21 22 23,08a296163de114148cf0c0317153af697bbdc8e6734a2ff977031d82c9819d07,60079737c2767ca315ec70d69c8ace367f04afeb0c62767a23e9522b1a37a74e,89.2765,96.622894,868,success_build,True,True,False,unit fuzzy loss
621,0 1 2 3 4 5 6 16 7 8 9 10 11 12 13 14 15 17 18 19 20 21 22 23,01630115715d716c9d9e9206ef9367b6641e4587f866a68464aa3066bd3d595d,60079737c2767ca315ec70d69c8ace367f04afeb0c62767a23e9522b1a37a74e,89.2765,96.622894,868,success_build,True,True,False,unit fuzzy loss
622,0 1 2 3 4 5 6 7 16 8 9 10 11 12 13 14 15 17 18 19 20 21 22 23,5aee1077ee8a5d8e6898415c94b645bf2018f226d84c179ea76fe8ddf12f1409,60079737c2767ca315ec70d69c8ace367f04afeb0c62767a23e9522b1a37a74e,89.2765,96.622894,868,success_build,True,True,False,unit fuzzy loss
623,0 1 2 3 4 5 6 7 8 16 9 10 11 12 13 14 15 17 18 19 20 21 22 23,06c5ff897f51b3669978ad99600798bea202eab99e34ad3ab369ac3265bb28c5,60079737c2767ca315ec70d69c8ace367f04afeb0c62767a23e9522b1a37a74e,89.2765,96.622894,868,success_build,True,True,False,unit fuzzy loss
624,0 1 2 3 4 5 6 7 8 9 16 10 11 12 13 14 15 17 18 19 20 21 22 23,f134e84ff6d518ec9626508c509747aeed88c36b05b2cc8fac8f875dc27a6dff,7b4ce8782aed38fad40b14bb3cac004cb5fcce1830fb01ca7a1ffce0236313cf,89.2765,96.622894,868,success_build,True,True,False,unit fuzzy loss
625,0 1 2 3 4 5 6 7 8 9 10 16 11 12 13 14 15 17 18 19 20 21 22 23,7ddea88639aab60b6fd01bf33d1d43bb428c0c477eb272e5e479e09dd392e6cd,ea8164879addcf574c99c94c40df9b9a4fcd4027ed0f06f0c4af65dd808bdbbc,89.32258,96.629364,868,success_build,True,True,False,unit fuzzy loss
626,0 1 2 3 4 5 6 7 8 9 10 11 16 12 13 14 15 17 18 19 20 21 22 23,e987b531c5fd8b54380bd76e95afbff11bd09b8873c5f93da32bc0059652860c,1e57854b9bb6597b09fb583b606a515d8ad75c06e8bce139948764c13d3d798b,90.39171,96.779434,868,success_build,True,True,False,unit fuzzy loss
627,0 1 2 3 4 5 6 7 8 9 10 11 12 16 13 14 15 17 18 19 20 21 22 23,0354ddd52ad92e2f9873eb5eb5b70d9a915b28048cac9ebae4b864d26f0c5564,03c2368c4f17dfb3784ba1522672df723baeb0444e5a07110ed2a23228439426,90.52995,96.798836,868,success_build,True,True,False,unit fuzzy loss
628,0 1 2 3 4 5 6 7 8 9 10 11 12 13 16 14 15 17 18 19 20 21 22 23,0e90c7025291dd5e293eaa0017a7509421db1e8c661bea5d2934a10a27d6d2e4,8e12a1888354ee38c2eef90c1af10397f17c216c10c912ead94227c70ec8541f,90.668205,96.81824,868,success_build,True,True,False,unit fuzzy loss
629,0 1 2 3 4 5 6 7 8 9 10 11 12 13 14 15 17 18 16 19 20 21 22 23,e51016ac8d6463234c573edff31fadd0d2c05e374fca7907a21088673ad13df4,029bca4a7b9ebd831b1489c29a832457b0e28706d5ce7f557ab6745b2f7cbdd4,90.85253,96.84412,868,success_build,True,True,False,unit fuzzy loss
630,0 1 2 3 4 5 6 7 8 9 10 11 12 13 14 15 17 18 19 16 20 21 22 23,1610423f22fa63ab89e08f57a6d23d18aac631f1e4ba17ca14cd5f72063e707e,3b973caddb8b58ebd7faff06f721fede314bb7e923a464a0bdf28a5002280531,90.89862,96.850586,868,success_build,True,True,True,
631,0 1 2 3 4 5 6 7 8 9 10 11 12 13 14 15 17 18 19 20 16 21 22 23,efd54fad5af6b4f7c43311a74cf870dada3b407dc9d12af7132c479137b789ee,3b973caddb8b58ebd7faff06f721fede314bb7e923a464a0bdf28a5002280531,90.89862,96.850586,868,success_build,True,True,True,
632,0 1 2 3 4 5 6 7 8 9 10 11 12 13 14 15 17 18 19 20 21 16 22 23,1e13db7ea1a85d125854cdec08ba991153f74c980f42abb667bed9ea544b5ead,3b973caddb8b58ebd7faff06f721fede314bb7e923a464a0bdf28a5002280531,90.89862,96.850586,868,success_build,True,True,True,
633,0 1 2 3 4 5 6 7 8 9 10 11 12 13 14 15 17 18 19 20 21 22 16 23,59384b89b0226f7babdb0bf09502671e249434ec9e30c845f3ab2bebcb1fff7e,8411b323685aa2f09a1883dac27fdb8c25d63fe559d6154a308ba2f7c64a6072,90.82949,96.84088,868,success_build,True,True,False,unit fuzzy loss
634,0 1 2 3 4 5 6 7 8 9 10 11 12 13 14 15 17 18 19 20 21 22 23 16,573d624ea980d2beb319bd49d61a48a38970331490711b5b025422e778f3845f,447ef62c4ca3fa7db49a65cfc7a329b7ddc54ffc2094f983d95a94dfc2edfbd7,90.55299,96.80207,868,success_build,True,True,False,unit fuzzy loss
635,17 0 1 2 3 4 5 6 7 8 9 10 11 12 13 14 15 16 18 19 20 21 22 23,283bbaf615ffeac079ec69a5f5003595c71ac9e42f1b28e7e9d3a7d193e2d28b,e1f0cdd564c1dd8d9b397988eb42ffe2c0cbc81a5293e0b5f387071374aa5b4c,88.95392,96.57762,868,success_build,True,True,False,unit fuzzy loss
636,0 17 1 2 3 4 5 6 7 8 9 10 11 12 13 14 15 16 18 19 20 21 22 23,8587b25bc747c1343effb34f31d0cb699d3dd1611ef4cdcc0292a6659bd43145,2065049379906f165cb80054574a6426ef27c08292338bdb3dc31eed3992ba2f,89.06912,96.59379,868,success_build,True,True,False,unit fuzzy loss
637,0 1 17 2 3 4 5 6 7 8 9 10 11 12 13 14 15 16 18 19 20 21 22 23,993d3271d0db38224ea83669c1204d25a57c9a78d8982ab6f0fdaf1deaabb7ba,69fa846612872712fc4b6bc645f17e46fcfa4f6b55b0dfdae7bfc7fff746fa3f,89.06912,96.59379,868,success_build,True,True,False,unit fuzzy loss
638,0 1 2 17 3 4 5 6 7 8 9 10 11 12 13 14 15 16 18 19 20 21 22 23,c868528d03542153a6ab53b26b29bb81aeeb096230a54ecf3357bdac9cd34692,69fa846612872712fc4b6bc645f17e46fcfa4f6b55b0dfdae7bfc7fff746fa3f,89.06912,96.59379,868,success_build,True,True,False,unit fuzzy loss
639,0 1 2 3 17 4 5 6 7 8 9 10 11 12 13 14 15 16 18 19 20 21 22 23,27faf6c03219bdde8a5588088d55eaf5ca26e0c9e0d87771c9bfae075f4e5c39,69fa846612872712fc4b6bc645f17e46fcfa4f6b55b0dfdae7bfc7fff746fa3f,89.06912,96.59379,868,success_build,True,True,False,unit fuzzy loss
640,0 1 2 3 4 17 5 6 7 8 9 10 11 12 13 14 15 16 18 19 20 21 22 23,508fb1c23870173276925074445accfedc6a0692c9f7fd1f2e75bf7abd4152ff,69fa846612872712fc4b6bc645f17e46fcfa4f6b55b0dfdae7bfc7fff746fa3f,89.06912,96.59379,868,success_build,True,True,False,unit fuzzy loss
641,0 1 2 3 4 5 17 6 7 8 9 10 11 12 13 14 15 16 18 19 20 21 22 23,4060b332c8a84966d2ec30046ed8efcb72730bcd42342c33f73a8a6da6e05e25,726816cec3c318e55cffe9f7da132e7baf86319af41adc50d0edf5bc59a97ab5,89.06912,96.59379,868,success_build,True,True,False,unit fuzzy loss
642,0 1 2 3 4 5 6 17 7 8 9 10 11 12 13 14 15 16 18 19 20 21 22 23,23fa3546fd7a8c7b8098fa9043dc11a20502aa7376c9bc9f3fcbcadc60751afd,726816cec3c318e55cffe9f7da132e7baf86319af41adc50d0edf5bc59a97ab5,89.06912,96.59379,868,success_build,True,True,False,unit fuzzy loss
643,0 1 2 3 4 5 6 7 17 8 9 10 11 12 13 14 15 16 18 19 20 21 22 23,1987b639b01ece850ce05b0de1aaec0f784915a64b84a202890be654e6b630f1,726816cec3c318e55cffe9f7da132e7baf86319af41adc50d0edf5bc59a97ab5,89.06912,96.59379,868,success_build,True,True,False,unit fuzzy loss
644,0 1 2 3 4 5 6 7 8 17 9 10 11 12 13 14 15 16 18 19 20 21 22 23,d0eec56751908cfd40749ba63fe7de55c0094d9ed2426ef2449e3cc1a6f1c94a,726816cec3c318e55cffe9f7da132e7baf86319af41adc50d0edf5bc59a97ab5,89.06912,96.59379,868,success_build,True,True,False,unit fuzzy loss
645,0 1 2 3 4 5 6 7 8 9 17 10 11 12 13 14 15 16 18 19 20 21 22 23,0d66f69fe3224904df5f46caa79553dce933c7fec2c035fe6bfb236b34a41348,0a5c5aa16a3c08730c210d6de1a07d36a06ca48b72507ad85cebe1d7ecb5867d,89.06912,96.59379,868,success_build,True,True,False,unit fuzzy loss
646,0 1 2 3 4 5 6 7 8 9 10 17 11 12 13 14 15 16 18 19 20 21 22 23,52fc41586c8d10bf4aa807e07b84db1ed3e42332c77520acc0cdbd132d457ba7,ecf66659333bd6cfdeefdf8f809512d7990ab11e23b41961ba7c91d2b82fc55d,89.115204,96.60026,868,success_build,True,True,False,unit fuzzy loss
647,0 1 2 3 4 5 6 7 8 9 10 11 17 12 13 14 15 16 18 19 20 21 22 23,2365995d9839e05725cfe603ad652874af463d93f1d19d01b33954861606763e,0a2ddf2678a0f4941cc7d5eab2d4188087cc4e4b6d03cb6eedc384e3b8974815,90.39171,96.779434,868,success_build,True,True,False,unit fuzzy loss
648,0 1 2 3 4 5 6 7 8 9 10 11 12 17 13 14 15 16 18 19 20 21 22 23,72cb9c460f649f10b122abcd5a7abc9e6704e0622f601edd78a8ef5f2086eaf4,9f1b842666292403d9139eac2adb9e52e55ab9582cdc366eb31fb2e291108e60,90.52995,96.798836,868,success_build,True,True,False,unit fuzzy loss
649,0 1 2 3 4 5 6 7 8 9 10 11 12 13 17 14 15 16 18 19 20 21 22 23,52e61fbb00ed9986e77995a91dff8f14adbe402fb277b2e3a147446c530c5291,a0f70103d0a8b53c97f478a7fb2d602ed205c8ae5a1ef387a4f8dbd82f8aaddd,90.668205,96.81824,868,success_build,True,True,False,unit fuzzy loss
650,0 1 2 3 4 5 6 7 8 9 10 11 12 13 14 17 15 16 18 19 20 21 22 23,9f8ecae5cb82243e205c9ada8bd797e7b3b398bf36cd294271da7cc500923d88,aaca74caa799f826b8a8462610052f32429f5614e02c2b0b31614c4bff520ef8,90.78341,96.83441,868,success_build,True,True,False,unit fuzzy loss
651,0 1 2 3 4 5 6 7 8 9 10 11 12 13 14 15 16 18 19 17 20 21 22 23,70ac7a193739faee062ac87cbf4f4e750aa8cab7be4c02d2638bfff4684930a1,c920429194c8d2d5a9036e215b979fc3638786defd06f36bc516e5cbc8679ff7,91.013824,96.86675,868,success_build,True,True,True,
652,0 1 2 3 4 5 6 7 8 9 10 11 12 13 14 15 16 18 19 20 17 21 22 23,513c2a2e447f76db56ebe962ac86efee814cf5f0a56bff57d8954f39f5d48728,c920429194c8d2d5a9036e215b979fc3638786defd06f36bc516e5cbc8679ff7,91.013824,96.86675,868,success_build,True,True,True,
653,0 1 2 3 4 5 6 7 8 9 10 11 12 13 14 15 16 18 19 20 21 17 22 23,d927760dbc38206649f2da0cfc3f5b82bfd43534404c3e716b31ec98d2ff8d6c,c920429194c8d2d5a9036e215b979fc3638786defd06f36bc516e5cbc8679ff7,91.013824,96.86675,868,success_build,True,True,True,
654,0 1 2 3 4 5 6 7 8 9 10 11 12 13 14 15 16 18 19 20 21 22 17 23,dc50a8d5bcd31a9e3f6368f0c855551bb02592d72cb17c3254893f506ff3d74e,07de47e9b5396ea44aceeba61ac7b0a68bbcc16b834587155c97f05c6d04d161,90.82949,96.84088,868,success_build,True,True,False,unit fuzzy loss
655,0 1 2 3 4 5 6 7 8 9 10 11 12 13 14 15 16 18 19 20 21 22 23 17,5fa5ec919f4572ecb71cd5591cd069223f033ff3348dc43db17c1563811480bc,9df94a0d86378281edc26304c8ceec5a3e6260e6f0b4813a197cd6cc6c48255c,90.691246,96.82147,868,success_build,True,True,False,unit fuzzy loss
656,18 0 1 2 3 4 5 6 7 8 9 10 11 12 13 14 15 16 17 19 20 21 22 23,6e557ab19643c97268a86c3088b1766c221837e52080c4b501072cb10fa23792,d02bc1061f51297a310247fa4e9ca0925418159e06c17fda8e5756a0cc059501,89.230415,96.61643,868,success_build,True,True,False,unit fuzzy loss
657,0 18 1 2 3 4 5 6 7 8 9 10 11 12 13 14 15 16 17 19 20 21 22 23,abc32c9a4d969fdadc70dfcd5eaaa59492a9811d0889c119f6a1926c66b2628a,6218cd580d68cb127fb3ae4800aa0ee87782885ed28703a951c45cc77ed6aaeb,89.46083,96.64877,868,success_build,True,True,False,unit fuzzy loss
658,0 1 18 2 3 4 5 6 7 8 9 10 11 12 13 14 15 16 17 19 20 21 22 23,4fdad292651c1e4e4732dc8f917c11ab79c3a8c30bb8cccb953756e339f8042d,72aaf4e116fa058b01cb3d0a1ac4ba7b9c59e88b1eb85224428890d4d5788867,89.34562,96.6326,868,success_build,True,True,False,unit fuzzy loss
659,0 1 2 18 3 4 5 6 7 8 9 10 11 12 13 14 15 16 17 19 20 21 22 23,f22688a23f1da51a6745f67d415ff779b8a5cef3519fe2776a0ba141c33ecb26,72aaf4e116fa058b01cb3d0a1ac4ba7b9c59e88b1eb85224428890d4d5788867,89.34562,96.6326,868,success_build,True,True,False,unit fuzzy loss
660,0 1 2 3 18 4 5 6 7 8 9 10 11 12 13 14 15 16 17 19 20 21 22 23,5973a0c2e2e7af5d0056a106fa659089f7a4cafad01e0a9f2a48c49ccdb854cf,72aaf4e116fa058b01cb3d0a1ac4ba7b9c59e88b1eb85224428890d4d5788867,89.34562,96.6326,868,success_build,True,True,False,unit fuzzy loss
661,0 1 2 3 4 18 5 6 7 8 9 10 11 12 13 14 15 16 17 19 20 21 22 23,32024a3765252b0b4ea5518b1bd11fb548909aba307efed8475e11110049bae8,72aaf4e116fa058b01cb3d0a1ac4ba7b9c59e88b1eb85224428890d4d5788867,89.34562,96.6326,868,success_build,True,True,False,unit fuzzy loss
662,0 1 2 3 4 5 18 6 7 8 9 10 11 12 13 14 15 16 17 19 20 21 22 23,d49f7edeef8ffa52f96ff4d7c21191bac823d354e9659221e7bd4e79f1ab5b88,c6c3b8f14b685a6a2d269fb901dbcd284e9785b948a4af13eea0b36c9a34b1e9,89.34562,96.6326,868,success_build,True,True,False,unit fuzzy loss
663,0 1 2 3 4 5 6 18 7 8 9 10 11 12 13 14 15 16 17 19 20 21 22 23,15cf09abed1d7a0adb56fd7f3c08bb22f6287f2991f1c48696bf387c8172590f,c6c3b8f14b685a6a2d269fb901dbcd284e9785b948a4af13eea0b36c9a34b1e9,89.34562,96.6326,868,success_build,True,True,False,unit fuzzy loss
664,0 1 2 3 4 5 6 7 18 8 9 10 11 12 13 14 15 16 17 19 20 21 22 23,e82093f8f8a1e87eae82f1637265e16d8facf8cdb295130331a6c233a89456ad,c6c3b8f14b685a6a2d269fb901dbcd284e9785b948a4af13eea0b36c9a34b1e9,89.34562,96.6326,868,success_build,True,True,False,unit fuzzy loss
665,0 1 2 3 4 5 6 7 8 18 9 10 11 12 13 14 15 16 17 19 20 21 22 23,b0717f3a8da3d6e82ea76c4db2c010cd9494937af1629e01c9c379eae1509405,c6c3b8f14b685a6a2d269fb901dbcd284e9785b948a4af13eea0b36c9a34b1e9,89.34562,96.6326,868,success_build,True,True,False,unit fuzzy loss
666,0 1 2 3 4 5 6 7 8 9 18 10 11 12 13 14 15 16 17 19 20 21 22 23,1d2b5e0c02bc49655dab779722d076a0e94062370de3288569d5626fcc828ca7,d6a1dd86a482461e44f4f1eea20b6d8acae4fd17f45e0f4734c504569e377a24,89.34562,96.6326,868,success_build,True,True,False,unit fuzzy loss
667,0 1 2 3 4 5 6 7 8 9 10 18 11 12 13 14 15 16 17 19 20 21 22 23,a7c7cc92b9abfe0331731d2449d306542ce2226b7448f983222eeb295c30603c,abd3c2885ae9ad1006bca0ea6bd819ba0be79a6fbcf302a41ffb48f0ef54fb3f,89.39171,96.63907,868,success_build,True,True,False,unit fuzzy loss
668,0 1 2 3 4 5 6 7 8 9 10 11 18 12 13 14 15 16 17 19 20 21 22 23,306c11ddb18d954ba74f00b0de6cbb0f4c29890e9af381fc5a5072d52b948937,1c849eae037d135f1bc172e939b8d796618821a384673ed20be5889757a064b9,90.46083,96.78913,868,success_build,True,True,False,unit fuzzy loss
669,0 1 2 3 4 5 6 7 8 9 10 11 12 18 13 14 15 16 17 19 20 21 22 23,cdf3ce5ff0f258f9b72a75a38367c6ac5913ca3fb5be83d4ea3732e43da89c6c,9c9e26e429c0ee91d007491081b3aae364b29b7cbd04642e17780362def4091c,90.599075,96.80854,868,success_build,True,True,False,unit fuzzy loss
670,0 1 2 3 4 5 6 7 8 9 10 11 12 13 18 14 15 16 17 19 20 21 22 23,e05dc8b5dc89cfcfcc2907a31ed26ae7656887a450745164ce2607f3cf9d37d7,20509dc0e2a5d2680d43a398c47d8e9272fd981d607ec2c03e613bb0a8eb9402,90.73733,96.82794,868,success_build,True,True,False,unit fuzzy loss
671,0 1 2 3 4 5 6 7 8 9 10 11 12 13 14 18 15 16 17 19 20 21 22 23,df22c0c16dae90a4b15c2cad81efc3074be9495922755b3956795b17fd0ca00b,7178b3dadb1d2e37ed3014a8fb51b50868407c622af7b2fc76386da0e9f41d64,90.85253,96.84412,868,success_build,True,True,False,unit fuzzy loss
672,0 1 2 3 4 5 6 7 8 9 10 11 12 13 14 15 18 16 17 19 20 21 22 23,c8c6ab013819487128681d1d0bdcb3ddd2a1888ae7e14f42b4c6ecc09de479f0,7d06687d5481266268f9cd09fe0e75bd33717d6fdc49e55f7ebb097201e4c72f,90.92166,96.85381,868,success_build,True,True,True,
673,0 1 2 3 4 5 6 7 8 9 10 11 12 13 14 15 16 17 19 20 18 21 22 23,db037b15834812761b1c398932e40dc431a76ea236bd62c95c5e2253647d5b60,188f91d1b8e2df6aabba257205a591f5216c09944479b15ee444300d019253cc,90.9447,96.85705,868,success_build,True,True,True,
674,0 1 2 3 4 5 6 7 8 9 10 11 12 13 14 15 16 17 19 20 21 18 22 23,0d2ce3b4ff4d02bdb22ca0efa08226a7bbd13ab3966371887d7352b776480e8a,188f91d1b8e2df6aabba257205a591f5216c09944479b15ee444300d019253cc,90.9447,96.85705,868,success_build,True,True,True,
675,0 1 2 3 4 5 6 7 8 9 10 11 12 13 14 15 16 17 19 20 21 22 18 23,88a3e5d2185184128467403535147ca738d6f37b9400b4fcc6e14a413a075799,b99cfda465f48ec14f53f60a7ccb45c2cac026ef5f31b84adb26d30aad972c96,90.87558,96.84735,868,success_build,True,True,False,unit fuzzy loss
676,0 1 2 3 4 5 6 7 8 9 10 11 12 13 14 15 16 17 19 20 21 22 23 18,e32459f86efddc0e7f79c6230e6ccf7ef2a7ee081ff99aecd25b6d63fdb9b087,b10db263d8e8448600c818641ea24d605f09f2b9da725e4d570bbf84c23a4566,90.599075,96.80854,868,success_build,True,True,False,unit fuzzy loss
677,19 0 1 2 3 4 5 6 7 8 9 10 11 12 13 14 15 16 17 18 20 21 22 23,42bb4ca39304296cf124726ef3fb2023f54f885361a6855bd8669d8edf7f2ab3,3f3d8c5bccc889d2a1742ad65cd4dc5f9cce81bedc929909c9938c45676969cc,88.86175,96.56468,868,success_build,True,True,False,unit fuzzy loss
678,0 19 1 2 3 4 5 6 7 8 9 10 11 12 13 14 15 16 17 18 20 21 22 23,72e3e7e53a44ff9fe3ff2baa34df1363364f15bdd0521abb7700625ed13d2342,94da341c773e67f3ca12d361c691b6a4f9dfeb22a7c11c3ff69505a9942924eb,88.97696,96.58086,868,success_build,True,True,False,unit fuzzy loss
679,0 1 19 2 3 4 5 6 7 8 9 10 11 12 13 14 15 16 17 18 20 21 22 23,1d97df1b76613c5d21e72ded65d7a693a845eead1db821db7fcbbcafa27b8200,7f88b8eca302e0cc3fa9724b8cc0c4864029645c5f0c6bb2421305a91bc693ee,88.97696,96.58086,868,success_build,True,True,False,unit fuzzy loss
680,0 1 2 19 3 4 5 6 7 8 9 10 11 12 13 14 15 16 17 18 20 21 22 23,0dbde607334ef4a557ccfb6ed0fbdb3ecf35fa369637309e611acaf5296a0b66,7f88b8eca302e0cc3fa9724b8cc0c4864029645c5f0c6bb2421305a91bc693ee,88.97696,96.58086,868,success_build,True,True,False,unit fuzzy loss
681,0 1 2 3 19 4 5 6 7 8 9 10 11 12 13 14 15 16 17 18 20 21 22 23,de114a3be8847b7608b18a06deef3f5766f0d1aacf5b731f2a23f6fd68236ba4,7f88b8eca302e0cc3fa9724b8cc0c4864029645c5f0c6bb2421305a91bc693ee,88.97696,96.58086,868,success_build,True,True,False,unit fuzzy loss
682,0 1 2 3 4 19 5 6 7 8 9 10 11 12 13 14 15 16 17 18 20 21 22 23,b7c7b73f4bdc69a3c20bcd483a99eeed93a40c7da2cb08592db4af5341b781b7,7f88b8eca302e0cc3fa9724b8cc0c4864029645c5f0c6bb2421305a91bc693ee,88.97696,96.58086,868,success_build,True,True,False,unit fuzzy loss
683,0 1 2 3 4 5 19 6 7 8 9 10 11 12 13 14 15 16 17 18 20 21 22 23,9635cbaf75968aaecca7ab2beab271b6b31a862f8729fac8476f1daf344f9bbc,905b75a0d0129dc8376e1d41d2297571484394fc074f7a34281aa2a388c3c9c8,89.18433,96.60996,868,success_build,True,True,False,unit fuzzy loss
684,0 1 2 3 4 5 6 19 7 8 9 10 11 12 13 14 15 16 17 18 20 21 22 23,2c81ec4a621546100c3f70b3920d80a777c834470332bf651466c0c849dcef6f,905b75a0d0129dc8376e1d41d2297571484394fc074f7a34281aa2a388c3c9c8,89.18433,96.60996,868,success_build,True,True,False,unit fuzzy loss
685,0 1 2 3 4 5 6 7 19 8 9 10 11 12 13 14 15 16 17 18 20 21 22 23,a47c0f539ef755e9715e1f5106fb4fbf826285528bcc9ea264e1777c00328f8d,905b75a0d0129dc8376e1d41d2297571484394fc074f7a34281aa2a388c3c9c8,89.18433,96.60996,868,success_build,True,True,False,unit fuzzy loss
686,0 1 2 3 4 5 6 7 8 19 9 10 11 12 13 14 15 16 17 18 20 21 22 23,11880226fd37db518eeda73a745f3378204321e49e7984e26462c747978b2577,905b75a0d0129dc8376e1d41d2297571484394fc074f7a34281aa2a388c3c9c8,89.18433,96.60996,868,success_build,True,True,False,unit fuzzy loss
687,0 1 2 3 4 5 6 7 8 9 19 10 11 12 13 14 15 16 17 18 20 21 22 23,c890e19eaaea3412d05dc7c627d271ca6f1da7101192fe0fa1da2bbaa4244d4c,1b8a7f174ce36871c99d2e9d4061f9c1cedfa95471711540f28dbf216a179cd1,88.97696,96.58086,868,success_build,True,True,False,unit fuzzy loss
688,0 1 2 3 4 5 6 7 8 9 10 19 11 12 13 14 15 16 17 18 20 21 22 23,870e2b671cdb7415e11c3920a3f25ed2ff0d8e9a5f56b4c2cbffe8a1b875bad2,bd8202fc2b763c29c675a51cebe3cde554c35fabf679c1c037b4d41299ee3244,89.02304,96.58732,868,success_build,True,True,False,unit fuzzy loss
689,0 1 2 3 4 5 6 7 8 9 10 11 19 12 13 14 15 16 17 18 20 21 22 23,834ce7b320864fcf30888b341d1ab74ffb936ae0da260e4000619a8823cde26a,86011d2908ba025ebf823824cbbe777a84525b0ee8db4e9feb0c27ec238cec53,90.41475,96.78266,868,success_build,True,True,False,unit fuzzy loss
690,0 1 2 3 4 5 6 7 8 9 10 11 12 19 13 14 15 16 17 18 20 21 22 23,df80b8940d08c00fa74870d60d90ed0bc2f1df4e60228a68b473fc19c079e796,48da01df4b1eea81eac4efff1c0845ecaa9973385ac782b5c4bdbb7c42d3fded,90.55299,96.80207,868,success_build,True,True,False,unit fuzzy loss
691,0 1 2 3 4 5 6 7 8 9 10 11 12 13 19 14 15 16 17 18 20 21 22 23,69d66be7c8bf39611a103c7a3e24bb3faeb62033bf710f4d8226ff297c285543,cfd468edae3652b3e05a5b3e6987807ef3d1c595f78d5b1d313e6af0552d684d,90.691246,96.82147,868,success_build,True,True,False,unit fuzzy loss
692,0 1 2 3 4 5 6 7 8 9 10 11 12 13 14 19 15 16 17 18 20 21 22 23,f40c01a90815018f79a3cc918d88d34d7653958d8140b8b0db97965afc207ab9,b5b0bf2cdc8b4d02c8463265d48e117e3b3c2bba7caabf51e3b0060052c13751,90.80645,96.83765,868,success_build,True,True,False,unit fuzzy loss
693,0 1 2 3 4 5 6 7 8 9 10 11 12 13 14 15 19 16 17 18 20 21 22 23,a3a660e1354be2e221dfee293c60ebb435727fd0bc643f18bca3eddea25b432f,817533a66cb9267480e6ad59acbd9c8eecbc3655a43a54835fae0dcf603fd17d,90.87558,96.84735,868,success_build,True,True,False,unit fuzzy loss
694,0 1 2 3 4 5 6 7 8 9 10 11 12 13 14 15 16 19 17 18 20 21 22 23,aa4cf8c3163d2a84feb7b2d32225c59f9035799c2668069fd7c418118ed9f6f7,4b9263372a370fe12a363acf0beebac883669e9c99db6190560348c51b39aba9,90.92166,96.85381,868,success_build,True,True,True,
695,0 1 2 3 4 5 6 7 8 9 10 11 12 13 14 15 16 17 18 20 21 19 22 23,80a6566ac2dc2a31d4dfb51a53c6af9b669d6c8b9464206d18d30cdf984b5bbb,f82e514864af9c85e1857e2fd59bfd976deb0aba1f651662b322730ced490ad6,90.89862,96.850586,868,success_build,True,True,True,
696,0 1 2 3 4 5 6 7 8 9 10 11 12 13 14 15 16 17 18 20 21 22 19 23,3a60b26fecabc3b6c9ca7a21e6665df8384b512539b21e70e57e824194cfe967,de3677dfe3572fe0f8b7779ce15173adc0bb7fb2314cc4d9a392879bb99c0362,90.73733,96.82794,868,success_build,True,True,False,unit fuzzy loss
697,0 1 2 3 4 5 6 7 8 9 10 11 12 13 14 15 16 17 18 20 21 22 23 19,feb1d0c7959dfc49e8b6030d82f6b55ea253fac5d4b6fd7af434a2098cee7035,b5922efa82e21c9e58309dfbea87991b712fbdcbc3cf572df423588077d51393,90.599075,96.80854,868,success_build,True,True,False,unit fuzzy loss
698,20 0 1 2 3 4 5 6 7 8 9 10 11 12 13 14 15 16 17 18 19 21 22 23,d4d4dd102d1eae192ce2b592895cca85b6b9ca2826defbd8081435304c27ee33,f82e514864af9c85e1857e2fd59bfd976deb0aba1f651662b322730ced490ad6,90.89862,96.850586,868,success_build,True,True,True,
699,0 20 1 2 3 4 5 6 7 8 9 10 11 12 13 14 15 16 17 18 19 21 22 23,32bd2b4cebdfd36eb948fc29e996db3f63284cf0a9c24844af5acec38e4470f7,f82e514864af9c85e1857e2fd59bfd976deb0aba1f651662b322730ced490ad6,90.89862,96.850586,868,success_build,True,True,True,
700,0 1 20 2 3 4 5 6 7 8 9 10 11 12 13 14 15 16 17 18 19 21 22 23,5b23258407eac61cb7dad12d5675b669435b396685bdc749b6bdb9273cc58240,f82e514864af9c85e1857e2fd59bfd976deb0aba1f651662b322730ced490ad6,90.89862,96.850586,868,success_build,True,True,True,
701,0 1 2 20 3 4 5 6 7 8 9 10 11 12 13 14 15 16 17 18 19 21 22 23,da904ba3db36818ce153e6b081189e9fdaf50a6f3f4f8fa8d326aa28a288439a,f82e514864af9c85e1857e2fd59bfd976deb0aba1f651662b322730ced490ad6,90.89862,96.850586,868,success_build,True,True,True,
702,0 1 2 3 20 4 5 6 7 8 9 10 11 12 13 14 15 16 17 18 19 21 22 23,4cf0eb76463bcbcb044118f4c12cc9f63b96af953814f76e2a539a0513900433,f82e514864af9c85e1857e2fd59bfd976deb0aba1f651662b322730ced490ad6,90.89862,96.850586,868,success_build,True,True,True,
703,0 1 2 3 4 20 5 6 7 8 9 10 11 12 13 14 15 16 17 18 19 21 22 23,40c2749ad5fa8e8a0252a24bb0d175dc7eec7d1986b75e03c008fb4105be474d,f82e514864af9c85e1857e2fd59bfd976deb0aba1f651662b322730ced490ad6,90.89862,96.850586,868,success_build,True,True,True,
704,0 1 2 3 4 5 20 6 7 8 9 10 11 12 13 14 15 16 17 18 19 21 22 23,886f3b5a88584fe23799d9acca9ae248edea0fdaf3879aa229f2cad618022f3d,f82e514864af9c85e1857e2fd59bfd976deb0aba1f651662b322730ced490ad6,90.89862,96.850586,868,success_build,True,True,True,
705,0 1 2 3 4 5 6 20 7 8 9 10 11 12 13 14 15 16 17 18 19 21 22 23,c823e0e8eff4d16ec4f7de4914bf57e515c566b3fcee9161fd84447e7cfeb3df,f82e514864af9c85e1857e2fd59bfd976deb0aba1f651662b322730ced490ad6,90.89862,96.850586,868,success_build,True,True,True,
706,0 1 2 3 4 5 6 7 20 8 9 10 11 12 13 14 15 16 17 18 19 21 22 23,69eb6fd802574251b4f0974973edfb805699c6e6a3e3d9a51f19cd3188482994,f82e514864af9c85e1857e2fd59bfd976deb0aba1f651662b322730ced490ad6,90.89862,96.850586,868,success_build,True,True,True,
707,0 1 2 3 4 5 6 7 8 20 9 10 11 12 13 14 15 16 17 18 19 21 22 23,c1b121b3d51093417397458614cba435bf15b8a534250e3b50434c12c5bdf6cd,f82e514864af9c85e1857e2fd59bfd976deb0aba1f651662b322730ced490ad6,90.89862,96.850586,868,success_build,True,True,True,
708,0 1 2 3 4 5 6 7 8 9 20 10 11 12 13 14 15 16 17 18 19 21 22 23,98452278785e3c5e44bf2d0b31dbf311d023cda7d5e4caed79900efa7c16ff41,f82e514864af9c85e1857e2fd59bfd976deb0aba1f651662b322730ced490ad6,90.89862,96.850586,868,success_build,True,True,True,
709,0 1 2 3 4 5 6 7 8 9 10 20 11 12 13 14 15 16 17 18 19 21 22 23,26b6599a02328c66808a578036e6c5c8cbefc5c26585ab0d372b3b16cd1bee6f,f82e514864af9c85e1857e2fd59bfd976deb0aba1f651662b322730ced490ad6,90.89862,96.850586,868,success_build,True,True,True,
710,0 1 2 3 4 5 6 7 8 9 10 11 20 12 13 14 15 16 17 18 19 21 22 23,083845786d735059179d9c7b640cc9ed5209f0c740344601c11428f70ae9fc6c,f82e514864af9c85e1857e2fd59bfd976deb0aba1f651662b322730ced490ad6,90.89862,96.850586,868,success_build,True,True,True,
711,0 1 2 3 4 5 6 7 8 9 10 11 12 20 13 14 15 16 17 18 19 21 22 23,fc1cbf7633672e817e0423032006267cda018a58d6e8e15d640ec7396296033e,f82e514864af9c85e1857e2fd59bfd976deb0aba1f651662b322730ced490ad6,90.89862,96.850586,868,success_build,True,True,True,
712,0 1 2 3 4 5 6 7 8 9 10 11 12 13 20 14 15 16 17 18 19 21 22 23,d6fcc22f7142c4b2a2c2b82829f61aaacac0916baa6076c6c92f2852cecdc615,f82e514864af9c85e1857e2fd59bfd976deb0aba1f651662b322730ced490ad6,90.89862,96.850586,868,success_build,True,True,True,
713,0 1 2 3 4 5 6 7 8 9 10 11 12 13 14 20 15 16 17 18 19 21 22 23,89f697c69066d950b3810a1968fc8c5fb5867abb05ca9148370bc74cc8c64df7,f82e514864af9c85e1857e2fd59bfd976deb0aba1f651662b322730ced490ad6,90.89862,96.850586,868,success_build,True,True,True,
714,0 1 2 3 4 5 6 7 8 9 10 11 12 13 14 15 20 16 17 18 19 21 22 23,9a292c3f8063e078b7399e8bc5794e28f8c91de911c9903108a9366ad577affc,f82e514864af9c85e1857e2fd59bfd976deb0aba1f651662b322730ced490ad6,90.89862,96.850586,868,success_build,True,True,True,
715,0 1 2 3 4 5 6 7 8 9 10 11 12 13 14 15 16 20 17 18 19 21 22 23,69b64ea5632810e7fd0a649fe1edba094b09899d5ad7535ea81c7e1432c117cf,f82e514864af9c85e1857e2fd59bfd976deb0aba1f651662b322730ced490ad6,90.89862,96.850586,868,success_build,True,True,True,
716,0 1 2 3 4 5 6 7 8 9 10 11 12 13 14 15 16 17 20 18 19 21 22 23,64421c9a87ff52bca30468449ce5d5c24c252985efd7c6f1a04d901d3cdb35d3,f82e514864af9c85e1857e2fd59bfd976deb0aba1f651662b322730ced490ad6,90.89862,96.850586,868,success_build,True,True,True,
717,0 1 2 3 4 5 6 7 8 9 10 11 12 13 14 15 16 17 18 19 21 22 20 23,e4f7c97933b411faa8edb66ec811f02e08d1c1d2e1659a78796b59c539b01779,f2a7ab64a835b1b17ed2c73367cc06f2f5bc0eff4ff597d4dcec5ceca60c1898,90.89862,96.850586,868,success_build,True,True,True,
718,0 1 2 3 4 5 6 7 8 9 10 11 12 13 14 15 16 17 18 19 21 22 23 20,7d325d04c8d908356cccd69cb07cd5e61b1ca5924effbe1e996088143403522e,af1623f2e52f673a204e995802edbdda03c3e39ec06e9725e30e836a48e68183,90.34562,96.772964,868,success_build,True,True,False,unit fuzzy loss
719,21 0 1 2 3 4 5 6 7 8 9 10 11 12 13 14 15 16 17 18 19 20 22 23,52d1ddf58b3f9497e2c12ec546b97dea87a716308d586a737b575f5c627e8940,f2a7ab64a835b1b17ed2c73367cc06f2f5bc0eff4ff597d4dcec5ceca60c1898,90.89862,96.850586,868,success_build,True,True,True,
720,0 21 1 2 3 4 5 6 7 8 9 10 11 12 13 14 15 16 17 18 19 20 22 23,a61313301d320e177b4d87747947b66f766dd3357d69121ce5d142919b0574bf,f2a7ab64a835b1b17ed2c73367cc06f2f5bc0eff4ff597d4dcec5ceca60c1898,90.89862,96.850586,868,success_build,True,True,True,
721,0 1 21 2 3 4 5 6 7 8 9 10 11 12 13 14 15 16 17 18 19 20 22 23,b81ad300fdf4fc81695254d75d99fbea37a80bbcde7502c2a20f2cf3dea9d7e0,f2a7ab64a835b1b17ed2c73367cc06f2f5bc0eff4ff597d4dcec5ceca60c1898,90.89862,96.850586,868,success_build,True,True,True,
722,0 1 2 21 3 4 5 6 7 8 9 10 11 12 13 14 15 16 17 18 19 20 22 23,088f9c32ee9a2aa0d8bb8a037873f3c7b873990129368ea862f1bef2e32eedab,f2a7ab64a835b1b17ed2c73367cc06f2f5bc0eff4ff597d4dcec5ceca60c1898,90.89862,96.850586,868,success_build,True,True,True,
723,0 1 2 3 21 4 5 6 7 8 9 10 11 12 13 14 15 16 17 18 19 20 22 23,09f36095303eadf424ac08baa883788325daca7d13d95ba1fafa3704b2d39637,f2a7ab64a835b1b17ed2c73367cc06f2f5bc0eff4ff597d4dcec5ceca60c1898,90.89862,96.850586,868,success_build,True,True,True,
724,0 1 2 3 4 21 5 6 7 8 9 10 11 12 13 14 15 16 17 18 19 20 22 23,2a54000b166c1a1d223037c83fd6244c019913f390df3bf24219bfa4aa0bdb83,f2a7ab64a835b1b17ed2c73367cc06f2f5bc0eff4ff597d4dcec5ceca60c1898,90.89862,96.850586,868,success_build,True,True,True,
725,0 1 2 3 4 5 21 6 7 8 9 10 11 12 13 14 15 16 17 18 19 20 22 23,f2ae6f7e68a46700071d6873e31e285c1e1fd7cc084bf1a28c485eadcfb6cdcd,f2a7ab64a835b1b17ed2c73367cc06f2f5bc0eff4ff597d4dcec5ceca60c1898,90.89862,96.850586,868,success_build,True,True,True,
726,0 1 2 3 4 5 6 21 7 8 9 10 11 12 13 14 15 16 17 18 19 20 22 23,b515ef0c929fc3f7dfa29cd64d8d60befe9150a0b0b11042135c47d36c6bdca4,f2a7ab64a835b1b17ed2c73367cc06f2f5bc0eff4ff597d4dcec5ceca60c1898,90.89862,96.850586,868,success_build,True,True,True,
727,0 1 2 3 4 5 6 7 21 8 9 10 11 12 13 14 15 16 17 18 19 20 22 23,8fe450550a0c9213ba39f85103434d035319b90dcee213feb60df133e67ff998,f2a7ab64a835b1b17ed2c73367cc06f2f5bc0eff4ff597d4dcec5ceca60c1898,90.89862,96.850586,868,success_build,True,True,True,
728,0 1 2 3 4 5 6 7 8 21 9 10 11 12 13 14 15 16 17 18 19 20 22 23,341eadb0ed57bf71eea9177cdc18e7a97b1b0db1f712a1fb7183c7348055209b,f2a7ab64a835b1b17ed2c73367cc06f2f5bc0eff4ff597d4dcec5ceca60c1898,90.89862,96.850586,868,success_build,True,True,True,
729,0 1 2 3 4 5 6 7 8 9 21 10 11 12 13 14 15 16 17 18 19 20 22 23,c59c0e1dad44b2b923b0929b891385f7bf24c3106b6edfc30bee917ecdf0299b,f2a7ab64a835b1b17ed2c73367cc06f2f5bc0eff4ff597d4dcec5ceca60c1898,90.89862,96.850586,868,success_build,True,True,True,
730,0 1 2 3 4 5 6 7 8 9 10 21 11 12 13 14 15 16 17 18 19 20 22 23,ac8a1c492747a8f9e0cf7629dbbb9edb87e0208f12fd63c393fb07a49660d59d,f2a7ab64a835b1b17ed2c73367cc06f2f5bc0eff4ff597d4dcec5ceca60c1898,90.89862,96.850586,868,success_build,True,True,True,
731,0 1 2 3 4 5 6 7 8 9 10 11 21 12 13 14 15 16 17 18 19 20 22 23,d43a9eed43e8f948a5225ae233bb4840f185b183a4c2796a2c3e08f561e8351a,f2a7ab64a835b1b17ed2c73367cc06f2f5bc0eff4ff597d4dcec5ceca60c1898,90.89862,96.850586,868,success_build,True,True,True,
732,0 1 2 3 4 5 6 7 8 9 10 11 12 21 13 14 15 16 17 18 19 20 22 23,b95a40cd9dfac5548f9f24b72fad9c38022e7d49f1289d59d5332f10cc2973ee,f2a7ab64a835b1b17ed2c73367cc06f2f5bc0eff4ff597d4dcec5ceca60c1898,90.89862,96.850586,868,success_build,True,True,True,
733,0 1 2 3 4 5 6 7 8 9 10 11 12 13 21 14 15 16 17 18 19 20 22 23,2bb00e5beb9d3977b581c51b2a83f597978865b503e8772f0dec0a127810aa10,f2a7ab64a835b1b17ed2c73367cc06f2f5bc0eff4ff597d4dcec5ceca60c1898,90.89862,96.850586,868,success_build,True,True,True,
734,0 1 2 3 4 5 6 7 8 9 10 11 12 13 14 21 15 16 17 18 19 20 22 23,c19011a238b76b1bcd4660e8f36af65b4b6d70a07009e4d5388f5a0bb7d58107,f2a7ab64a835b1b17ed2c73367cc06f2f5bc0eff4ff597d4dcec5ceca60c1898,90.89862,96.850586,868,success_build,True,True,True,
735,0 1 2 3 4 5 6 7 8 9 10 11 12 13 14 15 21 16 17 18 19 20 22 23,5b92a27f841fe31614106d03f4d99742cd95db675ca294f3e6c9060782bc0380,f2a7ab64a835b1b17ed2c73367cc06f2f5bc0eff4ff597d4dcec5ceca60c1898,90.89862,96.850586,868,success_build,True,True,True,
736,0 1 2 3 4 5 6 7 8 9 10 11 12 13 14 15 16 21 17 18 19 20 22 23,9a1c07310e0b61e7c4af1e629c3318b0b558b96092705021f894b75fbac00b5a,f2a7ab64a835b1b17ed2c73367cc06f2f5bc0eff4ff597d4dcec5ceca60c1898,90.89862,96.850586,868,success_build,True,True,True,
737,0 1 2 3 4 5 6 7 8 9 10 11 12 13 14 15 16 17 21 18 19 20 22 23,4a649b8ffc5f50b034a22f16d99bbd613cfc93c27a09888e5902c6692f99d721,f2a7ab64a835b1b17ed2c73367cc06f2f5bc0eff4ff597d4dcec5ceca60c1898,90.89862,96.850586,868,success_build,True,True,True,
738,0 1 2 3 4 5 6 7 8 9 10 11 12 13 14 15 16 17 18 21 19 20 22 23,dfaca4a26f1d991f9824394dac54a580bd98d9ab32273d7ea78bc7f48545047b,f2a7ab64a835b1b17ed2c73367cc06f2f5bc0eff4ff597d4dcec5ceca60c1898,90.89862,96.850586,868,success_build,True,True,True,
739,0 1 2 3 4 5 6 7 8 9 10 11 12 13 14 15 16 17 18 19 20 22 23 21,e81ebe61ac2dbb98295c226f21d85a77c6f55ba29a593fc63fbcda9209aadf38,6d73e91736472cafcc71db3b26751f4cf67adad34de286d2e9d9ca03dbfc68ad,88.91705,96.57245,868,success_build,True,True,False,unit fuzzy loss
740,22 0 1 2 3 4 5 6 7 8 9 10 11 12 13 14 15 16 17 18 19 20 21 23,131d3fc762be91f9d2d4bff8368ba6d73e09a8bc2e292accd76334b1621dc4c8,c963ee0dfa7771071751899f3f0962d137916cae8a59d8db8f26a9ecb0f9c73f,88.746544,96.548515,868,success_build,True,True,False,unit fuzzy loss
741,0 22 1 2 3 4 5 6 7 8 9 10 11 12 13 14 15 16 17 18 19 20 21 23,dfeda6c36051e462bc71086aee1b6006c3fab0c7170174bc8d691781c2212533,4338df96a3d130e7e2823b5b509e630b69f3cb019fd79fd957e10ba9d696e61b,88.86175,96.56468,868,success_build,True,True,False,unit fuzzy loss
742,0 1 22 2 3 4 5 6 7 8 9 10 11 12 13 14 15 16 17 18 19 20 21 23,632c7bf509d2adc981e86445273cfe5c2fdc3916b92a4d42394f2acd7cae82e0,245ea0973c7277247a61e50e4bf350d4db74e082e237f06a1c34c805e7cee5de,88.86175,96.56468,868,success_build,True,True,False,unit fuzzy loss
743,0 1 2 22 3 4 5 6 7 8 9 10 11 12 13 14 15 16 17 18 19 20 21 23,31609092058ee400c1760dacc780ac15d82e83c30023d8431d91910ebf30d45e,245ea0973c7277247a61e50e4bf350d4db74e082e237f06a1c34c805e7cee5de,88.86175,96.56468,868,success_build,True,True,False,unit fuzzy loss
744,0 1 2 3 22 4 5 6 7 8 9 10 11 12 13 14 15 16 17 18 19 20 21 23,aa1d203348a4abc881feeb5219584f05aacf1faa06d1364dbe2ef269354e1a8b,245ea0973c7277247a61e50e4bf350d4db74e082e237f06a1c34c805e7cee5de,88.86175,96.56468,868,success_build,True,True,False,unit fuzzy loss
745,0 1 2 3 4 22 5 6 7 8 9 10 11 12 13 14 15 16 17 18 19 20 21 23,1e90d7e14f71b872fa13793d78ec7df8c43f7f8a68429a256e7a4155f3a3bbd1,245ea0973c7277247a61e50e4bf350d4db74e082e237f06a1c34c805e7cee5de,88.86175,96.56468,868,success_build,True,True,False,unit fuzzy loss
746,0 1 2 3 4 5 22 6 7 8 9 10 11 12 13 14 15 16 17 18 19 20 21 23,30b1f58c3dced8e4237baba549021a677296449ae6fbb4dbd27bbed1d36f2749,e67a0e8a23dae4cfdb1b9e5ad86b1726479e03d95f66404009235e375b2f2bde,89.06912,96.59379,868,success_build,True,True,False,unit fuzzy loss
747,0 1 2 3 4 5 6 22 7 8 9 10 11 12 13 14 15 16 17 18 19 20 21 23,a60623e7e19cea82666330308d6ec1b8104298d554f61bc46fdff8e42f2cf3b8,e67a0e8a23dae4cfdb1b9e5ad86b1726479e03d95f66404009235e375b2f2bde,89.06912,96.59379,868,success_build,True,True,False,unit fuzzy loss
748,0 1 2 3 4 5 6 7 22 8 9 10 11 12 13 14 15 16 17 18 19 20 21 23,0e2f38bc7545306abb5cca55262e2682493dc7e474a330a36b74c450ca89993d,e67a0e8a23dae4cfdb1b9e5ad86b1726479e03d95f66404009235e375b2f2bde,89.06912,96.59379,868,success_build,True,True,False,unit fuzzy loss
749,0 1 2 3 4 5 6 7 8 22 9 10 11 12 13 14 15 16 17 18 19 20 21 23,293a78491f4f150d733a3d6845928739b89264cc13d4deaad10362d8d8345041,e67a0e8a23dae4cfdb1b9e5ad86b1726479e03d95f66404009235e375b2f2bde,89.06912,96.59379,868,success_build,True,True,False,unit fuzzy loss
750,0 1 2 3 4 5 6 7 8 9 22 10 11 12 13 14 15 16 17 18 19 20 21 23,27e8f716e2cc88d54d9fd66ce443a7d4f1a422d0cb5cd33270da4aad3ca5bd2a,e633dc60a6e275e813580dc8fce68cdeee9b0cc089345e5d8f3be9f5b8d747ba,88.86175,96.56468,868,success_build,True,True,False,unit fuzzy loss
751,0 1 2 3 4 5 6 7 8 9 10 22 11 12 13 14 15 16 17 18 19 20 21 23,0d1d059073e36148b34f8789a2f0d245f9227aedfa8936ac0d33cd072d3be307,13ada56d8428bbe26745b9acc1aef8d069648879fe336daddb6aad5dfa3fea5a,88.90784,96.57115,868,success_build,True,True,False,unit fuzzy loss
752,0 1 2 3 4 5 6 7 8 9 10 11 22 12 13 14 15 16 17 18 19 20 21 23,ecaffcb67c6c3f7443ac3a3a4ef777cbe7c7fbd238c7048dfbf25a726a823b09,725714b58853a4c1e5dcfe77c46d2a0cd0218a753b9a11bf05c3f846e55bae9a,90.29954,96.766495,868,success_build,True,True,False,unit fuzzy loss
753,0 1 2 3 4 5 6 7 8 9 10 11 12 22 13 14 15 16 17 18 19 20 21 23,477eb69a3f911d10ac253cec8c0fd81c5824c34376c6d83bbcf9ff872794c3c0,bb17aeb8a043f56ab6c13dc08b708077b8b5a94fe3ff23804dd5996a603aed73,90.43779,96.7859,868,success_build,True,True,False,unit fuzzy loss
754,0 1 2 3 4 5 6 7 8 9 10 11 12 13 22 14 15 16 17 18 19 20 21 23,3d03f1a57d8bc1a917d38b483b77793036a5c5b48681936652a0233afa681062,e39696341801753adde8d7e64895f12186740594a2159926aa16e35c2e0aca8b,90.576035,96.805305,868,success_build,True,True,False,unit fuzzy loss
755,0 1 2 3 4 5 6 7 8 9 10 11 12 13 14 22 15 16 17 18 19 20 21 23,599f021de63fdbb6e4a06c3255928b3db4dfeb464fcde22fdaff983a001240b1,913fc683c3aa72b58d4153e566e5490ee3144467287445ac5683d1b1784347d7,90.691246,96.82147,868,success_build,True,True,False,unit fuzzy loss
756,0 1 2 3 4 5 6 7 8 9 10 11 12 13 14 15 22 16 17 18 19 20 21 23,3de19b421b26dfa37b27c2db6e70c271d774ef9f4466a4ad654667d6a7d0f14f,f9297133e3b185a3908c56dedcaa2ed6eccc6ba777449bd9b97a3e036b33e9e0,90.76037,96.83118,868,success_build,True,True,False,unit fuzzy loss
757,0 1 2 3 4 5 6 7 8 9 10 11 12 13 14 15 16 22 17 18 19 20 21 23,e653d9f36a5181b84ea5e66f479afb13326fffa73bf0f3432f5aa9865bcfe0a3,b39fc016c58b0fcadff7ae2fc5c8f46708228dc3742a8d54cbd8a5a7b1b9384f,90.80645,96.83765,868,success_build,True,True,False,unit fuzzy loss
758,0 1 2 3 4 5 6 7 8 9 10 11 12 13 14 15 16 17 22 18 19 20 21 23,99a87298040916878d89a4aad26f66bc70cad48f7323da68434d909923ffce22,f5199e0e414481c15f47bc7a0c1bb3cc92d833684b6aa32aae5657f5661369f8,90.76037,96.83118,868,success_build,True,True,False,unit fuzzy loss
759,0 1 2 3 4 5 6 7 8 9 10 11 12 13 14 15 16 17 18 22 19 20 21 23,b97a074d4e71ed6ce8aa293a42bf39e7f98c393bc2a7ac983b10fc15e3ae7726,de3677dfe3572fe0f8b7779ce15173adc0bb7fb2314cc4d9a392879bb99c0362,90.73733,96.82794,868,success_build,True,True,False,unit fuzzy loss
760,0 1 2 3 4 5 6 7 8 9 10 11 12 13 14 15 16 17 18 19 22 20 21 23,c1634a53fd76ab8eff95fa4369546a5c1c9d136451ee3a8d29cd87a73419bdd3,f82e514864af9c85e1857e2fd59bfd976deb0aba1f651662b322730ced490ad6,90.89862,96.850586,868,success_build,True,True,True,
761,23 0 1 2 3 4 5 6 7 8 9 10 11 12 13 14 15 16 17 18 19 20 21 22,66d5056096ebef46c4c6850019fa18b84a31f3a3dc36f22234d4f8fb4703fdb5,1cbbd1395087323526002e419ddd1033c23597a1eb833d325de232af03875918,88.68664,96.5401,868,success_build,True,True,False,unit fuzzy loss
762,0 23 1 2 3 4 5 6 7 8 9 10 11 12 13 14 15 16 17 18 19 20 21 22,2bf31cddba54cb85807df01bfd43432c14a403f444acab9a5c45f88c60ed3840,1cbbd1395087323526002e419ddd1033c23597a1eb833d325de232af03875918,88.68664,96.5401,868,success_build,True,True,False,unit fuzzy loss
763,0 1 23 2 3 4 5 6 7 8 9 10 11 12 13 14 15 16 17 18 19 20 21 22,3568dc48e1d03a95dbd91c3dcd6d746577a0c9c2ae3a1c31dffe85565239954f,1cbbd1395087323526002e419ddd1033c23597a1eb833d325de232af03875918,88.68664,96.5401,868,success_build,True,True,False,unit fuzzy loss
764,0 1 2 23 3 4 5 6 7 8 9 10 11 12 13 14 15 16 17 18 19 20 21 22,853dd76db22e13e40e9b8ae342dfaf458cb40fcf15c5350742e9e760e0532fd8,1cbbd1395087323526002e419ddd1033c23597a1eb833d325de232af03875918,88.68664,96.5401,868,success_build,True,True,False,unit fuzzy loss
765,0 1 2 3 23 4 5 6 7 8 9 10 11 12 13 14 15 16 17 18 19 20 21 22,9e0d88ef13db1eccf67717c36aaddb87940b572d07561dadb99cba0bb51fff61,1cbbd1395087323526002e419ddd1033c23597a1eb833d325de232af03875918,88.68664,96.5401,868,success_build,True,True,False,unit fuzzy loss
766,0 1 2 3 4 23 5 6 7 8 9 10 11 12 13 14 15 16 17 18 19 20 21 22,40ae051fa6a719e0a2c22edc2b1c1a5f2417b894dfaa80284864a8250dedd073,1cbbd1395087323526002e419ddd1033c23597a1eb833d325de232af03875918,88.68664,96.5401,868,success_build,True,True,False,unit fuzzy loss
767,0 1 2 3 4 5 23 6 7 8 9 10 11 12 13 14 15 16 17 18 19 20 21 22,d09f708470a9f3f41634b5185608507a4e61bed7297024fdacc1c5aa6ea16d08,1cbbd1395087323526002e419ddd1033c23597a1eb833d325de232af03875918,88.68664,96.5401,868,success_build,True,True,False,unit fuzzy loss
768,0 1 2 3 4 5 6 23 7 8 9 10 11 12 13 14 15 16 17 18 19 20 21 22,ad6deba613e822d69cbc9ccf03c56edcfd89c4ca3941ed79a289f5808c9f1db1,1cbbd1395087323526002e419ddd1033c23597a1eb833d325de232af03875918,88.68664,96.5401,868,success_build,True,True,False,unit fuzzy loss
769,0 1 2 3 4 5 6 7 23 8 9 10 11 12 13 14 15 16 17 18 19 20 21 22,bc0585041b975bbcac5b09db04a91a683216db11de06fb8a1f20d7f897bd4ff8,1cbbd1395087323526002e419ddd1033c23597a1eb833d325de232af03875918,88.68664,96.5401,868,success_build,True,True,False,unit fuzzy loss
770,0 1 2 3 4 5 6 7 8 23 9 10 11 12 13 14 15 16 17 18 19 20 21 22,a484a7c8b9d60075a66e7c6339072d3ad52e94026c0a019f59b3073c4c698b55,1cbbd1395087323526002e419ddd1033c23597a1eb833d325de232af03875918,88.68664,96.5401,868,success_build,True,True,False,unit fuzzy loss
771,0 1 2 3 4 5 6 7 8 9 23 10 11 12 13 14 15 16 17 18 19 20 21 22,a8d3dadf16c32c07baedba51d0c2b7a347e731b6dd064853654b1e2a039bedbd,1cbbd1395087323526002e419ddd1033c23597a1eb833d325de232af03875918,88.68664,96.5401,868,success_build,True,True,False,unit fuzzy loss
772,0 1 2 3 4 5 6 7 8 9 10 23 11 12 13 14 15 16 17 18 19 20 21 22,22047e74c0e1193af18d32954853b243f7b4e65f2b32f6fd855620dbecb65db3,1cbbd1395087323526002e419ddd1033c23597a1eb833d325de232af03875918,88.68664,96.5401,868,success_build,True,True,False,unit fuzzy loss
773,0 1 2 3 4 5 6 7 8 9 10 11 23 12 13 14 15 16 17 18 19 20 21 22,fabb5aa30909b48b4cfaeaa83d724a1bab419a69f0f16b58cc2b2df417cdf348,1cbbd1395087323526002e419ddd1033c23597a1eb833d325de232af03875918,88.68664,96.5401,868,success_build,True,True,False,unit fuzzy loss
774,0 1 2 3 4 5 6 7 8 9 10 11 12 23 13 14 15 16 17 18 19 20 21 22,698956502aa92b1a2ba5c897495861963e1e3bd471c1a50bb9b0fd04629aa17a,1cbbd1395087323526002e419ddd1033c23597a1eb833d325de232af03875918,88.68664,96.5401,868,success_build,True,True,False,unit fuzzy loss
775,0 1 2 3 4 5 6 7 8 9 10 11 12 13 23 14 15 16 17 18 19 20 21 22,885f999efa77e9312cec689f654e26764ddc7924b5cd44a4fed603ee89eb86ad,1cbbd1395087323526002e419ddd1033c23597a1eb833d325de232af03875918,88.68664,96.5401,868,success_build,True,True,False,unit fuzzy loss
776,0 1 2 3 4 5 6 7 8 9 10 11 12 13 14 23 15 16 17 18 19 20 21 22,0839c96a36d6abde3af2c871c6f40fc29ed575af3fa0a60eea91c1eb9f6a36f9,1cbbd1395087323526002e419ddd1033c23597a1eb833d325de232af03875918,88.68664,96.5401,868,success_build,True,True,False,unit fuzzy loss
777,0 1 2 3 4 5 6 7 8 9 10 11 12 13 14 15 23 16 17 18 19 20 21 22,66b9a6a16639f37ad60bbb7ae10af96c469f18f329ad207d78c495b59732d687,1cbbd1395087323526002e419ddd1033c23597a1eb833d325de232af03875918,88.68664,96.5401,868,success_build,True,True,False,unit fuzzy loss
778,0 1 2 3 4 5 6 7 8 9 10 11 12 13 14 15 16 23 17 18 19 20 21 22,478e6f21375f715962e72071b8fbe3709a0964c5ad0b11b3366f1d6b7c08ef74,1cbbd1395087323526002e419ddd1033c23597a1eb833d325de232af03875918,88.68664,96.5401,868,success_build,True,True,False,unit fuzzy loss
779,0 1 2 3 4 5 6 7 8 9 10 11 12 13 14 15 16 17 23 18 19 20 21 22,f9728e89740c28773e4b4a3ae9716d55b2b0cbb56d5c5066f6707d00a5c54b7c,1cbbd1395087323526002e419ddd1033c23597a1eb833d325de232af03875918,88.68664,96.5401,868,success_build,True,True,False,unit fuzzy loss
780,0 1 2 3 4 5 6 7 8 9 10 11 12 13 14 15 16 17 18 23 19 20 21 22,a69b570da46d4d3e60ef8da6d78adc8861d52eddb7b0a7fe3c9482d82e670c49,1cbbd1395087323526002e419ddd1033c23597a1eb833d325de232af03875918,88.68664,96.5401,868,success_build,True,True,False,unit fuzzy loss
781,0 1 2 3 4 5 6 7 8 9 10 11 12 13 14 15 16 17 18 19 23 20 21 22,03f333d66bf0b27b8ab8a9db9c975ef20ec4f960314d35ee00ba1843f24217b5,1cbbd1395087323526002e419ddd1033c23597a1eb833d325de232af03875918,88.68664,96.5401,868,success_build,True,True,False,unit fuzzy loss
782,0 1 2 3 4 5 6 7 8 9 10 11 12 13 14 15 16 17 18 19 20 23 21 22,f771351be957be4b7b2544d35b662d50880e80190380dbcb1e5302ab82556794,d66ef3f182fecedffca7987873262b8cd2c925a09d5267594825f6fbf0eef905,88.6636,96.53687,868,success_build,True,True,False,unit fuzzy loss
