call,role,order,source_sha256,object_sha256,fuzzy,unit_fuzzy,function_bytes,admissible,gate_failures,compile_status,source_stable,object_build_message,outside_target_sha256,entire_file_outside_target_equal,section_headers_equal,relocation_vectors_equal,prior_official_call,older_proxy_adaptive_overlap
0,baseline,"0,1,2,3,4,5,6,7,8,9,10,11,12,13,14,15,16,17,18,19,20,21,22",43f8cefddb56ef5c1515ffba853fe6038be9c6b651ed241da30b9533ce2001ed,b8d1bdc306c9c60b9786f96913716812ae9721bb95753969821df5fa7f3d3a7c,96.76471,96.9185,544,True,,success_build,True,True,aa62853a494a59a3b49a0803a5ed4d4d5e7bd2ca2a7a19f46a2873cb5965e68e,True,True,True,66,unknown: historical snapshots lost
1,neighbor,"1,0,2,3,4,5,6,7,8,9,10,11,12,13,14,15,16,17,18,19,20,21,22",22209c9435e65d36b92ec1a6e7277197667bf45e61eb34f51820bd7286049362,b8d1bdc306c9c60b9786f96913716812ae9721bb95753969821df5fa7f3d3a7c,96.76471,96.9185,544,True,,success_build,True,True,aa62853a494a59a3b49a0803a5ed4d4d5e7bd2ca2a7a19f46a2873cb5965e68e,True,True,True,,unknown: historical snapshots lost
2,neighbor,"2,1,0,3,4,5,6,7,8,9,10,11,12,13,14,15,16,17,18,19,20,21,22",f6a3566e0b023457ab1d654c6d382d7abbb1f88128054292496cee99d6ab1b5e,b8d1bdc306c9c60b9786f96913716812ae9721bb95753969821df5fa7f3d3a7c,96.76471,96.9185,544,True,,success_build,True,True,aa62853a494a59a3b49a0803a5ed4d4d5e7bd2ca2a7a19f46a2873cb5965e68e,True,True,True,,unknown: historical snapshots lost
3,neighbor,"3,1,2,0,4,5,6,7,8,9,10,11,12,13,14,15,16,17,18,19,20,21,22",a1c780dcd51d3db77b4e82a42ff9e774e8a17a3cfaaf42b5a7eb567c1ea13344,70d8015671fb90c413cfc6803915362677db2c6eb869c8d63d9ddfbfeb43d18a,96.47059,96.892624,544,False,unit fuzzy loss,success_build,True,True,aa62853a494a59a3b49a0803a5ed4d4d5e7bd2ca2a7a19f46a2873cb5965e68e,True,True,True,,unknown: historical snapshots lost
4,neighbor,"4,1,2,3,0,5,6,7,8,9,10,11,12,13,14,15,16,17,18,19,20,21,22",5997e18f446c437245f6b82859fadc3af0b5a4ab0a9688b4d535cd5dc6bac577,70d8015671fb90c413cfc6803915362677db2c6eb869c8d63d9ddfbfeb43d18a,96.47059,96.892624,544,False,unit fuzzy loss,success_build,True,True,aa62853a494a59a3b49a0803a5ed4d4d5e7bd2ca2a7a19f46a2873cb5965e68e,True,True,True,,unknown: historical snapshots lost
5,neighbor,"5,1,2,3,4,0,6,7,8,9,10,11,12,13,14,15,16,17,18,19,20,21,22",549653990a73a60873e29b78cce8f3629aaaaf220003454b9ac30dfec1ca0f7c,2cb9439d1b3b6fa0034caca011fa65d58e0b42a18963e62944d2dfcf11ca77ed,96.47059,96.892624,544,False,unit fuzzy loss,success_build,True,True,aa62853a494a59a3b49a0803a5ed4d4d5e7bd2ca2a7a19f46a2873cb5965e68e,True,True,True,,unknown: historical snapshots lost
6,neighbor,"6,1,2,3,4,5,0,7,8,9,10,11,12,13,14,15,16,17,18,19,20,21,22",a18c037f1cd8591b27fc3040d5939efedce465cfbb321e705ac3c3d6c2a633f9,230e950eeebee1faf4269e1846a0fb86dcab6ef3f9890e232dccfae4990300d2,96.65441,96.9088,544,False,unit fuzzy loss,success_build,True,True,aa62853a494a59a3b49a0803a5ed4d4d5e7bd2ca2a7a19f46a2873cb5965e68e,True,True,True,,unknown: historical snapshots lost
7,neighbor,"7,1,2,3,4,5,6,0,8,9,10,11,12,13,14,15,16,17,18,19,20,21,22",ffd5a3d84102d25f901d03aa403c54f2891ee53fde1341f5f877b2156eaf4b2a,dcf9e2227a27b7cd6143dfc66130b8585632b3335bccaad18bc4e9d24ea40b3b,96.65441,96.9088,544,False,unit fuzzy loss,success_build,True,True,aa62853a494a59a3b49a0803a5ed4d4d5e7bd2ca2a7a19f46a2873cb5965e68e,True,True,True,,unknown: historical snapshots lost
8,neighbor,"8,1,2,3,4,5,6,7,0,9,10,11,12,13,14,15,16,17,18,19,20,21,22",9973dbe6fcbd271bcc19ef785ef27c205a95b3ba5e744e6fa60f5cb669e3a37a,1990bd6dba139838ffa9241a59e0eb564b5780f9736f5f61a5da4863030848b1,96.39706,96.886154,544,False,unit fuzzy loss,success_build,True,True,aa62853a494a59a3b49a0803a5ed4d4d5e7bd2ca2a7a19f46a2873cb5965e68e,True,True,True,,unknown: historical snapshots lost
9,neighbor,"9,1,2,3,4,5,6,7,8,0,10,11,12,13,14,15,16,17,18,19,20,21,22",dd0e1d7f911189167697c1a127f39c4d8fea1a78846d149077e02312789672b3,754983788a10b9afeea7e5cc0d9aedb9f45d1aed0278f1b7e3a4f56c19d92aa8,96.02941,96.85381,544,False,unit fuzzy loss,success_build,True,True,aa62853a494a59a3b49a0803a5ed4d4d5e7bd2ca2a7a19f46a2873cb5965e68e,True,True,True,,unknown: historical snapshots lost
10,neighbor,"10,1,2,3,4,5,6,7,8,9,0,11,12,13,14,15,16,17,18,19,20,21,22",2d6c538a7adaf5e94043104b16207d6968666596648628bc4f713ff539f10589,754983788a10b9afeea7e5cc0d9aedb9f45d1aed0278f1b7e3a4f56c19d92aa8,96.02941,96.85381,544,False,unit fuzzy loss,success_build,True,True,aa62853a494a59a3b49a0803a5ed4d4d5e7bd2ca2a7a19f46a2873cb5965e68e,True,True,True,,unknown: historical snapshots lost
11,neighbor,"11,1,2,3,4,5,6,7,8,9,10,0,12,13,14,15,16,17,18,19,20,21,22",afc098a1de4899ea4895abf2d14d6dd2735f3e9ec58c0b6147c4925d05469e2c,d76358b9e62cb0b0ab39330976a5e35ee0125292ccdaf3617cf4dc5113ba743c,95.95588,96.84735,544,False,unit fuzzy loss,success_build,True,True,aa62853a494a59a3b49a0803a5ed4d4d5e7bd2ca2a7a19f46a2873cb5965e68e,True,True,True,,unknown: historical snapshots lost
12,neighbor,"12,1,2,3,4,5,6,7,8,9,10,11,0,13,14,15,16,17,18,19,20,21,22",7f1f48778367c93ab6a8321285d77d87b3f6e2861de603902d6f37993ef1a11b,7017a32f97ded9c16b2370a09443d894b390ff7b0993213d3f296397d9e3f058,94.77206,96.74321,544,False,unit fuzzy loss,success_build,True,True,aa62853a494a59a3b49a0803a5ed4d4d5e7bd2ca2a7a19f46a2873cb5965e68e,True,True,True,,unknown: historical snapshots lost
13,neighbor,"13,1,2,3,4,5,6,7,8,9,10,11,12,0,14,15,16,17,18,19,20,21,22",debe9bfbe471de8a106cbe7d30cf168ae580d5d299ee800b66c4f893dcf37e8f,6633838a4defa1e488e0afee59bc90cff6997bb6e60a473a4205cd4426f74ace,94.963234,96.760025,544,False,unit fuzzy loss,success_build,True,True,aa62853a494a59a3b49a0803a5ed4d4d5e7bd2ca2a7a19f46a2873cb5965e68e,True,True,True,,unknown: historical snapshots lost
14,neighbor,"14,1,2,3,4,5,6,7,8,9,10,11,12,13,0,15,16,17,18,19,20,21,22",1165b0ecd7f2cb6a68dcfff7dcb30f5037636b415e5bb15032333275295a3bf3,80826c7bb06dfc62010c38457475c61bbf0279c9e77f57ae9fa17028b9232bfe,95.33088,96.792366,544,False,unit fuzzy loss,success_build,True,True,aa62853a494a59a3b49a0803a5ed4d4d5e7bd2ca2a7a19f46a2873cb5965e68e,True,True,True,,unknown: historical snapshots lost
15,neighbor,"15,1,2,3,4,5,6,7,8,9,10,11,12,13,14,0,16,17,18,19,20,21,22",1f987dbdc0803145a6f370fb299bf63777150743b4169313d48b6d408d8af064,53c8e057f46b95903316696b24da5049dde11bbae00db5e76433ac5ea307fd8d,96.36029,96.88293,544,False,unit fuzzy loss,success_build,True,True,aa62853a494a59a3b49a0803a5ed4d4d5e7bd2ca2a7a19f46a2873cb5965e68e,True,True,True,,unknown: historical snapshots lost
16,neighbor,"16,1,2,3,4,5,6,7,8,9,10,11,12,13,14,15,0,17,18,19,20,21,22",91e706d7efd79fa34bc90ef8ae1aa6a93039b71fd2399302ea007a6f1ecab694,eac943aa374e37c668c1e16fc098de6d92b3dba9a43307fec8d509f101b8aef3,95.11029,96.772964,544,False,unit fuzzy loss,success_build,True,True,aa62853a494a59a3b49a0803a5ed4d4d5e7bd2ca2a7a19f46a2873cb5965e68e,True,True,True,,unknown: historical snapshots lost
17,neighbor,"17,1,2,3,4,5,6,7,8,9,10,11,12,13,14,15,16,0,18,19,20,21,22",53e938265c2f6301b2a8e6977447df99350b12df94174e8427f851113b6af451,eb5a27e07ebccd4e44c8b063123fa017b89b0746866cc0c8508e565628be0877,96.54412,96.89909,544,False,unit fuzzy loss,success_build,True,True,aa62853a494a59a3b49a0803a5ed4d4d5e7bd2ca2a7a19f46a2873cb5965e68e,True,True,True,,unknown: historical snapshots lost
18,neighbor,"18,1,2,3,4,5,6,7,8,9,10,11,12,13,14,15,16,17,0,19,20,21,22",1519ae375a7fd4f6089dd6473d67228519396f27da552b4ed2e81bbd039a81ee,2ad64ed8c1fe1bedcbadb2d16a4060d40b50bf3c4b6706da7422861ec0316f49,96.58088,96.90233,544,False,unit fuzzy loss,success_build,True,True,aa62853a494a59a3b49a0803a5ed4d4d5e7bd2ca2a7a19f46a2873cb5965e68e,True,True,True,,unknown: historical snapshots lost
19,neighbor,"19,1,2,3,4,5,6,7,8,9,10,11,12,13,14,15,16,17,18,0,20,21,22",10feb4ea5e1b2d98f5d84e25dda7f818fbd6d5ce809410f1b5939c03557a3d76,eb5f5dd27c2a7de0115a4f9ce239f0943a3a402d7eeeba760a9d0264be02d135,96.43382,96.88939,544,False,unit fuzzy loss,success_build,True,True,aa62853a494a59a3b49a0803a5ed4d4d5e7bd2ca2a7a19f46a2873cb5965e68e,True,True,True,,unknown: historical snapshots lost
20,neighbor,"20,1,2,3,4,5,6,7,8,9,10,11,12,13,14,15,16,17,18,19,0,21,22",9d5be09733a883c16e964a53a733457759f7e798c9efd76eb06887489403aa88,55a329f97d4390f478ce532a028653802d0431606997394202b3e3ec0074a8b5,93.97059,96.67271,544,False,unit fuzzy loss,success_build,True,True,aa62853a494a59a3b49a0803a5ed4d4d5e7bd2ca2a7a19f46a2873cb5965e68e,True,True,True,,unknown: historical snapshots lost
21,neighbor,"21,1,2,3,4,5,6,7,8,9,10,11,12,13,14,15,16,17,18,19,20,0,22",8dafa4051e1a9e181dee0d8982dba2721430c0dca2b8202b5de6e992e92e53c3,046e3ec0e9be10bea329e38c000b38a43a6a0d910e2efa500e1e5ae5c3898941,95.588234,96.81501,544,False,unit fuzzy loss,success_build,True,True,aa62853a494a59a3b49a0803a5ed4d4d5e7bd2ca2a7a19f46a2873cb5965e68e,True,True,True,,unknown: historical snapshots lost
22,neighbor,"22,1,2,3,4,5,6,7,8,9,10,11,12,13,14,15,16,17,18,19,20,21,0",fb4090463c0949fb590afdfabd91a2899d66f1a70bfd5ea325f05bfd69fcf12c,d3fb8cbffe5012996143901a8405910093256dd9831388dc577f62d06a460a6f,91.98529,96.49806,544,False,unit fuzzy loss,success_build,True,True,aa62853a494a59a3b49a0803a5ed4d4d5e7bd2ca2a7a19f46a2873cb5965e68e,True,True,True,,unknown: historical snapshots lost
23,neighbor,"0,2,1,3,4,5,6,7,8,9,10,11,12,13,14,15,16,17,18,19,20,21,22",992c54e4344fa410d9a02665a2906d7239881dc6fe9c7db843698e29ef54f3e8,b8d1bdc306c9c60b9786f96913716812ae9721bb95753969821df5fa7f3d3a7c,96.76471,96.9185,544,True,,success_build,True,True,aa62853a494a59a3b49a0803a5ed4d4d5e7bd2ca2a7a19f46a2873cb5965e68e,True,True,True,,unknown: historical snapshots lost
24,neighbor,"0,3,2,1,4,5,6,7,8,9,10,11,12,13,14,15,16,17,18,19,20,21,22",ad89f95975ae70b79eb1140140b903be2605817d880332c23f10bd833539cab1,b8d1bdc306c9c60b9786f96913716812ae9721bb95753969821df5fa7f3d3a7c,96.76471,96.9185,544,True,,success_build,True,True,aa62853a494a59a3b49a0803a5ed4d4d5e7bd2ca2a7a19f46a2873cb5965e68e,True,True,True,,unknown: historical snapshots lost
25,neighbor,"0,4,2,3,1,5,6,7,8,9,10,11,12,13,14,15,16,17,18,19,20,21,22",ba73ba1e8aded5fe3d0e5e4961087ddfe2a64d170d530a568f3f61ef0c44f38f,b8d1bdc306c9c60b9786f96913716812ae9721bb95753969821df5fa7f3d3a7c,96.76471,96.9185,544,True,,success_build,True,True,aa62853a494a59a3b49a0803a5ed4d4d5e7bd2ca2a7a19f46a2873cb5965e68e,True,True,True,,unknown: historical snapshots lost
26,neighbor,"0,5,2,3,4,1,6,7,8,9,10,11,12,13,14,15,16,17,18,19,20,21,22",888705579d3f6e21a159d6925c061653e86890d01812d14948c0a1d51849b168,d92fc34bcacd35b228d45bd45d17b776060a59698fad823c9bcc650cf4eb07aa,96.54412,96.89909,544,False,unit fuzzy loss,success_build,True,True,aa62853a494a59a3b49a0803a5ed4d4d5e7bd2ca2a7a19f46a2873cb5965e68e,True,True,True,,unknown: historical snapshots lost
27,neighbor,"0,6,2,3,4,5,1,7,8,9,10,11,12,13,14,15,16,17,18,19,20,21,22",ad1b6c7d0461c0ea962a4d7f7c35ff1fe9960ba4ebce572057e6545255070dc8,7ef6572cc23c155744130d2fc4a81e3f879c344e4dc513dfb2d643385c1d7784,96.58088,96.90233,544,False,unit fuzzy loss,success_build,True,True,aa62853a494a59a3b49a0803a5ed4d4d5e7bd2ca2a7a19f46a2873cb5965e68e,True,True,True,,unknown: historical snapshots lost
28,neighbor,"0,7,2,3,4,5,6,1,8,9,10,11,12,13,14,15,16,17,18,19,20,21,22",5746053c8321d7aad66dc8a124577b06e4a71cf18689716ce5316ff304957293,41a789e1d0e9487a39928c80c81248dbfdb5cad957863fb0bec683c29bf614a7,96.58088,96.90233,544,False,unit fuzzy loss,success_build,True,True,aa62853a494a59a3b49a0803a5ed4d4d5e7bd2ca2a7a19f46a2873cb5965e68e,True,True,True,,unknown: historical snapshots lost
29,neighbor,"0,8,2,3,4,5,6,7,1,9,10,11,12,13,14,15,16,17,18,19,20,21,22",33dd8e1a795fd413a1b94b0edf4689aaafb31d419d1cf108fd7e83c2ff86399d,51475e881aff6f866dcda9957d6354f8813406e0343170dc2f51c18cb8031c42,96.507355,96.89586,544,False,unit fuzzy loss,success_build,True,True,aa62853a494a59a3b49a0803a5ed4d4d5e7bd2ca2a7a19f46a2873cb5965e68e,True,True,True,,unknown: historical snapshots lost
30,neighbor,"0,9,2,3,4,5,6,7,8,1,10,11,12,13,14,15,16,17,18,19,20,21,22",648a6dd6249274a6b839ce93cd53a62a18237cc2999ece309e3f000990d96068,b8d1bdc306c9c60b9786f96913716812ae9721bb95753969821df5fa7f3d3a7c,96.76471,96.9185,544,True,,success_build,True,True,aa62853a494a59a3b49a0803a5ed4d4d5e7bd2ca2a7a19f46a2873cb5965e68e,True,True,True,,unknown: historical snapshots lost
31,neighbor,"0,10,2,3,4,5,6,7,8,9,1,11,12,13,14,15,16,17,18,19,20,21,22",3bb2ba2a2c956df2ca840a6a6aed86ea1aa2ffe1fcfa580d9717a76e355dcabd,b8d1bdc306c9c60b9786f96913716812ae9721bb95753969821df5fa7f3d3a7c,96.76471,96.9185,544,True,,success_build,True,True,aa62853a494a59a3b49a0803a5ed4d4d5e7bd2ca2a7a19f46a2873cb5965e68e,True,True,True,,unknown: historical snapshots lost
32,neighbor,"0,11,2,3,4,5,6,7,8,9,10,1,12,13,14,15,16,17,18,19,20,21,22",db61d25ae93d99e874b9f453e5df56cf368bfefadcc6cae18a2e415fd38c63f3,62aed053ceff76f5643dbf9d2a07075911dc1dffc43c22f3b58df60d72c87541,95.73529,96.82794,544,False,unit fuzzy loss,success_build,True,True,aa62853a494a59a3b49a0803a5ed4d4d5e7bd2ca2a7a19f46a2873cb5965e68e,True,True,True,,unknown: historical snapshots lost
33,neighbor,"0,12,2,3,4,5,6,7,8,9,10,11,1,13,14,15,16,17,18,19,20,21,22",bd8184207ddb53feaa6da1c5d132b2902de8b0a5e91e319285b2c7501c2f3c14,3973008f6ff820c6a03a8d6551e1901b1956845f5ff53c366f3d863e7366e15d,94.55147,96.7238,544,False,unit fuzzy loss,success_build,True,True,aa62853a494a59a3b49a0803a5ed4d4d5e7bd2ca2a7a19f46a2873cb5965e68e,True,True,True,,unknown: historical snapshots lost
34,neighbor,"0,13,2,3,4,5,6,7,8,9,10,11,12,1,14,15,16,17,18,19,20,21,22",88f48a73b61aee4814a1ad3e42dbdfad1811b22fd22515bedda79e0550fe56a9,3e316bab8a9012e94cb76dcf9fd240a469469327ab41b8c78c41d654cdb8048a,94.375,96.70828,544,False,unit fuzzy loss,success_build,True,True,aa62853a494a59a3b49a0803a5ed4d4d5e7bd2ca2a7a19f46a2873cb5965e68e,True,True,True,,unknown: historical snapshots lost
35,neighbor,"0,14,2,3,4,5,6,7,8,9,10,11,12,13,1,15,16,17,18,19,20,21,22",ec8c40dc9f9c053acf17d66efcbadd79d7e5cd873cbcc3204294d3a2ccf900fd,b8d1bdc306c9c60b9786f96913716812ae9721bb95753969821df5fa7f3d3a7c,96.76471,96.9185,544,True,,success_build,True,True,aa62853a494a59a3b49a0803a5ed4d4d5e7bd2ca2a7a19f46a2873cb5965e68e,True,True,True,,unknown: historical snapshots lost
36,neighbor,"0,15,2,3,4,5,6,7,8,9,10,11,12,13,14,1,16,17,18,19,20,21,22",02589eb947a0508ecfc08a2e61963bfbc37fc62580bd9c68725402023a950d76,3bf0277ce5a12cb2178b2edf0dfa69b32c78c66740ff95b760f7c18c2fa79ec6,95.55147,96.811775,544,False,unit fuzzy loss,success_build,True,True,aa62853a494a59a3b49a0803a5ed4d4d5e7bd2ca2a7a19f46a2873cb5965e68e,True,True,True,,unknown: historical snapshots lost
37,neighbor,"0,16,2,3,4,5,6,7,8,9,10,11,12,13,14,15,1,17,18,19,20,21,22",de6c46701f073efde286016e83d66db3c195a6d2b99b250f4505d816c1e515d9,b8d1bdc306c9c60b9786f96913716812ae9721bb95753969821df5fa7f3d3a7c,96.76471,96.9185,544,True,,success_build,True,True,aa62853a494a59a3b49a0803a5ed4d4d5e7bd2ca2a7a19f46a2873cb5965e68e,True,True,True,,unknown: historical snapshots lost
38,neighbor,"0,17,2,3,4,5,6,7,8,9,10,11,12,13,14,15,16,1,18,19,20,21,22",afcd42ee8a326510a991d621216fdbc40f3da971cc293195b15cd57d2e40d56f,23c3363476b025df219909ff7dc7d6b5ea4d8a644a1c2a124df21edce34d77d7,93.93382,96.66947,544,False,unit fuzzy loss,success_build,True,True,aa62853a494a59a3b49a0803a5ed4d4d5e7bd2ca2a7a19f46a2873cb5965e68e,True,True,True,,unknown: historical snapshots lost
39,neighbor,"0,18,2,3,4,5,6,7,8,9,10,11,12,13,14,15,16,17,1,19,20,21,22",3c4932ec765cb1722089a11fe8c0afa84b7f41a9a55b234ce6a93ae2b4e515e3,6b85fe7f910ac3122d690ba41293f06daa32235dc243fafb348cdeb26e0bbb01,93.86029,96.663,544,False,unit fuzzy loss,success_build,True,True,aa62853a494a59a3b49a0803a5ed4d4d5e7bd2ca2a7a19f46a2873cb5965e68e,True,True,True,,unknown: historical snapshots lost
40,neighbor,"0,19,2,3,4,5,6,7,8,9,10,11,12,13,14,15,16,17,18,1,20,21,22",d00a9ec79b116f3b656d14cecfd731870a7d18848909bf54f467a37f5946a639,ce523adf5eac142421263ff2bc6890c32d07e307cf9989cd7f209c99e0bddcbf,95.22059,96.78266,544,False,unit fuzzy loss,success_build,True,True,aa62853a494a59a3b49a0803a5ed4d4d5e7bd2ca2a7a19f46a2873cb5965e68e,True,True,True,,unknown: historical snapshots lost
41,neighbor,"0,20,2,3,4,5,6,7,8,9,10,11,12,13,14,15,16,17,18,19,1,21,22",68e3e7c44ecf7adff121a23dd4bbaacdaa68f1390f75095bb16bb263485943ef,7a26b04d0995657a31761f7734d5911b9c08642ec9744aa3027aba38307e17cb,93.41912,96.62419,544,False,unit fuzzy loss,success_build,True,True,aa62853a494a59a3b49a0803a5ed4d4d5e7bd2ca2a7a19f46a2873cb5965e68e,True,True,True,,unknown: historical snapshots lost
42,neighbor,"0,21,2,3,4,5,6,7,8,9,10,11,12,13,14,15,16,17,18,19,20,1,22",7b70509118b96de16f0a4ce5349badd1d7ada9318f78f473a041dbf00c2fc6d9,ca01e1f7306d804e119255c43b09b1b721f84705a8116a291c97f8b955ed0b24,94.48529,96.71798,544,False,unit fuzzy loss,success_build,True,True,aa62853a494a59a3b49a0803a5ed4d4d5e7bd2ca2a7a19f46a2873cb5965e68e,True,True,True,,unknown: historical snapshots lost
43,neighbor,"0,22,2,3,4,5,6,7,8,9,10,11,12,13,14,15,16,17,18,19,20,21,1",f9afd613869fd618eadf36e9c36e4d888c374a6955c85ea44cdff3428d82fdfc,bbcffdcad3af8f713d7d1f34b35ea607085b7b4e223ff0055ceae7822af2dbbd,91.507355,96.45602,544,False,unit fuzzy loss,success_build,True,True,aa62853a494a59a3b49a0803a5ed4d4d5e7bd2ca2a7a19f46a2873cb5965e68e,True,True,True,,unknown: historical snapshots lost
44,neighbor,"0,1,3,2,4,5,6,7,8,9,10,11,12,13,14,15,16,17,18,19,20,21,22",d72cfd7900504d639f9a1801f9dc430a3c9a3eafc331926c3d0abbcf35a770d7,b8d1bdc306c9c60b9786f96913716812ae9721bb95753969821df5fa7f3d3a7c,96.76471,96.9185,544,True,,success_build,True,True,aa62853a494a59a3b49a0803a5ed4d4d5e7bd2ca2a7a19f46a2873cb5965e68e,True,True,True,,unknown: historical snapshots lost
45,neighbor,"0,1,4,3,2,5,6,7,8,9,10,11,12,13,14,15,16,17,18,19,20,21,22",cf497ff892da6371bebe55206e67b6d945e58d7ac017dbdf0be555a1fca7b5bb,b8d1bdc306c9c60b9786f96913716812ae9721bb95753969821df5fa7f3d3a7c,96.76471,96.9185,544,True,,success_build,True,True,aa62853a494a59a3b49a0803a5ed4d4d5e7bd2ca2a7a19f46a2873cb5965e68e,True,True,True,,unknown: historical snapshots lost
46,neighbor,"0,1,5,3,4,2,6,7,8,9,10,11,12,13,14,15,16,17,18,19,20,21,22",8faf56ddf3fe0667c41b4643d7246690497eafd374cab8760c6b9063d0d24b28,d92fc34bcacd35b228d45bd45d17b776060a59698fad823c9bcc650cf4eb07aa,96.54412,96.89909,544,False,unit fuzzy loss,success_build,True,True,aa62853a494a59a3b49a0803a5ed4d4d5e7bd2ca2a7a19f46a2873cb5965e68e,True,True,True,,unknown: historical snapshots lost
47,neighbor,"0,1,6,3,4,5,2,7,8,9,10,11,12,13,14,15,16,17,18,19,20,21,22",e58e2401902b5e6d9ce62e3d6e9673f5e0652e4e39c13a99772feee4608360e0,7ef6572cc23c155744130d2fc4a81e3f879c344e4dc513dfb2d643385c1d7784,96.58088,96.90233,544,False,unit fuzzy loss,success_build,True,True,aa62853a494a59a3b49a0803a5ed4d4d5e7bd2ca2a7a19f46a2873cb5965e68e,True,True,True,,unknown: historical snapshots lost
48,neighbor,"0,1,7,3,4,5,6,2,8,9,10,11,12,13,14,15,16,17,18,19,20,21,22",413f87cc5421ec3a25646a7aa05bce25ba830d78e62ba3aa7423c3a41ed70bca,41a789e1d0e9487a39928c80c81248dbfdb5cad957863fb0bec683c29bf614a7,96.58088,96.90233,544,False,unit fuzzy loss,success_build,True,True,aa62853a494a59a3b49a0803a5ed4d4d5e7bd2ca2a7a19f46a2873cb5965e68e,True,True,True,,unknown: historical snapshots lost
49,neighbor,"0,1,8,3,4,5,6,7,2,9,10,11,12,13,14,15,16,17,18,19,20,21,22",2eb14fcf5b326e80baf2869cf3604209e7a02f8000be1dba1c46ff4816175f22,51475e881aff6f866dcda9957d6354f8813406e0343170dc2f51c18cb8031c42,96.507355,96.89586,544,False,unit fuzzy loss,success_build,True,True,aa62853a494a59a3b49a0803a5ed4d4d5e7bd2ca2a7a19f46a2873cb5965e68e,True,True,True,,unknown: historical snapshots lost
50,neighbor,"0,1,9,3,4,5,6,7,8,2,10,11,12,13,14,15,16,17,18,19,20,21,22",8945ebc51217c1c8ef57fb4623c9f883b5d70ecc46a687cfaca82e3ecb7b1bdc,b8d1bdc306c9c60b9786f96913716812ae9721bb95753969821df5fa7f3d3a7c,96.76471,96.9185,544,True,,success_build,True,True,aa62853a494a59a3b49a0803a5ed4d4d5e7bd2ca2a7a19f46a2873cb5965e68e,True,True,True,,unknown: historical snapshots lost
51,neighbor,"0,1,10,3,4,5,6,7,8,9,2,11,12,13,14,15,16,17,18,19,20,21,22",1c5266a05e8a0e44e33e5325ac8e1ddd710775f3f6b3a8e3ae18e078f344b679,b8d1bdc306c9c60b9786f96913716812ae9721bb95753969821df5fa7f3d3a7c,96.76471,96.9185,544,True,,success_build,True,True,aa62853a494a59a3b49a0803a5ed4d4d5e7bd2ca2a7a19f46a2873cb5965e68e,True,True,True,,unknown: historical snapshots lost
52,neighbor,"0,1,11,3,4,5,6,7,8,9,10,2,12,13,14,15,16,17,18,19,20,21,22",dd17b6ed2ca4b9256ee5f56b12215850e814243b903556606e735461ab1d6575,62aed053ceff76f5643dbf9d2a07075911dc1dffc43c22f3b58df60d72c87541,95.73529,96.82794,544,False,unit fuzzy loss,success_build,True,True,aa62853a494a59a3b49a0803a5ed4d4d5e7bd2ca2a7a19f46a2873cb5965e68e,True,True,True,,unknown: historical snapshots lost
53,neighbor,"0,1,12,3,4,5,6,7,8,9,10,11,2,13,14,15,16,17,18,19,20,21,22",4c33ae9b5e2c2d8e11df6875a3f328895f498fb20009e3a05a6c70e7377e80c1,3973008f6ff820c6a03a8d6551e1901b1956845f5ff53c366f3d863e7366e15d,94.55147,96.7238,544,False,unit fuzzy loss,success_build,True,True,aa62853a494a59a3b49a0803a5ed4d4d5e7bd2ca2a7a19f46a2873cb5965e68e,True,True,True,,unknown: historical snapshots lost
54,neighbor,"0,1,13,3,4,5,6,7,8,9,10,11,12,2,14,15,16,17,18,19,20,21,22",a0d046eda8676280f74f851305e05773604b50669486ae44641a07d4346df19a,3e316bab8a9012e94cb76dcf9fd240a469469327ab41b8c78c41d654cdb8048a,94.375,96.70828,544,False,unit fuzzy loss,success_build,True,True,aa62853a494a59a3b49a0803a5ed4d4d5e7bd2ca2a7a19f46a2873cb5965e68e,True,True,True,,unknown: historical snapshots lost
55,neighbor,"0,1,14,3,4,5,6,7,8,9,10,11,12,13,2,15,16,17,18,19,20,21,22",b6e2d10b2135bb0f07b000f8a0889a0751efd0e93a85af54059a6350ae535e2a,b8d1bdc306c9c60b9786f96913716812ae9721bb95753969821df5fa7f3d3a7c,96.76471,96.9185,544,True,,success_build,True,True,aa62853a494a59a3b49a0803a5ed4d4d5e7bd2ca2a7a19f46a2873cb5965e68e,True,True,True,,unknown: historical snapshots lost
56,neighbor,"0,1,15,3,4,5,6,7,8,9,10,11,12,13,14,2,16,17,18,19,20,21,22",7b67d9ce7fd902f126625aa7b647621f44da02702ed0ef21c2ac87cb8cc963a1,3bf0277ce5a12cb2178b2edf0dfa69b32c78c66740ff95b760f7c18c2fa79ec6,95.55147,96.811775,544,False,unit fuzzy loss,success_build,True,True,aa62853a494a59a3b49a0803a5ed4d4d5e7bd2ca2a7a19f46a2873cb5965e68e,True,True,True,,unknown: historical snapshots lost
57,neighbor,"0,1,16,3,4,5,6,7,8,9,10,11,12,13,14,15,2,17,18,19,20,21,22",6bfedc57c114e3446a68272c7fa7cf4e50e3c6bbaf2ce3859773ac43ce70109e,b8d1bdc306c9c60b9786f96913716812ae9721bb95753969821df5fa7f3d3a7c,96.76471,96.9185,544,True,,success_build,True,True,aa62853a494a59a3b49a0803a5ed4d4d5e7bd2ca2a7a19f46a2873cb5965e68e,True,True,True,,unknown: historical snapshots lost
58,neighbor,"0,1,17,3,4,5,6,7,8,9,10,11,12,13,14,15,16,2,18,19,20,21,22",4743f1d50451da97aaca83764e408a171dda0f3653c001a5907e9bb2c29301c3,23c3363476b025df219909ff7dc7d6b5ea4d8a644a1c2a124df21edce34d77d7,93.93382,96.66947,544,False,unit fuzzy loss,success_build,True,True,aa62853a494a59a3b49a0803a5ed4d4d5e7bd2ca2a7a19f46a2873cb5965e68e,True,True,True,,unknown: historical snapshots lost
59,neighbor,"0,1,18,3,4,5,6,7,8,9,10,11,12,13,14,15,16,17,2,19,20,21,22",f0b87601a04d5259d59b4afa4b393fb29928b6b27ad98a05ae26efa4c37d0bb8,6b85fe7f910ac3122d690ba41293f06daa32235dc243fafb348cdeb26e0bbb01,93.86029,96.663,544,False,unit fuzzy loss,success_build,True,True,aa62853a494a59a3b49a0803a5ed4d4d5e7bd2ca2a7a19f46a2873cb5965e68e,True,True,True,,unknown: historical snapshots lost
60,neighbor,"0,1,19,3,4,5,6,7,8,9,10,11,12,13,14,15,16,17,18,2,20,21,22",dd160103d74674a634b569a6f2b740a3b5cec495f14926fb8d0f34ab37ce33e5,ce523adf5eac142421263ff2bc6890c32d07e307cf9989cd7f209c99e0bddcbf,95.22059,96.78266,544,False,unit fuzzy loss,success_build,True,True,aa62853a494a59a3b49a0803a5ed4d4d5e7bd2ca2a7a19f46a2873cb5965e68e,True,True,True,,unknown: historical snapshots lost
61,neighbor,"0,1,20,3,4,5,6,7,8,9,10,11,12,13,14,15,16,17,18,19,2,21,22",e7984a75e3fcf859a9fc32a11cab2bac9d56e51ec11c5cf6c92e1a4922f2ef7f,7a26b04d0995657a31761f7734d5911b9c08642ec9744aa3027aba38307e17cb,93.41912,96.62419,544,False,unit fuzzy loss,success_build,True,True,aa62853a494a59a3b49a0803a5ed4d4d5e7bd2ca2a7a19f46a2873cb5965e68e,True,True,True,,unknown: historical snapshots lost
62,neighbor,"0,1,21,3,4,5,6,7,8,9,10,11,12,13,14,15,16,17,18,19,20,2,22",9a06567f82d4570195366c60a431c5a9919448d5e38e7184bc398b187ede9623,ca01e1f7306d804e119255c43b09b1b721f84705a8116a291c97f8b955ed0b24,94.48529,96.71798,544,False,unit fuzzy loss,success_build,True,True,aa62853a494a59a3b49a0803a5ed4d4d5e7bd2ca2a7a19f46a2873cb5965e68e,True,True,True,,unknown: historical snapshots lost
63,neighbor,"0,1,22,3,4,5,6,7,8,9,10,11,12,13,14,15,16,17,18,19,20,21,2",0aebcfccf9e4d64f3483cdfc24608575e4d929805e5851167863f282c9239b83,bbcffdcad3af8f713d7d1f34b35ea607085b7b4e223ff0055ceae7822af2dbbd,91.507355,96.45602,544,False,unit fuzzy loss,success_build,True,True,aa62853a494a59a3b49a0803a5ed4d4d5e7bd2ca2a7a19f46a2873cb5965e68e,True,True,True,,unknown: historical snapshots lost
64,neighbor,"0,1,2,4,3,5,6,7,8,9,10,11,12,13,14,15,16,17,18,19,20,21,22",1110df626e23013ca8efb65cd4e390331f1712db923a61369d5566b73e63ae87,b8d1bdc306c9c60b9786f96913716812ae9721bb95753969821df5fa7f3d3a7c,96.76471,96.9185,544,True,,success_build,True,True,aa62853a494a59a3b49a0803a5ed4d4d5e7bd2ca2a7a19f46a2873cb5965e68e,True,True,True,,unknown: historical snapshots lost
65,neighbor,"0,1,2,5,4,3,6,7,8,9,10,11,12,13,14,15,16,17,18,19,20,21,22",88d316ef806d958d0fe0ff844c362108e184cb80cc1399f03b2f54c72bb76fa5,d92fc34bcacd35b228d45bd45d17b776060a59698fad823c9bcc650cf4eb07aa,96.54412,96.89909,544,False,unit fuzzy loss,success_build,True,True,aa62853a494a59a3b49a0803a5ed4d4d5e7bd2ca2a7a19f46a2873cb5965e68e,True,True,True,,unknown: historical snapshots lost
66,neighbor,"0,1,2,6,4,5,3,7,8,9,10,11,12,13,14,15,16,17,18,19,20,21,22",20c9842ef4db199729007ee1c647ae1fedf70a476431dabafca1ed14121ba6ea,ec16b52bfcd4b132b90d9d879ebc73ee652d4337202f371609c9a18c12120c89,96.69118,96.91203,544,False,unit fuzzy loss,success_build,True,True,aa62853a494a59a3b49a0803a5ed4d4d5e7bd2ca2a7a19f46a2873cb5965e68e,True,True,True,0,unknown: historical snapshots lost
67,neighbor,"0,1,2,7,4,5,6,3,8,9,10,11,12,13,14,15,16,17,18,19,20,21,22",504090fe8d66afddcbe3b551b28f0d30b13a362b79b2d3d0c0b6ba282aa96b93,abc88c4755a6a992fb1e6d20ffa476f46721ae277ebe8f4817866650da03172b,96.507355,96.89586,544,False,unit fuzzy loss,success_build,True,True,aa62853a494a59a3b49a0803a5ed4d4d5e7bd2ca2a7a19f46a2873cb5965e68e,True,True,True,,unknown: historical snapshots lost
68,neighbor,"0,1,2,8,4,5,6,7,3,9,10,11,12,13,14,15,16,17,18,19,20,21,22",c3fb0b7454f3f8010940003712074185f83806aa66f0654ab4cd879bad415191,82bb27a68bf33b1badecefe08e2b0f66f310fb3fc480909923fbaa06c9de0023,96.507355,96.89586,544,False,unit fuzzy loss,success_build,True,True,aa62853a494a59a3b49a0803a5ed4d4d5e7bd2ca2a7a19f46a2873cb5965e68e,True,True,True,,unknown: historical snapshots lost
69,neighbor,"0,1,2,9,4,5,6,7,8,3,10,11,12,13,14,15,16,17,18,19,20,21,22",f65108023ea6a07bf505f051d60cec0a403c0d6e36f51d4fff1fa473b790bb15,7889f096f3ac03e5caf0f059c821ba4d171adafd123eea9f1d8f29d14ce3c1fd,96.213234,96.86999,544,False,unit fuzzy loss,success_build,True,True,aa62853a494a59a3b49a0803a5ed4d4d5e7bd2ca2a7a19f46a2873cb5965e68e,True,True,True,,unknown: historical snapshots lost
70,neighbor,"0,1,2,10,4,5,6,7,8,9,3,11,12,13,14,15,16,17,18,19,20,21,22",5fbb81bea68c683b83ce1de2a6cd719db2e3e3c2dce1f622253e64f595e63428,7889f096f3ac03e5caf0f059c821ba4d171adafd123eea9f1d8f29d14ce3c1fd,96.213234,96.86999,544,False,unit fuzzy loss,success_build,True,True,aa62853a494a59a3b49a0803a5ed4d4d5e7bd2ca2a7a19f46a2873cb5965e68e,True,True,True,,unknown: historical snapshots lost
71,neighbor,"0,1,2,11,4,5,6,7,8,9,10,3,12,13,14,15,16,17,18,19,20,21,22",ad35b1545465140802ade5828579e61ed966fa5de2044030b4d87b9f608a4e5e,c06b9ce36d2ca39319c9a0dd02e5079c255eac5c7db27b0c5657e3df89316cc9,96.06618,96.85705,544,False,unit fuzzy loss,success_build,True,True,aa62853a494a59a3b49a0803a5ed4d4d5e7bd2ca2a7a19f46a2873cb5965e68e,True,True,True,,unknown: historical snapshots lost
72,neighbor,"0,1,2,12,4,5,6,7,8,9,10,11,3,13,14,15,16,17,18,19,20,21,22",994f64ea323555a3fd761e69bfa950e71afb602d8cbc19a3d01b71f408e71fa7,1511780500f94add96d86a1f3813afd8e64f2eb8c1ee3f1fc3a49bbea1657f3f,94.882355,96.752914,544,False,unit fuzzy loss,success_build,True,True,aa62853a494a59a3b49a0803a5ed4d4d5e7bd2ca2a7a19f46a2873cb5965e68e,True,True,True,,unknown: historical snapshots lost
73,neighbor,"0,1,2,13,4,5,6,7,8,9,10,11,12,3,14,15,16,17,18,19,20,21,22",e7bdbdd666e6c76b9bcb2ecf1cb77d402c8cffe26c678ce360973f6f8f5226c9,f5371a620e7e287d54385713a51207fd893a3462c8019a7eece3ed864c3ef096,95.036766,96.766495,544,False,unit fuzzy loss,success_build,True,True,aa62853a494a59a3b49a0803a5ed4d4d5e7bd2ca2a7a19f46a2873cb5965e68e,True,True,True,,unknown: historical snapshots lost
74,neighbor,"0,1,2,14,4,5,6,7,8,9,10,11,12,13,3,15,16,17,18,19,20,21,22",dd9bdc568f6decc18b74c69cea014a49fbf41826419a6d55d9a22ab8b1a5d79a,d72d693af6c65a20cc04e9bb443360405a3e443298647f76396b638d8ed8bcff,95.51471,96.80854,544,False,unit fuzzy loss,success_build,True,True,aa62853a494a59a3b49a0803a5ed4d4d5e7bd2ca2a7a19f46a2873cb5965e68e,True,True,True,,unknown: historical snapshots lost
75,neighbor,"0,1,2,15,4,5,6,7,8,9,10,11,12,13,14,3,16,17,18,19,20,21,22",c75745ef8f6af00bb95c978a6090e96ca168216d2d9fca3fbbadcb7e478c4755,53dbfa880dcd103ee9d9bf245d0ccb9ad27cf423bb9a9a34a67f6c4dac269712,96.43382,96.88939,544,False,unit fuzzy loss,success_build,True,True,aa62853a494a59a3b49a0803a5ed4d4d5e7bd2ca2a7a19f46a2873cb5965e68e,True,True,True,,unknown: historical snapshots lost
76,neighbor,"0,1,2,16,4,5,6,7,8,9,10,11,12,13,14,15,3,17,18,19,20,21,22",4045645b84fdbbdb1f288d363d8d14ba5f8f3c24d3f89f666d23cf4e83122b08,dd4835917b63803b5db7bf5f6593be16b31f9a5d07781fe89de32a41ad2b8a4a,95.29412,96.78913,544,False,unit fuzzy loss,success_build,True,True,aa62853a494a59a3b49a0803a5ed4d4d5e7bd2ca2a7a19f46a2873cb5965e68e,True,True,True,,unknown: historical snapshots lost
77,neighbor,"0,1,2,17,4,5,6,7,8,9,10,11,12,13,14,15,16,3,18,19,20,21,22",d2bd679e44a99d5158c35d4058a39c799a3d68b926e429b54bbafe9cff233d3a,d904754317d2ac3ba4670cb7dcc39c80db2e249cd14a5eb3a7f5e90afeae6633,96.47059,96.892624,544,False,unit fuzzy loss,success_build,True,True,aa62853a494a59a3b49a0803a5ed4d4d5e7bd2ca2a7a19f46a2873cb5965e68e,True,True,True,,unknown: historical snapshots lost
78,neighbor,"0,1,2,18,4,5,6,7,8,9,10,11,12,13,14,15,16,17,3,19,20,21,22",ad7c50442658be8831363e3f886f6d6be191f99928b37d6b3e2e18d575933da5,ae7f4a72d12427bac3904eafda50a0f6880611de0b3da24a5e5ff69e36d700a1,96.507355,96.89586,544,False,unit fuzzy loss,success_build,True,True,aa62853a494a59a3b49a0803a5ed4d4d5e7bd2ca2a7a19f46a2873cb5965e68e,True,True,True,,unknown: historical snapshots lost
79,neighbor,"0,1,2,19,4,5,6,7,8,9,10,11,12,13,14,15,16,17,18,3,20,21,22",9556f97c3407fbd7c6088bf8bfea642f4d9792ce09167eb8eb46c9fa9f3e3215,e9b3591539a7886bbb448b2ddb99b3f70abd09acb8b580bfe3a09768fb1fdd37,96.507355,96.89586,544,False,unit fuzzy loss,success_build,True,True,aa62853a494a59a3b49a0803a5ed4d4d5e7bd2ca2a7a19f46a2873cb5965e68e,True,True,True,,unknown: historical snapshots lost
80,neighbor,"0,1,2,20,4,5,6,7,8,9,10,11,12,13,14,15,16,17,18,19,3,21,22",df0428a9009eb4697888d9b1e04948fd8e65b583b797bd73571ed60acf523f29,e78abfc802173c6644dc4159be55ad7b38596a305174c92d3f568f0ed864c1c8,94.15441,96.68887,544,False,unit fuzzy loss,success_build,True,True,aa62853a494a59a3b49a0803a5ed4d4d5e7bd2ca2a7a19f46a2873cb5965e68e,True,True,True,,unknown: historical snapshots lost
81,neighbor,"0,1,2,21,4,5,6,7,8,9,10,11,12,13,14,15,16,17,18,19,20,3,22",4f53d98ebddad3e2e2a2e4846c7877359fe47e7963a72db84aba98fb653fa47a,52164d3f8af764cb2279a4a7555d6015d2049e217d93d11ec0dbd5fe76da5446,95.661766,96.82147,544,False,unit fuzzy loss,success_build,True,True,aa62853a494a59a3b49a0803a5ed4d4d5e7bd2ca2a7a19f46a2873cb5965e68e,True,True,True,,unknown: historical snapshots lost
82,neighbor,"0,1,2,22,4,5,6,7,8,9,10,11,12,13,14,15,16,17,18,19,20,21,3",de96f05d678dc40dec70bec76aeeb89c24f54781c4e494b7b1d8d29e648cde66,ff134a8f8fc56a9e9cacb0827eb2e0e20506bd15cc86e42ff24f61fa0e6634d5,92.16912,96.51423,544,False,unit fuzzy loss,success_build,True,True,aa62853a494a59a3b49a0803a5ed4d4d5e7bd2ca2a7a19f46a2873cb5965e68e,True,True,True,,unknown: historical snapshots lost
83,neighbor,"0,1,2,3,5,4,6,7,8,9,10,11,12,13,14,15,16,17,18,19,20,21,22",1522f14974988ad18abe69fd1763519690fefa5504776988a1e590a0dd0613e3,b8d1bdc306c9c60b9786f96913716812ae9721bb95753969821df5fa7f3d3a7c,96.76471,96.9185,544,True,,success_build,True,True,aa62853a494a59a3b49a0803a5ed4d4d5e7bd2ca2a7a19f46a2873cb5965e68e,True,True,True,,unknown: historical snapshots lost
84,neighbor,"0,1,2,3,6,5,4,7,8,9,10,11,12,13,14,15,16,17,18,19,20,21,22",36f4eacad6046117ecb4a597241f01f6c7cc71e809e8497ddba6d0d6324252ac,03e583cdf32fe5e67c101151a60e9c0a61050ddfa2ce5d8cc271aeea7860f447,96.65441,96.9088,544,False,unit fuzzy loss,success_build,True,True,aa62853a494a59a3b49a0803a5ed4d4d5e7bd2ca2a7a19f46a2873cb5965e68e,True,True,True,,unknown: historical snapshots lost
85,neighbor,"0,1,2,3,7,5,6,4,8,9,10,11,12,13,14,15,16,17,18,19,20,21,22",3c08228dc775129560b4ab08c049678bd956299c9fc1a8edcd2baebd88e18215,af624292f2b0e24ef491221c5d02bc432adf9809988dee9bfe1fce6b010bdc38,96.65441,96.9088,544,False,unit fuzzy loss,success_build,True,True,aa62853a494a59a3b49a0803a5ed4d4d5e7bd2ca2a7a19f46a2873cb5965e68e,True,True,True,,unknown: historical snapshots lost
86,neighbor,"0,1,2,3,8,5,6,7,4,9,10,11,12,13,14,15,16,17,18,19,20,21,22",13bc6cd7f1525acdcb1cb50feb2215696da7f98c59bbfb50707c976aac08c51f,6acd2c1d11c133194e79517af042561b8b43ab9ea238911343bc581d00eee5dd,96.25,96.87322,544,False,unit fuzzy loss,success_build,True,True,aa62853a494a59a3b49a0803a5ed4d4d5e7bd2ca2a7a19f46a2873cb5965e68e,True,True,True,,unknown: historical snapshots lost
87,neighbor,"0,1,2,3,9,5,6,7,8,4,10,11,12,13,14,15,16,17,18,19,20,21,22",7dce60bab66363cd1ce75570d05fa9a06fe720ae22116270fe36ea43a3e046ed,b8d1bdc306c9c60b9786f96913716812ae9721bb95753969821df5fa7f3d3a7c,96.76471,96.9185,544,True,,success_build,True,True,aa62853a494a59a3b49a0803a5ed4d4d5e7bd2ca2a7a19f46a2873cb5965e68e,True,True,True,,unknown: historical snapshots lost
88,neighbor,"0,1,2,3,10,5,6,7,8,9,4,11,12,13,14,15,16,17,18,19,20,21,22",9f802ee261eae1df6e95389b1c483fd478f1d5ee0f777b5cf69ac29139a1e8e6,b8d1bdc306c9c60b9786f96913716812ae9721bb95753969821df5fa7f3d3a7c,96.76471,96.9185,544,True,,success_build,True,True,aa62853a494a59a3b49a0803a5ed4d4d5e7bd2ca2a7a19f46a2873cb5965e68e,True,True,True,,unknown: historical snapshots lost
89,neighbor,"0,1,2,3,11,5,6,7,8,9,10,4,12,13,14,15,16,17,18,19,20,21,22",83567b2eaa644c6bfcf1d627eba309ef00caa6f43871d487a02b7cace9d1dc5b,99649db88e0bbbe6179ca41abb65ad13922439ee22c4261a8c3329e0d0330c90,95.992645,96.850586,544,False,unit fuzzy loss,success_build,True,True,aa62853a494a59a3b49a0803a5ed4d4d5e7bd2ca2a7a19f46a2873cb5965e68e,True,True,True,,unknown: historical snapshots lost
90,neighbor,"0,1,2,3,12,5,6,7,8,9,10,11,4,13,14,15,16,17,18,19,20,21,22",913844b55ad1345f61a759202b96a713764fbc39f1e675414a5756ab9d69da8f,bffed2d6d720155e428560ceb978cdede58fe40f597a30922d85f3c07868defd,94.29412,96.701164,544,False,unit fuzzy loss,success_build,True,True,aa62853a494a59a3b49a0803a5ed4d4d5e7bd2ca2a7a19f46a2873cb5965e68e,True,True,True,,unknown: historical snapshots lost
91,neighbor,"0,1,2,3,13,5,6,7,8,9,10,11,12,4,14,15,16,17,18,19,20,21,22",6077b88637552746194b9de2f20616043e56a2f9177cd4f7693c1dbd9718758e,5889cb02c07ff3ca4fe1733a85a2296b1922ad38840768f6a9671090fbbec7bb,94.117645,96.68564,544,False,unit fuzzy loss,success_build,True,True,aa62853a494a59a3b49a0803a5ed4d4d5e7bd2ca2a7a19f46a2873cb5965e68e,True,True,True,,unknown: historical snapshots lost
92,neighbor,"0,1,2,3,14,5,6,7,8,9,10,11,12,13,4,15,16,17,18,19,20,21,22",faa0426e33f6b934b21f1bf7ae18a8251a3849d75c927fb8b49a7f7033bfe312,b8d1bdc306c9c60b9786f96913716812ae9721bb95753969821df5fa7f3d3a7c,96.76471,96.9185,544,True,,success_build,True,True,aa62853a494a59a3b49a0803a5ed4d4d5e7bd2ca2a7a19f46a2873cb5965e68e,True,True,True,,unknown: historical snapshots lost
93,neighbor,"0,1,2,3,15,5,6,7,8,9,10,11,12,13,14,4,16,17,18,19,20,21,22",6181099b1ffaf8efa2ac684e4139b4ad9a154680bc5f00a3e970ea0ad8b2ab6c,3587b8c5347da8544ccdc6c7879d0b5afb590ee371849cd41b8ffa0fda290167,95.661766,96.82147,544,False,unit fuzzy loss,success_build,True,True,aa62853a494a59a3b49a0803a5ed4d4d5e7bd2ca2a7a19f46a2873cb5965e68e,True,True,True,,unknown: historical snapshots lost
94,neighbor,"0,1,2,3,16,5,6,7,8,9,10,11,12,13,14,15,4,17,18,19,20,21,22",c83b73e9cea3cea09760bb03d03e26c721e19fb4dc7d873aba0ed9ad3d1f7539,b8d1bdc306c9c60b9786f96913716812ae9721bb95753969821df5fa7f3d3a7c,96.76471,96.9185,544,True,,success_build,True,True,aa62853a494a59a3b49a0803a5ed4d4d5e7bd2ca2a7a19f46a2873cb5965e68e,True,True,True,,unknown: historical snapshots lost
95,neighbor,"0,1,2,3,17,5,6,7,8,9,10,11,12,13,14,15,16,4,18,19,20,21,22",b1583009b508c2f30a91539462d5c3af042a7a4d41639c26e87247a7d1e36a4a,b2c619ee1d19ba6dcda219f84ce5cedf1f4d1071588950f69e25f4a534741cd2,95.55147,96.811775,544,False,unit fuzzy loss,success_build,True,True,aa62853a494a59a3b49a0803a5ed4d4d5e7bd2ca2a7a19f46a2873cb5965e68e,True,True,True,,unknown: historical snapshots lost
96,neighbor,"0,1,2,3,18,5,6,7,8,9,10,11,12,13,14,15,16,17,4,19,20,21,22",833ceb78ff42665c99877982a3bd36012f0b3c829baf42a37976145b851ada51,f5f10442112226ddf708aaf42db759e29b4243069fdb93a90bfc50eb31c549f4,95.47794,96.805305,544,False,unit fuzzy loss,success_build,True,True,aa62853a494a59a3b49a0803a5ed4d4d5e7bd2ca2a7a19f46a2873cb5965e68e,True,True,True,,unknown: historical snapshots lost
97,neighbor,"0,1,2,3,19,5,6,7,8,9,10,11,12,13,14,15,16,17,18,4,20,21,22",e4e7593ad2e3d4e5af73127f0390c351481420523494c4a948522c15191de67a,e4bc226a9dff56c2c13be2495a6490b8d8dbacfd275ca10ff960c403c23c24a0,95.33088,96.792366,544,False,unit fuzzy loss,success_build,True,True,aa62853a494a59a3b49a0803a5ed4d4d5e7bd2ca2a7a19f46a2873cb5965e68e,True,True,True,,unknown: historical snapshots lost
98,neighbor,"0,1,2,3,20,5,6,7,8,9,10,11,12,13,14,15,16,17,18,19,4,21,22",8535d0ccd1c36c8d7d828edcc1fc5c1360e067840c734d72299d56ca55ea8b5c,56b839e6d3e70a45709b3dfa2376033b28f23b5c69a295ecb2d7e343eb9f69c8,93.088234,96.595085,544,False,unit fuzzy loss,success_build,True,True,aa62853a494a59a3b49a0803a5ed4d4d5e7bd2ca2a7a19f46a2873cb5965e68e,True,True,True,,unknown: historical snapshots lost
99,neighbor,"0,1,2,3,21,5,6,7,8,9,10,11,12,13,14,15,16,17,18,19,20,4,22",520d5da42cc8c65cb5c3115ec3fcfe712657feeeaf8ae9bec4fd4e3aa056ab27,c84046c1bd3de3fa22bb2cd82fead56332760ec359491baee9a073de315a3ece,93.19853,96.60479,544,False,unit fuzzy loss,success_build,True,True,aa62853a494a59a3b49a0803a5ed4d4d5e7bd2ca2a7a19f46a2873cb5965e68e,True,True,True,,unknown: historical snapshots lost
100,neighbor,"0,1,2,3,22,5,6,7,8,9,10,11,12,13,14,15,16,17,18,19,20,21,4",a062d3470e0e8bd92effd90bac9e6db96a4b0a812e24c8edca9222aec0e68782,37810a39ab04a86e13554ed880972b96a090c0337669bc2b625ee8017b887fb3,91.54412,96.45925,544,False,unit fuzzy loss,success_build,True,True,aa62853a494a59a3b49a0803a5ed4d4d5e7bd2ca2a7a19f46a2873cb5965e68e,True,True,True,,unknown: historical snapshots lost
101,neighbor,"0,1,2,3,4,6,5,7,8,9,10,11,12,13,14,15,16,17,18,19,20,21,22",35e8f1cbfada7793b665f3bb1310ca249a481cadc76365b44e7e87a9cf9f2529,03e583cdf32fe5e67c101151a60e9c0a61050ddfa2ce5d8cc271aeea7860f447,96.65441,96.9088,544,False,unit fuzzy loss,success_build,True,True,aa62853a494a59a3b49a0803a5ed4d4d5e7bd2ca2a7a19f46a2873cb5965e68e,True,True,True,,unknown: historical snapshots lost
102,neighbor,"0,1,2,3,4,7,6,5,8,9,10,11,12,13,14,15,16,17,18,19,20,21,22",b6bd031d2403f03a9292808c75ea0e229de633a2cc06ded88724ae84e8dcd98c,bd38c3dfdb3278ac837df596c5caa12d259215ed7510f4a845c9b50679d2618f,96.65441,96.9088,544,False,unit fuzzy loss,success_build,True,True,aa62853a494a59a3b49a0803a5ed4d4d5e7bd2ca2a7a19f46a2873cb5965e68e,True,True,True,,unknown: historical snapshots lost
103,neighbor,"0,1,2,3,4,8,6,7,5,9,10,11,12,13,14,15,16,17,18,19,20,21,22",366b24ee90dd710816c38a452bfe073670f7e41782dd3a3226e9660240733cc2,dc4e577e5b39f814b42f29b56f29f761c86a2fccbd070cc5789150f7cdd17c82,96.25,96.87322,544,False,unit fuzzy loss,success_build,True,True,aa62853a494a59a3b49a0803a5ed4d4d5e7bd2ca2a7a19f46a2873cb5965e68e,True,True,True,,unknown: historical snapshots lost
104,neighbor,"0,1,2,3,4,9,6,7,8,5,10,11,12,13,14,15,16,17,18,19,20,21,22",54ec356bbe000de7166a43d0b5c097f236175e49dfe4ed79ac8c348213590f4c,e9a664bceb1304fda04a98f525aad3b83c96f3da24db3d7ee7e4c1808905e8ae,96.32353,96.87969,544,False,unit fuzzy loss,success_build,True,True,aa62853a494a59a3b49a0803a5ed4d4d5e7bd2ca2a7a19f46a2873cb5965e68e,True,True,True,,unknown: historical snapshots lost
105,neighbor,"0,1,2,3,4,10,6,7,8,9,5,11,12,13,14,15,16,17,18,19,20,21,22",91f9bb3fcbe3974f1c01055d3d7acfdd53b9819f2ea1b0162891a97863be69dd,e9a664bceb1304fda04a98f525aad3b83c96f3da24db3d7ee7e4c1808905e8ae,96.32353,96.87969,544,False,unit fuzzy loss,success_build,True,True,aa62853a494a59a3b49a0803a5ed4d4d5e7bd2ca2a7a19f46a2873cb5965e68e,True,True,True,,unknown: historical snapshots lost
106,neighbor,"0,1,2,3,4,11,6,7,8,9,10,5,12,13,14,15,16,17,18,19,20,21,22",9b884388da2d9c298979a851a17f7b927e0dd4366de8c59ec0e074968996fd50,dd81a6a2201039919f1f89ff840bebc4a91d969a108e473ad9afa9888b7ba535,96.213234,96.86999,544,False,unit fuzzy loss,success_build,True,True,aa62853a494a59a3b49a0803a5ed4d4d5e7bd2ca2a7a19f46a2873cb5965e68e,True,True,True,,unknown: historical snapshots lost
107,neighbor,"0,1,2,3,4,12,6,7,8,9,10,11,5,13,14,15,16,17,18,19,20,21,22",f289143c193fb90050be8ffa605f6597ce9a2ca783112415405e9199763f3d66,585d9eb3c0d9a3ea6a66b6df0da47ceebef987411fe123ef24f939ad4fc9f7e6,94.625,96.73027,544,False,unit fuzzy loss,success_build,True,True,aa62853a494a59a3b49a0803a5ed4d4d5e7bd2ca2a7a19f46a2873cb5965e68e,True,True,True,,unknown: historical snapshots lost
108,neighbor,"0,1,2,3,4,13,6,7,8,9,10,11,12,5,14,15,16,17,18,19,20,21,22",88c6006fa7379d5f68402b347b3e056401c99222ea36be5455b9c00cab408dd5,ff61ddbab6c44a2971c29b2ca79eef0f25795666f76e3b9f332f5834538df4d9,94.66912,96.73415,544,False,unit fuzzy loss,success_build,True,True,aa62853a494a59a3b49a0803a5ed4d4d5e7bd2ca2a7a19f46a2873cb5965e68e,True,True,True,,unknown: historical snapshots lost
109,neighbor,"0,1,2,3,4,14,6,7,8,9,10,11,12,13,5,15,16,17,18,19,20,21,22",5c12b2ebbf666aa41dd28fd04b29a052d500da3d6bc5390f9f14127de8e7311d,ede819061c8bfa272d0bdaf15efc0d770c7100c6899a08f6cdd8ffc950243c5e,95.625,96.81824,544,False,unit fuzzy loss,success_build,True,True,aa62853a494a59a3b49a0803a5ed4d4d5e7bd2ca2a7a19f46a2873cb5965e68e,True,True,True,,unknown: historical snapshots lost
110,neighbor,"0,1,2,3,4,15,6,7,8,9,10,11,12,13,14,5,16,17,18,19,20,21,22",4632d4a578e6b66f5344653e885093ee0954bd5a20e0fd378e70719be1117f16,7467d2436eef98c49eec413e5ca9362e76e8290d483d8da32983a4425dc1337a,96.43382,96.88939,544,False,unit fuzzy loss,success_build,True,True,aa62853a494a59a3b49a0803a5ed4d4d5e7bd2ca2a7a19f46a2873cb5965e68e,True,True,True,,unknown: historical snapshots lost
111,neighbor,"0,1,2,3,4,16,6,7,8,9,10,11,12,13,14,15,5,17,18,19,20,21,22",da26134ee68fbc8331955159d57c6fba48377f577be57dbd54cc7e8b65e943ad,cf7f40b330f90fbe4f59f690fa6c9e7dcde8d9dd6e867ca2ecbb76b8a1f1ee9b,95.40441,96.798836,544,False,unit fuzzy loss,success_build,True,True,aa62853a494a59a3b49a0803a5ed4d4d5e7bd2ca2a7a19f46a2873cb5965e68e,True,True,True,,unknown: historical snapshots lost
112,neighbor,"0,1,2,3,4,17,6,7,8,9,10,11,12,13,14,15,16,5,18,19,20,21,22",18e0f6a447815bf20476e38894799405a077c4c955d82035913f0af557231baf,52451d175c7e757913f594374f631f82f289bcf46a13a83fe666b5d3123a03c3,96.54412,96.89909,544,False,unit fuzzy loss,success_build,True,True,aa62853a494a59a3b49a0803a5ed4d4d5e7bd2ca2a7a19f46a2873cb5965e68e,True,True,True,,unknown: historical snapshots lost
113,neighbor,"0,1,2,3,4,18,6,7,8,9,10,11,12,13,14,15,16,17,5,19,20,21,22",afbe994bb58499229cecd4d1f57f83a6a62ccd66e52d90102350470d5131b4b5,43b3d3903c942ff9773c40b4eb3a472adab8aa641001a422e0cfed8e1704f0fe,96.58088,96.90233,544,False,unit fuzzy loss,success_build,True,True,aa62853a494a59a3b49a0803a5ed4d4d5e7bd2ca2a7a19f46a2873cb5965e68e,True,True,True,,unknown: historical snapshots lost
114,neighbor,"0,1,2,3,4,19,6,7,8,9,10,11,12,13,14,15,16,17,18,5,20,21,22",1da8610241c8bc290e1f070dda283adc76d3334ea14b3431614440fafd5ab3ff,2c9ecfd457f61effae66ef445de55039031224a5c28fecdf37ea18e168c600e5,96.507355,96.89586,544,False,unit fuzzy loss,success_build,True,True,aa62853a494a59a3b49a0803a5ed4d4d5e7bd2ca2a7a19f46a2873cb5965e68e,True,True,True,,unknown: historical snapshots lost
115,neighbor,"0,1,2,3,4,20,6,7,8,9,10,11,12,13,14,15,16,17,18,19,5,21,22",05c767f4fc028a42235ee39bacc38251bcb981876ca6ec76d348065d20d20457,dafea779cc3767ba64066daf26afcaa2ede69a709a66cd565f72d631e2c64756,95.84559,96.83765,544,False,unit fuzzy loss,success_build,True,True,aa62853a494a59a3b49a0803a5ed4d4d5e7bd2ca2a7a19f46a2873cb5965e68e,True,True,True,,unknown: historical snapshots lost
116,neighbor,"0,1,2,3,4,21,6,7,8,9,10,11,12,13,14,15,16,17,18,19,20,5,22",6929ce7e630304acdf423a203db8e7779b9f4afb41fdc6fcda01893c3f7a6081,752116a4eb9352ac4c03ae7811ebc4fa38239b9eaabbd445b04d4d342f425768,95.661766,96.82147,544,False,unit fuzzy loss,success_build,True,True,aa62853a494a59a3b49a0803a5ed4d4d5e7bd2ca2a7a19f46a2873cb5965e68e,True,True,True,,unknown: historical snapshots lost
117,neighbor,"0,1,2,3,4,22,6,7,8,9,10,11,12,13,14,15,16,17,18,19,20,21,5",65c5c23c46f2efb29b88b043e84516f83bd7fb31324091dabeabf030392ef3c8,378c32be17384203aa0558659bb453f05fbb1f979b5201ed203b6334dd25e735,95.11029,96.772964,544,False,unit fuzzy loss,success_build,True,True,aa62853a494a59a3b49a0803a5ed4d4d5e7bd2ca2a7a19f46a2873cb5965e68e,True,True,True,,unknown: historical snapshots lost
118,neighbor,"0,1,2,3,4,5,7,6,8,9,10,11,12,13,14,15,16,17,18,19,20,21,22",419667b49f20410a661645e3224a7ffc8edc127b942cd0a011c1a3db5064e8ad,489b2ddf7bedc108879f8147f9aef466926e602aafc1d57486c769b4bf38dd78,96.507355,96.89586,544,False,unit fuzzy loss,success_build,True,True,aa62853a494a59a3b49a0803a5ed4d4d5e7bd2ca2a7a19f46a2873cb5965e68e,True,True,True,,unknown: historical snapshots lost
119,neighbor,"0,1,2,3,4,5,8,7,6,9,10,11,12,13,14,15,16,17,18,19,20,21,22",a2d5fbd2718f8317d213f1719c7c3048731b328146447b224f6bf4a6d267ab05,aec0c21d888498e9df303f8d7fbac4d76bce6b6d18a8ee63f85b5e477fb5b80b,96.43382,96.88939,544,False,unit fuzzy loss,success_build,True,True,aa62853a494a59a3b49a0803a5ed4d4d5e7bd2ca2a7a19f46a2873cb5965e68e,True,True,True,,unknown: historical snapshots lost
120,neighbor,"0,1,2,3,4,5,9,7,8,6,10,11,12,13,14,15,16,17,18,19,20,21,22",77814bee75284c8f1dabcc7819350d531cb901ba1c51937c0b1bcbbe6946f4fd,fae1564c37c0be204dd08428f28bc7005fae11f517d4da70711b8aa99219f510,96.43382,96.88939,544,False,unit fuzzy loss,success_build,True,True,aa62853a494a59a3b49a0803a5ed4d4d5e7bd2ca2a7a19f46a2873cb5965e68e,True,True,True,,unknown: historical snapshots lost
121,neighbor,"0,1,2,3,4,5,10,7,8,9,6,11,12,13,14,15,16,17,18,19,20,21,22",d9a6711bb27707005c7b5c7dd8c784a355d4f9550051ea8a89a11690540ea905,fae1564c37c0be204dd08428f28bc7005fae11f517d4da70711b8aa99219f510,96.43382,96.88939,544,False,unit fuzzy loss,success_build,True,True,aa62853a494a59a3b49a0803a5ed4d4d5e7bd2ca2a7a19f46a2873cb5965e68e,True,True,True,,unknown: historical snapshots lost
122,neighbor,"0,1,2,3,4,5,11,7,8,9,10,6,12,13,14,15,16,17,18,19,20,21,22",942749c387de368a1810ac409719ea35fb5f97d254e040096c45740c6feb2edf,b23bf2395e4151c06b021dd03cee5987d91a6d0e4db774de53439b2611f4976d,96.39706,96.886154,544,False,unit fuzzy loss,success_build,True,True,aa62853a494a59a3b49a0803a5ed4d4d5e7bd2ca2a7a19f46a2873cb5965e68e,True,True,True,,unknown: historical snapshots lost
123,neighbor,"0,1,2,3,4,5,12,7,8,9,10,11,6,13,14,15,16,17,18,19,20,21,22",bf3bae554b500222df103b00146ff6f16c00091b4b737bc0519cc04432c3ae94,9f9b5c48b1c04bda8568dd0f4b5df8adfbfd63611a219a953a8ed43e574e4966,94.80882,96.746445,544,False,unit fuzzy loss,success_build,True,True,aa62853a494a59a3b49a0803a5ed4d4d5e7bd2ca2a7a19f46a2873cb5965e68e,True,True,True,,unknown: historical snapshots lost
124,neighbor,"0,1,2,3,4,5,13,7,8,9,10,11,12,6,14,15,16,17,18,19,20,21,22",7f793232e4f2250ed5271a9afca4a9871ea4139f44aab55d557a4474190af145,d4a47249cdf032e1896f735218229668bbd9592d968c8f2ea6a8c767b6ffe4bc,94.85294,96.75032,544,False,unit fuzzy loss,success_build,True,True,aa62853a494a59a3b49a0803a5ed4d4d5e7bd2ca2a7a19f46a2873cb5965e68e,True,True,True,,unknown: historical snapshots lost
125,neighbor,"0,1,2,3,4,5,14,7,8,9,10,11,12,13,6,15,16,17,18,19,20,21,22",e609c837297afb7ac494f854c260d65ceed02c097be1f9a6c346c42ecf03b16c,7a454d98ef3a64b66e8d17fcd066f5dea06c9ce3657204871c84d1e444944535,95.73529,96.82794,544,False,unit fuzzy loss,success_build,True,True,aa62853a494a59a3b49a0803a5ed4d4d5e7bd2ca2a7a19f46a2873cb5965e68e,True,True,True,,unknown: historical snapshots lost
126,neighbor,"0,1,2,3,4,5,15,7,8,9,10,11,12,13,14,6,16,17,18,19,20,21,22",1bc2b2f551b7edfc4666c3fd8b681438db56c552315a2c21301a3505951cc397,ec5171a522dadb49469a27f7afd98e374635ca553dd7310672bc23178e164c5c,96.54412,96.89909,544,False,unit fuzzy loss,success_build,True,True,aa62853a494a59a3b49a0803a5ed4d4d5e7bd2ca2a7a19f46a2873cb5965e68e,True,True,True,,unknown: historical snapshots lost
127,neighbor,"0,1,2,3,4,5,16,7,8,9,10,11,12,13,14,15,6,17,18,19,20,21,22",0317e01834aec834f9c23d5901037cb9e7c5214db82c101f917cda1d8c62b7eb,e77ef94851e6f3005946ec83a6347dcf5405dd89915eea7b3fcb672d766564d8,95.51471,96.80854,544,False,unit fuzzy loss,success_build,True,True,aa62853a494a59a3b49a0803a5ed4d4d5e7bd2ca2a7a19f46a2873cb5965e68e,True,True,True,,unknown: historical snapshots lost
128,neighbor,"0,1,2,3,4,5,17,7,8,9,10,11,12,13,14,15,16,6,18,19,20,21,22",7097ce0776804f8fe5f667c76bace518345ff16f5092a912b9fb0ea66636f0c5,8b9f11a5d7d08d07e0e8e9f7730b83cb02e696eea615c08c48bb9f02d2131660,96.65441,96.9088,544,False,unit fuzzy loss,success_build,True,True,aa62853a494a59a3b49a0803a5ed4d4d5e7bd2ca2a7a19f46a2873cb5965e68e,True,True,True,,unknown: historical snapshots lost
129,neighbor,"0,1,2,3,4,5,18,7,8,9,10,11,12,13,14,15,16,17,6,19,20,21,22",305659b7af76dcc8a6d2844b78700b992ae3f4d601a66c21b2deacf45bc8a28e,061782f4c34080a802876674c4a82feba851b2bd815424f1250c722226c43c6f,96.69118,96.91203,544,False,unit fuzzy loss,success_build,True,True,aa62853a494a59a3b49a0803a5ed4d4d5e7bd2ca2a7a19f46a2873cb5965e68e,True,True,True,,unknown: historical snapshots lost
130,neighbor,"0,1,2,3,4,5,19,7,8,9,10,11,12,13,14,15,16,17,18,6,20,21,22",b7cc2f55243ff3e976116fed5ac11ed3ce0a2f7800a57c0932f56d2a8b1fb22f,768bed008b26fb2755204fb0ceee2876ee0d26df5349ed7afb066bd9e8d224fe,96.69118,96.91203,544,False,unit fuzzy loss,success_build,True,True,aa62853a494a59a3b49a0803a5ed4d4d5e7bd2ca2a7a19f46a2873cb5965e68e,True,True,True,,unknown: historical snapshots lost
131,neighbor,"0,1,2,3,4,5,20,7,8,9,10,11,12,13,14,15,16,17,18,19,6,21,22",095eb29b3080758cb8ea34bc9fbc1724fd8c128bb477686073055e514eea3e54,001733acf6a1de78d699f63450948fc7b419195dbd4e18d5573f886e90afb6d7,95.992645,96.850586,544,False,unit fuzzy loss,success_build,True,True,aa62853a494a59a3b49a0803a5ed4d4d5e7bd2ca2a7a19f46a2873cb5965e68e,True,True,True,,unknown: historical snapshots lost
132,neighbor,"0,1,2,3,4,5,21,7,8,9,10,11,12,13,14,15,16,17,18,19,20,6,22",f7afeb4cb375caa9843f440aaf0906a9f7b98c62984ae2428c6805f73361c5d7,ff8eb1e4845ed0fcf9dee5159a564ac8d399ded5c44a376d79d7403f77d2e62b,95.77206,96.83118,544,False,unit fuzzy loss,success_build,True,True,aa62853a494a59a3b49a0803a5ed4d4d5e7bd2ca2a7a19f46a2873cb5965e68e,True,True,True,,unknown: historical snapshots lost
133,neighbor,"0,1,2,3,4,5,22,7,8,9,10,11,12,13,14,15,16,17,18,19,20,21,6",81946f6468435204d179650b284030d039a44d915d31d38efaad862a93074181,c6f7f14888a6f4db81230b42d537cab52380d71183a989d004d62bcf2b7244d2,95.22059,96.78266,544,False,unit fuzzy loss,success_build,True,True,aa62853a494a59a3b49a0803a5ed4d4d5e7bd2ca2a7a19f46a2873cb5965e68e,True,True,True,,unknown: historical snapshots lost
134,neighbor,"0,1,2,3,4,5,6,8,7,9,10,11,12,13,14,15,16,17,18,19,20,21,22",3bdcaa8c704c4c63f7aa534122ee434e4b15bc3e8de30e4245461fc8da051c04,cfe4de43a6c6dc46620a71bec39867de666d18af277cd38a5ab6ad8eda48e097,96.69118,96.91203,544,False,unit fuzzy loss,success_build,True,True,aa62853a494a59a3b49a0803a5ed4d4d5e7bd2ca2a7a19f46a2873cb5965e68e,True,True,True,,unknown: historical snapshots lost
135,neighbor,"0,1,2,3,4,5,6,9,8,7,10,11,12,13,14,15,16,17,18,19,20,21,22",2f058e85644280c3219fd6e85e13e553e9c01c0f1252a81f8303f32c30d3bc9f,cfe4de43a6c6dc46620a71bec39867de666d18af277cd38a5ab6ad8eda48e097,96.69118,96.91203,544,False,unit fuzzy loss,success_build,True,True,aa62853a494a59a3b49a0803a5ed4d4d5e7bd2ca2a7a19f46a2873cb5965e68e,True,True,True,,unknown: historical snapshots lost
136,neighbor,"0,1,2,3,4,5,6,10,8,9,7,11,12,13,14,15,16,17,18,19,20,21,22",0b6fef31ef13ef344519312bcaa1beb60acce892c60a10d883e41aeb5ddf468e,cfe4de43a6c6dc46620a71bec39867de666d18af277cd38a5ab6ad8eda48e097,96.69118,96.91203,544,False,unit fuzzy loss,success_build,True,True,aa62853a494a59a3b49a0803a5ed4d4d5e7bd2ca2a7a19f46a2873cb5965e68e,True,True,True,,unknown: historical snapshots lost
137,neighbor,"0,1,2,3,4,5,6,11,8,9,10,7,12,13,14,15,16,17,18,19,20,21,22",9810801bf348c3a5f1cc9c551b0c4b55301386584253f5c4a2bda365290aaa7c,6b9349c31ce2368bab96cff52939d282ad163e6d04984f0a6a32b08793d32fbc,96.36029,96.88293,544,False,unit fuzzy loss,success_build,True,True,aa62853a494a59a3b49a0803a5ed4d4d5e7bd2ca2a7a19f46a2873cb5965e68e,True,True,True,,unknown: historical snapshots lost
138,neighbor,"0,1,2,3,4,5,6,12,8,9,10,11,7,13,14,15,16,17,18,19,20,21,22",b37cd97a395e641cbe3f7f1c95e27988ce1cec7fe2f0af7b4f5d303889b0189a,0359891345a71b50f2bb2ef8d7781644867be238b840167ca3fc57afb88223ec,95.06618,96.76908,544,False,unit fuzzy loss,success_build,True,True,aa62853a494a59a3b49a0803a5ed4d4d5e7bd2ca2a7a19f46a2873cb5965e68e,True,True,True,,unknown: historical snapshots lost
139,neighbor,"0,1,2,3,4,5,6,13,8,9,10,11,12,7,14,15,16,17,18,19,20,21,22",2146f3ba909a9688e427c336d6a49abae2d4c6c54d35cd90d0ca1f5ae7be2113,60e300969c9f49e619d60aed8ec31e20ca24fb894d6504229b9f8afc2d7fdf6b,95.11029,96.772964,544,False,unit fuzzy loss,success_build,True,True,aa62853a494a59a3b49a0803a5ed4d4d5e7bd2ca2a7a19f46a2873cb5965e68e,True,True,True,,unknown: historical snapshots lost
140,neighbor,"0,1,2,3,4,5,6,14,8,9,10,11,12,13,7,15,16,17,18,19,20,21,22",53b80667b287235c94910bd5a22b71f5914cb0b7209e0f201c67258eabb66f0c,75e2a5560165b5786d578635f55fdaabf6b8d9c252d6ff748ad1c89b3a63821b,95.992645,96.850586,544,False,unit fuzzy loss,success_build,True,True,aa62853a494a59a3b49a0803a5ed4d4d5e7bd2ca2a7a19f46a2873cb5965e68e,True,True,True,,unknown: historical snapshots lost
141,neighbor,"0,1,2,3,4,5,6,15,8,9,10,11,12,13,14,7,16,17,18,19,20,21,22",3379162a9dba6afaf8269e0b4ff3aae098bc870fc2da12fdab6e9b0fa3d4e916,1b050989f414b56411ed8bb575c946124cddf82e2a43be64183b54da76391a1c,96.54412,96.89909,544,False,unit fuzzy loss,success_build,True,True,aa62853a494a59a3b49a0803a5ed4d4d5e7bd2ca2a7a19f46a2873cb5965e68e,True,True,True,,unknown: historical snapshots lost
142,neighbor,"0,1,2,3,4,5,6,16,8,9,10,11,12,13,14,15,7,17,18,19,20,21,22",f609f18184846ce0fe70a7ca0ff918a48d030bddbedd3f73400fdcd504d42c95,be9381063f502cbf16d870c544bf9981c4534300b899b3867fc2e572d63ca04b,95.77206,96.83118,544,False,unit fuzzy loss,success_build,True,True,aa62853a494a59a3b49a0803a5ed4d4d5e7bd2ca2a7a19f46a2873cb5965e68e,True,True,True,,unknown: historical snapshots lost
143,neighbor,"0,1,2,3,4,5,6,17,8,9,10,11,12,13,14,15,16,7,18,19,20,21,22",39e1f5f62b605cb2d06d5e3987126c7d57651841f380f24a490676acdac3ce87,ae6a41c6c639071e0137e5efbe5dbff743e83eaa93a4dcf7a1910001948adf42,96.65441,96.9088,544,False,unit fuzzy loss,success_build,True,True,aa62853a494a59a3b49a0803a5ed4d4d5e7bd2ca2a7a19f46a2873cb5965e68e,True,True,True,,unknown: historical snapshots lost
144,neighbor,"0,1,2,3,4,5,6,18,8,9,10,11,12,13,14,15,16,17,7,19,20,21,22",49c776b89ece23f21ea46ba33d11ad463848fc09b5b07571a6a4534c1e105097,156f7edf8571f6d2773b425adc5968ed8d1e9d19784d05c47bcdb47874390809,96.69118,96.91203,544,False,unit fuzzy loss,success_build,True,True,aa62853a494a59a3b49a0803a5ed4d4d5e7bd2ca2a7a19f46a2873cb5965e68e,True,True,True,,unknown: historical snapshots lost
145,neighbor,"0,1,2,3,4,5,6,19,8,9,10,11,12,13,14,15,16,17,18,7,20,21,22",dce003b060d55cc3ed3e9c4b8be80fe2294a6bd78c8593cc9f5489389c25ef8a,3038c01994120635cac83addc6189e844b6d86ad6aa60af4c9f857fe395c6c31,97.132355,96.95084,544,True,,success_build,True,True,aa62853a494a59a3b49a0803a5ed4d4d5e7bd2ca2a7a19f46a2873cb5965e68e,True,True,True,,unknown: historical snapshots lost
146,neighbor,"0,1,2,3,4,5,6,20,8,9,10,11,12,13,14,15,16,17,18,19,7,21,22",bad3b7dffcbfce6108b900c97764c104d44e7d1e129aa7c0732d71691a24beaa,8c5104e9b2c8c28a5688021d71439cbe18099478c17bab8a4dca463b339e6007,96.39706,96.886154,544,False,unit fuzzy loss,success_build,True,True,aa62853a494a59a3b49a0803a5ed4d4d5e7bd2ca2a7a19f46a2873cb5965e68e,True,True,True,,unknown: historical snapshots lost
147,neighbor,"0,1,2,3,4,5,6,21,8,9,10,11,12,13,14,15,16,17,18,19,20,7,22",59352a3ff6168ef1b5a682cc7fe26c11e0a26a77164b1912d81f543ae12cc4ea,e58a72d7bcb9338d34177106aa8006448fe08de82a2aefc4c20a13e426e0f31c,96.213234,96.86999,544,False,unit fuzzy loss,success_build,True,True,aa62853a494a59a3b49a0803a5ed4d4d5e7bd2ca2a7a19f46a2873cb5965e68e,True,True,True,,unknown: historical snapshots lost
148,neighbor,"0,1,2,3,4,5,6,22,8,9,10,11,12,13,14,15,16,17,18,19,20,21,7",1c7c8407f7e01910c054f4245b45c4c00d9e0eb7faef556d4b69b91c2222a91d,a9e423d77e8204ccfb1e63a80e3219ab6fe3b2adc66d0f64b374f0c98de35354,95.661766,96.82147,544,False,unit fuzzy loss,success_build,True,True,aa62853a494a59a3b49a0803a5ed4d4d5e7bd2ca2a7a19f46a2873cb5965e68e,True,True,True,,unknown: historical snapshots lost
149,neighbor,"0,1,2,3,4,5,6,7,9,8,10,11,12,13,14,15,16,17,18,19,20,21,22",b24aa2f80876f2f40cf177ed1353a869392bb2935681c4c786f693505160a39b,b8d1bdc306c9c60b9786f96913716812ae9721bb95753969821df5fa7f3d3a7c,96.76471,96.9185,544,True,,success_build,True,True,aa62853a494a59a3b49a0803a5ed4d4d5e7bd2ca2a7a19f46a2873cb5965e68e,True,True,True,,unknown: historical snapshots lost
150,neighbor,"0,1,2,3,4,5,6,7,10,9,8,11,12,13,14,15,16,17,18,19,20,21,22",407173b28f22af5b4949bab2f1a53bd63161b50f3249d6c13397b227edf16304,b8d1bdc306c9c60b9786f96913716812ae9721bb95753969821df5fa7f3d3a7c,96.76471,96.9185,544,True,,success_build,True,True,aa62853a494a59a3b49a0803a5ed4d4d5e7bd2ca2a7a19f46a2873cb5965e68e,True,True,True,,unknown: historical snapshots lost
151,neighbor,"0,1,2,3,4,5,6,7,11,9,10,8,12,13,14,15,16,17,18,19,20,21,22",dfd1a0ed782779fd79983b40cc381d98fb005335fc183b7de5cd382f3f4c8fae,b1a45c6685b3df877f1ab5c326020b2e715e86390029c3b509265172f11f3f49,96.43382,96.88939,544,False,unit fuzzy loss,success_build,True,True,aa62853a494a59a3b49a0803a5ed4d4d5e7bd2ca2a7a19f46a2873cb5965e68e,True,True,True,,unknown: historical snapshots lost
152,neighbor,"0,1,2,3,4,5,6,7,12,9,10,11,8,13,14,15,16,17,18,19,20,21,22",ea2622b3b3c127879da3d9e649d8fa51ca3e4e8430911e0fb68152b7eb20cb85,cb9fded779850e2ee334ceb3b5112b6cee814889284086d5d13c8e33029e7915,96.47059,96.892624,544,False,unit fuzzy loss,success_build,True,True,aa62853a494a59a3b49a0803a5ed4d4d5e7bd2ca2a7a19f46a2873cb5965e68e,True,True,True,,unknown: historical snapshots lost
153,neighbor,"0,1,2,3,4,5,6,7,13,9,10,11,12,8,14,15,16,17,18,19,20,21,22",f34099a46003c163e3d3f0ef598628b2cf0ffbc4efc848ee0f0e3a51ac37f0ca,f1137dd662b1025da9650a5ef4a82cf3ac8cccb03f16961f68dd3606d0b1d7e7,96.47059,96.892624,544,False,unit fuzzy loss,success_build,True,True,aa62853a494a59a3b49a0803a5ed4d4d5e7bd2ca2a7a19f46a2873cb5965e68e,True,True,True,,unknown: historical snapshots lost
154,neighbor,"0,1,2,3,4,5,6,7,14,9,10,11,12,13,8,15,16,17,18,19,20,21,22",65e5d29771f68614f7d5a0bc9c5604154c0cd2d31f74f7c173c9e363b4f5f4fc,6c286aed00519b0b0fb7e8dcd63bc1157aac5c40c143384f7e7513691f1c1ba3,95.992645,96.850586,544,False,unit fuzzy loss,success_build,True,True,aa62853a494a59a3b49a0803a5ed4d4d5e7bd2ca2a7a19f46a2873cb5965e68e,True,True,True,,unknown: historical snapshots lost
155,neighbor,"0,1,2,3,4,5,6,7,15,9,10,11,12,13,14,8,16,17,18,19,20,21,22",44f3d04e892faafc52057a411f938028e62d27684087b59e027538f678186d9d,928cb48b2188573a97eea5aef1f27d3d84f190024da907f5c572cc8e9a4afff9,96.47059,96.892624,544,False,unit fuzzy loss,success_build,True,True,aa62853a494a59a3b49a0803a5ed4d4d5e7bd2ca2a7a19f46a2873cb5965e68e,True,True,True,,unknown: historical snapshots lost
156,neighbor,"0,1,2,3,4,5,6,7,16,9,10,11,12,13,14,15,8,17,18,19,20,21,22",567cca41f59e26734c8e26e1cb6e2f9fd63a409d9da619b038dd35407a085159,77db0981caca3239d82193d8854ad74e48f7e98e4e3423aee7794fb176a6addf,95.77206,96.83118,544,False,unit fuzzy loss,success_build,True,True,aa62853a494a59a3b49a0803a5ed4d4d5e7bd2ca2a7a19f46a2873cb5965e68e,True,True,True,,unknown: historical snapshots lost
157,neighbor,"0,1,2,3,4,5,6,7,17,9,10,11,12,13,14,15,16,8,18,19,20,21,22",07311d77c3cb3019f246248b225ce52b469f07a2fb5d2db3161cb29c97e890af,856f40fcf3ac2325c391f33e61cf70a4f1929c092958d95f385e0b0959960f50,96.58088,96.90233,544,False,unit fuzzy loss,success_build,True,True,aa62853a494a59a3b49a0803a5ed4d4d5e7bd2ca2a7a19f46a2873cb5965e68e,True,True,True,,unknown: historical snapshots lost
158,neighbor,"0,1,2,3,4,5,6,7,18,9,10,11,12,13,14,15,16,17,8,19,20,21,22",f2dbc965e26f0a398de399f7cb6f6b6d67c450bfe63d3f14128761439a91398c,bed7bdaad5fc7c5ff09db9e05e7e11ec5501c8d0143fbb2deab1d0497c20e5aa,96.617645,96.90556,544,False,unit fuzzy loss,success_build,True,True,aa62853a494a59a3b49a0803a5ed4d4d5e7bd2ca2a7a19f46a2873cb5965e68e,True,True,True,,unknown: historical snapshots lost
159,neighbor,"0,1,2,3,4,5,6,7,19,9,10,11,12,13,14,15,16,17,18,8,20,21,22",6a3fe6fc9f83cbb6c2449d6424b794e027dbfa6cb4716baa5cd1a9d8c7b69e7c,874cfcfc05c5ff01db58b1c93abff8b4eb646cac0999e4c44803012c83dca519,96.54412,96.89909,544,False,unit fuzzy loss,success_build,True,True,aa62853a494a59a3b49a0803a5ed4d4d5e7bd2ca2a7a19f46a2873cb5965e68e,True,True,True,,unknown: historical snapshots lost
160,neighbor,"0,1,2,3,4,5,6,7,20,9,10,11,12,13,14,15,16,17,18,19,8,21,22",56565a905594c71ad18f9450f5812606a8809ffa0c1c6708d9430af170117f05,e6a433f8aaeb689d330e93f4af81d3b89476fa39d5aec30830998db77e0d35bc,95.882355,96.84088,544,False,unit fuzzy loss,success_build,True,True,aa62853a494a59a3b49a0803a5ed4d4d5e7bd2ca2a7a19f46a2873cb5965e68e,True,True,True,,unknown: historical snapshots lost
161,neighbor,"0,1,2,3,4,5,6,7,21,9,10,11,12,13,14,15,16,17,18,19,20,8,22",641a87aa9273e6fc12c7feeba7cc4565aec27dcc888e4dd4c5d1c0bbd19a1247,2c67b69c8adf6600e9b255341279a5fb7ba9d8478fdf6b069578aa818ea9ee44,95.69853,96.82471,544,False,unit fuzzy loss,success_build,True,True,aa62853a494a59a3b49a0803a5ed4d4d5e7bd2ca2a7a19f46a2873cb5965e68e,True,True,True,,unknown: historical snapshots lost
162,neighbor,"0,1,2,3,4,5,6,7,22,9,10,11,12,13,14,15,16,17,18,19,20,21,8",9d60a329b2703b6355cf55fff215ab412d886d49b082aca6e20bb65171da850f,158d5be0c74da4c5e0ac9569efbe6bbad0d825584cd75a100a7766085ad8097e,95.14706,96.7762,544,False,unit fuzzy loss,success_build,True,True,aa62853a494a59a3b49a0803a5ed4d4d5e7bd2ca2a7a19f46a2873cb5965e68e,True,True,True,,unknown: historical snapshots lost
163,neighbor,"0,1,2,3,4,5,6,7,8,10,9,11,12,13,14,15,16,17,18,19,20,21,22",5e13377edec1771aad1b134d4adbc5be2bec4db6f1ff2be1ae8ebf69328035ff,b8d1bdc306c9c60b9786f96913716812ae9721bb95753969821df5fa7f3d3a7c,96.76471,96.9185,544,True,,success_build,True,True,aa62853a494a59a3b49a0803a5ed4d4d5e7bd2ca2a7a19f46a2873cb5965e68e,True,True,True,,unknown: historical snapshots lost
164,neighbor,"0,1,2,3,4,5,6,7,8,11,10,9,12,13,14,15,16,17,18,19,20,21,22",5704c516a79c78d658134b98e66104edc5e637f23af6c5e19bd8cfed898451de,b8d1bdc306c9c60b9786f96913716812ae9721bb95753969821df5fa7f3d3a7c,96.76471,96.9185,544,True,,success_build,True,True,aa62853a494a59a3b49a0803a5ed4d4d5e7bd2ca2a7a19f46a2873cb5965e68e,True,True,True,,unknown: historical snapshots lost
165,neighbor,"0,1,2,3,4,5,6,7,8,12,10,11,9,13,14,15,16,17,18,19,20,21,22",0233ded85584d64c0f5e073922ca04a8e1c19400ae4b490813bb5feee8a243ca,2addcc622b707e0597ababdc0eb862c34e1ee1948765b798d986c58d4959b4f4,96.286766,96.87646,544,False,unit fuzzy loss,success_build,True,True,aa62853a494a59a3b49a0803a5ed4d4d5e7bd2ca2a7a19f46a2873cb5965e68e,True,True,True,,unknown: historical snapshots lost
166,neighbor,"0,1,2,3,4,5,6,7,8,13,10,11,12,9,14,15,16,17,18,19,20,21,22",d50f93e3c2dedeb965feeb3855c57b769c5547f8821fb6126e14e49e206a3efe,8139ec728e4cf18c9c96a979d93d670e8df4611c6ed44c06ba06078b3ad26ebd,96.06618,96.85705,544,False,unit fuzzy loss,success_build,True,True,aa62853a494a59a3b49a0803a5ed4d4d5e7bd2ca2a7a19f46a2873cb5965e68e,True,True,True,,unknown: historical snapshots lost
167,neighbor,"0,1,2,3,4,5,6,7,8,14,10,11,12,13,9,15,16,17,18,19,20,21,22",6971cfa6cd4deffeb3718728a77360bca119dd598b9c39ddaf094efb120489a0,b8d1bdc306c9c60b9786f96913716812ae9721bb95753969821df5fa7f3d3a7c,96.76471,96.9185,544,True,,success_build,True,True,aa62853a494a59a3b49a0803a5ed4d4d5e7bd2ca2a7a19f46a2873cb5965e68e,True,True,True,,unknown: historical snapshots lost
168,neighbor,"0,1,2,3,4,5,6,7,8,15,10,11,12,13,14,9,16,17,18,19,20,21,22",93adf3b8d4e88fc3d687c1bd4407a95865a50a5ad60d6a023d10878ad5d42886,66cad051dbc20c9bd173f0832d283cf86ec8f84f302ca47997c3c7ad32b3aef3,95.84559,96.83765,544,False,unit fuzzy loss,success_build,True,True,aa62853a494a59a3b49a0803a5ed4d4d5e7bd2ca2a7a19f46a2873cb5965e68e,True,True,True,,unknown: historical snapshots lost
169,neighbor,"0,1,2,3,4,5,6,7,8,16,10,11,12,13,14,15,9,17,18,19,20,21,22",99e0463ef80f868f0415950c5a8a30caee7846b07b4bed89b7647e639cdead3d,b8d1bdc306c9c60b9786f96913716812ae9721bb95753969821df5fa7f3d3a7c,96.76471,96.9185,544,True,,success_build,True,True,aa62853a494a59a3b49a0803a5ed4d4d5e7bd2ca2a7a19f46a2873cb5965e68e,True,True,True,,unknown: historical snapshots lost
170,neighbor,"0,1,2,3,4,5,6,7,8,17,10,11,12,13,14,15,16,9,18,19,20,21,22",d4fe0884785132453bfa9b4450bc2c1db3c77aa8bb81768bb32e101228fae823,d551968da1356ccece8836fe7e3c6e1e3aa5b7d68192d5cb117cdb8a05f6d7d4,95.73529,96.82794,544,False,unit fuzzy loss,success_build,True,True,aa62853a494a59a3b49a0803a5ed4d4d5e7bd2ca2a7a19f46a2873cb5965e68e,True,True,True,,unknown: historical snapshots lost
171,neighbor,"0,1,2,3,4,5,6,7,8,18,10,11,12,13,14,15,16,17,9,19,20,21,22",16623cd27ac3dbac6b2eee5867baedc17631b99a47725224588c2d7170d0c86d,3b2e286b61c4cb9bc121506817cec3d47b2146078ba18da52d5400b15dbfdfe4,95.661766,96.82147,544,False,unit fuzzy loss,success_build,True,True,aa62853a494a59a3b49a0803a5ed4d4d5e7bd2ca2a7a19f46a2873cb5965e68e,True,True,True,,unknown: historical snapshots lost
172,neighbor,"0,1,2,3,4,5,6,7,8,19,10,11,12,13,14,15,16,17,18,9,20,21,22",d269bbb6fac53a9e6d97f8bb9a379ee62323cb108c701e09d8c50f45498efcd3,959468fd501ef23076dbb09572d23b792474f739b1ade1ab3adc1f3f8157d6f4,95.51471,96.80854,544,False,unit fuzzy loss,success_build,True,True,aa62853a494a59a3b49a0803a5ed4d4d5e7bd2ca2a7a19f46a2873cb5965e68e,True,True,True,,unknown: historical snapshots lost
173,neighbor,"0,1,2,3,4,5,6,7,8,20,10,11,12,13,14,15,16,17,18,19,9,21,22",21f8c193d227d4554640a0d083cb9b63512a2503ec684834b3c8ab74464ae89a,17bbbc6949160a09718868e94980a8faf75126f22b082cfaa1383117941c0311,94.963234,96.760025,544,False,unit fuzzy loss,success_build,True,True,aa62853a494a59a3b49a0803a5ed4d4d5e7bd2ca2a7a19f46a2873cb5965e68e,True,True,True,,unknown: historical snapshots lost
174,neighbor,"0,1,2,3,4,5,6,7,8,21,10,11,12,13,14,15,16,17,18,19,20,9,22",cf962f7192c8a0c5204bb452ea45943a1c35a4d72f95206e85990d1511bdb5ba,e8b262e5070948472c14f6aa2fa0876bdf2528fcc265c43295ae59682e192095,94.77941,96.74386,544,False,unit fuzzy loss,success_build,True,True,aa62853a494a59a3b49a0803a5ed4d4d5e7bd2ca2a7a19f46a2873cb5965e68e,True,True,True,,unknown: historical snapshots lost
175,neighbor,"0,1,2,3,4,5,6,7,8,22,10,11,12,13,14,15,16,17,18,19,20,21,9",ea28960c150b49c9bd405ba96970c1e6e3c09b2909fc8a330faedf758a6d7b3e,a7e9a58d8930664ea462c46813d8f6a599c75a11b007c62eb00b39e8b7bce3e0,94.30147,96.70181,544,False,unit fuzzy loss,success_build,True,True,aa62853a494a59a3b49a0803a5ed4d4d5e7bd2ca2a7a19f46a2873cb5965e68e,True,True,True,,unknown: historical snapshots lost
176,neighbor,"0,1,2,3,4,5,6,7,8,9,11,10,12,13,14,15,16,17,18,19,20,21,22",3da9ee614259f36dc9f080ab275c4749624ac2bb69c214d1eb16bd5a321afdad,b8d1bdc306c9c60b9786f96913716812ae9721bb95753969821df5fa7f3d3a7c,96.76471,96.9185,544,True,,success_build,True,True,aa62853a494a59a3b49a0803a5ed4d4d5e7bd2ca2a7a19f46a2873cb5965e68e,True,True,True,,unknown: historical snapshots lost
177,neighbor,"0,1,2,3,4,5,6,7,8,9,12,11,10,13,14,15,16,17,18,19,20,21,22",8b2ee30aa263f8165d2259126992b70348894f34e45258e3a2bbba088fdc95c8,2addcc622b707e0597ababdc0eb862c34e1ee1948765b798d986c58d4959b4f4,96.286766,96.87646,544,False,unit fuzzy loss,success_build,True,True,aa62853a494a59a3b49a0803a5ed4d4d5e7bd2ca2a7a19f46a2873cb5965e68e,True,True,True,,unknown: historical snapshots lost
178,neighbor,"0,1,2,3,4,5,6,7,8,9,13,11,12,10,14,15,16,17,18,19,20,21,22",fb9df6e9907e95d89be831d18782b07c5010658ac4136b4a779fd21a9275756a,8139ec728e4cf18c9c96a979d93d670e8df4611c6ed44c06ba06078b3ad26ebd,96.06618,96.85705,544,False,unit fuzzy loss,success_build,True,True,aa62853a494a59a3b49a0803a5ed4d4d5e7bd2ca2a7a19f46a2873cb5965e68e,True,True,True,,unknown: historical snapshots lost
179,neighbor,"0,1,2,3,4,5,6,7,8,9,14,11,12,13,10,15,16,17,18,19,20,21,22",1a9d457f6a7cfe42708ecfa26562a9467ec9826a59b910958fd5a9e6c09188d1,b8d1bdc306c9c60b9786f96913716812ae9721bb95753969821df5fa7f3d3a7c,96.76471,96.9185,544,True,,success_build,True,True,aa62853a494a59a3b49a0803a5ed4d4d5e7bd2ca2a7a19f46a2873cb5965e68e,True,True,True,,unknown: historical snapshots lost
180,neighbor,"0,1,2,3,4,5,6,7,8,9,15,11,12,13,14,10,16,17,18,19,20,21,22",19e7dc5f5a5d786f24c9e240a72afb5430430a24a2f6aaf4accd6b12780e42a8,66cad051dbc20c9bd173f0832d283cf86ec8f84f302ca47997c3c7ad32b3aef3,95.84559,96.83765,544,False,unit fuzzy loss,success_build,True,True,aa62853a494a59a3b49a0803a5ed4d4d5e7bd2ca2a7a19f46a2873cb5965e68e,True,True,True,,unknown: historical snapshots lost
181,neighbor,"0,1,2,3,4,5,6,7,8,9,16,11,12,13,14,15,10,17,18,19,20,21,22",d5487e819441673506d3ac983a517aea4b04c3f67a1d3344acb76625d24f2ed3,b8d1bdc306c9c60b9786f96913716812ae9721bb95753969821df5fa7f3d3a7c,96.76471,96.9185,544,True,,success_build,True,True,aa62853a494a59a3b49a0803a5ed4d4d5e7bd2ca2a7a19f46a2873cb5965e68e,True,True,True,,unknown: historical snapshots lost
182,neighbor,"0,1,2,3,4,5,6,7,8,9,17,11,12,13,14,15,16,10,18,19,20,21,22",1fd0a2eb6e096dfeb5a4e451cb1f5abbf19d0fe4fe2e4f0a8ba672de546f353d,d551968da1356ccece8836fe7e3c6e1e3aa5b7d68192d5cb117cdb8a05f6d7d4,95.73529,96.82794,544,False,unit fuzzy loss,success_build,True,True,aa62853a494a59a3b49a0803a5ed4d4d5e7bd2ca2a7a19f46a2873cb5965e68e,True,True,True,,unknown: historical snapshots lost
183,neighbor,"0,1,2,3,4,5,6,7,8,9,18,11,12,13,14,15,16,17,10,19,20,21,22",e0218b65143b8719744710325224b1bb333ffd580fa2e9d35e4917d6aceabd7e,3b2e286b61c4cb9bc121506817cec3d47b2146078ba18da52d5400b15dbfdfe4,95.661766,96.82147,544,False,unit fuzzy loss,success_build,True,True,aa62853a494a59a3b49a0803a5ed4d4d5e7bd2ca2a7a19f46a2873cb5965e68e,True,True,True,,unknown: historical snapshots lost
184,neighbor,"0,1,2,3,4,5,6,7,8,9,19,11,12,13,14,15,16,17,18,10,20,21,22",a15cded95079a63381a1288c99b1aff568ba237ad2147f7cb67b5b256741c77e,959468fd501ef23076dbb09572d23b792474f739b1ade1ab3adc1f3f8157d6f4,95.51471,96.80854,544,False,unit fuzzy loss,success_build,True,True,aa62853a494a59a3b49a0803a5ed4d4d5e7bd2ca2a7a19f46a2873cb5965e68e,True,True,True,,unknown: historical snapshots lost
185,neighbor,"0,1,2,3,4,5,6,7,8,9,20,11,12,13,14,15,16,17,18,19,10,21,22",fb6592577e3a3034027b7cf6e41efdeec8be0365317ee14aeb397459fe65063d,17bbbc6949160a09718868e94980a8faf75126f22b082cfaa1383117941c0311,94.963234,96.760025,544,False,unit fuzzy loss,success_build,True,True,aa62853a494a59a3b49a0803a5ed4d4d5e7bd2ca2a7a19f46a2873cb5965e68e,True,True,True,,unknown: historical snapshots lost
186,neighbor,"0,1,2,3,4,5,6,7,8,9,21,11,12,13,14,15,16,17,18,19,20,10,22",d37bad181a1887a2888a04d704fd58529d8c85b634083db108e0e207609d50da,e8b262e5070948472c14f6aa2fa0876bdf2528fcc265c43295ae59682e192095,94.77941,96.74386,544,False,unit fuzzy loss,success_build,True,True,aa62853a494a59a3b49a0803a5ed4d4d5e7bd2ca2a7a19f46a2873cb5965e68e,True,True,True,,unknown: historical snapshots lost
187,neighbor,"0,1,2,3,4,5,6,7,8,9,22,11,12,13,14,15,16,17,18,19,20,21,10",4fded3d4af331d9b297ee015c4b6520c2ea4fa08c46a59fa908beaf6a899c4f9,a7e9a58d8930664ea462c46813d8f6a599c75a11b007c62eb00b39e8b7bce3e0,94.30147,96.70181,544,False,unit fuzzy loss,success_build,True,True,aa62853a494a59a3b49a0803a5ed4d4d5e7bd2ca2a7a19f46a2873cb5965e68e,True,True,True,,unknown: historical snapshots lost
188,neighbor,"0,1,2,3,4,5,6,7,8,9,10,12,11,13,14,15,16,17,18,19,20,21,22",d992d8f2b853975a142294d6508dd0f1aab6fbb0151303b5f383f6d71720d68f,2addcc622b707e0597ababdc0eb862c34e1ee1948765b798d986c58d4959b4f4,96.286766,96.87646,544,False,unit fuzzy loss,success_build,True,True,aa62853a494a59a3b49a0803a5ed4d4d5e7bd2ca2a7a19f46a2873cb5965e68e,True,True,True,,unknown: historical snapshots lost
189,neighbor,"0,1,2,3,4,5,6,7,8,9,10,13,12,11,14,15,16,17,18,19,20,21,22",a507a1830d1ea3f57118025f8ad5fc030fe3e5dfd1cd7bb6f53b5ac159866e05,49ead1270022647070a0d2e0fbb2a0b1042a56ab657e5700737a820396a50521,96.23529,96.871925,544,False,unit fuzzy loss,success_build,True,True,aa62853a494a59a3b49a0803a5ed4d4d5e7bd2ca2a7a19f46a2873cb5965e68e,True,True,True,,unknown: historical snapshots lost
190,neighbor,"0,1,2,3,4,5,6,7,8,9,10,14,12,13,11,15,16,17,18,19,20,21,22",a40183125a6d56efdbf6b5debaee920c4ac9bea92bd1d6f86fc7e0166f5143f7,8497c67c8e6bad0515c43a1be5c05bc997feabf54ca12e0bb51d9a6cb8db82a9,96.088234,96.85899,544,False,unit fuzzy loss,success_build,True,True,aa62853a494a59a3b49a0803a5ed4d4d5e7bd2ca2a7a19f46a2873cb5965e68e,True,True,True,,unknown: historical snapshots lost
191,neighbor,"0,1,2,3,4,5,6,7,8,9,10,15,12,13,14,11,16,17,18,19,20,21,22",0e5837eec9ecc5e3ac0339c2de2a3a950a157c1ec2e8e3159b458659c3b62288,b5808b846dc4fd5b382f3bbd48cee37bc83cccc75b9a24493704d55564e068e4,96.23529,96.871925,544,False,unit fuzzy loss,success_build,True,True,aa62853a494a59a3b49a0803a5ed4d4d5e7bd2ca2a7a19f46a2873cb5965e68e,True,True,True,,unknown: historical snapshots lost
192,neighbor,"0,1,2,3,4,5,6,7,8,9,10,16,12,13,14,15,11,17,18,19,20,21,22",51ba824df7ff05df8d4e13146391c80c343810224537fa3e05002f3b59933f1f,4f6563035c8619d81459028aaf9fec67ce13e2fb9967ef65c9ced2f5cb0ade81,95.867645,96.839584,544,False,unit fuzzy loss,success_build,True,True,aa62853a494a59a3b49a0803a5ed4d4d5e7bd2ca2a7a19f46a2873cb5965e68e,True,True,True,,unknown: historical snapshots lost
193,neighbor,"0,1,2,3,4,5,6,7,8,9,10,17,12,13,14,15,16,11,18,19,20,21,22",31eca1293e35f30e5ed46e13f396a20a9e61ea7d15eb5df98a785d6f01e40666,639fc0a41cc4008d2fae2e3a7d1ca63cf0b96dd6bdeb90d3b7cc8510a224b233,96.34559,96.88163,544,False,unit fuzzy loss,success_build,True,True,aa62853a494a59a3b49a0803a5ed4d4d5e7bd2ca2a7a19f46a2873cb5965e68e,True,True,True,,unknown: historical snapshots lost
194,neighbor,"0,1,2,3,4,5,6,7,8,9,10,18,12,13,14,15,16,17,11,19,20,21,22",3d5e4ac25f478a232554723f7edb89516a79675618a31b2fbf8c15fc090e8060,4eea9ff4e67ae519dff0d9511edfc714a5984fd6f3b20f7e693e084449b6a733,96.382355,96.884865,544,False,unit fuzzy loss,success_build,True,True,aa62853a494a59a3b49a0803a5ed4d4d5e7bd2ca2a7a19f46a2873cb5965e68e,True,True,True,,unknown: historical snapshots lost
195,neighbor,"0,1,2,3,4,5,6,7,8,9,10,19,12,13,14,15,16,17,18,11,20,21,22",949794d954c7df9ae12310810b646802f8a5b562134a4e65be4e4d5d3b867035,d00ca3d1181ebe7c7913c92f80da3c6501cd41784c9e6a50edbe2d91fd8f077c,96.30882,96.878395,544,False,unit fuzzy loss,success_build,True,True,aa62853a494a59a3b49a0803a5ed4d4d5e7bd2ca2a7a19f46a2873cb5965e68e,True,True,True,,unknown: historical snapshots lost
196,neighbor,"0,1,2,3,4,5,6,7,8,9,10,20,12,13,14,15,16,17,18,19,11,21,22",040817f03a1acbecb2854de8c1214328c761cc9ff772cd530002400304b2e9aa,e1ea17239d1e3dab81be3e79685f16272e5cdbf8f8383a1ecbf7e0240cb431a6,95.64706,96.82018,544,False,unit fuzzy loss,success_build,True,True,aa62853a494a59a3b49a0803a5ed4d4d5e7bd2ca2a7a19f46a2873cb5965e68e,True,True,True,,unknown: historical snapshots lost
197,neighbor,"0,1,2,3,4,5,6,7,8,9,10,21,12,13,14,15,16,17,18,19,20,11,22",a90e132d7be53b4aca6a9cded67e5389c80d7ee4c6abbc471092414fdfde51fe,aa91e43f61017a4df453d5a8c46bca57682b635f3a2fbdb51a9ca05a4a875742,95.463234,96.80401,544,False,unit fuzzy loss,success_build,True,True,aa62853a494a59a3b49a0803a5ed4d4d5e7bd2ca2a7a19f46a2873cb5965e68e,True,True,True,,unknown: historical snapshots lost
198,neighbor,"0,1,2,3,4,5,6,7,8,9,10,22,12,13,14,15,16,17,18,19,20,21,11",cb45ae8c4b467a9729a14fb0ea8cceead1bd8e3a1eb54a92048f35c8bfb02893,d1e5d9fa607c65fdf91a7b030744859ed10678cd0d6207ada7f497f4027fd7bc,94.911766,96.7555,544,False,unit fuzzy loss,success_build,True,True,aa62853a494a59a3b49a0803a5ed4d4d5e7bd2ca2a7a19f46a2873cb5965e68e,True,True,True,,unknown: historical snapshots lost
199,neighbor,"0,1,2,3,4,5,6,7,8,9,10,11,13,12,14,15,16,17,18,19,20,21,22",19c6eb03e3eba58d093e563b1d28c01765532733458d61fdbf5febf1f13b2d20,379a81ca757c481c7676a6ec44a496402e53d3e4193c99962da9e0cae357ed6d,96.32353,96.87969,544,False,unit fuzzy loss,success_build,True,True,aa62853a494a59a3b49a0803a5ed4d4d5e7bd2ca2a7a19f46a2873cb5965e68e,True,True,True,,unknown: historical snapshots lost
200,neighbor,"0,1,2,3,4,5,6,7,8,9,10,11,14,13,12,15,16,17,18,19,20,21,22",dd792259b03886a0b5e6a6e34ef45d0e396e509aeb63036f18b8796ce6b41c35,379a81ca757c481c7676a6ec44a496402e53d3e4193c99962da9e0cae357ed6d,96.32353,96.87969,544,False,unit fuzzy loss,success_build,True,True,aa62853a494a59a3b49a0803a5ed4d4d5e7bd2ca2a7a19f46a2873cb5965e68e,True,True,True,,unknown: historical snapshots lost
201,neighbor,"0,1,2,3,4,5,6,7,8,9,10,11,15,13,14,12,16,17,18,19,20,21,22",05580dc7d4a8e6eed0ffb43a58bb21ff26832cb7078132bc493b6cfb0960fe19,ad86cd9f51c0facfa1505847de246686332ab3cc67d7c2a14997c109f6b363d6,96.32353,96.87969,544,False,unit fuzzy loss,success_build,True,True,aa62853a494a59a3b49a0803a5ed4d4d5e7bd2ca2a7a19f46a2873cb5965e68e,True,True,True,,unknown: historical snapshots lost
202,neighbor,"0,1,2,3,4,5,6,7,8,9,10,11,16,13,14,15,12,17,18,19,20,21,22",ba493503202bc2c70dc17a1073a9f552d9e1339098f6e49eb48fb5918dbb76b7,5669c6582a7ec34293ebd90b59d8f5d6f092bd0270a87d3d050830bbec6922e8,96.10294,96.86028,544,False,unit fuzzy loss,success_build,True,True,aa62853a494a59a3b49a0803a5ed4d4d5e7bd2ca2a7a19f46a2873cb5965e68e,True,True,True,,unknown: historical snapshots lost
203,neighbor,"0,1,2,3,4,5,6,7,8,9,10,11,17,13,14,15,16,12,18,19,20,21,22",ac60e5d81fb0f1088d33cccc251e106beba0953b8e346e4b498c83b5eba9da7e,246a42ef190dc2b7d08c54ce0b0a9b5d95c2b2207c67126bf605f8794ffb10fe,96.43382,96.88939,544,False,unit fuzzy loss,success_build,True,True,aa62853a494a59a3b49a0803a5ed4d4d5e7bd2ca2a7a19f46a2873cb5965e68e,True,True,True,,unknown: historical snapshots lost
204,neighbor,"0,1,2,3,4,5,6,7,8,9,10,11,18,13,14,15,16,17,12,19,20,21,22",7ddaf4a46583dcb737c2069c36023c4495124f71884f6bec86b346c42bb05c79,856a0df1eb4bb88e1b277fbf4e52c9f73c6f6de333b41899a67494c4f72b3189,96.47059,96.892624,544,False,unit fuzzy loss,success_build,True,True,aa62853a494a59a3b49a0803a5ed4d4d5e7bd2ca2a7a19f46a2873cb5965e68e,True,True,True,,unknown: historical snapshots lost
205,neighbor,"0,1,2,3,4,5,6,7,8,9,10,11,19,13,14,15,16,17,18,12,20,21,22",ff7d733b100b4ba8e3b20ac701adaf746ad852d87d7e4fef282eda352f02e306,69dfc43d3437cb02691736df86e1f8a4f7415b443d9eef70505c8fb46a9bcda9,96.39706,96.886154,544,False,unit fuzzy loss,success_build,True,True,aa62853a494a59a3b49a0803a5ed4d4d5e7bd2ca2a7a19f46a2873cb5965e68e,True,True,True,,unknown: historical snapshots lost
206,neighbor,"0,1,2,3,4,5,6,7,8,9,10,11,20,13,14,15,16,17,18,19,12,21,22",1b6acfca2f449f07a24b755e3bf451836a42d312167679d50ec8f8b4eef2dfe0,0829434663467dda2f13c00515f8e7cf1b47af7c2a9a5832beddf0751ab9617b,95.73529,96.82794,544,False,unit fuzzy loss,success_build,True,True,aa62853a494a59a3b49a0803a5ed4d4d5e7bd2ca2a7a19f46a2873cb5965e68e,True,True,True,,unknown: historical snapshots lost
207,neighbor,"0,1,2,3,4,5,6,7,8,9,10,11,21,13,14,15,16,17,18,19,20,12,22",8580c7f1f9b221d6dc5d6e3221a7f85201abec5dd57934d968cabeefb232ae80,f13622c4e5874f877d9c035a5300e8eeb9f087ea9f9f4988da4bfb20dcc718a0,95.55147,96.811775,544,False,unit fuzzy loss,success_build,True,True,aa62853a494a59a3b49a0803a5ed4d4d5e7bd2ca2a7a19f46a2873cb5965e68e,True,True,True,,unknown: historical snapshots lost
208,neighbor,"0,1,2,3,4,5,6,7,8,9,10,11,22,13,14,15,16,17,18,19,20,21,12",ddbdb00e35402aabdca0064321e5a1669e10cb7aeccfaab4b40e5b58589c4442,fd87ea2b5ae2d1731277200e5a7e2806fd0a8f6821c7d8a9d54a18bb8d2d5a2f,95.0,96.76326,544,False,unit fuzzy loss,success_build,True,True,aa62853a494a59a3b49a0803a5ed4d4d5e7bd2ca2a7a19f46a2873cb5965e68e,True,True,True,,unknown: historical snapshots lost
209,neighbor,"0,1,2,3,4,5,6,7,8,9,10,11,12,14,13,15,16,17,18,19,20,21,22",40c1803dcc8159e6a202b5a76a1834fe84bc1f612702f40492ed31e636843399,b8d1bdc306c9c60b9786f96913716812ae9721bb95753969821df5fa7f3d3a7c,96.76471,96.9185,544,True,,success_build,True,True,aa62853a494a59a3b49a0803a5ed4d4d5e7bd2ca2a7a19f46a2873cb5965e68e,True,True,True,,unknown: historical snapshots lost
210,neighbor,"0,1,2,3,4,5,6,7,8,9,10,11,12,15,14,13,16,17,18,19,20,21,22",3a2f474911ecad0b2851d9c3addaa176d033868fe23314f96a3ad6505683bc44,80df4770e1fe80514f38eda87bb84077d621a855493e9cf595c46a66d71324d1,96.32353,96.87969,544,False,unit fuzzy loss,success_build,True,True,aa62853a494a59a3b49a0803a5ed4d4d5e7bd2ca2a7a19f46a2873cb5965e68e,True,True,True,,unknown: historical snapshots lost
211,neighbor,"0,1,2,3,4,5,6,7,8,9,10,11,12,16,14,15,13,17,18,19,20,21,22",f7f75217928ba5ed307f974ad9202a0d83da15fb3926eb39032b298709f55226,80df4770e1fe80514f38eda87bb84077d621a855493e9cf595c46a66d71324d1,96.32353,96.87969,544,False,unit fuzzy loss,success_build,True,True,aa62853a494a59a3b49a0803a5ed4d4d5e7bd2ca2a7a19f46a2873cb5965e68e,True,True,True,,unknown: historical snapshots lost
212,neighbor,"0,1,2,3,4,5,6,7,8,9,10,11,12,17,14,15,16,13,18,19,20,21,22",5d39995679257e09e29ebdd3ddb7717002377790d1c3992b4a30d158ef32e583,5937a10904cb48b232edab579aa05ef53d88c09cbe1dfcb995e7bca6f3247d57,96.43382,96.88939,544,False,unit fuzzy loss,success_build,True,True,aa62853a494a59a3b49a0803a5ed4d4d5e7bd2ca2a7a19f46a2873cb5965e68e,True,True,True,,unknown: historical snapshots lost
213,neighbor,"0,1,2,3,4,5,6,7,8,9,10,11,12,18,14,15,16,17,13,19,20,21,22",af2b396852bcf40bea90e5950a5e98ca62a85a27b9f107f482e76c72ce0bdcf4,ddae815b552e71149b12ccff71c4a4101c0fe5836a44db645b171f9186958ced,96.47059,96.892624,544,False,unit fuzzy loss,success_build,True,True,aa62853a494a59a3b49a0803a5ed4d4d5e7bd2ca2a7a19f46a2873cb5965e68e,True,True,True,,unknown: historical snapshots lost
214,neighbor,"0,1,2,3,4,5,6,7,8,9,10,11,12,19,14,15,16,17,18,13,20,21,22",f9d97352e2dfd5110271ced451bae7227f95dc837587d53008848974f81b6d07,b317f591ea995f82616b47cb14fd953e59bc9d5fda20d5315bda177ce2eb2800,96.54412,96.89909,544,False,unit fuzzy loss,success_build,True,True,aa62853a494a59a3b49a0803a5ed4d4d5e7bd2ca2a7a19f46a2873cb5965e68e,True,True,True,,unknown: historical snapshots lost
215,neighbor,"0,1,2,3,4,5,6,7,8,9,10,11,12,20,14,15,16,17,18,19,13,21,22",abd42d2b76a05101be3110e1e0c225a0a13e526a86362d8e6c7fd29ba1a2c38e,4d31d3ea73781b549ad858f60eeb3042eb90385bb1a5d5efcf9bb4d0bc000cfc,96.47059,96.892624,544,False,unit fuzzy loss,success_build,True,True,aa62853a494a59a3b49a0803a5ed4d4d5e7bd2ca2a7a19f46a2873cb5965e68e,True,True,True,,unknown: historical snapshots lost
216,neighbor,"0,1,2,3,4,5,6,7,8,9,10,11,12,21,14,15,16,17,18,19,20,13,22",ecc09c082c1d91000eea700255b37d18085f61d4cdb64ab55c19e5d0e80ec455,97383e05b070824481b765a29a1e1e4b3cd808508e6e9db6577a6877687378ff,96.43382,96.88939,544,False,unit fuzzy loss,success_build,True,True,aa62853a494a59a3b49a0803a5ed4d4d5e7bd2ca2a7a19f46a2873cb5965e68e,True,True,True,,unknown: historical snapshots lost
217,neighbor,"0,1,2,3,4,5,6,7,8,9,10,11,12,22,14,15,16,17,18,19,20,21,13",38ea37c71fdfc61569b69aff8cc03671095bf479e41fe603a1a181f6ddcdc728,0c771a162efda1e68e208a54d2b092727e001601537f3a248aa5f972ada801f0,96.213234,96.86999,544,False,unit fuzzy loss,success_build,True,True,aa62853a494a59a3b49a0803a5ed4d4d5e7bd2ca2a7a19f46a2873cb5965e68e,True,True,True,,unknown: historical snapshots lost
218,neighbor,"0,1,2,3,4,5,6,7,8,9,10,11,12,13,15,14,16,17,18,19,20,21,22",4e670c0796772d4c17a8c8caa8c836d0eaa4624571db4b0d35e39915baafed40,b8d1bdc306c9c60b9786f96913716812ae9721bb95753969821df5fa7f3d3a7c,96.76471,96.9185,544,True,,success_build,True,True,aa62853a494a59a3b49a0803a5ed4d4d5e7bd2ca2a7a19f46a2873cb5965e68e,True,True,True,,unknown: historical snapshots lost
219,neighbor,"0,1,2,3,4,5,6,7,8,9,10,11,12,13,16,15,14,17,18,19,20,21,22",ebd82a1f5feb0f101142208e5ff99229882d4279dfed52612030fafdcd24a321,b8d1bdc306c9c60b9786f96913716812ae9721bb95753969821df5fa7f3d3a7c,96.76471,96.9185,544,True,,success_build,True,True,aa62853a494a59a3b49a0803a5ed4d4d5e7bd2ca2a7a19f46a2873cb5965e68e,True,True,True,,unknown: historical snapshots lost
220,neighbor,"0,1,2,3,4,5,6,7,8,9,10,11,12,13,17,15,16,14,18,19,20,21,22",3fb538cd7e4efb4ab9d0b843d54c2649380a31bf685f61d124b5ae61f045aae2,eeec21daa97d51cdb663eabffab9a97343acddce35b242a930e553a2ee53363a,96.43382,96.88939,544,False,unit fuzzy loss,success_build,True,True,aa62853a494a59a3b49a0803a5ed4d4d5e7bd2ca2a7a19f46a2873cb5965e68e,True,True,True,,unknown: historical snapshots lost
221,neighbor,"0,1,2,3,4,5,6,7,8,9,10,11,12,13,18,15,16,17,14,19,20,21,22",4611db55f4c764e17f77743fad313eb2717982646d0bdb31522cb5020a0c1049,f7c65085dd423daec2236a4b7dc2c5a1bd9e3e4cf84a34d78e234d5da7c9f25a,96.36029,96.88293,544,False,unit fuzzy loss,success_build,True,True,aa62853a494a59a3b49a0803a5ed4d4d5e7bd2ca2a7a19f46a2873cb5965e68e,True,True,True,,unknown: historical snapshots lost
222,neighbor,"0,1,2,3,4,5,6,7,8,9,10,11,12,13,19,15,16,17,18,14,20,21,22",a32b3e94fb5f5e6f465e9f35d826474cfb44260904ba234791a56b61199932e1,518b516f59a4529807f73c26bb0778378910c3f454afb66d60beb08d6bc35cb5,96.36029,96.88293,544,False,unit fuzzy loss,success_build,True,True,aa62853a494a59a3b49a0803a5ed4d4d5e7bd2ca2a7a19f46a2873cb5965e68e,True,True,True,,unknown: historical snapshots lost
223,neighbor,"0,1,2,3,4,5,6,7,8,9,10,11,12,13,20,15,16,17,18,19,14,21,22",5822363975c9b6508b8ca4c1e7ea33fd4a789d3650db305875014d0044ab998d,3126b77838daeaa51114cfb92e3e78486d443ac778059f742ac7f6769b724e0e,96.32353,96.87969,544,False,unit fuzzy loss,success_build,True,True,aa62853a494a59a3b49a0803a5ed4d4d5e7bd2ca2a7a19f46a2873cb5965e68e,True,True,True,,unknown: historical snapshots lost
224,neighbor,"0,1,2,3,4,5,6,7,8,9,10,11,12,13,21,15,16,17,18,19,20,14,22",82c8e720b2de8d6a02cdbbbcfe2d6d44a8aad20a93db682c377254eac162540d,1b406a703f51e52eab851cd9f4737c2bc9d5bdd63827fd38e017681bd192e37e,96.213234,96.86999,544,False,unit fuzzy loss,success_build,True,True,aa62853a494a59a3b49a0803a5ed4d4d5e7bd2ca2a7a19f46a2873cb5965e68e,True,True,True,,unknown: historical snapshots lost
225,neighbor,"0,1,2,3,4,5,6,7,8,9,10,11,12,13,22,15,16,17,18,19,20,21,14",c3ae1590a46f1ed8bfb80409db1b81ade9f6be1ab9e2d2fef0ce83433fe00e86,74c65a5061b7896faa528cb6905c64c2021d754e1312024978bcc0486e99473f,95.882355,96.84088,544,False,unit fuzzy loss,success_build,True,True,aa62853a494a59a3b49a0803a5ed4d4d5e7bd2ca2a7a19f46a2873cb5965e68e,True,True,True,,unknown: historical snapshots lost
226,neighbor,"0,1,2,3,4,5,6,7,8,9,10,11,12,13,14,16,15,17,18,19,20,21,22",17edbabf6b7e21692477a169383dfed53a07df765476d4f028ebb984290c4240,b8d1bdc306c9c60b9786f96913716812ae9721bb95753969821df5fa7f3d3a7c,96.76471,96.9185,544,True,,success_build,True,True,aa62853a494a59a3b49a0803a5ed4d4d5e7bd2ca2a7a19f46a2873cb5965e68e,True,True,True,,unknown: historical snapshots lost
227,neighbor,"0,1,2,3,4,5,6,7,8,9,10,11,12,13,14,17,16,15,18,19,20,21,22",6ea530a0277746ad73ca80612cfcb703a9229d84b04c3e8fec59c862de4e17e1,eeec21daa97d51cdb663eabffab9a97343acddce35b242a930e553a2ee53363a,96.43382,96.88939,544,False,unit fuzzy loss,success_build,True,True,aa62853a494a59a3b49a0803a5ed4d4d5e7bd2ca2a7a19f46a2873cb5965e68e,True,True,True,,unknown: historical snapshots lost
228,neighbor,"0,1,2,3,4,5,6,7,8,9,10,11,12,13,14,18,16,17,15,19,20,21,22",5e35ebcb1e5a6da5cb4083f98c58300eedea7b8fed4b92146386bd87801d301e,30cac9725228e3954e37ee812adb57e5e13f50d9ca71cd1e3faf20434ac85d2c,96.47059,96.892624,544,False,unit fuzzy loss,success_build,True,True,aa62853a494a59a3b49a0803a5ed4d4d5e7bd2ca2a7a19f46a2873cb5965e68e,True,True,True,,unknown: historical snapshots lost
229,neighbor,"0,1,2,3,4,5,6,7,8,9,10,11,12,13,14,19,16,17,18,15,20,21,22",12cd1db07bb920a5f0eef4e3b6c18094c175d1270d867a79ec858252cee15e2b,868f7b3aa04bd840103444ee22837afb16ebdfcf8f5a365f27029956794cb27b,96.54412,96.89909,544,False,unit fuzzy loss,success_build,True,True,aa62853a494a59a3b49a0803a5ed4d4d5e7bd2ca2a7a19f46a2873cb5965e68e,True,True,True,,unknown: historical snapshots lost
230,neighbor,"0,1,2,3,4,5,6,7,8,9,10,11,12,13,14,20,16,17,18,19,15,21,22",d7355dcd063301d07557ea7dbebc3967b3cc1813088acc7ca9f99bf83da8b503,15ca6e2029617c4b0213d605bb3b59433651b463d28b2abac38f805393f472e6,96.47059,96.892624,544,False,unit fuzzy loss,success_build,True,True,aa62853a494a59a3b49a0803a5ed4d4d5e7bd2ca2a7a19f46a2873cb5965e68e,True,True,True,,unknown: historical snapshots lost
231,neighbor,"0,1,2,3,4,5,6,7,8,9,10,11,12,13,14,21,16,17,18,19,20,15,22",bb20122c7381e045d700e4c16466688c4da58405777f1061d49780404aa13e74,4986db785c29e57a3578c3dda77c9c54166960ce2db69fd56a6bb1dda3df452a,96.43382,96.88939,544,False,unit fuzzy loss,success_build,True,True,aa62853a494a59a3b49a0803a5ed4d4d5e7bd2ca2a7a19f46a2873cb5965e68e,True,True,True,,unknown: historical snapshots lost
232,neighbor,"0,1,2,3,4,5,6,7,8,9,10,11,12,13,14,22,16,17,18,19,20,21,15",63bc6641d2f94c60e61b984c1d191f9369793cdf4b450036a43e99644f9a3ded,247f224661d968d3f41d9f360488177dfc115eb28e76dc1978216d72a2f28efb,96.213234,96.86999,544,False,unit fuzzy loss,success_build,True,True,aa62853a494a59a3b49a0803a5ed4d4d5e7bd2ca2a7a19f46a2873cb5965e68e,True,True,True,,unknown: historical snapshots lost
233,neighbor,"0,1,2,3,4,5,6,7,8,9,10,11,12,13,14,15,17,16,18,19,20,21,22",debb154dd11919ee425b294ce34628b67e216aa0fe155ee605c0ea023efbdac1,b8d1bdc306c9c60b9786f96913716812ae9721bb95753969821df5fa7f3d3a7c,96.76471,96.9185,544,True,,success_build,True,True,aa62853a494a59a3b49a0803a5ed4d4d5e7bd2ca2a7a19f46a2873cb5965e68e,True,True,True,,unknown: historical snapshots lost
234,neighbor,"0,1,2,3,4,5,6,7,8,9,10,11,12,13,14,15,18,17,16,19,20,21,22",fdc66ba16a506972496f4ed4f5ab178305d61b67451424784413fe5da2005a9a,834ceadd718ff1928d820b3307b661fcfebca9ec4835fb347829dc9cfa377e9d,96.58088,96.90233,544,False,unit fuzzy loss,success_build,True,True,aa62853a494a59a3b49a0803a5ed4d4d5e7bd2ca2a7a19f46a2873cb5965e68e,True,True,True,,unknown: historical snapshots lost
235,neighbor,"0,1,2,3,4,5,6,7,8,9,10,11,12,13,14,15,19,17,18,16,20,21,22",48aa64a11967ca6a57b95f577ca5bf37652128cb74f8e106b0b2444ad4182c14,a83f868be37dc6be2bde49f1261e5078f31f5935dc0b26d05052d45e08d714b8,96.58088,96.90233,544,False,unit fuzzy loss,success_build,True,True,aa62853a494a59a3b49a0803a5ed4d4d5e7bd2ca2a7a19f46a2873cb5965e68e,True,True,True,,unknown: historical snapshots lost
236,neighbor,"0,1,2,3,4,5,6,7,8,9,10,11,12,13,14,15,20,17,18,19,16,21,22",14640734dd5732ec1e6590ea963af1c0ec8f3a9a04e00ac6bc86242cb7142c93,d9d68bdac89f61b53fb167057788ae0d5b4fff818288b28512fecb8608ffeb9e,96.54412,96.89909,544,False,unit fuzzy loss,success_build,True,True,aa62853a494a59a3b49a0803a5ed4d4d5e7bd2ca2a7a19f46a2873cb5965e68e,True,True,True,,unknown: historical snapshots lost
237,neighbor,"0,1,2,3,4,5,6,7,8,9,10,11,12,13,14,15,21,17,18,19,20,16,22",6841f8adbb3ff238384aa931842ae1710f06c5b290308def4db594d4d6ea7aab,ed938932592f7106396454b33a6a0ea44ccd24cbcdc0d9796344ab6339477206,96.43382,96.88939,544,False,unit fuzzy loss,success_build,True,True,aa62853a494a59a3b49a0803a5ed4d4d5e7bd2ca2a7a19f46a2873cb5965e68e,True,True,True,,unknown: historical snapshots lost
238,neighbor,"0,1,2,3,4,5,6,7,8,9,10,11,12,13,14,15,22,17,18,19,20,21,16",05ac60cf5c254f7df9ab439f63f9ddb0e34b860932729d9457f8b3e3eb25da2e,5431262a3da0286d3ea919c43552a799311c43a41e9bb9180cc7be9fbeb8e317,96.10294,96.86028,544,False,unit fuzzy loss,success_build,True,True,aa62853a494a59a3b49a0803a5ed4d4d5e7bd2ca2a7a19f46a2873cb5965e68e,True,True,True,,unknown: historical snapshots lost
239,neighbor,"0,1,2,3,4,5,6,7,8,9,10,11,12,13,14,15,16,18,17,19,20,21,22",6b70cedbdbd2f0389a5111e0fb2b8908c763201c86d79ca78b17cbbca1ec6976,834ceadd718ff1928d820b3307b661fcfebca9ec4835fb347829dc9cfa377e9d,96.58088,96.90233,544,False,unit fuzzy loss,success_build,True,True,aa62853a494a59a3b49a0803a5ed4d4d5e7bd2ca2a7a19f46a2873cb5965e68e,True,True,True,,unknown: historical snapshots lost
240,neighbor,"0,1,2,3,4,5,6,7,8,9,10,11,12,13,14,15,16,19,18,17,20,21,22",e72b936223abbc52a15828d370b6cab55e817fe4a2515a2301dc54c32684e71a,7699511e71663b520f25c0b730879a38f64bcbf3485c2744f7723eaf594f1ea2,96.65441,96.9088,544,False,unit fuzzy loss,success_build,True,True,aa62853a494a59a3b49a0803a5ed4d4d5e7bd2ca2a7a19f46a2873cb5965e68e,True,True,True,,unknown: historical snapshots lost
241,neighbor,"0,1,2,3,4,5,6,7,8,9,10,11,12,13,14,15,16,20,18,19,17,21,22",14ae22d50d88ca9476d8001ca2986a1e9fd6595e5e17105e12564fe7c35a1806,aa13660458ffc5134544b8a0df213558e92edf3b2788e56cb5c93494c4315c0d,96.58088,96.90233,544,False,unit fuzzy loss,success_build,True,True,aa62853a494a59a3b49a0803a5ed4d4d5e7bd2ca2a7a19f46a2873cb5965e68e,True,True,True,,unknown: historical snapshots lost
242,neighbor,"0,1,2,3,4,5,6,7,8,9,10,11,12,13,14,15,16,21,18,19,20,17,22",b5d2454707cee788eb385a9e2b7aadaba6d14f1bcca8d043e80c9cde024cef0f,9a4dcc304204676fb767b07b127988b2823063e5741808a080c87c0e4c4d4f7d,96.54412,96.89909,544,False,unit fuzzy loss,success_build,True,True,aa62853a494a59a3b49a0803a5ed4d4d5e7bd2ca2a7a19f46a2873cb5965e68e,True,True,True,,unknown: historical snapshots lost
243,neighbor,"0,1,2,3,4,5,6,7,8,9,10,11,12,13,14,15,16,22,18,19,20,21,17",4b689479176571b26e4aeba432b2bf55afbb08be1bd339a321bd0ba6b5efb646,efbf231adc42488e6819dbd33d5bb7dabde43cbac4eca3cdfbfda02d3cec9b50,96.32353,96.87969,544,False,unit fuzzy loss,success_build,True,True,aa62853a494a59a3b49a0803a5ed4d4d5e7bd2ca2a7a19f46a2873cb5965e68e,True,True,True,,unknown: historical snapshots lost
244,neighbor,"0,1,2,3,4,5,6,7,8,9,10,11,12,13,14,15,16,17,19,18,20,21,22",f5677ad407653dece372da4376034c5e2b68d00a5b44dc29b14d3a2f4eaf82dc,7b33f7266c607fb9d12e946546f2295ad70d25ce97e49a57f1581a65ed30b8cb,96.69118,96.91203,544,False,unit fuzzy loss,success_build,True,True,aa62853a494a59a3b49a0803a5ed4d4d5e7bd2ca2a7a19f46a2873cb5965e68e,True,True,True,,unknown: historical snapshots lost
245,neighbor,"0,1,2,3,4,5,6,7,8,9,10,11,12,13,14,15,16,17,20,19,18,21,22",eab96b15696d6bc307827479c7e0a904704d915b835532d7b4a926721ed169ca,9beb877876fd12a802edfd1a2c0ce6d325fb2ba88a9cb84e8b22bb4ca79d3f50,96.617645,96.90556,544,False,unit fuzzy loss,success_build,True,True,aa62853a494a59a3b49a0803a5ed4d4d5e7bd2ca2a7a19f46a2873cb5965e68e,True,True,True,,unknown: historical snapshots lost
246,neighbor,"0,1,2,3,4,5,6,7,8,9,10,11,12,13,14,15,16,17,21,19,20,18,22",d70bc5bf8e777538c21417a4224430fe2ad22d07ee789d7abc0b124a9d0adb64,860ae188d52cd341d0f966b79155c3c135eae2b39f68c36e29dc9a2d82526128,96.58088,96.90233,544,False,unit fuzzy loss,success_build,True,True,aa62853a494a59a3b49a0803a5ed4d4d5e7bd2ca2a7a19f46a2873cb5965e68e,True,True,True,,unknown: historical snapshots lost
247,neighbor,"0,1,2,3,4,5,6,7,8,9,10,11,12,13,14,15,16,17,22,19,20,21,18",e7f51c6efd2e450447a06ff5d8ab0f75dce5e2a443273ee262b2230ab4152d24,32648329f951dde5eaf8f96d964453e6968c977cc21efa399e57abf481c49ffd,96.36029,96.88293,544,False,unit fuzzy loss,success_build,True,True,aa62853a494a59a3b49a0803a5ed4d4d5e7bd2ca2a7a19f46a2873cb5965e68e,True,True,True,,unknown: historical snapshots lost
248,neighbor,"0,1,2,3,4,5,6,7,8,9,10,11,12,13,14,15,16,17,18,20,19,21,22",667d0545635e4f69d513ac43e5ecb17bbd0c35d056a85628a21c8de0d6f302e3,277ed2be38585e7d98ef11db63cf348041232ed4abfc9d3185957404dfe5b1f8,96.72794,96.91527,544,False,unit fuzzy loss,success_build,True,True,aa62853a494a59a3b49a0803a5ed4d4d5e7bd2ca2a7a19f46a2873cb5965e68e,True,True,True,,unknown: historical snapshots lost
249,neighbor,"0,1,2,3,4,5,6,7,8,9,10,11,12,13,14,15,16,17,18,21,20,19,22",19520c5a2ea8c10e3477cb921d1e3d09425e1a564056cde59453367e5b121415,a1f4c9588cac4f20918016beaa2945a187c19ca5e8d2c593793ea7f6f35aba51,96.65441,96.9088,544,False,unit fuzzy loss,success_build,True,True,aa62853a494a59a3b49a0803a5ed4d4d5e7bd2ca2a7a19f46a2873cb5965e68e,True,True,True,,unknown: historical snapshots lost
250,neighbor,"0,1,2,3,4,5,6,7,8,9,10,11,12,13,14,15,16,17,18,22,20,21,19",7f5f1019a10cec0c341096466591e38883e3d396565a06e7dace248116163138,ec5c2b8e65a6c5585d6649fdec1e2933d7a9f551907868b0fad56b123cba7dac,96.43382,96.88939,544,False,unit fuzzy loss,success_build,True,True,aa62853a494a59a3b49a0803a5ed4d4d5e7bd2ca2a7a19f46a2873cb5965e68e,True,True,True,,unknown: historical snapshots lost
251,neighbor,"0,1,2,3,4,5,6,7,8,9,10,11,12,13,14,15,16,17,18,19,21,20,22",d5169b37c541073416109b14f209f120f8e4947252c9572c8c1af1f8b7a1e2ab,5dde91118d2fe957a7017865ffbe86120f6e39b7453842b860f267398b2c8bc0,96.58088,96.90233,544,False,unit fuzzy loss,success_build,True,True,aa62853a494a59a3b49a0803a5ed4d4d5e7bd2ca2a7a19f46a2873cb5965e68e,True,True,True,,unknown: historical snapshots lost
252,neighbor,"0,1,2,3,4,5,6,7,8,9,10,11,12,13,14,15,16,17,18,19,22,21,20",cde8dc2229bd9962aa2b80dfb45e9aedd8110bf6008d1c5ae0b97d386bb069df,e5356e34f8aa6e459317b7489520186e9b7b0dd24b0d16696842b368b4e1e56e,96.36029,96.88293,544,False,unit fuzzy loss,success_build,True,True,aa62853a494a59a3b49a0803a5ed4d4d5e7bd2ca2a7a19f46a2873cb5965e68e,True,True,True,,unknown: historical snapshots lost
253,neighbor,"0,1,2,3,4,5,6,7,8,9,10,11,12,13,14,15,16,17,18,19,20,22,21",f4789eec49323cbabbb7b4657baadfe1b6385b7a2b084ff24b74ef078dc76fc7,e80186d0d38005787ffc471a739335ecba676f12deda7cb20cb6d3dbc06becdf,96.32353,96.87969,544,False,unit fuzzy loss,success_build,True,True,aa62853a494a59a3b49a0803a5ed4d4d5e7bd2ca2a7a19f46a2873cb5965e68e,True,True,True,,unknown: historical snapshots lost
254,neighbor,"1,2,0,3,4,5,6,7,8,9,10,11,12,13,14,15,16,17,18,19,20,21,22",cb004c9d92fc69284d08c64a48d0b7a26ba39d8e50c2418eb66e97e6638c8118,b8d1bdc306c9c60b9786f96913716812ae9721bb95753969821df5fa7f3d3a7c,96.76471,96.9185,544,True,,success_build,True,True,aa62853a494a59a3b49a0803a5ed4d4d5e7bd2ca2a7a19f46a2873cb5965e68e,True,True,True,,unknown: historical snapshots lost
255,neighbor,"1,2,3,0,4,5,6,7,8,9,10,11,12,13,14,15,16,17,18,19,20,21,22",54accfb7fc37f668640742a83ee4a7e2b6a85b829df79ca56d8639ff04636965,70d8015671fb90c413cfc6803915362677db2c6eb869c8d63d9ddfbfeb43d18a,96.47059,96.892624,544,False,unit fuzzy loss,success_build,True,True,aa62853a494a59a3b49a0803a5ed4d4d5e7bd2ca2a7a19f46a2873cb5965e68e,True,True,True,,unknown: historical snapshots lost
256,neighbor,"1,2,3,4,0,5,6,7,8,9,10,11,12,13,14,15,16,17,18,19,20,21,22",6eaf046ef6d87ee5ee3e1e2f4cf7610859b454a40a92fa691699137a1fc82088,70d8015671fb90c413cfc6803915362677db2c6eb869c8d63d9ddfbfeb43d18a,96.47059,96.892624,544,False,unit fuzzy loss,success_build,True,True,aa62853a494a59a3b49a0803a5ed4d4d5e7bd2ca2a7a19f46a2873cb5965e68e,True,True,True,,unknown: historical snapshots lost
257,neighbor,"1,2,3,4,5,0,6,7,8,9,10,11,12,13,14,15,16,17,18,19,20,21,22",08f3ab203265831b0bdf2912dff242de6a71db2eebda7336b04e5fc711030ce4,d21f5b46f082be19bf13601f49aae3603ff1c4507a806c2413b9b88a5de66ce2,96.36029,96.88293,544,False,unit fuzzy loss,success_build,True,True,aa62853a494a59a3b49a0803a5ed4d4d5e7bd2ca2a7a19f46a2873cb5965e68e,True,True,True,,unknown: historical snapshots lost
258,neighbor,"1,2,3,4,5,6,0,7,8,9,10,11,12,13,14,15,16,17,18,19,20,21,22",01d280a30dbdb2c0bc7d7301dda9ff98c65942042cd816250be6952cc5de6355,193ec8290fa713d1adeddd112ae6310d854de7b49f14615fa7b1727ff01191d4,96.36029,96.88293,544,False,unit fuzzy loss,success_build,True,True,aa62853a494a59a3b49a0803a5ed4d4d5e7bd2ca2a7a19f46a2873cb5965e68e,True,True,True,,unknown: historical snapshots lost
259,neighbor,"1,2,3,4,5,6,7,0,8,9,10,11,12,13,14,15,16,17,18,19,20,21,22",9d45017ee0a6826c4765ac5a49c6c4adbd6f6a20263ccfdd53c4a2842dbc6ceb,8080586a5d6651c164760799e0905761f73c4655ecd84ef1dd27914c1dcb1c2d,96.10294,96.86028,544,False,unit fuzzy loss,success_build,True,True,aa62853a494a59a3b49a0803a5ed4d4d5e7bd2ca2a7a19f46a2873cb5965e68e,True,True,True,,unknown: historical snapshots lost
260,neighbor,"1,2,3,4,5,6,7,8,0,9,10,11,12,13,14,15,16,17,18,19,20,21,22",4ee090c41c664c682c83c5d8cb6aafdba4221ad9e70795cbbe17c79fbbeb0d16,754983788a10b9afeea7e5cc0d9aedb9f45d1aed0278f1b7e3a4f56c19d92aa8,96.02941,96.85381,544,False,unit fuzzy loss,success_build,True,True,aa62853a494a59a3b49a0803a5ed4d4d5e7bd2ca2a7a19f46a2873cb5965e68e,True,True,True,,unknown: historical snapshots lost
261,neighbor,"1,2,3,4,5,6,7,8,9,0,10,11,12,13,14,15,16,17,18,19,20,21,22",fa905ce4b85186c9ec6cdd04f33eaa63c17740e7cfeacf9b5a2153e8d9aebd89,754983788a10b9afeea7e5cc0d9aedb9f45d1aed0278f1b7e3a4f56c19d92aa8,96.02941,96.85381,544,False,unit fuzzy loss,success_build,True,True,aa62853a494a59a3b49a0803a5ed4d4d5e7bd2ca2a7a19f46a2873cb5965e68e,True,True,True,,unknown: historical snapshots lost
262,neighbor,"1,2,3,4,5,6,7,8,9,10,0,11,12,13,14,15,16,17,18,19,20,21,22",b152ae9f7a8be15d4dca08df098cdb21e5bbf5d00b2ec5ba4c0f0e6beaacad92,754983788a10b9afeea7e5cc0d9aedb9f45d1aed0278f1b7e3a4f56c19d92aa8,96.02941,96.85381,544,False,unit fuzzy loss,success_build,True,True,aa62853a494a59a3b49a0803a5ed4d4d5e7bd2ca2a7a19f46a2873cb5965e68e,True,True,True,,unknown: historical snapshots lost
263,neighbor,"1,2,3,4,5,6,7,8,9,10,11,0,12,13,14,15,16,17,18,19,20,21,22",2a6eb2d7a4212785295e8f8631e2274109a487e6e343c604b57fb6dd5edf8da6,5aa4cd4e9ee017673d037c787e588513627c614f8732581a694ea4a60e8436b4,95.77206,96.83118,544,False,unit fuzzy loss,success_build,True,True,aa62853a494a59a3b49a0803a5ed4d4d5e7bd2ca2a7a19f46a2873cb5965e68e,True,True,True,,unknown: historical snapshots lost
264,neighbor,"1,2,3,4,5,6,7,8,9,10,11,12,0,13,14,15,16,17,18,19,20,21,22",fa8f22b526c79a604cda7e432304d381b686cb5127357aeb0c22ff11776399b7,aa54b2f684463e139f1f43e53548922a19b2c4248f6701c66f3615b31bcd5a04,95.55147,96.811775,544,False,unit fuzzy loss,success_build,True,True,aa62853a494a59a3b49a0803a5ed4d4d5e7bd2ca2a7a19f46a2873cb5965e68e,True,True,True,,unknown: historical snapshots lost
265,neighbor,"1,2,3,4,5,6,7,8,9,10,11,12,13,0,14,15,16,17,18,19,20,21,22",977751db1509bec8afb6ee5691944ace0fffa1fb847c1c71b74627a7050b0a65,80826c7bb06dfc62010c38457475c61bbf0279c9e77f57ae9fa17028b9232bfe,95.33088,96.792366,544,False,unit fuzzy loss,success_build,True,True,aa62853a494a59a3b49a0803a5ed4d4d5e7bd2ca2a7a19f46a2873cb5965e68e,True,True,True,,unknown: historical snapshots lost
266,neighbor,"1,2,3,4,5,6,7,8,9,10,11,12,13,14,0,15,16,17,18,19,20,21,22",7e98db503ae720f36c99473e0fad637c8da451908d0da10cb596cd7496290f8e,80826c7bb06dfc62010c38457475c61bbf0279c9e77f57ae9fa17028b9232bfe,95.33088,96.792366,544,False,unit fuzzy loss,success_build,True,True,aa62853a494a59a3b49a0803a5ed4d4d5e7bd2ca2a7a19f46a2873cb5965e68e,True,True,True,,unknown: historical snapshots lost
267,neighbor,"1,2,3,4,5,6,7,8,9,10,11,12,13,14,15,0,16,17,18,19,20,21,22",01d07c0855bee6e5dad84b8e3dde23d9475b151fc7e4d3482316a6cce2a0c6ee,eac943aa374e37c668c1e16fc098de6d92b3dba9a43307fec8d509f101b8aef3,95.11029,96.772964,544,False,unit fuzzy loss,success_build,True,True,aa62853a494a59a3b49a0803a5ed4d4d5e7bd2ca2a7a19f46a2873cb5965e68e,True,True,True,,unknown: historical snapshots lost
268,neighbor,"1,2,3,4,5,6,7,8,9,10,11,12,13,14,15,16,0,17,18,19,20,21,22",48a6d1d38144bca6b7a87ae87fc9d92b16692d46cff4891519adc6ec31741dac,eac943aa374e37c668c1e16fc098de6d92b3dba9a43307fec8d509f101b8aef3,95.11029,96.772964,544,False,unit fuzzy loss,success_build,True,True,aa62853a494a59a3b49a0803a5ed4d4d5e7bd2ca2a7a19f46a2873cb5965e68e,True,True,True,,unknown: historical snapshots lost
269,neighbor,"1,2,3,4,5,6,7,8,9,10,11,12,13,14,15,16,17,0,18,19,20,21,22",d8d7393cf3561769b255c85ee540b0f45dd72ffcde567d4864c198631e1eae96,e3c85d6529083739377d2245fbf90cc92895ee6b135c0588fd761367c0ad5b2c,95.0,96.76326,544,False,unit fuzzy loss,success_build,True,True,aa62853a494a59a3b49a0803a5ed4d4d5e7bd2ca2a7a19f46a2873cb5965e68e,True,True,True,,unknown: historical snapshots lost
270,neighbor,"1,2,3,4,5,6,7,8,9,10,11,12,13,14,15,16,17,18,0,19,20,21,22",789a37d9efe78c512e6be3ceed50861d9029b5109f544d7d2c25108b293da9b3,c2ca6a65c0af720057428cf4719502af34c5302eac8c77ccb331fb2f69ebfbd8,94.92647,96.75679,544,False,unit fuzzy loss,success_build,True,True,aa62853a494a59a3b49a0803a5ed4d4d5e7bd2ca2a7a19f46a2873cb5965e68e,True,True,True,,unknown: historical snapshots lost
271,neighbor,"1,2,3,4,5,6,7,8,9,10,11,12,13,14,15,16,17,18,19,0,20,21,22",b5472066a51b81ec508504e0fa2f322f51704e7cc6b95575c3f160e08f99a968,5996b33b358c305cb93d6ba0f17e3550039d313fc4d2c1faa1bc05441a9fd66d,94.92647,96.75679,544,False,unit fuzzy loss,success_build,True,True,aa62853a494a59a3b49a0803a5ed4d4d5e7bd2ca2a7a19f46a2873cb5965e68e,True,True,True,,unknown: historical snapshots lost
272,neighbor,"1,2,3,4,5,6,7,8,9,10,11,12,13,14,15,16,17,18,19,20,0,21,22",08f00bcfb42c3792dab9abceb2e9098438e858f85e7f4b3520a732a22c925bbf,63c69f10b348a98e1f81bffaee78b3674c13d3f9b890ad554ccd8503ce9a124c,94.85294,96.75032,544,False,unit fuzzy loss,success_build,True,True,aa62853a494a59a3b49a0803a5ed4d4d5e7bd2ca2a7a19f46a2873cb5965e68e,True,True,True,,unknown: historical snapshots lost
273,neighbor,"1,2,3,4,5,6,7,8,9,10,11,12,13,14,15,16,17,18,19,20,21,0,22",c5b21ac501e2eeaff930ef7264a4e5d6fe55a9e98d44181ade59fc4d80b48cb0,a78d9842d32e99cc66bcef4d90a31af9fdaf297342f20d5b238dda8b6f0acbf3,94.742645,96.74062,544,False,unit fuzzy loss,success_build,True,True,aa62853a494a59a3b49a0803a5ed4d4d5e7bd2ca2a7a19f46a2873cb5965e68e,True,True,True,,unknown: historical snapshots lost
274,neighbor,"1,2,3,4,5,6,7,8,9,10,11,12,13,14,15,16,17,18,19,20,21,22,0",93052d1a84f84b79d03b986967ac340235517ed5b062fd8714c46c133f99b952,a05f2c2e2678b764fc3d074bf3bb7fab1a1e92db39016698c9253495ec00827f,94.411766,96.71152,544,False,unit fuzzy loss,success_build,True,True,aa62853a494a59a3b49a0803a5ed4d4d5e7bd2ca2a7a19f46a2873cb5965e68e,True,True,True,,unknown: historical snapshots lost
275,neighbor,"0,2,3,1,4,5,6,7,8,9,10,11,12,13,14,15,16,17,18,19,20,21,22",45503fbbd3a98ffb24afa6c58ae6608fd7a098797ea6bcb4dd2b30a30a348f70,b8d1bdc306c9c60b9786f96913716812ae9721bb95753969821df5fa7f3d3a7c,96.76471,96.9185,544,True,,success_build,True,True,aa62853a494a59a3b49a0803a5ed4d4d5e7bd2ca2a7a19f46a2873cb5965e68e,True,True,True,,unknown: historical snapshots lost
276,neighbor,"0,2,3,4,1,5,6,7,8,9,10,11,12,13,14,15,16,17,18,19,20,21,22",ab15ead2193927e781e15a0baff314fd91e4e840f5123c2edfcc5a6072157715,b8d1bdc306c9c60b9786f96913716812ae9721bb95753969821df5fa7f3d3a7c,96.76471,96.9185,544,True,,success_build,True,True,aa62853a494a59a3b49a0803a5ed4d4d5e7bd2ca2a7a19f46a2873cb5965e68e,True,True,True,,unknown: historical snapshots lost
277,neighbor,"0,2,3,4,5,1,6,7,8,9,10,11,12,13,14,15,16,17,18,19,20,21,22",a28dfe063729767104ecb50912fdb73c400ef6e5eb7167261506388dda58dd5f,b8d1bdc306c9c60b9786f96913716812ae9721bb95753969821df5fa7f3d3a7c,96.76471,96.9185,544,True,,success_build,True,True,aa62853a494a59a3b49a0803a5ed4d4d5e7bd2ca2a7a19f46a2873cb5965e68e,True,True,True,,unknown: historical snapshots lost
278,neighbor,"0,2,3,4,5,6,1,7,8,9,10,11,12,13,14,15,16,17,18,19,20,21,22",d956e8ae355f81ffc659b1dd06044605ab4cb73e3ad39525aec9ae58206b019a,b8d1bdc306c9c60b9786f96913716812ae9721bb95753969821df5fa7f3d3a7c,96.76471,96.9185,544,True,,success_build,True,True,aa62853a494a59a3b49a0803a5ed4d4d5e7bd2ca2a7a19f46a2873cb5965e68e,True,True,True,,unknown: historical snapshots lost
279,neighbor,"0,2,3,4,5,6,7,1,8,9,10,11,12,13,14,15,16,17,18,19,20,21,22",a5723c365ec71eb277250771a193579075d23293c6b1064da591845e42a65a63,b8d1bdc306c9c60b9786f96913716812ae9721bb95753969821df5fa7f3d3a7c,96.76471,96.9185,544,True,,success_build,True,True,aa62853a494a59a3b49a0803a5ed4d4d5e7bd2ca2a7a19f46a2873cb5965e68e,True,True,True,,unknown: historical snapshots lost
280,neighbor,"0,2,3,4,5,6,7,8,1,9,10,11,12,13,14,15,16,17,18,19,20,21,22",e9b1778d048a10935fa0309e64ecf55201fdf957f245b8f7b4c5451759b082ea,b8d1bdc306c9c60b9786f96913716812ae9721bb95753969821df5fa7f3d3a7c,96.76471,96.9185,544,True,,success_build,True,True,aa62853a494a59a3b49a0803a5ed4d4d5e7bd2ca2a7a19f46a2873cb5965e68e,True,True,True,,unknown: historical snapshots lost
281,neighbor,"0,2,3,4,5,6,7,8,9,1,10,11,12,13,14,15,16,17,18,19,20,21,22",a4848abc43e769737b9ccdab6f707ce1070faaf93d459f10e8fdcfa667491eb5,b8d1bdc306c9c60b9786f96913716812ae9721bb95753969821df5fa7f3d3a7c,96.76471,96.9185,544,True,,success_build,True,True,aa62853a494a59a3b49a0803a5ed4d4d5e7bd2ca2a7a19f46a2873cb5965e68e,True,True,True,,unknown: historical snapshots lost
282,neighbor,"0,2,3,4,5,6,7,8,9,10,1,11,12,13,14,15,16,17,18,19,20,21,22",6867d9ae3a45c5960ad797b7b891e685de76ce85bbe97f1dbf96adcbf258cd0d,b8d1bdc306c9c60b9786f96913716812ae9721bb95753969821df5fa7f3d3a7c,96.76471,96.9185,544,True,,success_build,True,True,aa62853a494a59a3b49a0803a5ed4d4d5e7bd2ca2a7a19f46a2873cb5965e68e,True,True,True,,unknown: historical snapshots lost
283,neighbor,"0,2,3,4,5,6,7,8,9,10,11,1,12,13,14,15,16,17,18,19,20,21,22",faf74e358b405342b114a9e39da1916e21020c5992e2d5036bf9cf5e3f84647e,b8d1bdc306c9c60b9786f96913716812ae9721bb95753969821df5fa7f3d3a7c,96.76471,96.9185,544,True,,success_build,True,True,aa62853a494a59a3b49a0803a5ed4d4d5e7bd2ca2a7a19f46a2873cb5965e68e,True,True,True,,unknown: historical snapshots lost
284,neighbor,"0,2,3,4,5,6,7,8,9,10,11,12,1,13,14,15,16,17,18,19,20,21,22",b5e79c1422447d90ace9cba6bbf7176e3851e9e50a3ae425dfdd0372255c3be3,b8d1bdc306c9c60b9786f96913716812ae9721bb95753969821df5fa7f3d3a7c,96.76471,96.9185,544,True,,success_build,True,True,aa62853a494a59a3b49a0803a5ed4d4d5e7bd2ca2a7a19f46a2873cb5965e68e,True,True,True,,unknown: historical snapshots lost
285,neighbor,"0,2,3,4,5,6,7,8,9,10,11,12,13,1,14,15,16,17,18,19,20,21,22",1ad89f396bbc1f0456adc0fe4e66802fd88214b13ea71043af6a86a1fbb00faf,b8d1bdc306c9c60b9786f96913716812ae9721bb95753969821df5fa7f3d3a7c,96.76471,96.9185,544,True,,success_build,True,True,aa62853a494a59a3b49a0803a5ed4d4d5e7bd2ca2a7a19f46a2873cb5965e68e,True,True,True,,unknown: historical snapshots lost
286,neighbor,"0,2,3,4,5,6,7,8,9,10,11,12,13,14,1,15,16,17,18,19,20,21,22",3cf3f9240c711713c58443af9c8f1cac51b130c1f562b561d8d3d25cace5c5d5,b8d1bdc306c9c60b9786f96913716812ae9721bb95753969821df5fa7f3d3a7c,96.76471,96.9185,544,True,,success_build,True,True,aa62853a494a59a3b49a0803a5ed4d4d5e7bd2ca2a7a19f46a2873cb5965e68e,True,True,True,,unknown: historical snapshots lost
287,neighbor,"0,2,3,4,5,6,7,8,9,10,11,12,13,14,15,1,16,17,18,19,20,21,22",85aa0a37d6e853ab962b85ccff2fa89a634338e1eab5118624fa3a889ca0b6bd,b8d1bdc306c9c60b9786f96913716812ae9721bb95753969821df5fa7f3d3a7c,96.76471,96.9185,544,True,,success_build,True,True,aa62853a494a59a3b49a0803a5ed4d4d5e7bd2ca2a7a19f46a2873cb5965e68e,True,True,True,,unknown: historical snapshots lost
288,neighbor,"0,2,3,4,5,6,7,8,9,10,11,12,13,14,15,16,1,17,18,19,20,21,22",394bfb6cb87cf950d8324b6072dc073182fceee9f0d8e425e957b15443027d62,b8d1bdc306c9c60b9786f96913716812ae9721bb95753969821df5fa7f3d3a7c,96.76471,96.9185,544,True,,success_build,True,True,aa62853a494a59a3b49a0803a5ed4d4d5e7bd2ca2a7a19f46a2873cb5965e68e,True,True,True,,unknown: historical snapshots lost
289,neighbor,"0,2,3,4,5,6,7,8,9,10,11,12,13,14,15,16,17,1,18,19,20,21,22",ff984cb58e7f64e4b3d65801177f74d08c8db45007507794e8a02b1e2c7c6f44,b8d1bdc306c9c60b9786f96913716812ae9721bb95753969821df5fa7f3d3a7c,96.76471,96.9185,544,True,,success_build,True,True,aa62853a494a59a3b49a0803a5ed4d4d5e7bd2ca2a7a19f46a2873cb5965e68e,True,True,True,,unknown: historical snapshots lost
290,neighbor,"0,2,3,4,5,6,7,8,9,10,11,12,13,14,15,16,17,18,1,19,20,21,22",ade910c06d69be619696c2c39c38c740f3d7b35336284bd0e017d34629b95c12,b8d1bdc306c9c60b9786f96913716812ae9721bb95753969821df5fa7f3d3a7c,96.76471,96.9185,544,True,,success_build,True,True,aa62853a494a59a3b49a0803a5ed4d4d5e7bd2ca2a7a19f46a2873cb5965e68e,True,True,True,,unknown: historical snapshots lost
291,neighbor,"0,2,3,4,5,6,7,8,9,10,11,12,13,14,15,16,17,18,19,1,20,21,22",aa5d28447661b01c63714ce06a6af6f69f93e5296a29760f5ee255dc1f7cc94f,b8d1bdc306c9c60b9786f96913716812ae9721bb95753969821df5fa7f3d3a7c,96.76471,96.9185,544,True,,success_build,True,True,aa62853a494a59a3b49a0803a5ed4d4d5e7bd2ca2a7a19f46a2873cb5965e68e,True,True,True,,unknown: historical snapshots lost
292,neighbor,"0,2,3,4,5,6,7,8,9,10,11,12,13,14,15,16,17,18,19,20,1,21,22",8b2fadb0159e5ca98c3089a6ddbd40f9e38f0685682bd36aa7f045318e3781fa,b8d1bdc306c9c60b9786f96913716812ae9721bb95753969821df5fa7f3d3a7c,96.76471,96.9185,544,True,,success_build,True,True,aa62853a494a59a3b49a0803a5ed4d4d5e7bd2ca2a7a19f46a2873cb5965e68e,True,True,True,,unknown: historical snapshots lost
293,neighbor,"0,2,3,4,5,6,7,8,9,10,11,12,13,14,15,16,17,18,19,20,21,1,22",420ec18c4c0073eeeaaaa1ed97fdba126cc9006e3dc0ace1fe4b6a645752a7c5,b8d1bdc306c9c60b9786f96913716812ae9721bb95753969821df5fa7f3d3a7c,96.76471,96.9185,544,True,,success_build,True,True,aa62853a494a59a3b49a0803a5ed4d4d5e7bd2ca2a7a19f46a2873cb5965e68e,True,True,True,,unknown: historical snapshots lost
294,neighbor,"0,2,3,4,5,6,7,8,9,10,11,12,13,14,15,16,17,18,19,20,21,22,1",e291dab39347b8b0c9a9d3c8c443ef4edd1a44cf290ff04842a51a338bfc9934,b8d1bdc306c9c60b9786f96913716812ae9721bb95753969821df5fa7f3d3a7c,96.76471,96.9185,544,True,,success_build,True,True,aa62853a494a59a3b49a0803a5ed4d4d5e7bd2ca2a7a19f46a2873cb5965e68e,True,True,True,,unknown: historical snapshots lost
295,neighbor,"2,0,1,3,4,5,6,7,8,9,10,11,12,13,14,15,16,17,18,19,20,21,22",cfd6c0a96ea60118e1bc54190737e25a65b069a3a22cec2e994f032751de826a,b8d1bdc306c9c60b9786f96913716812ae9721bb95753969821df5fa7f3d3a7c,96.76471,96.9185,544,True,,success_build,True,True,aa62853a494a59a3b49a0803a5ed4d4d5e7bd2ca2a7a19f46a2873cb5965e68e,True,True,True,,unknown: historical snapshots lost
296,neighbor,"0,1,3,4,2,5,6,7,8,9,10,11,12,13,14,15,16,17,18,19,20,21,22",ef4dc4c627bdb5e5603231fd1dcab0a69eea7a0cf3e48705c47d1328dd0e8908,b8d1bdc306c9c60b9786f96913716812ae9721bb95753969821df5fa7f3d3a7c,96.76471,96.9185,544,True,,success_build,True,True,aa62853a494a59a3b49a0803a5ed4d4d5e7bd2ca2a7a19f46a2873cb5965e68e,True,True,True,,unknown: historical snapshots lost
297,neighbor,"0,1,3,4,5,2,6,7,8,9,10,11,12,13,14,15,16,17,18,19,20,21,22",2e65bbef45657c21728cd8f3dbc6fe7605dc1f3dbe88b7ed6cbfc9ffa58119ca,b8d1bdc306c9c60b9786f96913716812ae9721bb95753969821df5fa7f3d3a7c,96.76471,96.9185,544,True,,success_build,True,True,aa62853a494a59a3b49a0803a5ed4d4d5e7bd2ca2a7a19f46a2873cb5965e68e,True,True,True,,unknown: historical snapshots lost
298,neighbor,"0,1,3,4,5,6,2,7,8,9,10,11,12,13,14,15,16,17,18,19,20,21,22",1b9816919f44b5bd0028e99a321ea1bc383b2b0de562b63e7f5d63483fcf062b,b8d1bdc306c9c60b9786f96913716812ae9721bb95753969821df5fa7f3d3a7c,96.76471,96.9185,544,True,,success_build,True,True,aa62853a494a59a3b49a0803a5ed4d4d5e7bd2ca2a7a19f46a2873cb5965e68e,True,True,True,,unknown: historical snapshots lost
299,neighbor,"0,1,3,4,5,6,7,2,8,9,10,11,12,13,14,15,16,17,18,19,20,21,22",a88fe353a1923df05e8544f281a7a2b2ff5dce87b4d64c06105ef802a482911e,b8d1bdc306c9c60b9786f96913716812ae9721bb95753969821df5fa7f3d3a7c,96.76471,96.9185,544,True,,success_build,True,True,aa62853a494a59a3b49a0803a5ed4d4d5e7bd2ca2a7a19f46a2873cb5965e68e,True,True,True,,unknown: historical snapshots lost
300,neighbor,"0,1,3,4,5,6,7,8,2,9,10,11,12,13,14,15,16,17,18,19,20,21,22",6a89359d39fe67996d8999b4a559d2899212ff00ba2b4e87a41d2fdbc067c691,b8d1bdc306c9c60b9786f96913716812ae9721bb95753969821df5fa7f3d3a7c,96.76471,96.9185,544,True,,success_build,True,True,aa62853a494a59a3b49a0803a5ed4d4d5e7bd2ca2a7a19f46a2873cb5965e68e,True,True,True,,unknown: historical snapshots lost
301,neighbor,"0,1,3,4,5,6,7,8,9,2,10,11,12,13,14,15,16,17,18,19,20,21,22",e00a1117c1d1c0ced3782f453ff33b8ad48e9273d27d07942621cbca0aaa58ce,b8d1bdc306c9c60b9786f96913716812ae9721bb95753969821df5fa7f3d3a7c,96.76471,96.9185,544,True,,success_build,True,True,aa62853a494a59a3b49a0803a5ed4d4d5e7bd2ca2a7a19f46a2873cb5965e68e,True,True,True,,unknown: historical snapshots lost
302,neighbor,"0,1,3,4,5,6,7,8,9,10,2,11,12,13,14,15,16,17,18,19,20,21,22",7fc9e5c120403ab56fbe08484652aac78f1529c090bff6a1fd07a9a050b2059a,b8d1bdc306c9c60b9786f96913716812ae9721bb95753969821df5fa7f3d3a7c,96.76471,96.9185,544,True,,success_build,True,True,aa62853a494a59a3b49a0803a5ed4d4d5e7bd2ca2a7a19f46a2873cb5965e68e,True,True,True,,unknown: historical snapshots lost
303,neighbor,"0,1,3,4,5,6,7,8,9,10,11,2,12,13,14,15,16,17,18,19,20,21,22",95bbd4e2b382e086309606e95debb9daf60d6fa52d443ebd2cdae1077f06bd9f,b8d1bdc306c9c60b9786f96913716812ae9721bb95753969821df5fa7f3d3a7c,96.76471,96.9185,544,True,,success_build,True,True,aa62853a494a59a3b49a0803a5ed4d4d5e7bd2ca2a7a19f46a2873cb5965e68e,True,True,True,,unknown: historical snapshots lost
304,neighbor,"0,1,3,4,5,6,7,8,9,10,11,12,2,13,14,15,16,17,18,19,20,21,22",9d65cc56aa23606528eb5c9ff596adcf5349597f6ccaf47c2276b5e0f9c74160,b8d1bdc306c9c60b9786f96913716812ae9721bb95753969821df5fa7f3d3a7c,96.76471,96.9185,544,True,,success_build,True,True,aa62853a494a59a3b49a0803a5ed4d4d5e7bd2ca2a7a19f46a2873cb5965e68e,True,True,True,,unknown: historical snapshots lost
305,neighbor,"0,1,3,4,5,6,7,8,9,10,11,12,13,2,14,15,16,17,18,19,20,21,22",2d03c4817b1d83a8c5f510c7597f86b01ff52669bb8f5c24abd607f050160692,b8d1bdc306c9c60b9786f96913716812ae9721bb95753969821df5fa7f3d3a7c,96.76471,96.9185,544,True,,success_build,True,True,aa62853a494a59a3b49a0803a5ed4d4d5e7bd2ca2a7a19f46a2873cb5965e68e,True,True,True,,unknown: historical snapshots lost
306,neighbor,"0,1,3,4,5,6,7,8,9,10,11,12,13,14,2,15,16,17,18,19,20,21,22",8410def2dfcd220d56f0c2b090e004c3bb69daa96145d0187d558589511d1be7,b8d1bdc306c9c60b9786f96913716812ae9721bb95753969821df5fa7f3d3a7c,96.76471,96.9185,544,True,,success_build,True,True,aa62853a494a59a3b49a0803a5ed4d4d5e7bd2ca2a7a19f46a2873cb5965e68e,True,True,True,,unknown: historical snapshots lost
307,neighbor,"0,1,3,4,5,6,7,8,9,10,11,12,13,14,15,2,16,17,18,19,20,21,22",d9719bfaa0eef686ad017414285d15ff190a4b261c68b8c47d3bd917f6a606a2,b8d1bdc306c9c60b9786f96913716812ae9721bb95753969821df5fa7f3d3a7c,96.76471,96.9185,544,True,,success_build,True,True,aa62853a494a59a3b49a0803a5ed4d4d5e7bd2ca2a7a19f46a2873cb5965e68e,True,True,True,,unknown: historical snapshots lost
308,neighbor,"0,1,3,4,5,6,7,8,9,10,11,12,13,14,15,16,2,17,18,19,20,21,22",f0f7742c77814c7fc69b5f7e82b2b265bc214fd39bd67f3ed3ecd10a3fdb907a,b8d1bdc306c9c60b9786f96913716812ae9721bb95753969821df5fa7f3d3a7c,96.76471,96.9185,544,True,,success_build,True,True,aa62853a494a59a3b49a0803a5ed4d4d5e7bd2ca2a7a19f46a2873cb5965e68e,True,True,True,,unknown: historical snapshots lost
309,neighbor,"0,1,3,4,5,6,7,8,9,10,11,12,13,14,15,16,17,2,18,19,20,21,22",882ddc060e9a5c90b901a41c9ccdba68cf03a6196a28e579e716ad5596959830,b8d1bdc306c9c60b9786f96913716812ae9721bb95753969821df5fa7f3d3a7c,96.76471,96.9185,544,True,,success_build,True,True,aa62853a494a59a3b49a0803a5ed4d4d5e7bd2ca2a7a19f46a2873cb5965e68e,True,True,True,,unknown: historical snapshots lost
310,neighbor,"0,1,3,4,5,6,7,8,9,10,11,12,13,14,15,16,17,18,2,19,20,21,22",5d2dbf962f92c9bc156ea99a759165a576342766515e2d275103c77dcfba525e,b8d1bdc306c9c60b9786f96913716812ae9721bb95753969821df5fa7f3d3a7c,96.76471,96.9185,544,True,,success_build,True,True,aa62853a494a59a3b49a0803a5ed4d4d5e7bd2ca2a7a19f46a2873cb5965e68e,True,True,True,,unknown: historical snapshots lost
311,neighbor,"0,1,3,4,5,6,7,8,9,10,11,12,13,14,15,16,17,18,19,2,20,21,22",2ca8aca2a91632311ce9f2c94ac9d2584090aa0c8f579b5472189bad043703dc,b8d1bdc306c9c60b9786f96913716812ae9721bb95753969821df5fa7f3d3a7c,96.76471,96.9185,544,True,,success_build,True,True,aa62853a494a59a3b49a0803a5ed4d4d5e7bd2ca2a7a19f46a2873cb5965e68e,True,True,True,,unknown: historical snapshots lost
312,neighbor,"0,1,3,4,5,6,7,8,9,10,11,12,13,14,15,16,17,18,19,20,2,21,22",13b7cc85be61aad88647c87e4205cfce29b0f7cede084099629431ec8409a32c,b8d1bdc306c9c60b9786f96913716812ae9721bb95753969821df5fa7f3d3a7c,96.76471,96.9185,544,True,,success_build,True,True,aa62853a494a59a3b49a0803a5ed4d4d5e7bd2ca2a7a19f46a2873cb5965e68e,True,True,True,,unknown: historical snapshots lost
313,neighbor,"0,1,3,4,5,6,7,8,9,10,11,12,13,14,15,16,17,18,19,20,21,2,22",13e889ddfc6dc2a7035b9ad7d901dda1f9eb07e27d117559f742b0bd9e94d263,b8d1bdc306c9c60b9786f96913716812ae9721bb95753969821df5fa7f3d3a7c,96.76471,96.9185,544,True,,success_build,True,True,aa62853a494a59a3b49a0803a5ed4d4d5e7bd2ca2a7a19f46a2873cb5965e68e,True,True,True,,unknown: historical snapshots lost
314,neighbor,"0,1,3,4,5,6,7,8,9,10,11,12,13,14,15,16,17,18,19,20,21,22,2",06b2c40409541fe70deca66815f51e85d088370543c1e9dd50911db936a25ab3,b8d1bdc306c9c60b9786f96913716812ae9721bb95753969821df5fa7f3d3a7c,96.76471,96.9185,544,True,,success_build,True,True,aa62853a494a59a3b49a0803a5ed4d4d5e7bd2ca2a7a19f46a2873cb5965e68e,True,True,True,,unknown: historical snapshots lost
315,neighbor,"3,0,1,2,4,5,6,7,8,9,10,11,12,13,14,15,16,17,18,19,20,21,22",6c1703b15cd5fbf4ecb502942ed9a11f71a54c62aeee7d50ba01dfa6261b6392,70d8015671fb90c413cfc6803915362677db2c6eb869c8d63d9ddfbfeb43d18a,96.47059,96.892624,544,False,unit fuzzy loss,success_build,True,True,aa62853a494a59a3b49a0803a5ed4d4d5e7bd2ca2a7a19f46a2873cb5965e68e,True,True,True,,unknown: historical snapshots lost
316,neighbor,"0,3,1,2,4,5,6,7,8,9,10,11,12,13,14,15,16,17,18,19,20,21,22",ddf785cebd6e90f64e1307c2e0c1c1b57f47ced3036430ce30cf94f0d57886a6,b8d1bdc306c9c60b9786f96913716812ae9721bb95753969821df5fa7f3d3a7c,96.76471,96.9185,544,True,,success_build,True,True,aa62853a494a59a3b49a0803a5ed4d4d5e7bd2ca2a7a19f46a2873cb5965e68e,True,True,True,,unknown: historical snapshots lost
317,neighbor,"0,1,2,4,5,3,6,7,8,9,10,11,12,13,14,15,16,17,18,19,20,21,22",0abee8486e19790598b1e8c296947775a080d955f09ea3b66431fbb00ad497f5,d92fc34bcacd35b228d45bd45d17b776060a59698fad823c9bcc650cf4eb07aa,96.54412,96.89909,544,False,unit fuzzy loss,success_build,True,True,aa62853a494a59a3b49a0803a5ed4d4d5e7bd2ca2a7a19f46a2873cb5965e68e,True,True,True,318,unknown: historical snapshots lost
318,neighbor,"0,1,2,4,5,6,3,7,8,9,10,11,12,13,14,15,16,17,18,19,20,21,22",3ae7a185fda958518b657d6e8734e7663ad7f203e98876aca1d9ac67dbcf2ea9,f1fad7c2b69f9de0e57dfcdedf1576e24c2c3ad310417661b1e56f42b53fb432,96.54412,96.89909,544,False,unit fuzzy loss,success_build,True,True,aa62853a494a59a3b49a0803a5ed4d4d5e7bd2ca2a7a19f46a2873cb5965e68e,True,True,True,317,unknown: historical snapshots lost
319,neighbor,"0,1,2,4,5,6,7,3,8,9,10,11,12,13,14,15,16,17,18,19,20,21,22",3a669c3f91d2d1913686564f59aefc86de1e5d906c5f7ac075338f170f1d3516,2e47cb3e6e40ec103b5b993c97c5a281a5b91967e5aa1153c35686f75c1a50ac,96.36029,96.88293,544,False,unit fuzzy loss,success_build,True,True,aa62853a494a59a3b49a0803a5ed4d4d5e7bd2ca2a7a19f46a2873cb5965e68e,True,True,True,,unknown: historical snapshots lost
320,neighbor,"0,1,2,4,5,6,7,8,3,9,10,11,12,13,14,15,16,17,18,19,20,21,22",0a2e078ee8dfab68345ee6eac8b1bc64b75c309c7968b04fce3f4fda27ec6184,7889f096f3ac03e5caf0f059c821ba4d171adafd123eea9f1d8f29d14ce3c1fd,96.213234,96.86999,544,False,unit fuzzy loss,success_build,True,True,aa62853a494a59a3b49a0803a5ed4d4d5e7bd2ca2a7a19f46a2873cb5965e68e,True,True,True,,unknown: historical snapshots lost
321,neighbor,"0,1,2,4,5,6,7,8,9,3,10,11,12,13,14,15,16,17,18,19,20,21,22",1ea25b74e4d3f64e4c365304c6acb3ccc7498eccfb7058fa2ce8fadbc9e6c48a,7889f096f3ac03e5caf0f059c821ba4d171adafd123eea9f1d8f29d14ce3c1fd,96.213234,96.86999,544,False,unit fuzzy loss,success_build,True,True,aa62853a494a59a3b49a0803a5ed4d4d5e7bd2ca2a7a19f46a2873cb5965e68e,True,True,True,,unknown: historical snapshots lost
322,neighbor,"0,1,2,4,5,6,7,8,9,10,3,11,12,13,14,15,16,17,18,19,20,21,22",fe240f2666cecbe86ac42ca43ead547147f7c619f2f5a0124726f053d5c284ec,7889f096f3ac03e5caf0f059c821ba4d171adafd123eea9f1d8f29d14ce3c1fd,96.213234,96.86999,544,False,unit fuzzy loss,success_build,True,True,aa62853a494a59a3b49a0803a5ed4d4d5e7bd2ca2a7a19f46a2873cb5965e68e,True,True,True,,unknown: historical snapshots lost
323,neighbor,"0,1,2,4,5,6,7,8,9,10,11,3,12,13,14,15,16,17,18,19,20,21,22",83c337d78d6452c1fcd836c676a8cff72871138d1bc79fcf9f66f47d5be3ccf8,edc90feccab52ee6ed62432b12c304435e7f859565073ac29a0be2d603a24cec,95.95588,96.84735,544,False,unit fuzzy loss,success_build,True,True,aa62853a494a59a3b49a0803a5ed4d4d5e7bd2ca2a7a19f46a2873cb5965e68e,True,True,True,,unknown: historical snapshots lost
324,neighbor,"0,1,2,4,5,6,7,8,9,10,11,12,3,13,14,15,16,17,18,19,20,21,22",6a062f06f26a5edb02c5379d0039c8e68d6555dff86260bf6b32e4562a6b8973,0a5552e3c27d7cde896fdd0c64b6cb1995cd2ef278d0dc4c75bd245494547482,95.73529,96.82794,544,False,unit fuzzy loss,success_build,True,True,aa62853a494a59a3b49a0803a5ed4d4d5e7bd2ca2a7a19f46a2873cb5965e68e,True,True,True,,unknown: historical snapshots lost
325,neighbor,"0,1,2,4,5,6,7,8,9,10,11,12,13,3,14,15,16,17,18,19,20,21,22",b882105454632f91a73847ce6561c289878a72657e3347b4bc3c1915794461b9,d72d693af6c65a20cc04e9bb443360405a3e443298647f76396b638d8ed8bcff,95.51471,96.80854,544,False,unit fuzzy loss,success_build,True,True,aa62853a494a59a3b49a0803a5ed4d4d5e7bd2ca2a7a19f46a2873cb5965e68e,True,True,True,,unknown: historical snapshots lost
326,neighbor,"0,1,2,4,5,6,7,8,9,10,11,12,13,14,3,15,16,17,18,19,20,21,22",4e8db13cc9f17ab4d7f9de385986ddb9025e486ee748be9a4cb21dafd0ddbd9f,d72d693af6c65a20cc04e9bb443360405a3e443298647f76396b638d8ed8bcff,95.51471,96.80854,544,False,unit fuzzy loss,success_build,True,True,aa62853a494a59a3b49a0803a5ed4d4d5e7bd2ca2a7a19f46a2873cb5965e68e,True,True,True,,unknown: historical snapshots lost
327,neighbor,"0,1,2,4,5,6,7,8,9,10,11,12,13,14,15,3,16,17,18,19,20,21,22",c8c05fd013347b2a9185fc8c051175970ab642f696c883952948c79b7c696695,dd4835917b63803b5db7bf5f6593be16b31f9a5d07781fe89de32a41ad2b8a4a,95.29412,96.78913,544,False,unit fuzzy loss,success_build,True,True,aa62853a494a59a3b49a0803a5ed4d4d5e7bd2ca2a7a19f46a2873cb5965e68e,True,True,True,,unknown: historical snapshots lost
328,neighbor,"0,1,2,4,5,6,7,8,9,10,11,12,13,14,15,16,3,17,18,19,20,21,22",6b4f3b9cf8a0cdd579a76422181021c431b3db54622496090f02a659a0ea9b05,dd4835917b63803b5db7bf5f6593be16b31f9a5d07781fe89de32a41ad2b8a4a,95.29412,96.78913,544,False,unit fuzzy loss,success_build,True,True,aa62853a494a59a3b49a0803a5ed4d4d5e7bd2ca2a7a19f46a2873cb5965e68e,True,True,True,,unknown: historical snapshots lost
329,neighbor,"0,1,2,4,5,6,7,8,9,10,11,12,13,14,15,16,17,3,18,19,20,21,22",35c7893fb9fed77ba72023dded12838bf4fcb3d8063305e06db656fb83be254f,4a7a4a280451693b0c297f500f0ccda1a582f8a49adf1dc478deec24531be977,95.18382,96.779434,544,False,unit fuzzy loss,success_build,True,True,aa62853a494a59a3b49a0803a5ed4d4d5e7bd2ca2a7a19f46a2873cb5965e68e,True,True,True,,unknown: historical snapshots lost
330,neighbor,"0,1,2,4,5,6,7,8,9,10,11,12,13,14,15,16,17,18,3,19,20,21,22",bec265f7ff9ad31b5ac353a414e6465bb85fab798c3282db751d3c547bb58287,29ed7379b08bd2b4073f2e5093a95729fa50f3099f9334905a20224ef2af3fa1,95.11029,96.772964,544,False,unit fuzzy loss,success_build,True,True,aa62853a494a59a3b49a0803a5ed4d4d5e7bd2ca2a7a19f46a2873cb5965e68e,True,True,True,,unknown: historical snapshots lost
331,neighbor,"0,1,2,4,5,6,7,8,9,10,11,12,13,14,15,16,17,18,19,3,20,21,22",54d48241c4246b1e65b73aed3a5e725bbdafc7bee193d336d885d7b0826d9fc8,23324eeb58f18a90cfd32bb80a5c771f5082e3c35eed312f3c0fdf49797e6995,95.11029,96.772964,544,False,unit fuzzy loss,success_build,True,True,aa62853a494a59a3b49a0803a5ed4d4d5e7bd2ca2a7a19f46a2873cb5965e68e,True,True,True,,unknown: historical snapshots lost
332,neighbor,"0,1,2,4,5,6,7,8,9,10,11,12,13,14,15,16,17,18,19,20,3,21,22",316fe560035c4d60457ab6fbf25b651dbcb787338aaa02a034ab8d5438d5e5eb,960b6d3c96f8be1f56dbe0c17bf5b07bf1f59c7af43e56ea3e5c7fbb4e42e7cb,95.036766,96.766495,544,False,unit fuzzy loss,success_build,True,True,aa62853a494a59a3b49a0803a5ed4d4d5e7bd2ca2a7a19f46a2873cb5965e68e,True,True,True,,unknown: historical snapshots lost
333,neighbor,"0,1,2,4,5,6,7,8,9,10,11,12,13,14,15,16,17,18,19,20,21,3,22",7630f0f36231058e18592697059935e14ce6f02af458be1d6d7117b926086dae,3a5447dbe951f67b5b1547cf8a5d2e63b8dcf8e5ed426a9cf0def6258cd0395d,94.92647,96.75679,544,False,unit fuzzy loss,success_build,True,True,aa62853a494a59a3b49a0803a5ed4d4d5e7bd2ca2a7a19f46a2873cb5965e68e,True,True,True,,unknown: historical snapshots lost
334,neighbor,"0,1,2,4,5,6,7,8,9,10,11,12,13,14,15,16,17,18,19,20,21,22,3",6761815c0279f5c3984e167a9e7244bae042168329ae43691f327a82b0fbefc0,5f0ca651b34df5a2b0cb98a5e1150aa35a47bae3f439c61621c177f13b4eeeb5,94.59559,96.727684,544,False,unit fuzzy loss,success_build,True,True,aa62853a494a59a3b49a0803a5ed4d4d5e7bd2ca2a7a19f46a2873cb5965e68e,True,True,True,,unknown: historical snapshots lost
335,neighbor,"4,0,1,2,3,5,6,7,8,9,10,11,12,13,14,15,16,17,18,19,20,21,22",6554c6b606e077b220f5e84296b3c5ec87d9ae62d34bc709e47c5ee08cae82ce,b8d1bdc306c9c60b9786f96913716812ae9721bb95753969821df5fa7f3d3a7c,96.76471,96.9185,544,True,,success_build,True,True,aa62853a494a59a3b49a0803a5ed4d4d5e7bd2ca2a7a19f46a2873cb5965e68e,True,True,True,,unknown: historical snapshots lost
336,neighbor,"0,4,1,2,3,5,6,7,8,9,10,11,12,13,14,15,16,17,18,19,20,21,22",358b0f4966dbe4dc265a8730e8fe843fbce4e87bdfa6c5606595ce7cac5bbbb4,b8d1bdc306c9c60b9786f96913716812ae9721bb95753969821df5fa7f3d3a7c,96.76471,96.9185,544,True,,success_build,True,True,aa62853a494a59a3b49a0803a5ed4d4d5e7bd2ca2a7a19f46a2873cb5965e68e,True,True,True,,unknown: historical snapshots lost
337,neighbor,"0,1,4,2,3,5,6,7,8,9,10,11,12,13,14,15,16,17,18,19,20,21,22",7dc190059991ffa8df65df9fd722805a947521fc5dc9a830393c176767445abd,b8d1bdc306c9c60b9786f96913716812ae9721bb95753969821df5fa7f3d3a7c,96.76471,96.9185,544,True,,success_build,True,True,aa62853a494a59a3b49a0803a5ed4d4d5e7bd2ca2a7a19f46a2873cb5965e68e,True,True,True,,unknown: historical snapshots lost
338,neighbor,"0,1,2,3,5,6,4,7,8,9,10,11,12,13,14,15,16,17,18,19,20,21,22",ff12909125faabc45a4a244627fd64cb8e9520a483e3c8c38dcc4e1ccaa48df7,b8d1bdc306c9c60b9786f96913716812ae9721bb95753969821df5fa7f3d3a7c,96.76471,96.9185,544,True,,success_build,True,True,aa62853a494a59a3b49a0803a5ed4d4d5e7bd2ca2a7a19f46a2873cb5965e68e,True,True,True,,unknown: historical snapshots lost
339,neighbor,"0,1,2,3,5,6,7,4,8,9,10,11,12,13,14,15,16,17,18,19,20,21,22",cc7f80ea5497fb03d0c4d2e26595947c5efa319e586afabce8468ebf8664a0bc,b8d1bdc306c9c60b9786f96913716812ae9721bb95753969821df5fa7f3d3a7c,96.76471,96.9185,544,True,,success_build,True,True,aa62853a494a59a3b49a0803a5ed4d4d5e7bd2ca2a7a19f46a2873cb5965e68e,True,True,True,,unknown: historical snapshots lost
340,neighbor,"0,1,2,3,5,6,7,8,4,9,10,11,12,13,14,15,16,17,18,19,20,21,22",0adff66ac4bb8ec3bfeaf3c82a631383c4a488c0584a8ab7630aec6997a2dfd2,b8d1bdc306c9c60b9786f96913716812ae9721bb95753969821df5fa7f3d3a7c,96.76471,96.9185,544,True,,success_build,True,True,aa62853a494a59a3b49a0803a5ed4d4d5e7bd2ca2a7a19f46a2873cb5965e68e,True,True,True,,unknown: historical snapshots lost
341,neighbor,"0,1,2,3,5,6,7,8,9,4,10,11,12,13,14,15,16,17,18,19,20,21,22",cd67fb1ee117dde8a3b85c29e8081341d3a06ad56a58be48fe79cca9c0d71462,b8d1bdc306c9c60b9786f96913716812ae9721bb95753969821df5fa7f3d3a7c,96.76471,96.9185,544,True,,success_build,True,True,aa62853a494a59a3b49a0803a5ed4d4d5e7bd2ca2a7a19f46a2873cb5965e68e,True,True,True,,unknown: historical snapshots lost
342,neighbor,"0,1,2,3,5,6,7,8,9,10,4,11,12,13,14,15,16,17,18,19,20,21,22",d5d48a3955616af8f4a857caeba75009dcd33a8fb068b4a7692add8fc6bc9afb,b8d1bdc306c9c60b9786f96913716812ae9721bb95753969821df5fa7f3d3a7c,96.76471,96.9185,544,True,,success_build,True,True,aa62853a494a59a3b49a0803a5ed4d4d5e7bd2ca2a7a19f46a2873cb5965e68e,True,True,True,,unknown: historical snapshots lost
343,neighbor,"0,1,2,3,5,6,7,8,9,10,11,4,12,13,14,15,16,17,18,19,20,21,22",51faa75a50fefa889a6d7fbf42f6ba7cc8b5daecfb2c8d5c7684490fc1299dd5,b8d1bdc306c9c60b9786f96913716812ae9721bb95753969821df5fa7f3d3a7c,96.76471,96.9185,544,True,,success_build,True,True,aa62853a494a59a3b49a0803a5ed4d4d5e7bd2ca2a7a19f46a2873cb5965e68e,True,True,True,,unknown: historical snapshots lost
344,neighbor,"0,1,2,3,5,6,7,8,9,10,11,12,4,13,14,15,16,17,18,19,20,21,22",fae4959c2725d5c84b2e9bd73fc751f2fcfb1cdbc8e9f4c071540186be406238,b8d1bdc306c9c60b9786f96913716812ae9721bb95753969821df5fa7f3d3a7c,96.76471,96.9185,544,True,,success_build,True,True,aa62853a494a59a3b49a0803a5ed4d4d5e7bd2ca2a7a19f46a2873cb5965e68e,True,True,True,,unknown: historical snapshots lost
345,neighbor,"0,1,2,3,5,6,7,8,9,10,11,12,13,4,14,15,16,17,18,19,20,21,22",16a517fdd8cfe6b4ce4565c35b5a8fcf9e0df98fd5cde80eb935ba9e37a11c9c,b8d1bdc306c9c60b9786f96913716812ae9721bb95753969821df5fa7f3d3a7c,96.76471,96.9185,544,True,,success_build,True,True,aa62853a494a59a3b49a0803a5ed4d4d5e7bd2ca2a7a19f46a2873cb5965e68e,True,True,True,,unknown: historical snapshots lost
346,neighbor,"0,1,2,3,5,6,7,8,9,10,11,12,13,14,4,15,16,17,18,19,20,21,22",8497f0b277cb49ebf490423f46cd54704e2ce49878c7fdfb8e7777642549b158,b8d1bdc306c9c60b9786f96913716812ae9721bb95753969821df5fa7f3d3a7c,96.76471,96.9185,544,True,,success_build,True,True,aa62853a494a59a3b49a0803a5ed4d4d5e7bd2ca2a7a19f46a2873cb5965e68e,True,True,True,,unknown: historical snapshots lost
347,neighbor,"0,1,2,3,5,6,7,8,9,10,11,12,13,14,15,4,16,17,18,19,20,21,22",8f966a9e5b8f1f6101676728df78dce9f23b7e530a732bcb0ebf0b473c7ed4a6,b8d1bdc306c9c60b9786f96913716812ae9721bb95753969821df5fa7f3d3a7c,96.76471,96.9185,544,True,,success_build,True,True,aa62853a494a59a3b49a0803a5ed4d4d5e7bd2ca2a7a19f46a2873cb5965e68e,True,True,True,,unknown: historical snapshots lost
348,neighbor,"0,1,2,3,5,6,7,8,9,10,11,12,13,14,15,16,4,17,18,19,20,21,22",24497d49f0ce20fee5a910ec65ed2b90f8f46489fe38fe87f590fd41f1b83483,b8d1bdc306c9c60b9786f96913716812ae9721bb95753969821df5fa7f3d3a7c,96.76471,96.9185,544,True,,success_build,True,True,aa62853a494a59a3b49a0803a5ed4d4d5e7bd2ca2a7a19f46a2873cb5965e68e,True,True,True,,unknown: historical snapshots lost
349,neighbor,"0,1,2,3,5,6,7,8,9,10,11,12,13,14,15,16,17,4,18,19,20,21,22",6e9048c111b7487c9f18bcf6689d9df52dcdb2f52f4d5a6c1c17f2bfa590ea53,b8d1bdc306c9c60b9786f96913716812ae9721bb95753969821df5fa7f3d3a7c,96.76471,96.9185,544,True,,success_build,True,True,aa62853a494a59a3b49a0803a5ed4d4d5e7bd2ca2a7a19f46a2873cb5965e68e,True,True,True,,unknown: historical snapshots lost
350,neighbor,"0,1,2,3,5,6,7,8,9,10,11,12,13,14,15,16,17,18,4,19,20,21,22",bf1952d60eeb58de420d7e9fadb6eb43417182f718c0753f4ee562b7cdbca8f5,b8d1bdc306c9c60b9786f96913716812ae9721bb95753969821df5fa7f3d3a7c,96.76471,96.9185,544,True,,success_build,True,True,aa62853a494a59a3b49a0803a5ed4d4d5e7bd2ca2a7a19f46a2873cb5965e68e,True,True,True,,unknown: historical snapshots lost
351,neighbor,"0,1,2,3,5,6,7,8,9,10,11,12,13,14,15,16,17,18,19,4,20,21,22",208ea0108629f25119b2f029b2c14eeb6cd063291b2fb05a73e80fc0e509abf1,b8d1bdc306c9c60b9786f96913716812ae9721bb95753969821df5fa7f3d3a7c,96.76471,96.9185,544,True,,success_build,True,True,aa62853a494a59a3b49a0803a5ed4d4d5e7bd2ca2a7a19f46a2873cb5965e68e,True,True,True,,unknown: historical snapshots lost
352,neighbor,"0,1,2,3,5,6,7,8,9,10,11,12,13,14,15,16,17,18,19,20,4,21,22",87d1cf36893e8da8a02aa1629eb89a332cca9364ad5ab24dda33c251c54ecca9,56b839e6d3e70a45709b3dfa2376033b28f23b5c69a295ecb2d7e343eb9f69c8,93.088234,96.595085,544,False,unit fuzzy loss,success_build,True,True,aa62853a494a59a3b49a0803a5ed4d4d5e7bd2ca2a7a19f46a2873cb5965e68e,True,True,True,,unknown: historical snapshots lost
353,neighbor,"0,1,2,3,5,6,7,8,9,10,11,12,13,14,15,16,17,18,19,20,21,4,22",e38023b24dfcb39d0cbeb1a3d807801ead193ecf1e1853591df0c1daab0837a7,ce03fc484fc6d43ae2ecbf1ade24593616a45aae878938cd2bd681303bfe602a,92.97794,96.58538,544,False,unit fuzzy loss,success_build,True,True,aa62853a494a59a3b49a0803a5ed4d4d5e7bd2ca2a7a19f46a2873cb5965e68e,True,True,True,,unknown: historical snapshots lost
354,neighbor,"0,1,2,3,5,6,7,8,9,10,11,12,13,14,15,16,17,18,19,20,21,22,4",cbdfba2823b21c2b69bb88bef2e9920fa6890035a0f712a7e0c61c6510f5f82a,911ef1a2e3e94928f77b650d058a349cbb10bf6031ad4b27bafda96e4412682e,92.68382,96.55951,544,False,unit fuzzy loss,success_build,True,True,aa62853a494a59a3b49a0803a5ed4d4d5e7bd2ca2a7a19f46a2873cb5965e68e,True,True,True,,unknown: historical snapshots lost
355,neighbor,"5,0,1,2,3,4,6,7,8,9,10,11,12,13,14,15,16,17,18,19,20,21,22",780629e264ff5a51d37a428c73af6b9050d37e17bdef0f7407390ed524b8622b,04cf098c552aac88aa4f8be6e98cb1a94e131339f2393ed350f6151a08241a77,96.36029,96.88293,544,False,unit fuzzy loss,success_build,True,True,aa62853a494a59a3b49a0803a5ed4d4d5e7bd2ca2a7a19f46a2873cb5965e68e,True,True,True,,unknown: historical snapshots lost
356,neighbor,"0,5,1,2,3,4,6,7,8,9,10,11,12,13,14,15,16,17,18,19,20,21,22",b5991fe5658febaab6f88efe3ea31bd07ec6b719444320fd7c6a90b6422304e1,d92fc34bcacd35b228d45bd45d17b776060a59698fad823c9bcc650cf4eb07aa,96.54412,96.89909,544,False,unit fuzzy loss,success_build,True,True,aa62853a494a59a3b49a0803a5ed4d4d5e7bd2ca2a7a19f46a2873cb5965e68e,True,True,True,,unknown: historical snapshots lost
357,neighbor,"0,1,5,2,3,4,6,7,8,9,10,11,12,13,14,15,16,17,18,19,20,21,22",c9d80628734e4daaf0f538054ee7f1476f8db0038793d3ad962de24e95e34754,d92fc34bcacd35b228d45bd45d17b776060a59698fad823c9bcc650cf4eb07aa,96.54412,96.89909,544,False,unit fuzzy loss,success_build,True,True,aa62853a494a59a3b49a0803a5ed4d4d5e7bd2ca2a7a19f46a2873cb5965e68e,True,True,True,,unknown: historical snapshots lost
358,neighbor,"0,1,2,5,3,4,6,7,8,9,10,11,12,13,14,15,16,17,18,19,20,21,22",1e1a62d2e1ab5b36556f0d2ca22cbe50751c61f1eb3e163117dfe0d935eaf7a7,d92fc34bcacd35b228d45bd45d17b776060a59698fad823c9bcc650cf4eb07aa,96.54412,96.89909,544,False,unit fuzzy loss,success_build,True,True,aa62853a494a59a3b49a0803a5ed4d4d5e7bd2ca2a7a19f46a2873cb5965e68e,True,True,True,,unknown: historical snapshots lost
359,neighbor,"0,1,2,3,4,6,7,5,8,9,10,11,12,13,14,15,16,17,18,19,20,21,22",1a93beb4cb3e5f9836d9ab837efe5934ea8cfa928e8df91d5e16bd9a270b9e0e,4c73a3681425cd2df6963caf0414a66f47aaae022a1902b77c0afbba65f6e4b9,96.39706,96.886154,544,False,unit fuzzy loss,success_build,True,True,aa62853a494a59a3b49a0803a5ed4d4d5e7bd2ca2a7a19f46a2873cb5965e68e,True,True,True,,unknown: historical snapshots lost
360,neighbor,"0,1,2,3,4,6,7,8,5,9,10,11,12,13,14,15,16,17,18,19,20,21,22",e8c38c5331532f43e5170e99d2b3d8b832698d3a432fbc581d120d0140f4bd85,e9a664bceb1304fda04a98f525aad3b83c96f3da24db3d7ee7e4c1808905e8ae,96.32353,96.87969,544,False,unit fuzzy loss,success_build,True,True,aa62853a494a59a3b49a0803a5ed4d4d5e7bd2ca2a7a19f46a2873cb5965e68e,True,True,True,,unknown: historical snapshots lost
361,neighbor,"0,1,2,3,4,6,7,8,9,5,10,11,12,13,14,15,16,17,18,19,20,21,22",a33a74ed0cb758b9c58e27d481d45ec3f31b4900b6c976c69fa3eb618d46831f,e9a664bceb1304fda04a98f525aad3b83c96f3da24db3d7ee7e4c1808905e8ae,96.32353,96.87969,544,False,unit fuzzy loss,success_build,True,True,aa62853a494a59a3b49a0803a5ed4d4d5e7bd2ca2a7a19f46a2873cb5965e68e,True,True,True,,unknown: historical snapshots lost
362,neighbor,"0,1,2,3,4,6,7,8,9,10,5,11,12,13,14,15,16,17,18,19,20,21,22",fccf3fa3051297495a7619844f470d91c6389a4b3babfaae4bdfbd67babb8760,e9a664bceb1304fda04a98f525aad3b83c96f3da24db3d7ee7e4c1808905e8ae,96.32353,96.87969,544,False,unit fuzzy loss,success_build,True,True,aa62853a494a59a3b49a0803a5ed4d4d5e7bd2ca2a7a19f46a2873cb5965e68e,True,True,True,,unknown: historical snapshots lost
363,neighbor,"0,1,2,3,4,6,7,8,9,10,11,5,12,13,14,15,16,17,18,19,20,21,22",08135b4aef47bba8c27d1da51f70a1888da5aeedf8ed76abd695d01e71c0e1b6,bd8f1451fb5df8c775c8027190846bed16a4765df38fbc4a1dfcc6dcdbfd734b,96.06618,96.85705,544,False,unit fuzzy loss,success_build,True,True,aa62853a494a59a3b49a0803a5ed4d4d5e7bd2ca2a7a19f46a2873cb5965e68e,True,True,True,,unknown: historical snapshots lost
364,neighbor,"0,1,2,3,4,6,7,8,9,10,11,12,5,13,14,15,16,17,18,19,20,21,22",8d6fe63ab238c83325ab26855c38c8bd648f4c185243051427846e6649b09cc4,65938e943b7a2a44d9f1e3d3792aee34354ad65adce05890e90d2c159a01d446,95.84559,96.83765,544,False,unit fuzzy loss,success_build,True,True,aa62853a494a59a3b49a0803a5ed4d4d5e7bd2ca2a7a19f46a2873cb5965e68e,True,True,True,,unknown: historical snapshots lost
365,neighbor,"0,1,2,3,4,6,7,8,9,10,11,12,13,5,14,15,16,17,18,19,20,21,22",5835598407886df7ee3acdd17e88c02bbad364abdfe5cdc0bf41f7b86b27b908,ede819061c8bfa272d0bdaf15efc0d770c7100c6899a08f6cdd8ffc950243c5e,95.625,96.81824,544,False,unit fuzzy loss,success_build,True,True,aa62853a494a59a3b49a0803a5ed4d4d5e7bd2ca2a7a19f46a2873cb5965e68e,True,True,True,,unknown: historical snapshots lost
366,neighbor,"0,1,2,3,4,6,7,8,9,10,11,12,13,14,5,15,16,17,18,19,20,21,22",544ef89a84e84f13e1642ba59885267aa97902e970c29e305120426dfb6deb6b,ede819061c8bfa272d0bdaf15efc0d770c7100c6899a08f6cdd8ffc950243c5e,95.625,96.81824,544,False,unit fuzzy loss,success_build,True,True,aa62853a494a59a3b49a0803a5ed4d4d5e7bd2ca2a7a19f46a2873cb5965e68e,True,True,True,,unknown: historical snapshots lost
367,neighbor,"0,1,2,3,4,6,7,8,9,10,11,12,13,14,15,5,16,17,18,19,20,21,22",31b45b3f60524ac708abb4e911562c65c63787efec0ab95b4af67cd13199be27,cf7f40b330f90fbe4f59f690fa6c9e7dcde8d9dd6e867ca2ecbb76b8a1f1ee9b,95.40441,96.798836,544,False,unit fuzzy loss,success_build,True,True,aa62853a494a59a3b49a0803a5ed4d4d5e7bd2ca2a7a19f46a2873cb5965e68e,True,True,True,,unknown: historical snapshots lost
368,neighbor,"0,1,2,3,4,6,7,8,9,10,11,12,13,14,15,16,5,17,18,19,20,21,22",8d3c191fcf48efb28e99a12122cddfc70b4dc9e6550624ef637a74e04f2b69a1,cf7f40b330f90fbe4f59f690fa6c9e7dcde8d9dd6e867ca2ecbb76b8a1f1ee9b,95.40441,96.798836,544,False,unit fuzzy loss,success_build,True,True,aa62853a494a59a3b49a0803a5ed4d4d5e7bd2ca2a7a19f46a2873cb5965e68e,True,True,True,,unknown: historical snapshots lost
369,neighbor,"0,1,2,3,4,6,7,8,9,10,11,12,13,14,15,16,17,5,18,19,20,21,22",3b0f48d8b79a5b27d4497023d9a6e090f1d596fc352d732a88a79ab41ea29a9b,75c8825d3d59d9f79168b67caf990285fbcd09e634d5c4cb8f53382837ab1bef,95.29412,96.78913,544,False,unit fuzzy loss,success_build,True,True,aa62853a494a59a3b49a0803a5ed4d4d5e7bd2ca2a7a19f46a2873cb5965e68e,True,True,True,,unknown: historical snapshots lost
370,neighbor,"0,1,2,3,4,6,7,8,9,10,11,12,13,14,15,16,17,18,5,19,20,21,22",15ba22a65cbc1a7d499ecee126dd7cb5df3b8709751a1c266eaec8798c55bc93,2c555a26af23b7cb62b13f2a2bb46fac479dc5294826cea5f60f06c6a6c96181,95.22059,96.78266,544,False,unit fuzzy loss,success_build,True,True,aa62853a494a59a3b49a0803a5ed4d4d5e7bd2ca2a7a19f46a2873cb5965e68e,True,True,True,,unknown: historical snapshots lost
371,neighbor,"0,1,2,3,4,6,7,8,9,10,11,12,13,14,15,16,17,18,19,5,20,21,22",0a2087701c942d3b8e307b47aa80e491860f95647b6547ccf61dedc1bb1fe389,cb4d5e63c4b5b4210a345cf42e0cfdcbb52ab54fd1a06f24a3a1dc7117141e65,95.22059,96.78266,544,False,unit fuzzy loss,success_build,True,True,aa62853a494a59a3b49a0803a5ed4d4d5e7bd2ca2a7a19f46a2873cb5965e68e,True,True,True,,unknown: historical snapshots lost
372,neighbor,"0,1,2,3,4,6,7,8,9,10,11,12,13,14,15,16,17,18,19,20,5,21,22",bd3a8aeee3b69fa09e0f0daf4e461cd1ac267f51b1f518791f701cd9157f29df,65beb4c32d1d577b75295a3007dc734a972d65773f47de1b608a97672dcc0bec,95.14706,96.7762,544,False,unit fuzzy loss,success_build,True,True,aa62853a494a59a3b49a0803a5ed4d4d5e7bd2ca2a7a19f46a2873cb5965e68e,True,True,True,,unknown: historical snapshots lost
373,neighbor,"0,1,2,3,4,6,7,8,9,10,11,12,13,14,15,16,17,18,19,20,21,5,22",fbc6238ff8f871b36ce35c5483eeab097bfc97e508c322bdd738e62e24387283,9e895ff21b7cf5b29afc99a9869b3f44379dd29ba734ce6105c78edf03633b90,95.036766,96.766495,544,False,unit fuzzy loss,success_build,True,True,aa62853a494a59a3b49a0803a5ed4d4d5e7bd2ca2a7a19f46a2873cb5965e68e,True,True,True,,unknown: historical snapshots lost
374,neighbor,"0,1,2,3,4,6,7,8,9,10,11,12,13,14,15,16,17,18,19,20,21,22,5",af218226f8872467507462598a3e6e298402ab471370b00a1a437407618b98c0,d2ad7fe673bfe7b69b1c38e7ef88b28332df9552f53512360638ed5dbdc41530,94.70588,96.73739,544,False,unit fuzzy loss,success_build,True,True,aa62853a494a59a3b49a0803a5ed4d4d5e7bd2ca2a7a19f46a2873cb5965e68e,True,True,True,,unknown: historical snapshots lost
375,neighbor,"6,0,1,2,3,4,5,7,8,9,10,11,12,13,14,15,16,17,18,19,20,21,22",3cc32e4c60180e1c359177912ef32038c3e9e9f119f5daaaff13d16c90361b31,61fc092608504e4bf7eacdd2d4e0cb99179e29b231f103e552ffbf75b6cd728c,96.36029,96.88293,544,False,unit fuzzy loss,success_build,True,True,aa62853a494a59a3b49a0803a5ed4d4d5e7bd2ca2a7a19f46a2873cb5965e68e,True,True,True,,unknown: historical snapshots lost
376,neighbor,"0,6,1,2,3,4,5,7,8,9,10,11,12,13,14,15,16,17,18,19,20,21,22",04e407fbc41af98f8107b5b22d70455982f657eb3ea1dc5cb2ff9288f38dd1a1,7ef6572cc23c155744130d2fc4a81e3f879c344e4dc513dfb2d643385c1d7784,96.58088,96.90233,544,False,unit fuzzy loss,success_build,True,True,aa62853a494a59a3b49a0803a5ed4d4d5e7bd2ca2a7a19f46a2873cb5965e68e,True,True,True,,unknown: historical snapshots lost
377,neighbor,"0,1,6,2,3,4,5,7,8,9,10,11,12,13,14,15,16,17,18,19,20,21,22",42d2e8c2de6939a1602a770de643022ffc47f1b6b509d287af9856c38022d050,7ef6572cc23c155744130d2fc4a81e3f879c344e4dc513dfb2d643385c1d7784,96.58088,96.90233,544,False,unit fuzzy loss,success_build,True,True,aa62853a494a59a3b49a0803a5ed4d4d5e7bd2ca2a7a19f46a2873cb5965e68e,True,True,True,,unknown: historical snapshots lost
378,neighbor,"0,1,2,6,3,4,5,7,8,9,10,11,12,13,14,15,16,17,18,19,20,21,22",2f6d4d95cae059ff766fa70c84cbe289dd60cb806469fade60e806942d24a54b,7ef6572cc23c155744130d2fc4a81e3f879c344e4dc513dfb2d643385c1d7784,96.58088,96.90233,544,False,unit fuzzy loss,success_build,True,True,aa62853a494a59a3b49a0803a5ed4d4d5e7bd2ca2a7a19f46a2873cb5965e68e,True,True,True,379,unknown: historical snapshots lost
379,neighbor,"0,1,2,3,6,4,5,7,8,9,10,11,12,13,14,15,16,17,18,19,20,21,22",cc859081da862453fff2086a585bb3491010473019c0380aee538f0b872efc76,03e583cdf32fe5e67c101151a60e9c0a61050ddfa2ce5d8cc271aeea7860f447,96.65441,96.9088,544,False,unit fuzzy loss,success_build,True,True,aa62853a494a59a3b49a0803a5ed4d4d5e7bd2ca2a7a19f46a2873cb5965e68e,True,True,True,378,unknown: historical snapshots lost
380,neighbor,"0,1,2,3,4,5,7,8,6,9,10,11,12,13,14,15,16,17,18,19,20,21,22",18cd2b10d19ed795d1f68b2ea146cdd0a37962de9bba60e70076b6b1cd18bd89,fae1564c37c0be204dd08428f28bc7005fae11f517d4da70711b8aa99219f510,96.43382,96.88939,544,False,unit fuzzy loss,success_build,True,True,aa62853a494a59a3b49a0803a5ed4d4d5e7bd2ca2a7a19f46a2873cb5965e68e,True,True,True,,unknown: historical snapshots lost
381,neighbor,"0,1,2,3,4,5,7,8,9,6,10,11,12,13,14,15,16,17,18,19,20,21,22",be67b44a60569e8f26650eb2727dca9022b0aa532b40c605059a53b7a481e4de,fae1564c37c0be204dd08428f28bc7005fae11f517d4da70711b8aa99219f510,96.43382,96.88939,544,False,unit fuzzy loss,success_build,True,True,aa62853a494a59a3b49a0803a5ed4d4d5e7bd2ca2a7a19f46a2873cb5965e68e,True,True,True,,unknown: historical snapshots lost
382,neighbor,"0,1,2,3,4,5,7,8,9,10,6,11,12,13,14,15,16,17,18,19,20,21,22",bc50b80490316dfcbdaf8718608639d9d4616471e9f23c5c10f7d6c71d426a08,fae1564c37c0be204dd08428f28bc7005fae11f517d4da70711b8aa99219f510,96.43382,96.88939,544,False,unit fuzzy loss,success_build,True,True,aa62853a494a59a3b49a0803a5ed4d4d5e7bd2ca2a7a19f46a2873cb5965e68e,True,True,True,,unknown: historical snapshots lost
383,neighbor,"0,1,2,3,4,5,7,8,9,10,11,6,12,13,14,15,16,17,18,19,20,21,22",0fbd21b457f8996f65241c887eec378e4f41f4e1c4e7a891593795b7bf8cffd9,0a75b5d5f96aeeea25d56cd9c5dbf35f02119071543d447bac7f759f17e313d2,96.17647,96.86675,544,False,unit fuzzy loss,success_build,True,True,aa62853a494a59a3b49a0803a5ed4d4d5e7bd2ca2a7a19f46a2873cb5965e68e,True,True,True,,unknown: historical snapshots lost
384,neighbor,"0,1,2,3,4,5,7,8,9,10,11,12,6,13,14,15,16,17,18,19,20,21,22",911cf761cdcd6dce5ca80a9cedb01d765a68116c4fabe6db72e0c13e4e4658ee,004005046c02c70111cc3e67b8ae86b71bbc1e4d50c69ae03601f4a5314e5aec,95.95588,96.84735,544,False,unit fuzzy loss,success_build,True,True,aa62853a494a59a3b49a0803a5ed4d4d5e7bd2ca2a7a19f46a2873cb5965e68e,True,True,True,,unknown: historical snapshots lost
385,neighbor,"0,1,2,3,4,5,7,8,9,10,11,12,13,6,14,15,16,17,18,19,20,21,22",57a3335f05307eeb6e6427e26c46552ed1e0f600eb9d44413cddf53ca9d2989f,7a454d98ef3a64b66e8d17fcd066f5dea06c9ce3657204871c84d1e444944535,95.73529,96.82794,544,False,unit fuzzy loss,success_build,True,True,aa62853a494a59a3b49a0803a5ed4d4d5e7bd2ca2a7a19f46a2873cb5965e68e,True,True,True,,unknown: historical snapshots lost
386,neighbor,"0,1,2,3,4,5,7,8,9,10,11,12,13,14,6,15,16,17,18,19,20,21,22",1121295a4cbdf53216ee52a377ad6773cea715be9efd7533fda91aed2bb00110,7a454d98ef3a64b66e8d17fcd066f5dea06c9ce3657204871c84d1e444944535,95.73529,96.82794,544,False,unit fuzzy loss,success_build,True,True,aa62853a494a59a3b49a0803a5ed4d4d5e7bd2ca2a7a19f46a2873cb5965e68e,True,True,True,,unknown: historical snapshots lost
387,neighbor,"0,1,2,3,4,5,7,8,9,10,11,12,13,14,15,6,16,17,18,19,20,21,22",08cd3b1e3d3d81ca0108660090dbcc924bf9b6d302a7ca98ee7912848a91a3ec,e77ef94851e6f3005946ec83a6347dcf5405dd89915eea7b3fcb672d766564d8,95.51471,96.80854,544,False,unit fuzzy loss,success_build,True,True,aa62853a494a59a3b49a0803a5ed4d4d5e7bd2ca2a7a19f46a2873cb5965e68e,True,True,True,,unknown: historical snapshots lost
388,neighbor,"0,1,2,3,4,5,7,8,9,10,11,12,13,14,15,16,6,17,18,19,20,21,22",47f12c72d307a995fb86f86fe5297c809827d5c284df4231cab3ab3ee715d118,e77ef94851e6f3005946ec83a6347dcf5405dd89915eea7b3fcb672d766564d8,95.51471,96.80854,544,False,unit fuzzy loss,success_build,True,True,aa62853a494a59a3b49a0803a5ed4d4d5e7bd2ca2a7a19f46a2873cb5965e68e,True,True,True,,unknown: historical snapshots lost
389,neighbor,"0,1,2,3,4,5,7,8,9,10,11,12,13,14,15,16,17,6,18,19,20,21,22",f6e47ba42f6f601475a11043618b86d6770c3f6a4874324d6a95d8e12c85a144,1a63af3ccb82022ff569b6e8dddd5da07be04043d9ba68c52fbfce2f8de2fcfe,95.40441,96.798836,544,False,unit fuzzy loss,success_build,True,True,aa62853a494a59a3b49a0803a5ed4d4d5e7bd2ca2a7a19f46a2873cb5965e68e,True,True,True,,unknown: historical snapshots lost
390,neighbor,"0,1,2,3,4,5,7,8,9,10,11,12,13,14,15,16,17,18,6,19,20,21,22",17b5a507a48d2e2a2cf5eee4703d7b2e650f3900b6ceb26b772880d2437d38ec,96d7385d0a460bd2138beb3cf1630f7fa0ea8e47e3a91f99beb872420b501027,95.33088,96.792366,544,False,unit fuzzy loss,success_build,True,True,aa62853a494a59a3b49a0803a5ed4d4d5e7bd2ca2a7a19f46a2873cb5965e68e,True,True,True,,unknown: historical snapshots lost
391,neighbor,"0,1,2,3,4,5,7,8,9,10,11,12,13,14,15,16,17,18,19,6,20,21,22",929488395c62d0412dba2d7a85997d59acadf7ef79af6d15b3473ffe3b8a47e0,0c8ac3744a2060db4db717ad8cb5a44cc3cbcacbc86343453b642de3364ecfbe,95.33088,96.792366,544,False,unit fuzzy loss,success_build,True,True,aa62853a494a59a3b49a0803a5ed4d4d5e7bd2ca2a7a19f46a2873cb5965e68e,True,True,True,,unknown: historical snapshots lost
392,neighbor,"0,1,2,3,4,5,7,8,9,10,11,12,13,14,15,16,17,18,19,20,6,21,22",056b027a0c89b8b50eed2c3e49983a28f05b9f9825ecc92797176d20fcfc37aa,827b404c3db72a7a15ee910522b84734d56c801092bb1d0084fe5b7ca736d006,95.257355,96.7859,544,False,unit fuzzy loss,success_build,True,True,aa62853a494a59a3b49a0803a5ed4d4d5e7bd2ca2a7a19f46a2873cb5965e68e,True,True,True,,unknown: historical snapshots lost
393,neighbor,"0,1,2,3,4,5,7,8,9,10,11,12,13,14,15,16,17,18,19,20,21,6,22",a6a2386e2fa617b12f93d0a803efae32b6217af9c730bc35c9ccd82e902696cb,0228826018439eb2365e3dc0743818123e0721fec0e5755b6fdc217fd0c755f9,95.14706,96.7762,544,False,unit fuzzy loss,success_build,True,True,aa62853a494a59a3b49a0803a5ed4d4d5e7bd2ca2a7a19f46a2873cb5965e68e,True,True,True,,unknown: historical snapshots lost
394,neighbor,"0,1,2,3,4,5,7,8,9,10,11,12,13,14,15,16,17,18,19,20,21,22,6",e931b2d66c9b2871b993fc4bca59bac38556a6ab044a0b62927c433e309866bc,2ea8ac53ef619376c15fdb4e62273c3222d26ba15ba3313da0e4ab80ae8619ac,94.81618,96.747086,544,False,unit fuzzy loss,success_build,True,True,aa62853a494a59a3b49a0803a5ed4d4d5e7bd2ca2a7a19f46a2873cb5965e68e,True,True,True,,unknown: historical snapshots lost
395,neighbor,"7,0,1,2,3,4,5,6,8,9,10,11,12,13,14,15,16,17,18,19,20,21,22",532c4830e895c7f468db53f43eb52198c69fa629e8b8a0e67b90e48238fd5645,e2d93a44b90fcf9f51a62c2e15f4ef39dde178a0ae8223979ce600e2a3fe7fbb,96.36029,96.88293,544,False,unit fuzzy loss,success_build,True,True,aa62853a494a59a3b49a0803a5ed4d4d5e7bd2ca2a7a19f46a2873cb5965e68e,True,True,True,,unknown: historical snapshots lost
396,neighbor,"0,7,1,2,3,4,5,6,8,9,10,11,12,13,14,15,16,17,18,19,20,21,22",e45adddf0e489f9693ba8983decf8536d0eb6544b2fac92edee41fb427f83b2a,41a789e1d0e9487a39928c80c81248dbfdb5cad957863fb0bec683c29bf614a7,96.58088,96.90233,544,False,unit fuzzy loss,success_build,True,True,aa62853a494a59a3b49a0803a5ed4d4d5e7bd2ca2a7a19f46a2873cb5965e68e,True,True,True,,unknown: historical snapshots lost
397,neighbor,"0,1,7,2,3,4,5,6,8,9,10,11,12,13,14,15,16,17,18,19,20,21,22",ccae29b17b87e8ea169a94dd92dd46e940acd2fe9544a8aa3e7df091a166740f,41a789e1d0e9487a39928c80c81248dbfdb5cad957863fb0bec683c29bf614a7,96.58088,96.90233,544,False,unit fuzzy loss,success_build,True,True,aa62853a494a59a3b49a0803a5ed4d4d5e7bd2ca2a7a19f46a2873cb5965e68e,True,True,True,,unknown: historical snapshots lost
398,neighbor,"0,1,2,7,3,4,5,6,8,9,10,11,12,13,14,15,16,17,18,19,20,21,22",c2ca706dc04d8156934c501b94b05711a85d4b73ed181c508d5d67029aeef6cd,41a789e1d0e9487a39928c80c81248dbfdb5cad957863fb0bec683c29bf614a7,96.58088,96.90233,544,False,unit fuzzy loss,success_build,True,True,aa62853a494a59a3b49a0803a5ed4d4d5e7bd2ca2a7a19f46a2873cb5965e68e,True,True,True,,unknown: historical snapshots lost
399,neighbor,"0,1,2,3,7,4,5,6,8,9,10,11,12,13,14,15,16,17,18,19,20,21,22",9a9ab59ae161926260296b38ff2cb4e5a05f022f710f32889fe2cfb6f243d18d,af624292f2b0e24ef491221c5d02bc432adf9809988dee9bfe1fce6b010bdc38,96.65441,96.9088,544,False,unit fuzzy loss,success_build,True,True,aa62853a494a59a3b49a0803a5ed4d4d5e7bd2ca2a7a19f46a2873cb5965e68e,True,True,True,,unknown: historical snapshots lost
400,neighbor,"0,1,2,3,4,7,5,6,8,9,10,11,12,13,14,15,16,17,18,19,20,21,22",ed35512c7528227e5c2972dfb91840c2ccd5bce3ccc7f4805de266d01a8205a4,af624292f2b0e24ef491221c5d02bc432adf9809988dee9bfe1fce6b010bdc38,96.65441,96.9088,544,False,unit fuzzy loss,success_build,True,True,aa62853a494a59a3b49a0803a5ed4d4d5e7bd2ca2a7a19f46a2873cb5965e68e,True,True,True,,unknown: historical snapshots lost
401,neighbor,"0,1,2,3,4,5,6,8,9,7,10,11,12,13,14,15,16,17,18,19,20,21,22",ed5257552126de9e8c7de1ced719493521814b137913720875d9200b2c18eceb,cfe4de43a6c6dc46620a71bec39867de666d18af277cd38a5ab6ad8eda48e097,96.69118,96.91203,544,False,unit fuzzy loss,success_build,True,True,aa62853a494a59a3b49a0803a5ed4d4d5e7bd2ca2a7a19f46a2873cb5965e68e,True,True,True,,unknown: historical snapshots lost
402,neighbor,"0,1,2,3,4,5,6,8,9,10,7,11,12,13,14,15,16,17,18,19,20,21,22",f5ea2de34581c39d45e24f72b3bb859745e246fe2376492ba90445bb1020874c,cfe4de43a6c6dc46620a71bec39867de666d18af277cd38a5ab6ad8eda48e097,96.69118,96.91203,544,False,unit fuzzy loss,success_build,True,True,aa62853a494a59a3b49a0803a5ed4d4d5e7bd2ca2a7a19f46a2873cb5965e68e,True,True,True,,unknown: historical snapshots lost
403,neighbor,"0,1,2,3,4,5,6,8,9,10,11,7,12,13,14,15,16,17,18,19,20,21,22",6366ec1787200cd095388c8d5ae8eeaeb23b6c45293918f0eeed1efc14a0c323,2238ce5e294dc9dd2fee4933a12c1ffa6a534a623bd3e4018cef4dca6b5b5d36,96.43382,96.88939,544,False,unit fuzzy loss,success_build,True,True,aa62853a494a59a3b49a0803a5ed4d4d5e7bd2ca2a7a19f46a2873cb5965e68e,True,True,True,,unknown: historical snapshots lost
404,neighbor,"0,1,2,3,4,5,6,8,9,10,11,12,7,13,14,15,16,17,18,19,20,21,22",ffad045f2ce0045b6dc5dd7cd88c4c37b6808e1b27de516b875671575bfb14e3,ff2d56f52310b21920a60d0b35643557bfc453fa0eed43f5935ee1de60d85933,96.213234,96.86999,544,False,unit fuzzy loss,success_build,True,True,aa62853a494a59a3b49a0803a5ed4d4d5e7bd2ca2a7a19f46a2873cb5965e68e,True,True,True,,unknown: historical snapshots lost
405,neighbor,"0,1,2,3,4,5,6,8,9,10,11,12,13,7,14,15,16,17,18,19,20,21,22",948f50ac420d3d2c5339282ae53de8e97caa7441f73b39fa0e3035ed6ad5ad0b,75e2a5560165b5786d578635f55fdaabf6b8d9c252d6ff748ad1c89b3a63821b,95.992645,96.850586,544,False,unit fuzzy loss,success_build,True,True,aa62853a494a59a3b49a0803a5ed4d4d5e7bd2ca2a7a19f46a2873cb5965e68e,True,True,True,,unknown: historical snapshots lost
406,neighbor,"0,1,2,3,4,5,6,8,9,10,11,12,13,14,7,15,16,17,18,19,20,21,22",bcbaab11f52594daea732cd9da35105654d2e39db60198ec64260452fe6cb1df,75e2a5560165b5786d578635f55fdaabf6b8d9c252d6ff748ad1c89b3a63821b,95.992645,96.850586,544,False,unit fuzzy loss,success_build,True,True,aa62853a494a59a3b49a0803a5ed4d4d5e7bd2ca2a7a19f46a2873cb5965e68e,True,True,True,,unknown: historical snapshots lost
407,neighbor,"0,1,2,3,4,5,6,8,9,10,11,12,13,14,15,7,16,17,18,19,20,21,22",81993c6938c53aceebb8933c7995bad10fbac03e43cd967199bc140a492cc751,be9381063f502cbf16d870c544bf9981c4534300b899b3867fc2e572d63ca04b,95.77206,96.83118,544,False,unit fuzzy loss,success_build,True,True,aa62853a494a59a3b49a0803a5ed4d4d5e7bd2ca2a7a19f46a2873cb5965e68e,True,True,True,,unknown: historical snapshots lost
408,neighbor,"0,1,2,3,4,5,6,8,9,10,11,12,13,14,15,16,7,17,18,19,20,21,22",ad1677099241a442b1807187262b69337a38b01d8f1f90c4e899d866bc460a81,be9381063f502cbf16d870c544bf9981c4534300b899b3867fc2e572d63ca04b,95.77206,96.83118,544,False,unit fuzzy loss,success_build,True,True,aa62853a494a59a3b49a0803a5ed4d4d5e7bd2ca2a7a19f46a2873cb5965e68e,True,True,True,,unknown: historical snapshots lost
409,neighbor,"0,1,2,3,4,5,6,8,9,10,11,12,13,14,15,16,17,7,18,19,20,21,22",171efd0d4fbdb0db64bf3cfaf7fb4da2f4a121525e2ccc3744c4d456360342ea,8c0562153f572caa13b00e1c39fdcb45d87c2aac7346c305d11c5b5e98bd4e07,95.661766,96.82147,544,False,unit fuzzy loss,success_build,True,True,aa62853a494a59a3b49a0803a5ed4d4d5e7bd2ca2a7a19f46a2873cb5965e68e,True,True,True,,unknown: historical snapshots lost
410,neighbor,"0,1,2,3,4,5,6,8,9,10,11,12,13,14,15,16,17,18,7,19,20,21,22",17467ba48ad41cd44fc69bd25e9dfce6911c16dca11dc632a03f0bae7e75edd4,34a7b0ad3a14890ee69098b9f2c5efdd4a0b0f3c55aa001082ecc342db277166,95.588234,96.81501,544,False,unit fuzzy loss,success_build,True,True,aa62853a494a59a3b49a0803a5ed4d4d5e7bd2ca2a7a19f46a2873cb5965e68e,True,True,True,,unknown: historical snapshots lost
411,neighbor,"0,1,2,3,4,5,6,8,9,10,11,12,13,14,15,16,17,18,19,7,20,21,22",1870edc1042d98802c1d3533afebb7e1d4268fe74515d69651addd5c69f51347,d01888847a36637ed2bbf3b22928e1aed87ed79551cd7f10d30206880d6f5075,95.661766,96.82147,544,False,unit fuzzy loss,success_build,True,True,aa62853a494a59a3b49a0803a5ed4d4d5e7bd2ca2a7a19f46a2873cb5965e68e,True,True,True,,unknown: historical snapshots lost
412,neighbor,"0,1,2,3,4,5,6,8,9,10,11,12,13,14,15,16,17,18,19,20,7,21,22",ba2920ee7dd2ff093d8811b35daf68143e2a47f9da97eed73bd029a5bd0493b8,04ca1d2217fa156c867f58686d4826e9fe8101088c287f91cf62723de5d572f2,95.51471,96.80854,544,False,unit fuzzy loss,success_build,True,True,aa62853a494a59a3b49a0803a5ed4d4d5e7bd2ca2a7a19f46a2873cb5965e68e,True,True,True,,unknown: historical snapshots lost
413,neighbor,"0,1,2,3,4,5,6,8,9,10,11,12,13,14,15,16,17,18,19,20,21,7,22",f260f90943369ee237fcd3b614351173a2783891c248596569a32dc8615c5f01,5bc7359bb6383387bad61f786e4e927fe1f7b23a927478d34962624f34a55d0c,95.40441,96.798836,544,False,unit fuzzy loss,success_build,True,True,aa62853a494a59a3b49a0803a5ed4d4d5e7bd2ca2a7a19f46a2873cb5965e68e,True,True,True,,unknown: historical snapshots lost
414,neighbor,"0,1,2,3,4,5,6,8,9,10,11,12,13,14,15,16,17,18,19,20,21,22,7",451f4c5585e6b2ead41cad8877e35c6f33e2b82f6abacb963eede2fbf12947ed,dceeacccb08b60293b237df41e0d72ca392188dbf4f09653d7c0c8dbfac4aeb4,95.07353,96.76973,544,False,unit fuzzy loss,success_build,True,True,aa62853a494a59a3b49a0803a5ed4d4d5e7bd2ca2a7a19f46a2873cb5965e68e,True,True,True,,unknown: historical snapshots lost
415,neighbor,"8,0,1,2,3,4,5,6,7,9,10,11,12,13,14,15,16,17,18,19,20,21,22",dbd9ff73faba56993c3fb687ea02fc05ff013622e4bd864b3035df0a0ccc03b3,51475e881aff6f866dcda9957d6354f8813406e0343170dc2f51c18cb8031c42,96.507355,96.89586,544,False,unit fuzzy loss,success_build,True,True,aa62853a494a59a3b49a0803a5ed4d4d5e7bd2ca2a7a19f46a2873cb5965e68e,True,True,True,,unknown: historical snapshots lost
416,neighbor,"0,8,1,2,3,4,5,6,7,9,10,11,12,13,14,15,16,17,18,19,20,21,22",546b6afb46933de69d77e30a18c2ec91ad5d881fcaeb248c76d656c182902c11,51475e881aff6f866dcda9957d6354f8813406e0343170dc2f51c18cb8031c42,96.507355,96.89586,544,False,unit fuzzy loss,success_build,True,True,aa62853a494a59a3b49a0803a5ed4d4d5e7bd2ca2a7a19f46a2873cb5965e68e,True,True,True,,unknown: historical snapshots lost
417,neighbor,"0,1,8,2,3,4,5,6,7,9,10,11,12,13,14,15,16,17,18,19,20,21,22",8044695444b4ee4f5ea8cf3ab0b93d655e8dd6cb7364e3de5998bfcd7278c19b,51475e881aff6f866dcda9957d6354f8813406e0343170dc2f51c18cb8031c42,96.507355,96.89586,544,False,unit fuzzy loss,success_build,True,True,aa62853a494a59a3b49a0803a5ed4d4d5e7bd2ca2a7a19f46a2873cb5965e68e,True,True,True,,unknown: historical snapshots lost
418,neighbor,"0,1,2,8,3,4,5,6,7,9,10,11,12,13,14,15,16,17,18,19,20,21,22",b29cd86f36d22fa0248772029a3b23dc2f303d74692b4893561aaa447f243ca7,51475e881aff6f866dcda9957d6354f8813406e0343170dc2f51c18cb8031c42,96.507355,96.89586,544,False,unit fuzzy loss,success_build,True,True,aa62853a494a59a3b49a0803a5ed4d4d5e7bd2ca2a7a19f46a2873cb5965e68e,True,True,True,,unknown: historical snapshots lost
419,neighbor,"0,1,2,3,8,4,5,6,7,9,10,11,12,13,14,15,16,17,18,19,20,21,22",62fcd29da8c373f11d5344d5a3341401f27e13c00bc0ccfb6de1985533709bba,6acd2c1d11c133194e79517af042561b8b43ab9ea238911343bc581d00eee5dd,96.25,96.87322,544,False,unit fuzzy loss,success_build,True,True,aa62853a494a59a3b49a0803a5ed4d4d5e7bd2ca2a7a19f46a2873cb5965e68e,True,True,True,,unknown: historical snapshots lost
420,neighbor,"0,1,2,3,4,8,5,6,7,9,10,11,12,13,14,15,16,17,18,19,20,21,22",48504e0bf7a9233d890e0f0275508feb526992e2c94df1efb2c5c9e104dd938c,6acd2c1d11c133194e79517af042561b8b43ab9ea238911343bc581d00eee5dd,96.25,96.87322,544,False,unit fuzzy loss,success_build,True,True,aa62853a494a59a3b49a0803a5ed4d4d5e7bd2ca2a7a19f46a2873cb5965e68e,True,True,True,,unknown: historical snapshots lost
421,neighbor,"0,1,2,3,4,5,8,6,7,9,10,11,12,13,14,15,16,17,18,19,20,21,22",9f294d775889ac88bb239589c7c34c5a60d175a7cf6715cb178f93a48eac44c9,d4a1d6ce17ec4c7dd83ee016876bd0d1b58dfbe47a992bb0b7a2f8d2ea8aab36,96.43382,96.88939,544,False,unit fuzzy loss,success_build,True,True,aa62853a494a59a3b49a0803a5ed4d4d5e7bd2ca2a7a19f46a2873cb5965e68e,True,True,True,,unknown: historical snapshots lost
422,neighbor,"0,1,2,3,4,5,6,7,9,10,8,11,12,13,14,15,16,17,18,19,20,21,22",a2661eba86c85b7b1c8f7f10726f3fb56552488cb09f5298b2d028dbf3906971,b8d1bdc306c9c60b9786f96913716812ae9721bb95753969821df5fa7f3d3a7c,96.76471,96.9185,544,True,,success_build,True,True,aa62853a494a59a3b49a0803a5ed4d4d5e7bd2ca2a7a19f46a2873cb5965e68e,True,True,True,,unknown: historical snapshots lost
423,neighbor,"0,1,2,3,4,5,6,7,9,10,11,8,12,13,14,15,16,17,18,19,20,21,22",6c644f08dc3f0f960a3532c8c2ea4119c309e230f2614ab841b18198ff91f7c8,b1a45c6685b3df877f1ab5c326020b2e715e86390029c3b509265172f11f3f49,96.43382,96.88939,544,False,unit fuzzy loss,success_build,True,True,aa62853a494a59a3b49a0803a5ed4d4d5e7bd2ca2a7a19f46a2873cb5965e68e,True,True,True,,unknown: historical snapshots lost
424,neighbor,"0,1,2,3,4,5,6,7,9,10,11,12,8,13,14,15,16,17,18,19,20,21,22",c6a28e94b64d6c8932305996cbcaf5b4476766b3c89a51ff5bab5d465d884413,b6842832e9a8510dfb2d62c94fe95417379a0b8a337f91f573406cf9f03b94f0,96.213234,96.86999,544,False,unit fuzzy loss,success_build,True,True,aa62853a494a59a3b49a0803a5ed4d4d5e7bd2ca2a7a19f46a2873cb5965e68e,True,True,True,,unknown: historical snapshots lost
425,neighbor,"0,1,2,3,4,5,6,7,9,10,11,12,13,8,14,15,16,17,18,19,20,21,22",c8205d9a8641f6cc8b4f0c78cc5a8acfae57c6fdd1a930086236c74e7c8cce41,6c286aed00519b0b0fb7e8dcd63bc1157aac5c40c143384f7e7513691f1c1ba3,95.992645,96.850586,544,False,unit fuzzy loss,success_build,True,True,aa62853a494a59a3b49a0803a5ed4d4d5e7bd2ca2a7a19f46a2873cb5965e68e,True,True,True,,unknown: historical snapshots lost
426,neighbor,"0,1,2,3,4,5,6,7,9,10,11,12,13,14,8,15,16,17,18,19,20,21,22",ef5647a5c45c5b6c460cf6cc4b8f14826f7ac37dc5fd727886bb811e375b0e0c,6c286aed00519b0b0fb7e8dcd63bc1157aac5c40c143384f7e7513691f1c1ba3,95.992645,96.850586,544,False,unit fuzzy loss,success_build,True,True,aa62853a494a59a3b49a0803a5ed4d4d5e7bd2ca2a7a19f46a2873cb5965e68e,True,True,True,,unknown: historical snapshots lost
427,neighbor,"0,1,2,3,4,5,6,7,9,10,11,12,13,14,15,8,16,17,18,19,20,21,22",38e7f81d5400dc8b0cbb541f8813d43b7901280962a4db55cb93812f55526835,77db0981caca3239d82193d8854ad74e48f7e98e4e3423aee7794fb176a6addf,95.77206,96.83118,544,False,unit fuzzy loss,success_build,True,True,aa62853a494a59a3b49a0803a5ed4d4d5e7bd2ca2a7a19f46a2873cb5965e68e,True,True,True,,unknown: historical snapshots lost
428,neighbor,"0,1,2,3,4,5,6,7,9,10,11,12,13,14,15,16,8,17,18,19,20,21,22",2b3264419b05caddb47b365958c1d0ed728f00db59932aefddf1c37c95f966de,77db0981caca3239d82193d8854ad74e48f7e98e4e3423aee7794fb176a6addf,95.77206,96.83118,544,False,unit fuzzy loss,success_build,True,True,aa62853a494a59a3b49a0803a5ed4d4d5e7bd2ca2a7a19f46a2873cb5965e68e,True,True,True,,unknown: historical snapshots lost
429,neighbor,"0,1,2,3,4,5,6,7,9,10,11,12,13,14,15,16,17,8,18,19,20,21,22",cbc97e24f2ed3bb99905fcab4f1807fb924f8d60ebfa2711a15c2b819342b668,4e861809297a3ee0b5b7e7e00767995f6a77f2bb7682744f0c3e932ded89e459,95.661766,96.82147,544,False,unit fuzzy loss,success_build,True,True,aa62853a494a59a3b49a0803a5ed4d4d5e7bd2ca2a7a19f46a2873cb5965e68e,True,True,True,,unknown: historical snapshots lost
430,neighbor,"0,1,2,3,4,5,6,7,9,10,11,12,13,14,15,16,17,18,8,19,20,21,22",f88610170e501f754446450cf3fd3ea1c30cc03681017d41a5e0c07152c04996,56af6329e88abf38e287da5288a8f77873c0bbbba21cbf11559c7bce1db7b25f,95.588234,96.81501,544,False,unit fuzzy loss,success_build,True,True,aa62853a494a59a3b49a0803a5ed4d4d5e7bd2ca2a7a19f46a2873cb5965e68e,True,True,True,,unknown: historical snapshots lost
431,neighbor,"0,1,2,3,4,5,6,7,9,10,11,12,13,14,15,16,17,18,19,8,20,21,22",63db5922f1c74253892428f7603931d00ed5f8c4083e2d246a5ceddaa8aff608,243640c9b6bd617e49e574b28ee0436150a8baaa8da5ace5dc023d8003fb9b91,95.588234,96.81501,544,False,unit fuzzy loss,success_build,True,True,aa62853a494a59a3b49a0803a5ed4d4d5e7bd2ca2a7a19f46a2873cb5965e68e,True,True,True,,unknown: historical snapshots lost
432,neighbor,"0,1,2,3,4,5,6,7,9,10,11,12,13,14,15,16,17,18,19,20,8,21,22",65d1ac478a4c3c4c2a77fd01e7f53149df22cc389a8767fc4018f93e91174871,93de4f90a559a269ce05b67b57ed9003f1857f16296fcb047d956e5c4d418817,95.51471,96.80854,544,False,unit fuzzy loss,success_build,True,True,aa62853a494a59a3b49a0803a5ed4d4d5e7bd2ca2a7a19f46a2873cb5965e68e,True,True,True,,unknown: historical snapshots lost
433,neighbor,"0,1,2,3,4,5,6,7,9,10,11,12,13,14,15,16,17,18,19,20,21,8,22",10e1bf2e45c2ea251197899c11c7a92a05d1690e12fdf5498c16fc47efa2871b,fadccc6ad7f0550c2cc40349e07f9762c6d828c4edac43cbb45d3bade15f4f53,95.40441,96.798836,544,False,unit fuzzy loss,success_build,True,True,aa62853a494a59a3b49a0803a5ed4d4d5e7bd2ca2a7a19f46a2873cb5965e68e,True,True,True,,unknown: historical snapshots lost
434,neighbor,"0,1,2,3,4,5,6,7,9,10,11,12,13,14,15,16,17,18,19,20,21,22,8",2d129d0d0ff955adfec0b7b0980a3a7a8c286f8d52e91d990477c8c5af993707,cce786928e50373dc83dba319a3b47f8ac51248bc56ce92e5b2e53e197800c15,95.07353,96.76973,544,False,unit fuzzy loss,success_build,True,True,aa62853a494a59a3b49a0803a5ed4d4d5e7bd2ca2a7a19f46a2873cb5965e68e,True,True,True,,unknown: historical snapshots lost
435,neighbor,"9,0,1,2,3,4,5,6,7,8,10,11,12,13,14,15,16,17,18,19,20,21,22",567f7a3caca690a0d23aab1d8c3b4307d6f952aa949b50b1e04d2a35c12881d4,b8d1bdc306c9c60b9786f96913716812ae9721bb95753969821df5fa7f3d3a7c,96.76471,96.9185,544,True,,success_build,True,True,aa62853a494a59a3b49a0803a5ed4d4d5e7bd2ca2a7a19f46a2873cb5965e68e,True,True,True,,unknown: historical snapshots lost
436,neighbor,"0,9,1,2,3,4,5,6,7,8,10,11,12,13,14,15,16,17,18,19,20,21,22",2156f75be3cc7c8bfed70e069f6842041686664ddb92edf2352038f4dc98d06c,b8d1bdc306c9c60b9786f96913716812ae9721bb95753969821df5fa7f3d3a7c,96.76471,96.9185,544,True,,success_build,True,True,aa62853a494a59a3b49a0803a5ed4d4d5e7bd2ca2a7a19f46a2873cb5965e68e,True,True,True,,unknown: historical snapshots lost
437,neighbor,"0,1,9,2,3,4,5,6,7,8,10,11,12,13,14,15,16,17,18,19,20,21,22",933e3b14332062c381c4db77e3c9f13475d4c396e05ef8cf86093b818f544216,b8d1bdc306c9c60b9786f96913716812ae9721bb95753969821df5fa7f3d3a7c,96.76471,96.9185,544,True,,success_build,True,True,aa62853a494a59a3b49a0803a5ed4d4d5e7bd2ca2a7a19f46a2873cb5965e68e,True,True,True,,unknown: historical snapshots lost
438,neighbor,"0,1,2,9,3,4,5,6,7,8,10,11,12,13,14,15,16,17,18,19,20,21,22",0f62fa4762d53fdb9ee223e6cad440415a72e90160401501ba6af73165c46176,b8d1bdc306c9c60b9786f96913716812ae9721bb95753969821df5fa7f3d3a7c,96.76471,96.9185,544,True,,success_build,True,True,aa62853a494a59a3b49a0803a5ed4d4d5e7bd2ca2a7a19f46a2873cb5965e68e,True,True,True,,unknown: historical snapshots lost
439,neighbor,"0,1,2,3,9,4,5,6,7,8,10,11,12,13,14,15,16,17,18,19,20,21,22",7c316958e5b4b4544fb2d1300d2889ed43f6f16256a3525522c1166bde8a8a66,b8d1bdc306c9c60b9786f96913716812ae9721bb95753969821df5fa7f3d3a7c,96.76471,96.9185,544,True,,success_build,True,True,aa62853a494a59a3b49a0803a5ed4d4d5e7bd2ca2a7a19f46a2873cb5965e68e,True,True,True,,unknown: historical snapshots lost
440,neighbor,"0,1,2,3,4,9,5,6,7,8,10,11,12,13,14,15,16,17,18,19,20,21,22",957ed68e88ceaec6d7625253e556c7153ceb98da88212de018bb5ffe36c80f8e,b8d1bdc306c9c60b9786f96913716812ae9721bb95753969821df5fa7f3d3a7c,96.76471,96.9185,544,True,,success_build,True,True,aa62853a494a59a3b49a0803a5ed4d4d5e7bd2ca2a7a19f46a2873cb5965e68e,True,True,True,,unknown: historical snapshots lost
441,neighbor,"0,1,2,3,4,5,9,6,7,8,10,11,12,13,14,15,16,17,18,19,20,21,22",d60394964406f05c09ed18bf1bd9d979c5bc81db6505cc8506dbf2eb94958344,b8d1bdc306c9c60b9786f96913716812ae9721bb95753969821df5fa7f3d3a7c,96.76471,96.9185,544,True,,success_build,True,True,aa62853a494a59a3b49a0803a5ed4d4d5e7bd2ca2a7a19f46a2873cb5965e68e,True,True,True,,unknown: historical snapshots lost
442,neighbor,"0,1,2,3,4,5,6,9,7,8,10,11,12,13,14,15,16,17,18,19,20,21,22",51e61182e23a49ff1694477bdd5d1f707f4de010859441014b82306cb1262374,b8d1bdc306c9c60b9786f96913716812ae9721bb95753969821df5fa7f3d3a7c,96.76471,96.9185,544,True,,success_build,True,True,aa62853a494a59a3b49a0803a5ed4d4d5e7bd2ca2a7a19f46a2873cb5965e68e,True,True,True,,unknown: historical snapshots lost
443,neighbor,"0,1,2,3,4,5,6,7,8,10,11,9,12,13,14,15,16,17,18,19,20,21,22",d340cb04f2cdfbdd20efca8fe143ab1af248f7f0e906e2804aa6d645a8069abc,b8d1bdc306c9c60b9786f96913716812ae9721bb95753969821df5fa7f3d3a7c,96.76471,96.9185,544,True,,success_build,True,True,aa62853a494a59a3b49a0803a5ed4d4d5e7bd2ca2a7a19f46a2873cb5965e68e,True,True,True,,unknown: historical snapshots lost
444,neighbor,"0,1,2,3,4,5,6,7,8,10,11,12,9,13,14,15,16,17,18,19,20,21,22",032d8e2627cde922059217be95e5b0b790845a7431d3837652ff013c4f127b00,b8d1bdc306c9c60b9786f96913716812ae9721bb95753969821df5fa7f3d3a7c,96.76471,96.9185,544,True,,success_build,True,True,aa62853a494a59a3b49a0803a5ed4d4d5e7bd2ca2a7a19f46a2873cb5965e68e,True,True,True,,unknown: historical snapshots lost
445,neighbor,"0,1,2,3,4,5,6,7,8,10,11,12,13,9,14,15,16,17,18,19,20,21,22",a1601710a597ac28d54d669d5ead9126fda99e7d011bc64cf1be039f1a3287c6,b8d1bdc306c9c60b9786f96913716812ae9721bb95753969821df5fa7f3d3a7c,96.76471,96.9185,544,True,,success_build,True,True,aa62853a494a59a3b49a0803a5ed4d4d5e7bd2ca2a7a19f46a2873cb5965e68e,True,True,True,,unknown: historical snapshots lost
446,neighbor,"0,1,2,3,4,5,6,7,8,10,11,12,13,14,9,15,16,17,18,19,20,21,22",dae24755f595291c62ba1f251307deb0b29c3dfbea100e41f6b6b550da6a2583,b8d1bdc306c9c60b9786f96913716812ae9721bb95753969821df5fa7f3d3a7c,96.76471,96.9185,544,True,,success_build,True,True,aa62853a494a59a3b49a0803a5ed4d4d5e7bd2ca2a7a19f46a2873cb5965e68e,True,True,True,,unknown: historical snapshots lost
447,neighbor,"0,1,2,3,4,5,6,7,8,10,11,12,13,14,15,9,16,17,18,19,20,21,22",dc062c60583cfc991cac8613992f04332ba66cc3e4d1ad748804cc1dd5166198,b8d1bdc306c9c60b9786f96913716812ae9721bb95753969821df5fa7f3d3a7c,96.76471,96.9185,544,True,,success_build,True,True,aa62853a494a59a3b49a0803a5ed4d4d5e7bd2ca2a7a19f46a2873cb5965e68e,True,True,True,,unknown: historical snapshots lost
448,neighbor,"0,1,2,3,4,5,6,7,8,10,11,12,13,14,15,16,9,17,18,19,20,21,22",36036eed69bc8ee6f61b745599e4542e30a47ecfab760d2e8eead593728c2dee,b8d1bdc306c9c60b9786f96913716812ae9721bb95753969821df5fa7f3d3a7c,96.76471,96.9185,544,True,,success_build,True,True,aa62853a494a59a3b49a0803a5ed4d4d5e7bd2ca2a7a19f46a2873cb5965e68e,True,True,True,,unknown: historical snapshots lost
449,neighbor,"0,1,2,3,4,5,6,7,8,10,11,12,13,14,15,16,17,9,18,19,20,21,22",df3057ec235ac8eee59cb38abfcfce0fd82691b6c6cef4a93606cdc9bd89f2d0,b8d1bdc306c9c60b9786f96913716812ae9721bb95753969821df5fa7f3d3a7c,96.76471,96.9185,544,True,,success_build,True,True,aa62853a494a59a3b49a0803a5ed4d4d5e7bd2ca2a7a19f46a2873cb5965e68e,True,True,True,,unknown: historical snapshots lost
450,neighbor,"0,1,2,3,4,5,6,7,8,10,11,12,13,14,15,16,17,18,9,19,20,21,22",6679d93ec61c8975e6387041aa242323a84b5d469d90c7708bce49e100239f27,b8d1bdc306c9c60b9786f96913716812ae9721bb95753969821df5fa7f3d3a7c,96.76471,96.9185,544,True,,success_build,True,True,aa62853a494a59a3b49a0803a5ed4d4d5e7bd2ca2a7a19f46a2873cb5965e68e,True,True,True,,unknown: historical snapshots lost
451,neighbor,"0,1,2,3,4,5,6,7,8,10,11,12,13,14,15,16,17,18,19,9,20,21,22",a627454779a0ff193e6d9fa095e76d333f4962554ad2f7217c022bb2ce492415,b8d1bdc306c9c60b9786f96913716812ae9721bb95753969821df5fa7f3d3a7c,96.76471,96.9185,544,True,,success_build,True,True,aa62853a494a59a3b49a0803a5ed4d4d5e7bd2ca2a7a19f46a2873cb5965e68e,True,True,True,,unknown: historical snapshots lost
452,neighbor,"0,1,2,3,4,5,6,7,8,10,11,12,13,14,15,16,17,18,19,20,9,21,22",b7d356cf5857ed8611f44737b96425fec7883ccea6f8c7ca5d587efa2ed4bed2,b8d1bdc306c9c60b9786f96913716812ae9721bb95753969821df5fa7f3d3a7c,96.76471,96.9185,544,True,,success_build,True,True,aa62853a494a59a3b49a0803a5ed4d4d5e7bd2ca2a7a19f46a2873cb5965e68e,True,True,True,,unknown: historical snapshots lost
453,neighbor,"0,1,2,3,4,5,6,7,8,10,11,12,13,14,15,16,17,18,19,20,21,9,22",cbf6646e666a941260a1f890af01c52f4e2c7f20e684f3ba4fd56b6b4a39c198,b8d1bdc306c9c60b9786f96913716812ae9721bb95753969821df5fa7f3d3a7c,96.76471,96.9185,544,True,,success_build,True,True,aa62853a494a59a3b49a0803a5ed4d4d5e7bd2ca2a7a19f46a2873cb5965e68e,True,True,True,,unknown: historical snapshots lost
454,neighbor,"0,1,2,3,4,5,6,7,8,10,11,12,13,14,15,16,17,18,19,20,21,22,9",24926bc58848ad1cdf601b62a3780dc5ef3b6d0eb7dbebef7aa263b2d0ea3497,b8d1bdc306c9c60b9786f96913716812ae9721bb95753969821df5fa7f3d3a7c,96.76471,96.9185,544,True,,success_build,True,True,aa62853a494a59a3b49a0803a5ed4d4d5e7bd2ca2a7a19f46a2873cb5965e68e,True,True,True,,unknown: historical snapshots lost
455,neighbor,"10,0,1,2,3,4,5,6,7,8,9,11,12,13,14,15,16,17,18,19,20,21,22",2422ca77e5190fe6573920b715f6afce1601f2f3833682ee51ac8ef44b6645b5,b8d1bdc306c9c60b9786f96913716812ae9721bb95753969821df5fa7f3d3a7c,96.76471,96.9185,544,True,,success_build,True,True,aa62853a494a59a3b49a0803a5ed4d4d5e7bd2ca2a7a19f46a2873cb5965e68e,True,True,True,,unknown: historical snapshots lost
456,neighbor,"0,10,1,2,3,4,5,6,7,8,9,11,12,13,14,15,16,17,18,19,20,21,22",d637428bd476945c5aa330d22be9d6609d4e2627e9247b3073e51d0dece2dac8,b8d1bdc306c9c60b9786f96913716812ae9721bb95753969821df5fa7f3d3a7c,96.76471,96.9185,544,True,,success_build,True,True,aa62853a494a59a3b49a0803a5ed4d4d5e7bd2ca2a7a19f46a2873cb5965e68e,True,True,True,,unknown: historical snapshots lost
457,neighbor,"0,1,10,2,3,4,5,6,7,8,9,11,12,13,14,15,16,17,18,19,20,21,22",505d681e691eda14632a76a27eec4d5015762c51a733eedd9559bcb0c2448404,b8d1bdc306c9c60b9786f96913716812ae9721bb95753969821df5fa7f3d3a7c,96.76471,96.9185,544,True,,success_build,True,True,aa62853a494a59a3b49a0803a5ed4d4d5e7bd2ca2a7a19f46a2873cb5965e68e,True,True,True,,unknown: historical snapshots lost
458,neighbor,"0,1,2,10,3,4,5,6,7,8,9,11,12,13,14,15,16,17,18,19,20,21,22",f3aad70afffb50f936ae920f3c3de82c0142da76e45d12bddea31f1cc9167890,b8d1bdc306c9c60b9786f96913716812ae9721bb95753969821df5fa7f3d3a7c,96.76471,96.9185,544,True,,success_build,True,True,aa62853a494a59a3b49a0803a5ed4d4d5e7bd2ca2a7a19f46a2873cb5965e68e,True,True,True,,unknown: historical snapshots lost
459,neighbor,"0,1,2,3,10,4,5,6,7,8,9,11,12,13,14,15,16,17,18,19,20,21,22",fe4c92627e56c7367970dc18e56629783c64a884a1e55a0e5f5c691f7c66b966,b8d1bdc306c9c60b9786f96913716812ae9721bb95753969821df5fa7f3d3a7c,96.76471,96.9185,544,True,,success_build,True,True,aa62853a494a59a3b49a0803a5ed4d4d5e7bd2ca2a7a19f46a2873cb5965e68e,True,True,True,,unknown: historical snapshots lost
460,neighbor,"0,1,2,3,4,10,5,6,7,8,9,11,12,13,14,15,16,17,18,19,20,21,22",53b277635cb90630c1fd2fba98748cea1e15808aa1782ee12b52801c35fc2b9c,b8d1bdc306c9c60b9786f96913716812ae9721bb95753969821df5fa7f3d3a7c,96.76471,96.9185,544,True,,success_build,True,True,aa62853a494a59a3b49a0803a5ed4d4d5e7bd2ca2a7a19f46a2873cb5965e68e,True,True,True,,unknown: historical snapshots lost
461,neighbor,"0,1,2,3,4,5,10,6,7,8,9,11,12,13,14,15,16,17,18,19,20,21,22",c2b19e187f40e92a540a064da80b4f8b061f55d71113ef249e67609021da97ee,b8d1bdc306c9c60b9786f96913716812ae9721bb95753969821df5fa7f3d3a7c,96.76471,96.9185,544,True,,success_build,True,True,aa62853a494a59a3b49a0803a5ed4d4d5e7bd2ca2a7a19f46a2873cb5965e68e,True,True,True,,unknown: historical snapshots lost
462,neighbor,"0,1,2,3,4,5,6,10,7,8,9,11,12,13,14,15,16,17,18,19,20,21,22",5b75b533ea8f93bde055d12212fe7e0d2b1e620fec89acd15d59cd59b2e22449,b8d1bdc306c9c60b9786f96913716812ae9721bb95753969821df5fa7f3d3a7c,96.76471,96.9185,544,True,,success_build,True,True,aa62853a494a59a3b49a0803a5ed4d4d5e7bd2ca2a7a19f46a2873cb5965e68e,True,True,True,,unknown: historical snapshots lost
463,neighbor,"0,1,2,3,4,5,6,7,10,8,9,11,12,13,14,15,16,17,18,19,20,21,22",af7267f12631d5a98c4b8dac29f29c73071dc21cadf8928c64667b8c90d6650e,b8d1bdc306c9c60b9786f96913716812ae9721bb95753969821df5fa7f3d3a7c,96.76471,96.9185,544,True,,success_build,True,True,aa62853a494a59a3b49a0803a5ed4d4d5e7bd2ca2a7a19f46a2873cb5965e68e,True,True,True,,unknown: historical snapshots lost
464,neighbor,"0,1,2,3,4,5,6,7,8,9,11,12,10,13,14,15,16,17,18,19,20,21,22",9ae558adc7c769ba211e9bb681799a50139e5e8a72bdcb952a39aa989fa64dfa,b8d1bdc306c9c60b9786f96913716812ae9721bb95753969821df5fa7f3d3a7c,96.76471,96.9185,544,True,,success_build,True,True,aa62853a494a59a3b49a0803a5ed4d4d5e7bd2ca2a7a19f46a2873cb5965e68e,True,True,True,,unknown: historical snapshots lost
465,neighbor,"0,1,2,3,4,5,6,7,8,9,11,12,13,10,14,15,16,17,18,19,20,21,22",446f350d028db1c4c358529886194bb2f5b8e72a29f30489f6e86663408d46e2,b8d1bdc306c9c60b9786f96913716812ae9721bb95753969821df5fa7f3d3a7c,96.76471,96.9185,544,True,,success_build,True,True,aa62853a494a59a3b49a0803a5ed4d4d5e7bd2ca2a7a19f46a2873cb5965e68e,True,True,True,,unknown: historical snapshots lost
466,neighbor,"0,1,2,3,4,5,6,7,8,9,11,12,13,14,10,15,16,17,18,19,20,21,22",710b9702622950153e469a07163988c1cd0333808a0a655b343ac496f06bb73f,b8d1bdc306c9c60b9786f96913716812ae9721bb95753969821df5fa7f3d3a7c,96.76471,96.9185,544,True,,success_build,True,True,aa62853a494a59a3b49a0803a5ed4d4d5e7bd2ca2a7a19f46a2873cb5965e68e,True,True,True,,unknown: historical snapshots lost
467,neighbor,"0,1,2,3,4,5,6,7,8,9,11,12,13,14,15,10,16,17,18,19,20,21,22",29988fc9a3d76f5bc36f3c616f273528933bd58f930ceb89ffda960d385a8b2a,b8d1bdc306c9c60b9786f96913716812ae9721bb95753969821df5fa7f3d3a7c,96.76471,96.9185,544,True,,success_build,True,True,aa62853a494a59a3b49a0803a5ed4d4d5e7bd2ca2a7a19f46a2873cb5965e68e,True,True,True,,unknown: historical snapshots lost
468,neighbor,"0,1,2,3,4,5,6,7,8,9,11,12,13,14,15,16,10,17,18,19,20,21,22",196e49bca158a4e31aef3888c23fc9a03bc23adacba729bc779e5cda038d517f,b8d1bdc306c9c60b9786f96913716812ae9721bb95753969821df5fa7f3d3a7c,96.76471,96.9185,544,True,,success_build,True,True,aa62853a494a59a3b49a0803a5ed4d4d5e7bd2ca2a7a19f46a2873cb5965e68e,True,True,True,,unknown: historical snapshots lost
469,neighbor,"0,1,2,3,4,5,6,7,8,9,11,12,13,14,15,16,17,10,18,19,20,21,22",b863e12bce66489ea0bdc68febd4cab6bb9ed123cfb2bf92f4a1cb25fbb32950,b8d1bdc306c9c60b9786f96913716812ae9721bb95753969821df5fa7f3d3a7c,96.76471,96.9185,544,True,,success_build,True,True,aa62853a494a59a3b49a0803a5ed4d4d5e7bd2ca2a7a19f46a2873cb5965e68e,True,True,True,,unknown: historical snapshots lost
470,neighbor,"0,1,2,3,4,5,6,7,8,9,11,12,13,14,15,16,17,18,10,19,20,21,22",9083cfd2808ca6a787e8456b77af63be727e41a4a5b7b6b04072c40942d40398,b8d1bdc306c9c60b9786f96913716812ae9721bb95753969821df5fa7f3d3a7c,96.76471,96.9185,544,True,,success_build,True,True,aa62853a494a59a3b49a0803a5ed4d4d5e7bd2ca2a7a19f46a2873cb5965e68e,True,True,True,,unknown: historical snapshots lost
471,neighbor,"0,1,2,3,4,5,6,7,8,9,11,12,13,14,15,16,17,18,19,10,20,21,22",78aaef79207400b5acc2dfb05c434da1ed6d5911f04af980a4036cea4d8a9aaf,b8d1bdc306c9c60b9786f96913716812ae9721bb95753969821df5fa7f3d3a7c,96.76471,96.9185,544,True,,success_build,True,True,aa62853a494a59a3b49a0803a5ed4d4d5e7bd2ca2a7a19f46a2873cb5965e68e,True,True,True,,unknown: historical snapshots lost
472,neighbor,"0,1,2,3,4,5,6,7,8,9,11,12,13,14,15,16,17,18,19,20,10,21,22",673e4cf68d171dcac8c4203d3b9f0794ee2feeb7e3f99bcbb52c8482e06f7b32,b8d1bdc306c9c60b9786f96913716812ae9721bb95753969821df5fa7f3d3a7c,96.76471,96.9185,544,True,,success_build,True,True,aa62853a494a59a3b49a0803a5ed4d4d5e7bd2ca2a7a19f46a2873cb5965e68e,True,True,True,,unknown: historical snapshots lost
473,neighbor,"0,1,2,3,4,5,6,7,8,9,11,12,13,14,15,16,17,18,19,20,21,10,22",1cd83e27ad6b3edd666c576543bc24c2a8cce354a1f371df558d83943b11487b,b8d1bdc306c9c60b9786f96913716812ae9721bb95753969821df5fa7f3d3a7c,96.76471,96.9185,544,True,,success_build,True,True,aa62853a494a59a3b49a0803a5ed4d4d5e7bd2ca2a7a19f46a2873cb5965e68e,True,True,True,,unknown: historical snapshots lost
474,neighbor,"0,1,2,3,4,5,6,7,8,9,11,12,13,14,15,16,17,18,19,20,21,22,10",4e71360b2674a07fbeea2b8e140d4a1f0f19eed28799accb89e22c701677c35a,b8d1bdc306c9c60b9786f96913716812ae9721bb95753969821df5fa7f3d3a7c,96.76471,96.9185,544,True,,success_build,True,True,aa62853a494a59a3b49a0803a5ed4d4d5e7bd2ca2a7a19f46a2873cb5965e68e,True,True,True,,unknown: historical snapshots lost
475,neighbor,"11,0,1,2,3,4,5,6,7,8,9,10,12,13,14,15,16,17,18,19,20,21,22",22a7397ab016167437be1a4f7a61c5ff69fc72b8f5ee8398e61f3c6cf9471c68,62aed053ceff76f5643dbf9d2a07075911dc1dffc43c22f3b58df60d72c87541,95.73529,96.82794,544,False,unit fuzzy loss,success_build,True,True,aa62853a494a59a3b49a0803a5ed4d4d5e7bd2ca2a7a19f46a2873cb5965e68e,True,True,True,,unknown: historical snapshots lost
476,neighbor,"0,11,1,2,3,4,5,6,7,8,9,10,12,13,14,15,16,17,18,19,20,21,22",51c4a7b741d0fd8950f1672e7440e8a3b8862dcac7a0c2d2f08683f2d6a9aace,62aed053ceff76f5643dbf9d2a07075911dc1dffc43c22f3b58df60d72c87541,95.73529,96.82794,544,False,unit fuzzy loss,success_build,True,True,aa62853a494a59a3b49a0803a5ed4d4d5e7bd2ca2a7a19f46a2873cb5965e68e,True,True,True,,unknown: historical snapshots lost
477,neighbor,"0,1,11,2,3,4,5,6,7,8,9,10,12,13,14,15,16,17,18,19,20,21,22",fd453b40803664734e7762f8859e0ab5590d9a77799d26b8772d3f1bae3ebcb8,62aed053ceff76f5643dbf9d2a07075911dc1dffc43c22f3b58df60d72c87541,95.73529,96.82794,544,False,unit fuzzy loss,success_build,True,True,aa62853a494a59a3b49a0803a5ed4d4d5e7bd2ca2a7a19f46a2873cb5965e68e,True,True,True,,unknown: historical snapshots lost
478,neighbor,"0,1,2,11,3,4,5,6,7,8,9,10,12,13,14,15,16,17,18,19,20,21,22",34fa0c579712beb1c19942a80c1c8781d27b784141a8272b75f8f68502e72d9b,62aed053ceff76f5643dbf9d2a07075911dc1dffc43c22f3b58df60d72c87541,95.73529,96.82794,544,False,unit fuzzy loss,success_build,True,True,aa62853a494a59a3b49a0803a5ed4d4d5e7bd2ca2a7a19f46a2873cb5965e68e,True,True,True,,unknown: historical snapshots lost
479,neighbor,"0,1,2,3,11,4,5,6,7,8,9,10,12,13,14,15,16,17,18,19,20,21,22",668d21144754d0fe94fe03a12de5b7e908c66be7e371285fa6dbe35e849b9acf,99649db88e0bbbe6179ca41abb65ad13922439ee22c4261a8c3329e0d0330c90,95.992645,96.850586,544,False,unit fuzzy loss,success_build,True,True,aa62853a494a59a3b49a0803a5ed4d4d5e7bd2ca2a7a19f46a2873cb5965e68e,True,True,True,,unknown: historical snapshots lost
480,neighbor,"0,1,2,3,4,11,5,6,7,8,9,10,12,13,14,15,16,17,18,19,20,21,22",618728c755ace2916ec1ebc22a9f6d759b90727539eb520811cb67d00e0fc7e9,99649db88e0bbbe6179ca41abb65ad13922439ee22c4261a8c3329e0d0330c90,95.992645,96.850586,544,False,unit fuzzy loss,success_build,True,True,aa62853a494a59a3b49a0803a5ed4d4d5e7bd2ca2a7a19f46a2873cb5965e68e,True,True,True,,unknown: historical snapshots lost
481,neighbor,"0,1,2,3,4,5,11,6,7,8,9,10,12,13,14,15,16,17,18,19,20,21,22",bc6d623866b64693638ef47145246f43923c7999aeba5eef5b5c5c2d5ae315d8,cbf0510a43a342d0806985dc962ac5d468c8f2166c9463c20108c6253b5f4053,96.17647,96.86675,544,False,unit fuzzy loss,success_build,True,True,aa62853a494a59a3b49a0803a5ed4d4d5e7bd2ca2a7a19f46a2873cb5965e68e,True,True,True,,unknown: historical snapshots lost
482,neighbor,"0,1,2,3,4,5,6,11,7,8,9,10,12,13,14,15,16,17,18,19,20,21,22",d55debc6c20f02daa5d2bd2518e6272fd979ee4ac6901554add3ca622e581424,f7150b427a805cbc2b1c40a4b61d1c8fba40544e4bf9d048b9b0cc7ff7f6be2c,96.286766,96.87646,544,False,unit fuzzy loss,success_build,True,True,aa62853a494a59a3b49a0803a5ed4d4d5e7bd2ca2a7a19f46a2873cb5965e68e,True,True,True,,unknown: historical snapshots lost
483,neighbor,"0,1,2,3,4,5,6,7,11,8,9,10,12,13,14,15,16,17,18,19,20,21,22",39a4f355d046c1510a47745c710948324187c7141fff73fd6b99203ed8b28268,b1a45c6685b3df877f1ab5c326020b2e715e86390029c3b509265172f11f3f49,96.43382,96.88939,544,False,unit fuzzy loss,success_build,True,True,aa62853a494a59a3b49a0803a5ed4d4d5e7bd2ca2a7a19f46a2873cb5965e68e,True,True,True,,unknown: historical snapshots lost
484,neighbor,"0,1,2,3,4,5,6,7,8,11,9,10,12,13,14,15,16,17,18,19,20,21,22",855d0d092dec3498d93e9c3244e45ec77182f7b41aaac3b748dabfc54df5bfcd,b8d1bdc306c9c60b9786f96913716812ae9721bb95753969821df5fa7f3d3a7c,96.76471,96.9185,544,True,,success_build,True,True,aa62853a494a59a3b49a0803a5ed4d4d5e7bd2ca2a7a19f46a2873cb5965e68e,True,True,True,,unknown: historical snapshots lost
485,neighbor,"0,1,2,3,4,5,6,7,8,9,10,12,13,11,14,15,16,17,18,19,20,21,22",60ec89104d6cb6a144b7b61ded37b6ce9d32f04e110715b2872d090891e5845c,8497c67c8e6bad0515c43a1be5c05bc997feabf54ca12e0bb51d9a6cb8db82a9,96.088234,96.85899,544,False,unit fuzzy loss,success_build,True,True,aa62853a494a59a3b49a0803a5ed4d4d5e7bd2ca2a7a19f46a2873cb5965e68e,True,True,True,,unknown: historical snapshots lost
486,neighbor,"0,1,2,3,4,5,6,7,8,9,10,12,13,14,11,15,16,17,18,19,20,21,22",1cccd27802715b6e63cc7b7548857068c1260eb2ebb02e70f2501bacf89ace0d,8497c67c8e6bad0515c43a1be5c05bc997feabf54ca12e0bb51d9a6cb8db82a9,96.088234,96.85899,544,False,unit fuzzy loss,success_build,True,True,aa62853a494a59a3b49a0803a5ed4d4d5e7bd2ca2a7a19f46a2873cb5965e68e,True,True,True,,unknown: historical snapshots lost
487,neighbor,"0,1,2,3,4,5,6,7,8,9,10,12,13,14,15,11,16,17,18,19,20,21,22",0cb69dc52a45f62e737b2913bff7ff307e4f92f11b507a7024f9640724561bd4,4f6563035c8619d81459028aaf9fec67ce13e2fb9967ef65c9ced2f5cb0ade81,95.867645,96.839584,544,False,unit fuzzy loss,success_build,True,True,aa62853a494a59a3b49a0803a5ed4d4d5e7bd2ca2a7a19f46a2873cb5965e68e,True,True,True,,unknown: historical snapshots lost
488,neighbor,"0,1,2,3,4,5,6,7,8,9,10,12,13,14,15,16,11,17,18,19,20,21,22",7f8409534f3ca3440437b21757ade87eb9fe6e732d23abd5fbf58acf0983d1e0,4f6563035c8619d81459028aaf9fec67ce13e2fb9967ef65c9ced2f5cb0ade81,95.867645,96.839584,544,False,unit fuzzy loss,success_build,True,True,aa62853a494a59a3b49a0803a5ed4d4d5e7bd2ca2a7a19f46a2873cb5965e68e,True,True,True,,unknown: historical snapshots lost
489,neighbor,"0,1,2,3,4,5,6,7,8,9,10,12,13,14,15,16,17,11,18,19,20,21,22",d8327ec6839d3be718ef0779049a9fb04457eedd08047156624c555214dd306d,464f66e6a57d5582e86d7399ce74ea9b96054708fd59e0ac7bbb2a4723e17111,95.757355,96.82988,544,False,unit fuzzy loss,success_build,True,True,aa62853a494a59a3b49a0803a5ed4d4d5e7bd2ca2a7a19f46a2873cb5965e68e,True,True,True,,unknown: historical snapshots lost
490,neighbor,"0,1,2,3,4,5,6,7,8,9,10,12,13,14,15,16,17,18,11,19,20,21,22",5566d5bb4b8b7e96749b90a2e108c5a68f19c750fa486593de99b9b8b838f89a,bc00a6d88270ae039dbcf6f870bb44c6116f8cd7d06d9aad8505d5478e9ca1d9,95.68382,96.82342,544,False,unit fuzzy loss,success_build,True,True,aa62853a494a59a3b49a0803a5ed4d4d5e7bd2ca2a7a19f46a2873cb5965e68e,True,True,True,,unknown: historical snapshots lost
491,neighbor,"0,1,2,3,4,5,6,7,8,9,10,12,13,14,15,16,17,18,19,11,20,21,22",c9ab602957f53ecc2af2e453a84531e1a5a28742dd089b1daa6fb5d7227798b6,07152ea0feae255a712227a6a7caaecca477e64eebc39b6566eeb360397aa8eb,95.68382,96.82342,544,False,unit fuzzy loss,success_build,True,True,aa62853a494a59a3b49a0803a5ed4d4d5e7bd2ca2a7a19f46a2873cb5965e68e,True,True,True,,unknown: historical snapshots lost
492,neighbor,"0,1,2,3,4,5,6,7,8,9,10,12,13,14,15,16,17,18,19,20,11,21,22",8e10c5410dacb6bec81584a7625e1f7c8ab233a26ef633c51584c1f2b24bbdf7,fe03c68886d611d36f973aab3036b94cc951f9cc15ae6d77cfcf71929eacf002,95.61029,96.81695,544,False,unit fuzzy loss,success_build,True,True,aa62853a494a59a3b49a0803a5ed4d4d5e7bd2ca2a7a19f46a2873cb5965e68e,True,True,True,,unknown: historical snapshots lost
493,neighbor,"0,1,2,3,4,5,6,7,8,9,10,12,13,14,15,16,17,18,19,20,21,11,22",dbc26da4ba27ae27835fdc132c2742e80c36046150461b4eae743c1f1dd91d43,ab26d16c1fbc2b9d534999d03c3e245e83b283de87b46761a754bb460d53c4bc,95.5,96.80724,544,False,unit fuzzy loss,success_build,True,True,aa62853a494a59a3b49a0803a5ed4d4d5e7bd2ca2a7a19f46a2873cb5965e68e,True,True,True,,unknown: historical snapshots lost
494,neighbor,"0,1,2,3,4,5,6,7,8,9,10,12,13,14,15,16,17,18,19,20,21,22,11",32b4d90b0ca1395b47fe2afe57eb7fa6faa8689d2ebf6482395a7dbb81846f3c,39dec70afceaffb1a7b87cbd575a76c1ed9fb9979ed5f907716f1e6cfa9a691d,95.16912,96.77814,544,False,unit fuzzy loss,success_build,True,True,aa62853a494a59a3b49a0803a5ed4d4d5e7bd2ca2a7a19f46a2873cb5965e68e,True,True,True,,unknown: historical snapshots lost
495,neighbor,"12,0,1,2,3,4,5,6,7,8,9,10,11,13,14,15,16,17,18,19,20,21,22",12de5f22cae2d5a17bcbd5a833b4fc69cc16229af669a1c167102a2de1ea32f4,3973008f6ff820c6a03a8d6551e1901b1956845f5ff53c366f3d863e7366e15d,94.55147,96.7238,544,False,unit fuzzy loss,success_build,True,True,aa62853a494a59a3b49a0803a5ed4d4d5e7bd2ca2a7a19f46a2873cb5965e68e,True,True,True,,unknown: historical snapshots lost
496,neighbor,"0,12,1,2,3,4,5,6,7,8,9,10,11,13,14,15,16,17,18,19,20,21,22",dc1ecd31c472dd1628d588b9a639a7a1d2b5c7f1fb5a7ba77b425bbccd58280f,3973008f6ff820c6a03a8d6551e1901b1956845f5ff53c366f3d863e7366e15d,94.55147,96.7238,544,False,unit fuzzy loss,success_build,True,True,aa62853a494a59a3b49a0803a5ed4d4d5e7bd2ca2a7a19f46a2873cb5965e68e,True,True,True,,unknown: historical snapshots lost
497,neighbor,"0,1,12,2,3,4,5,6,7,8,9,10,11,13,14,15,16,17,18,19,20,21,22",24dd13c846885df535766727167b4d41c457f3ac172efff49756feff09b06a74,3973008f6ff820c6a03a8d6551e1901b1956845f5ff53c366f3d863e7366e15d,94.55147,96.7238,544,False,unit fuzzy loss,success_build,True,True,aa62853a494a59a3b49a0803a5ed4d4d5e7bd2ca2a7a19f46a2873cb5965e68e,True,True,True,,unknown: historical snapshots lost
498,neighbor,"0,1,2,12,3,4,5,6,7,8,9,10,11,13,14,15,16,17,18,19,20,21,22",8562e49a28bbd9a2fe49921c9e68a1ce9494e570b30e214981f8b766c6f1fc76,3973008f6ff820c6a03a8d6551e1901b1956845f5ff53c366f3d863e7366e15d,94.55147,96.7238,544,False,unit fuzzy loss,success_build,True,True,aa62853a494a59a3b49a0803a5ed4d4d5e7bd2ca2a7a19f46a2873cb5965e68e,True,True,True,,unknown: historical snapshots lost
499,neighbor,"0,1,2,3,12,4,5,6,7,8,9,10,11,13,14,15,16,17,18,19,20,21,22",1614ec534305d25b10b238ba12931aebe24d3ae78641d9b2435ee77b7c192303,bffed2d6d720155e428560ceb978cdede58fe40f597a30922d85f3c07868defd,94.29412,96.701164,544,False,unit fuzzy loss,success_build,True,True,aa62853a494a59a3b49a0803a5ed4d4d5e7bd2ca2a7a19f46a2873cb5965e68e,True,True,True,,unknown: historical snapshots lost
500,neighbor,"0,1,2,3,4,12,5,6,7,8,9,10,11,13,14,15,16,17,18,19,20,21,22",d6d5da9a13fee1714b7861b7419bf5f772b09cb2c599bdde9aabae4b81900465,bffed2d6d720155e428560ceb978cdede58fe40f597a30922d85f3c07868defd,94.29412,96.701164,544,False,unit fuzzy loss,success_build,True,True,aa62853a494a59a3b49a0803a5ed4d4d5e7bd2ca2a7a19f46a2873cb5965e68e,True,True,True,,unknown: historical snapshots lost
501,neighbor,"0,1,2,3,4,5,12,6,7,8,9,10,11,13,14,15,16,17,18,19,20,21,22",19cb4012b825e02e3f7240f2df1c9521f909accaa92b2f9da05734cf0039b9b0,440426acc3dcfd445c20334b7afb65046fb8e9799f0e9586a250ace7093d513c,94.47794,96.71734,544,False,unit fuzzy loss,success_build,True,True,aa62853a494a59a3b49a0803a5ed4d4d5e7bd2ca2a7a19f46a2873cb5965e68e,True,True,True,,unknown: historical snapshots lost
502,neighbor,"0,1,2,3,4,5,6,12,7,8,9,10,11,13,14,15,16,17,18,19,20,21,22",74880dafe6017c670eeba972f32c2031cafdad1888d95afe6db3dde213280a63,a640005014b3318ca16ecf02ef92976b2fffaf8195802ea7a2f2266bf8dc12b2,94.73529,96.739975,544,False,unit fuzzy loss,success_build,True,True,aa62853a494a59a3b49a0803a5ed4d4d5e7bd2ca2a7a19f46a2873cb5965e68e,True,True,True,,unknown: historical snapshots lost
503,neighbor,"0,1,2,3,4,5,6,7,12,8,9,10,11,13,14,15,16,17,18,19,20,21,22",bf4513529193f985efa544470043984cae22b1975b6116b6e4e47ef12ff0bec2,e2f3ba385db54b5ead27a1f8420b6440a41a279cca8280ad8a7ad9babca26b61,96.213234,96.86999,544,False,unit fuzzy loss,success_build,True,True,aa62853a494a59a3b49a0803a5ed4d4d5e7bd2ca2a7a19f46a2873cb5965e68e,True,True,True,,unknown: historical snapshots lost
504,neighbor,"0,1,2,3,4,5,6,7,8,12,9,10,11,13,14,15,16,17,18,19,20,21,22",b1aace66fff96bcc83ba63761ce6900885225bb903687bf0a116f126f5ea8211,2addcc622b707e0597ababdc0eb862c34e1ee1948765b798d986c58d4959b4f4,96.286766,96.87646,544,False,unit fuzzy loss,success_build,True,True,aa62853a494a59a3b49a0803a5ed4d4d5e7bd2ca2a7a19f46a2873cb5965e68e,True,True,True,,unknown: historical snapshots lost
505,neighbor,"0,1,2,3,4,5,6,7,8,9,12,10,11,13,14,15,16,17,18,19,20,21,22",81d89ead0ef05f58acfcb292b7dd210c108d917bf3a673096cd397009893c612,2addcc622b707e0597ababdc0eb862c34e1ee1948765b798d986c58d4959b4f4,96.286766,96.87646,544,False,unit fuzzy loss,success_build,True,True,aa62853a494a59a3b49a0803a5ed4d4d5e7bd2ca2a7a19f46a2873cb5965e68e,True,True,True,,unknown: historical snapshots lost
506,neighbor,"0,1,2,3,4,5,6,7,8,9,10,11,13,14,12,15,16,17,18,19,20,21,22",44bc84e3ecc5f6e7ffc21c7f6a557903c37c222c1589764556be3d0812657297,379a81ca757c481c7676a6ec44a496402e53d3e4193c99962da9e0cae357ed6d,96.32353,96.87969,544,False,unit fuzzy loss,success_build,True,True,aa62853a494a59a3b49a0803a5ed4d4d5e7bd2ca2a7a19f46a2873cb5965e68e,True,True,True,,unknown: historical snapshots lost
507,neighbor,"0,1,2,3,4,5,6,7,8,9,10,11,13,14,15,12,16,17,18,19,20,21,22",3e3bc2ef030103308a5f40a65c754c894c78aad9cf19dfaa1952bb50366adb71,5669c6582a7ec34293ebd90b59d8f5d6f092bd0270a87d3d050830bbec6922e8,96.10294,96.86028,544,False,unit fuzzy loss,success_build,True,True,aa62853a494a59a3b49a0803a5ed4d4d5e7bd2ca2a7a19f46a2873cb5965e68e,True,True,True,,unknown: historical snapshots lost
508,neighbor,"0,1,2,3,4,5,6,7,8,9,10,11,13,14,15,16,12,17,18,19,20,21,22",f97b8338a40245f8b9b1c45a8e34555833789cbbe13951e8879eda529ea364df,5669c6582a7ec34293ebd90b59d8f5d6f092bd0270a87d3d050830bbec6922e8,96.10294,96.86028,544,False,unit fuzzy loss,success_build,True,True,aa62853a494a59a3b49a0803a5ed4d4d5e7bd2ca2a7a19f46a2873cb5965e68e,True,True,True,,unknown: historical snapshots lost
509,neighbor,"0,1,2,3,4,5,6,7,8,9,10,11,13,14,15,16,17,12,18,19,20,21,22",2e3f41fe03dfb8f6646e39b80560800e5a7db04fe925b5d79158ef43c8c0b2ab,a8746c140e0c17b6ec509bf778d8c34d5f667b9223cea6ef9c373824d685c7d7,95.992645,96.850586,544,False,unit fuzzy loss,success_build,True,True,aa62853a494a59a3b49a0803a5ed4d4d5e7bd2ca2a7a19f46a2873cb5965e68e,True,True,True,,unknown: historical snapshots lost
510,neighbor,"0,1,2,3,4,5,6,7,8,9,10,11,13,14,15,16,17,18,12,19,20,21,22",f5cb7ae7179302356ad50eb5cc57aa05d2844f959e3ca3076c4af6e525f36f1a,415d3d5d0d9c2ab1cab1d234cb8615ed4a7d79401cb3f637e8bb134da8d70142,95.91912,96.84412,544,False,unit fuzzy loss,success_build,True,True,aa62853a494a59a3b49a0803a5ed4d4d5e7bd2ca2a7a19f46a2873cb5965e68e,True,True,True,,unknown: historical snapshots lost
511,neighbor,"0,1,2,3,4,5,6,7,8,9,10,11,13,14,15,16,17,18,19,12,20,21,22",5bab1330ce88e6ea66b255465938da9e6460a03a950e2c285a4e3750bd859fec,4b955d06128eb30104b8cb60613e3d7aa0ee21d3050bb70a4d8de17c04e2789b,95.91912,96.84412,544,False,unit fuzzy loss,success_build,True,True,aa62853a494a59a3b49a0803a5ed4d4d5e7bd2ca2a7a19f46a2873cb5965e68e,True,True,True,,unknown: historical snapshots lost
512,neighbor,"0,1,2,3,4,5,6,7,8,9,10,11,13,14,15,16,17,18,19,20,12,21,22",46673097022bb3d2924c72bb4cf44b3b737c7c9dc095fa2bc1aeb06f9e0fa1d4,96ac5c7ca1680ec9c433fa5bf98aedc63f30e5473ec5424cf3dea1b757dde239,95.84559,96.83765,544,False,unit fuzzy loss,success_build,True,True,aa62853a494a59a3b49a0803a5ed4d4d5e7bd2ca2a7a19f46a2873cb5965e68e,True,True,True,,unknown: historical snapshots lost
513,neighbor,"0,1,2,3,4,5,6,7,8,9,10,11,13,14,15,16,17,18,19,20,21,12,22",62da9a7636910754cc530ef0c7b1748b90b55d4e311ebb8f6b782bca2ae22456,e4ac39a8fb2209c79a6f9fcea061d5495bd809d8939f0faa21275984aac9ff26,95.73529,96.82794,544,False,unit fuzzy loss,success_build,True,True,aa62853a494a59a3b49a0803a5ed4d4d5e7bd2ca2a7a19f46a2873cb5965e68e,True,True,True,,unknown: historical snapshots lost
514,neighbor,"0,1,2,3,4,5,6,7,8,9,10,11,13,14,15,16,17,18,19,20,21,22,12",c820504379d8083545e20d97e2f4b4a91f5c1ebcc342d6a253d0cc862e8f1c7c,fb456564f5308671229ab2a51f298bc2bd5848bbf5c2e29d375e8b2a0cad86f7,95.40441,96.798836,544,False,unit fuzzy loss,success_build,True,True,aa62853a494a59a3b49a0803a5ed4d4d5e7bd2ca2a7a19f46a2873cb5965e68e,True,True,True,,unknown: historical snapshots lost
515,neighbor,"13,0,1,2,3,4,5,6,7,8,9,10,11,12,14,15,16,17,18,19,20,21,22",05494dc5f411d233da91481f82d3e46598f63f289ee2018497741f0341ad166c,8d001c33217c857499865f841d5cec4b62073dc3fbf45cd412ca01aa7651a031,94.117645,96.68564,544,False,unit fuzzy loss,success_build,True,True,aa62853a494a59a3b49a0803a5ed4d4d5e7bd2ca2a7a19f46a2873cb5965e68e,True,True,True,,unknown: historical snapshots lost
516,neighbor,"0,13,1,2,3,4,5,6,7,8,9,10,11,12,14,15,16,17,18,19,20,21,22",57fc58c2f548b555c43362bf4707eff9daa4abe88c2857224176ea60903848db,3e316bab8a9012e94cb76dcf9fd240a469469327ab41b8c78c41d654cdb8048a,94.375,96.70828,544,False,unit fuzzy loss,success_build,True,True,aa62853a494a59a3b49a0803a5ed4d4d5e7bd2ca2a7a19f46a2873cb5965e68e,True,True,True,,unknown: historical snapshots lost
517,neighbor,"0,1,13,2,3,4,5,6,7,8,9,10,11,12,14,15,16,17,18,19,20,21,22",f643ac5d2e271bd1a35f22a553cbdce9c794319958039a406059d681cb4f2564,3e316bab8a9012e94cb76dcf9fd240a469469327ab41b8c78c41d654cdb8048a,94.375,96.70828,544,False,unit fuzzy loss,success_build,True,True,aa62853a494a59a3b49a0803a5ed4d4d5e7bd2ca2a7a19f46a2873cb5965e68e,True,True,True,,unknown: historical snapshots lost
518,neighbor,"0,1,2,13,3,4,5,6,7,8,9,10,11,12,14,15,16,17,18,19,20,21,22",e037e0413bf2d366ca48f5917186f55f96d142af866177e5c39302586be2c8d9,3e316bab8a9012e94cb76dcf9fd240a469469327ab41b8c78c41d654cdb8048a,94.375,96.70828,544,False,unit fuzzy loss,success_build,True,True,aa62853a494a59a3b49a0803a5ed4d4d5e7bd2ca2a7a19f46a2873cb5965e68e,True,True,True,,unknown: historical snapshots lost
519,neighbor,"0,1,2,3,13,4,5,6,7,8,9,10,11,12,14,15,16,17,18,19,20,21,22",975a6941d0e02dfa0db1d725af50f9cbde57e6e1abd54cfadaeb118208e1fbb6,5889cb02c07ff3ca4fe1733a85a2296b1922ad38840768f6a9671090fbbec7bb,94.117645,96.68564,544,False,unit fuzzy loss,success_build,True,True,aa62853a494a59a3b49a0803a5ed4d4d5e7bd2ca2a7a19f46a2873cb5965e68e,True,True,True,,unknown: historical snapshots lost
520,neighbor,"0,1,2,3,4,13,5,6,7,8,9,10,11,12,14,15,16,17,18,19,20,21,22",670793a1a9ff791dd33d9cdbdb5b64936caee827cd811002ce2f60be1257e83b,5889cb02c07ff3ca4fe1733a85a2296b1922ad38840768f6a9671090fbbec7bb,94.117645,96.68564,544,False,unit fuzzy loss,success_build,True,True,aa62853a494a59a3b49a0803a5ed4d4d5e7bd2ca2a7a19f46a2873cb5965e68e,True,True,True,,unknown: historical snapshots lost
521,neighbor,"0,1,2,3,4,5,13,6,7,8,9,10,11,12,14,15,16,17,18,19,20,21,22",1ec80b2af5d04d9dc9e70a097e3b0370c933d88968088e1728a36d5ca8e566ae,60f4aecc77eca5f2b0b06f8a6f6fa8c348e6aa8474aa317f4054bc72297d88b8,94.30147,96.70181,544,False,unit fuzzy loss,success_build,True,True,aa62853a494a59a3b49a0803a5ed4d4d5e7bd2ca2a7a19f46a2873cb5965e68e,True,True,True,,unknown: historical snapshots lost
522,neighbor,"0,1,2,3,4,5,6,13,7,8,9,10,11,12,14,15,16,17,18,19,20,21,22",1f12e02ce0c2d2ae5c18b503ab159a295fad8a3167d461916c74ceb05014ba8d,1efcd9e5f5c252c3dfaa3ec58ee3bb421a097dd6a4b605ffbf24584b05cf4cfd,94.55882,96.72445,544,False,unit fuzzy loss,success_build,True,True,aa62853a494a59a3b49a0803a5ed4d4d5e7bd2ca2a7a19f46a2873cb5965e68e,True,True,True,,unknown: historical snapshots lost
523,neighbor,"0,1,2,3,4,5,6,7,13,8,9,10,11,12,14,15,16,17,18,19,20,21,22",f4c12304e005f055055bc3da0167cf2cd8f538f90174fad5c61d6e9447b35cc9,3ed93d660c59eb17ea5b647c7e663fba44be9a58f4973ab931e9cc6f6d8c3ea7,95.992645,96.850586,544,False,unit fuzzy loss,success_build,True,True,aa62853a494a59a3b49a0803a5ed4d4d5e7bd2ca2a7a19f46a2873cb5965e68e,True,True,True,,unknown: historical snapshots lost
524,neighbor,"0,1,2,3,4,5,6,7,8,13,9,10,11,12,14,15,16,17,18,19,20,21,22",4ae333cac3166db536289b8136ad3eda3f8fa78f94d4e9d6e5783462c0acc152,8139ec728e4cf18c9c96a979d93d670e8df4611c6ed44c06ba06078b3ad26ebd,96.06618,96.85705,544,False,unit fuzzy loss,success_build,True,True,aa62853a494a59a3b49a0803a5ed4d4d5e7bd2ca2a7a19f46a2873cb5965e68e,True,True,True,,unknown: historical snapshots lost
525,neighbor,"0,1,2,3,4,5,6,7,8,9,13,10,11,12,14,15,16,17,18,19,20,21,22",66f977eae93757ab092991bcbd47b49ba27fa162db2c492057696ce5ef5949da,8139ec728e4cf18c9c96a979d93d670e8df4611c6ed44c06ba06078b3ad26ebd,96.06618,96.85705,544,False,unit fuzzy loss,success_build,True,True,aa62853a494a59a3b49a0803a5ed4d4d5e7bd2ca2a7a19f46a2873cb5965e68e,True,True,True,,unknown: historical snapshots lost
526,neighbor,"0,1,2,3,4,5,6,7,8,9,10,13,11,12,14,15,16,17,18,19,20,21,22",5c1e7ef20f08ce3520ea48916a40029ebbcf9ae62860427346631f6aec7c6198,8139ec728e4cf18c9c96a979d93d670e8df4611c6ed44c06ba06078b3ad26ebd,96.06618,96.85705,544,False,unit fuzzy loss,success_build,True,True,aa62853a494a59a3b49a0803a5ed4d4d5e7bd2ca2a7a19f46a2873cb5965e68e,True,True,True,,unknown: historical snapshots lost
527,neighbor,"0,1,2,3,4,5,6,7,8,9,10,11,12,14,15,13,16,17,18,19,20,21,22",c3970f3c279e3b847147e2f0ae2f1f5e7dfcd57fe29c549e54c10f3818ae5fff,80df4770e1fe80514f38eda87bb84077d621a855493e9cf595c46a66d71324d1,96.32353,96.87969,544,False,unit fuzzy loss,success_build,True,True,aa62853a494a59a3b49a0803a5ed4d4d5e7bd2ca2a7a19f46a2873cb5965e68e,True,True,True,,unknown: historical snapshots lost
528,neighbor,"0,1,2,3,4,5,6,7,8,9,10,11,12,14,15,16,13,17,18,19,20,21,22",69172ba66ddf882d9e02e13338b917a32f6a0fcbf4e42ad467dadf4316e26527,80df4770e1fe80514f38eda87bb84077d621a855493e9cf595c46a66d71324d1,96.32353,96.87969,544,False,unit fuzzy loss,success_build,True,True,aa62853a494a59a3b49a0803a5ed4d4d5e7bd2ca2a7a19f46a2873cb5965e68e,True,True,True,,unknown: historical snapshots lost
529,neighbor,"0,1,2,3,4,5,6,7,8,9,10,11,12,14,15,16,17,13,18,19,20,21,22",7be8d3ae409a03323bbfcf65a9ea9d0aa713ad6ae32033fbf59d236e5e340cd1,c91e0fe3c3d571baf1ce2145c639902f2fd30b08d7fc19be10d08d701dcd97a8,96.213234,96.86999,544,False,unit fuzzy loss,success_build,True,True,aa62853a494a59a3b49a0803a5ed4d4d5e7bd2ca2a7a19f46a2873cb5965e68e,True,True,True,,unknown: historical snapshots lost
530,neighbor,"0,1,2,3,4,5,6,7,8,9,10,11,12,14,15,16,17,18,13,19,20,21,22",ab028000eefebbc7a28a4b3c24c3be4ddb047db25188bf0ce374988b0aa16cf8,41d237ad37d1077e9d094ebdfd38c9df5fe0475dc2313032569ca834f94cafd3,96.13971,96.86352,544,False,unit fuzzy loss,success_build,True,True,aa62853a494a59a3b49a0803a5ed4d4d5e7bd2ca2a7a19f46a2873cb5965e68e,True,True,True,,unknown: historical snapshots lost
531,neighbor,"0,1,2,3,4,5,6,7,8,9,10,11,12,14,15,16,17,18,19,13,20,21,22",a320fdea891ee5b30127f9431c979846df7149c78de06579c638f075827f06ae,add53558b6b6d382a770399908ee400c8fba780fd28e159db1c7115aa3fe9f77,96.13971,96.86352,544,False,unit fuzzy loss,success_build,True,True,aa62853a494a59a3b49a0803a5ed4d4d5e7bd2ca2a7a19f46a2873cb5965e68e,True,True,True,,unknown: historical snapshots lost
532,neighbor,"0,1,2,3,4,5,6,7,8,9,10,11,12,14,15,16,17,18,19,20,13,21,22",f1b2c2e043c0fdb85fa1fba067777959d9b188e66e0afd409168e9b8656d19fa,beaf109a2c6cfa68afe3571427e83846f1d9101097f96b44f01844fd3ed152d1,96.06618,96.85705,544,False,unit fuzzy loss,success_build,True,True,aa62853a494a59a3b49a0803a5ed4d4d5e7bd2ca2a7a19f46a2873cb5965e68e,True,True,True,,unknown: historical snapshots lost
533,neighbor,"0,1,2,3,4,5,6,7,8,9,10,11,12,14,15,16,17,18,19,20,21,13,22",66a77a9b5432b04ba85583391bb671f443b3d742c8a989b48c792502ac5e156e,605fdc3767d65bbfa320afb5adfcbece7c3d7d99198fb3be48c31104671de771,95.95588,96.84735,544,False,unit fuzzy loss,success_build,True,True,aa62853a494a59a3b49a0803a5ed4d4d5e7bd2ca2a7a19f46a2873cb5965e68e,True,True,True,,unknown: historical snapshots lost
534,neighbor,"0,1,2,3,4,5,6,7,8,9,10,11,12,14,15,16,17,18,19,20,21,22,13",85617eff0185e9266b7c9448f739bec9241b47722d144eb23aae4bcdf1ff9dd7,0bbe2d9974cda7f6871d123b3df721ddbd8b6955f3ccf7518a05d3b5d4b8498b,95.625,96.81824,544,False,unit fuzzy loss,success_build,True,True,aa62853a494a59a3b49a0803a5ed4d4d5e7bd2ca2a7a19f46a2873cb5965e68e,True,True,True,,unknown: historical snapshots lost
535,neighbor,"14,0,1,2,3,4,5,6,7,8,9,10,11,12,13,15,16,17,18,19,20,21,22",1a2dfd0b1504bd06c9879c713899e788ad1396d365eeb7a3e7363451daf4cd52,b8d1bdc306c9c60b9786f96913716812ae9721bb95753969821df5fa7f3d3a7c,96.76471,96.9185,544,True,,success_build,True,True,aa62853a494a59a3b49a0803a5ed4d4d5e7bd2ca2a7a19f46a2873cb5965e68e,True,True,True,,unknown: historical snapshots lost
536,neighbor,"0,14,1,2,3,4,5,6,7,8,9,10,11,12,13,15,16,17,18,19,20,21,22",f54942bae02f25612b41ea14749769f15e0ef1a9899277cc9f2b32ecc35a8626,b8d1bdc306c9c60b9786f96913716812ae9721bb95753969821df5fa7f3d3a7c,96.76471,96.9185,544,True,,success_build,True,True,aa62853a494a59a3b49a0803a5ed4d4d5e7bd2ca2a7a19f46a2873cb5965e68e,True,True,True,,unknown: historical snapshots lost
537,neighbor,"0,1,14,2,3,4,5,6,7,8,9,10,11,12,13,15,16,17,18,19,20,21,22",a1977b487b9941bda87818024d7fcdc011b4a8c2d58573b575566ffcf5c949bb,b8d1bdc306c9c60b9786f96913716812ae9721bb95753969821df5fa7f3d3a7c,96.76471,96.9185,544,True,,success_build,True,True,aa62853a494a59a3b49a0803a5ed4d4d5e7bd2ca2a7a19f46a2873cb5965e68e,True,True,True,,unknown: historical snapshots lost
538,neighbor,"0,1,2,14,3,4,5,6,7,8,9,10,11,12,13,15,16,17,18,19,20,21,22",ea27bf80d65a2cd7822823232a043e02b96b6b3c70a0e3fb661d9b6d332df492,b8d1bdc306c9c60b9786f96913716812ae9721bb95753969821df5fa7f3d3a7c,96.76471,96.9185,544,True,,success_build,True,True,aa62853a494a59a3b49a0803a5ed4d4d5e7bd2ca2a7a19f46a2873cb5965e68e,True,True,True,,unknown: historical snapshots lost
539,neighbor,"0,1,2,3,14,4,5,6,7,8,9,10,11,12,13,15,16,17,18,19,20,21,22",1190e829f05cd7fd96b4438bb10a7ea94590925ebbbb350b4f9c09a1cbbc56c9,b8d1bdc306c9c60b9786f96913716812ae9721bb95753969821df5fa7f3d3a7c,96.76471,96.9185,544,True,,success_build,True,True,aa62853a494a59a3b49a0803a5ed4d4d5e7bd2ca2a7a19f46a2873cb5965e68e,True,True,True,,unknown: historical snapshots lost
540,neighbor,"0,1,2,3,4,14,5,6,7,8,9,10,11,12,13,15,16,17,18,19,20,21,22",b01255c44bbfe9f81168c9ccfffd3ff1baf6e41a886139cf431cda68d5beb76e,b8d1bdc306c9c60b9786f96913716812ae9721bb95753969821df5fa7f3d3a7c,96.76471,96.9185,544,True,,success_build,True,True,aa62853a494a59a3b49a0803a5ed4d4d5e7bd2ca2a7a19f46a2873cb5965e68e,True,True,True,,unknown: historical snapshots lost
541,neighbor,"0,1,2,3,4,5,14,6,7,8,9,10,11,12,13,15,16,17,18,19,20,21,22",6b12f6d4e7fe6968a34db45de3a353d1c8defa27695384da463c579568b71039,b8d1bdc306c9c60b9786f96913716812ae9721bb95753969821df5fa7f3d3a7c,96.76471,96.9185,544,True,,success_build,True,True,aa62853a494a59a3b49a0803a5ed4d4d5e7bd2ca2a7a19f46a2873cb5965e68e,True,True,True,,unknown: historical snapshots lost
542,neighbor,"0,1,2,3,4,5,6,14,7,8,9,10,11,12,13,15,16,17,18,19,20,21,22",e214db422948c1046c4f935089e446e91710476380cab73b1d2b9d61e882c502,b8d1bdc306c9c60b9786f96913716812ae9721bb95753969821df5fa7f3d3a7c,96.76471,96.9185,544,True,,success_build,True,True,aa62853a494a59a3b49a0803a5ed4d4d5e7bd2ca2a7a19f46a2873cb5965e68e,True,True,True,,unknown: historical snapshots lost
543,neighbor,"0,1,2,3,4,5,6,7,14,8,9,10,11,12,13,15,16,17,18,19,20,21,22",160b3630b1e51405aa28d2257a5177b235f96f6bff2a12ced080ebd77bed4bc5,b8d1bdc306c9c60b9786f96913716812ae9721bb95753969821df5fa7f3d3a7c,96.76471,96.9185,544,True,,success_build,True,True,aa62853a494a59a3b49a0803a5ed4d4d5e7bd2ca2a7a19f46a2873cb5965e68e,True,True,True,,unknown: historical snapshots lost
544,neighbor,"0,1,2,3,4,5,6,7,8,14,9,10,11,12,13,15,16,17,18,19,20,21,22",c0ea2ef102623f0ca75ffcb2cb233f7aefdb3c2835e70e7c26e3133c8804ae16,b8d1bdc306c9c60b9786f96913716812ae9721bb95753969821df5fa7f3d3a7c,96.76471,96.9185,544,True,,success_build,True,True,aa62853a494a59a3b49a0803a5ed4d4d5e7bd2ca2a7a19f46a2873cb5965e68e,True,True,True,,unknown: historical snapshots lost
545,neighbor,"0,1,2,3,4,5,6,7,8,9,14,10,11,12,13,15,16,17,18,19,20,21,22",5dde49739379480616f00ffc1b6252aef797e4f0e837cd3808e73351b4f9ebef,b8d1bdc306c9c60b9786f96913716812ae9721bb95753969821df5fa7f3d3a7c,96.76471,96.9185,544,True,,success_build,True,True,aa62853a494a59a3b49a0803a5ed4d4d5e7bd2ca2a7a19f46a2873cb5965e68e,True,True,True,,unknown: historical snapshots lost
546,neighbor,"0,1,2,3,4,5,6,7,8,9,10,14,11,12,13,15,16,17,18,19,20,21,22",f131a5b3f55737577ef62c2aec13f63fb52464bd6afcc7e79b940e13caa738db,b8d1bdc306c9c60b9786f96913716812ae9721bb95753969821df5fa7f3d3a7c,96.76471,96.9185,544,True,,success_build,True,True,aa62853a494a59a3b49a0803a5ed4d4d5e7bd2ca2a7a19f46a2873cb5965e68e,True,True,True,,unknown: historical snapshots lost
547,neighbor,"0,1,2,3,4,5,6,7,8,9,10,11,14,12,13,15,16,17,18,19,20,21,22",c7a4aa68c5486589587702d522530117d1d38497dc88d07a2ffd46206cf3a15d,b8d1bdc306c9c60b9786f96913716812ae9721bb95753969821df5fa7f3d3a7c,96.76471,96.9185,544,True,,success_build,True,True,aa62853a494a59a3b49a0803a5ed4d4d5e7bd2ca2a7a19f46a2873cb5965e68e,True,True,True,,unknown: historical snapshots lost
548,neighbor,"0,1,2,3,4,5,6,7,8,9,10,11,12,13,15,16,14,17,18,19,20,21,22",cda59b49a9b4722b5ebd2a4472c82c9934a0e7b40fd5d3145f689f827f54f246,b8d1bdc306c9c60b9786f96913716812ae9721bb95753969821df5fa7f3d3a7c,96.76471,96.9185,544,True,,success_build,True,True,aa62853a494a59a3b49a0803a5ed4d4d5e7bd2ca2a7a19f46a2873cb5965e68e,True,True,True,,unknown: historical snapshots lost
549,neighbor,"0,1,2,3,4,5,6,7,8,9,10,11,12,13,15,16,17,14,18,19,20,21,22",4f399276d2346f317a53aa41e94634a5254e8b7a1cef7db62849d6bce9315399,b8d1bdc306c9c60b9786f96913716812ae9721bb95753969821df5fa7f3d3a7c,96.76471,96.9185,544,True,,success_build,True,True,aa62853a494a59a3b49a0803a5ed4d4d5e7bd2ca2a7a19f46a2873cb5965e68e,True,True,True,,unknown: historical snapshots lost
550,neighbor,"0,1,2,3,4,5,6,7,8,9,10,11,12,13,15,16,17,18,14,19,20,21,22",6f3db1e5b001e6a65a86bd692d1f2ff1ac6169b21fe9b8fe0ac1b7a0c5aae2d1,b8d1bdc306c9c60b9786f96913716812ae9721bb95753969821df5fa7f3d3a7c,96.76471,96.9185,544,True,,success_build,True,True,aa62853a494a59a3b49a0803a5ed4d4d5e7bd2ca2a7a19f46a2873cb5965e68e,True,True,True,,unknown: historical snapshots lost
551,neighbor,"0,1,2,3,4,5,6,7,8,9,10,11,12,13,15,16,17,18,19,14,20,21,22",5ded7fe7f81e1059853a5e2f9fe953dfea14d660dd4b89925e0dd31063e4aaa7,b8d1bdc306c9c60b9786f96913716812ae9721bb95753969821df5fa7f3d3a7c,96.76471,96.9185,544,True,,success_build,True,True,aa62853a494a59a3b49a0803a5ed4d4d5e7bd2ca2a7a19f46a2873cb5965e68e,True,True,True,,unknown: historical snapshots lost
552,neighbor,"0,1,2,3,4,5,6,7,8,9,10,11,12,13,15,16,17,18,19,20,14,21,22",26e03fa2b53494423221b421ca7091d247c58498651d2eaea2a0a56d24429b25,b8d1bdc306c9c60b9786f96913716812ae9721bb95753969821df5fa7f3d3a7c,96.76471,96.9185,544,True,,success_build,True,True,aa62853a494a59a3b49a0803a5ed4d4d5e7bd2ca2a7a19f46a2873cb5965e68e,True,True,True,,unknown: historical snapshots lost
553,neighbor,"0,1,2,3,4,5,6,7,8,9,10,11,12,13,15,16,17,18,19,20,21,14,22",82d9761720d397926751ab2956c06ed68fc331f227be5406cde67318ad315487,b8d1bdc306c9c60b9786f96913716812ae9721bb95753969821df5fa7f3d3a7c,96.76471,96.9185,544,True,,success_build,True,True,aa62853a494a59a3b49a0803a5ed4d4d5e7bd2ca2a7a19f46a2873cb5965e68e,True,True,True,,unknown: historical snapshots lost
554,neighbor,"0,1,2,3,4,5,6,7,8,9,10,11,12,13,15,16,17,18,19,20,21,22,14",754aae474d02914aa6f0ace12c2f31e6c8fc59e7de8bc0688afcb112358b2cc4,b8d1bdc306c9c60b9786f96913716812ae9721bb95753969821df5fa7f3d3a7c,96.76471,96.9185,544,True,,success_build,True,True,aa62853a494a59a3b49a0803a5ed4d4d5e7bd2ca2a7a19f46a2873cb5965e68e,True,True,True,,unknown: historical snapshots lost
555,neighbor,"15,0,1,2,3,4,5,6,7,8,9,10,11,12,13,14,16,17,18,19,20,21,22",935d7621676a718606b85eea8b7bb2da709ac8ae0b91d50fa0ef82b50805699b,3aee907c5dcb19ef8df4968e8ff875839f185e70fe697c33239c8894010f385c,95.367645,96.7956,544,False,unit fuzzy loss,success_build,True,True,aa62853a494a59a3b49a0803a5ed4d4d5e7bd2ca2a7a19f46a2873cb5965e68e,True,True,True,,unknown: historical snapshots lost
556,neighbor,"0,15,1,2,3,4,5,6,7,8,9,10,11,12,13,14,16,17,18,19,20,21,22",6889c1691b6eb81713c10939c1fd9c08bbf376fad4cc0ef8d76a4da8597826e0,3bf0277ce5a12cb2178b2edf0dfa69b32c78c66740ff95b760f7c18c2fa79ec6,95.55147,96.811775,544,False,unit fuzzy loss,success_build,True,True,aa62853a494a59a3b49a0803a5ed4d4d5e7bd2ca2a7a19f46a2873cb5965e68e,True,True,True,,unknown: historical snapshots lost
557,neighbor,"0,1,15,2,3,4,5,6,7,8,9,10,11,12,13,14,16,17,18,19,20,21,22",30de23f62ca157306f4f6e01b08583e3cd259a410ef006acd5b14336604407f6,3bf0277ce5a12cb2178b2edf0dfa69b32c78c66740ff95b760f7c18c2fa79ec6,95.55147,96.811775,544,False,unit fuzzy loss,success_build,True,True,aa62853a494a59a3b49a0803a5ed4d4d5e7bd2ca2a7a19f46a2873cb5965e68e,True,True,True,,unknown: historical snapshots lost
558,neighbor,"0,1,2,15,3,4,5,6,7,8,9,10,11,12,13,14,16,17,18,19,20,21,22",e760c015a2719303e7f1416b2259bace7f5d9d4095786150deaa0aae0fb448ae,3bf0277ce5a12cb2178b2edf0dfa69b32c78c66740ff95b760f7c18c2fa79ec6,95.55147,96.811775,544,False,unit fuzzy loss,success_build,True,True,aa62853a494a59a3b49a0803a5ed4d4d5e7bd2ca2a7a19f46a2873cb5965e68e,True,True,True,,unknown: historical snapshots lost
559,neighbor,"0,1,2,3,15,4,5,6,7,8,9,10,11,12,13,14,16,17,18,19,20,21,22",28df1598b2e60ef9543d62638c0d4072cad19b081c624012722a057d8989ce24,3587b8c5347da8544ccdc6c7879d0b5afb590ee371849cd41b8ffa0fda290167,95.661766,96.82147,544,False,unit fuzzy loss,success_build,True,True,aa62853a494a59a3b49a0803a5ed4d4d5e7bd2ca2a7a19f46a2873cb5965e68e,True,True,True,,unknown: historical snapshots lost
560,neighbor,"0,1,2,3,4,15,5,6,7,8,9,10,11,12,13,14,16,17,18,19,20,21,22",ea313d26cf16973a9a064b639eb6f990c0991de3e1d3a24da2fbaf3c998d70cc,3587b8c5347da8544ccdc6c7879d0b5afb590ee371849cd41b8ffa0fda290167,95.661766,96.82147,544,False,unit fuzzy loss,success_build,True,True,aa62853a494a59a3b49a0803a5ed4d4d5e7bd2ca2a7a19f46a2873cb5965e68e,True,True,True,,unknown: historical snapshots lost
561,neighbor,"0,1,2,3,4,5,15,6,7,8,9,10,11,12,13,14,16,17,18,19,20,21,22",bd1a881574b1d7ca851339377b26ef8c601e22ac3007785467cf223aa41808ed,671f4585aa3b16c4cafd5a6b5a894df0e2c73cea7e4a4657c6fe978588e5f030,95.77206,96.83118,544,False,unit fuzzy loss,success_build,True,True,aa62853a494a59a3b49a0803a5ed4d4d5e7bd2ca2a7a19f46a2873cb5965e68e,True,True,True,,unknown: historical snapshots lost
562,neighbor,"0,1,2,3,4,5,6,15,7,8,9,10,11,12,13,14,16,17,18,19,20,21,22",31f92fd7e5c5c60f08e5dff168c95950fe4d5fdb7623cd2180502d5220b22fd2,1352acda5ee68567ece9196347898fcae46c01a8a24aa1ee6e98fea315994124,95.77206,96.83118,544,False,unit fuzzy loss,success_build,True,True,aa62853a494a59a3b49a0803a5ed4d4d5e7bd2ca2a7a19f46a2873cb5965e68e,True,True,True,,unknown: historical snapshots lost
563,neighbor,"0,1,2,3,4,5,6,7,15,8,9,10,11,12,13,14,16,17,18,19,20,21,22",6a282d780a808d739b21d139afe8de9f928e0eb8c5831d655af76bc89c60d353,d89b5c97354da7ab1a51ac4d50a8e15656232231df03f100af57ca381860ebb7,95.77206,96.83118,544,False,unit fuzzy loss,success_build,True,True,aa62853a494a59a3b49a0803a5ed4d4d5e7bd2ca2a7a19f46a2873cb5965e68e,True,True,True,,unknown: historical snapshots lost
564,neighbor,"0,1,2,3,4,5,6,7,8,15,9,10,11,12,13,14,16,17,18,19,20,21,22",5a2849362de3f4522227455530fdfa100a78d790276bdf09b860e9b0b12e5150,66cad051dbc20c9bd173f0832d283cf86ec8f84f302ca47997c3c7ad32b3aef3,95.84559,96.83765,544,False,unit fuzzy loss,success_build,True,True,aa62853a494a59a3b49a0803a5ed4d4d5e7bd2ca2a7a19f46a2873cb5965e68e,True,True,True,,unknown: historical snapshots lost
565,neighbor,"0,1,2,3,4,5,6,7,8,9,15,10,11,12,13,14,16,17,18,19,20,21,22",a5a435fdcc874c8917852d35a9a6affe952e645908714daa8b8ef8609224c7cc,66cad051dbc20c9bd173f0832d283cf86ec8f84f302ca47997c3c7ad32b3aef3,95.84559,96.83765,544,False,unit fuzzy loss,success_build,True,True,aa62853a494a59a3b49a0803a5ed4d4d5e7bd2ca2a7a19f46a2873cb5965e68e,True,True,True,,unknown: historical snapshots lost
566,neighbor,"0,1,2,3,4,5,6,7,8,9,10,15,11,12,13,14,16,17,18,19,20,21,22",4dc8d1a4f9efed8d7aed88c575feb8497b758ef3c9f8b94d5d7377d43201c68e,66cad051dbc20c9bd173f0832d283cf86ec8f84f302ca47997c3c7ad32b3aef3,95.84559,96.83765,544,False,unit fuzzy loss,success_build,True,True,aa62853a494a59a3b49a0803a5ed4d4d5e7bd2ca2a7a19f46a2873cb5965e68e,True,True,True,,unknown: historical snapshots lost
567,neighbor,"0,1,2,3,4,5,6,7,8,9,10,11,15,12,13,14,16,17,18,19,20,21,22",846064d188bdd35449487df353c0dcfaff0b063086a0fa11d3d6c528c6375eaa,f66f8365f07ff6aa0e41c9d73baef458d3972cc14ff303dd8b3d3f68c65289a5,96.10294,96.86028,544,False,unit fuzzy loss,success_build,True,True,aa62853a494a59a3b49a0803a5ed4d4d5e7bd2ca2a7a19f46a2873cb5965e68e,True,True,True,,unknown: historical snapshots lost
568,neighbor,"0,1,2,3,4,5,6,7,8,9,10,11,12,15,13,14,16,17,18,19,20,21,22",bcebec81c35d56e7c4d2daa79684f736a9ce7a9df1b56bea857507a891070b2c,80df4770e1fe80514f38eda87bb84077d621a855493e9cf595c46a66d71324d1,96.32353,96.87969,544,False,unit fuzzy loss,success_build,True,True,aa62853a494a59a3b49a0803a5ed4d4d5e7bd2ca2a7a19f46a2873cb5965e68e,True,True,True,,unknown: historical snapshots lost
569,neighbor,"0,1,2,3,4,5,6,7,8,9,10,11,12,13,14,16,17,15,18,19,20,21,22",cf9902f9a6bbfe1bb7c707aea922e2d4925c3bd8bb1a7a868069322a8d51ed10,eeec21daa97d51cdb663eabffab9a97343acddce35b242a930e553a2ee53363a,96.43382,96.88939,544,False,unit fuzzy loss,success_build,True,True,aa62853a494a59a3b49a0803a5ed4d4d5e7bd2ca2a7a19f46a2873cb5965e68e,True,True,True,,unknown: historical snapshots lost
570,neighbor,"0,1,2,3,4,5,6,7,8,9,10,11,12,13,14,16,17,18,15,19,20,21,22",77936ae271bc8ff92bc6c7524732cdaffbac0d8404c77b5a1d75d35066e4e665,b88e3029f35c742df2689556a072fd7059fe6f862d69626c5d3c91f143eb34f9,96.36029,96.88293,544,False,unit fuzzy loss,success_build,True,True,aa62853a494a59a3b49a0803a5ed4d4d5e7bd2ca2a7a19f46a2873cb5965e68e,True,True,True,,unknown: historical snapshots lost
571,neighbor,"0,1,2,3,4,5,6,7,8,9,10,11,12,13,14,16,17,18,19,15,20,21,22",f3fe3cfa80d3d3aa2f3b78e6a40e533d2084a9589a6a42cee83627248af3e75d,0e25e6699d00f02fc8d4a130f8b2695ff2f8d3cd34cca7ee2f3dd7b8fa6b70d4,96.36029,96.88293,544,False,unit fuzzy loss,success_build,True,True,aa62853a494a59a3b49a0803a5ed4d4d5e7bd2ca2a7a19f46a2873cb5965e68e,True,True,True,,unknown: historical snapshots lost
572,neighbor,"0,1,2,3,4,5,6,7,8,9,10,11,12,13,14,16,17,18,19,20,15,21,22",9dbb9fc36fe6833e9b1f2084a2e15c7802bbf132b12d9900f474718e35747946,4b1098db6688f9daf3439d133ac39a14ddf1b5f12dd089f453d02b0a3a12524c,96.286766,96.87646,544,False,unit fuzzy loss,success_build,True,True,aa62853a494a59a3b49a0803a5ed4d4d5e7bd2ca2a7a19f46a2873cb5965e68e,True,True,True,,unknown: historical snapshots lost
573,neighbor,"0,1,2,3,4,5,6,7,8,9,10,11,12,13,14,16,17,18,19,20,21,15,22",ed951c77595f398045fbddb749baea626019ba2567d7a394ecca9e560595ad6d,a65136e65500a333fd36668f2f50debe81637994024d3ee6c1df0db542adb212,96.17647,96.86675,544,False,unit fuzzy loss,success_build,True,True,aa62853a494a59a3b49a0803a5ed4d4d5e7bd2ca2a7a19f46a2873cb5965e68e,True,True,True,,unknown: historical snapshots lost
574,neighbor,"0,1,2,3,4,5,6,7,8,9,10,11,12,13,14,16,17,18,19,20,21,22,15",7fd08b9cf5600633f59eefd78556fa6cd3c7db95d2d2a2a6c096c202da057ce0,2d93673332623bf34b8dc9ecbf788c90ce9e08d927e49d51444b9d4753ce9517,95.84559,96.83765,544,False,unit fuzzy loss,success_build,True,True,aa62853a494a59a3b49a0803a5ed4d4d5e7bd2ca2a7a19f46a2873cb5965e68e,True,True,True,,unknown: historical snapshots lost
575,neighbor,"16,0,1,2,3,4,5,6,7,8,9,10,11,12,13,14,15,17,18,19,20,21,22",56104c830edf7df4eaa2cea4f0bcbfceb73066ec3fcffc809032180f940ceb15,b8d1bdc306c9c60b9786f96913716812ae9721bb95753969821df5fa7f3d3a7c,96.76471,96.9185,544,True,,success_build,True,True,aa62853a494a59a3b49a0803a5ed4d4d5e7bd2ca2a7a19f46a2873cb5965e68e,True,True,True,,unknown: historical snapshots lost
576,neighbor,"0,16,1,2,3,4,5,6,7,8,9,10,11,12,13,14,15,17,18,19,20,21,22",37ec1a13f3ec1925c969f642bef978cfcde8ba498b80a2b40c928dc234809c9b,b8d1bdc306c9c60b9786f96913716812ae9721bb95753969821df5fa7f3d3a7c,96.76471,96.9185,544,True,,success_build,True,True,aa62853a494a59a3b49a0803a5ed4d4d5e7bd2ca2a7a19f46a2873cb5965e68e,True,True,True,,unknown: historical snapshots lost
577,neighbor,"0,1,16,2,3,4,5,6,7,8,9,10,11,12,13,14,15,17,18,19,20,21,22",f1511d3e8555b470263c766b22e997e6741aee4cd56a773159760f31ce6885ff,b8d1bdc306c9c60b9786f96913716812ae9721bb95753969821df5fa7f3d3a7c,96.76471,96.9185,544,True,,success_build,True,True,aa62853a494a59a3b49a0803a5ed4d4d5e7bd2ca2a7a19f46a2873cb5965e68e,True,True,True,,unknown: historical snapshots lost
578,neighbor,"0,1,2,16,3,4,5,6,7,8,9,10,11,12,13,14,15,17,18,19,20,21,22",3084cc0cf6b55faaaa6ebbc2d5361835208c2d9a2a7fa3f8924a19bb26bacb1f,b8d1bdc306c9c60b9786f96913716812ae9721bb95753969821df5fa7f3d3a7c,96.76471,96.9185,544,True,,success_build,True,True,aa62853a494a59a3b49a0803a5ed4d4d5e7bd2ca2a7a19f46a2873cb5965e68e,True,True,True,,unknown: historical snapshots lost
579,neighbor,"0,1,2,3,16,4,5,6,7,8,9,10,11,12,13,14,15,17,18,19,20,21,22",fa8015244c6149a0b6b80ac27ea708362c849ae3d13bc673f28ae6fcce850ffd,b8d1bdc306c9c60b9786f96913716812ae9721bb95753969821df5fa7f3d3a7c,96.76471,96.9185,544,True,,success_build,True,True,aa62853a494a59a3b49a0803a5ed4d4d5e7bd2ca2a7a19f46a2873cb5965e68e,True,True,True,,unknown: historical snapshots lost
580,neighbor,"0,1,2,3,4,16,5,6,7,8,9,10,11,12,13,14,15,17,18,19,20,21,22",5398fb537595cdebdcd8d6c135867f8eb499f62bd7c5456b93f6139b6ef0877c,b8d1bdc306c9c60b9786f96913716812ae9721bb95753969821df5fa7f3d3a7c,96.76471,96.9185,544,True,,success_build,True,True,aa62853a494a59a3b49a0803a5ed4d4d5e7bd2ca2a7a19f46a2873cb5965e68e,True,True,True,,unknown: historical snapshots lost
581,neighbor,"0,1,2,3,4,5,16,6,7,8,9,10,11,12,13,14,15,17,18,19,20,21,22",cff0498302188d6213e09c9738ef7a04f76afa07f3b688ea43c4e9ccacf8d5b7,b8d1bdc306c9c60b9786f96913716812ae9721bb95753969821df5fa7f3d3a7c,96.76471,96.9185,544,True,,success_build,True,True,aa62853a494a59a3b49a0803a5ed4d4d5e7bd2ca2a7a19f46a2873cb5965e68e,True,True,True,,unknown: historical snapshots lost
582,neighbor,"0,1,2,3,4,5,6,16,7,8,9,10,11,12,13,14,15,17,18,19,20,21,22",a4dcdaf74924ecb27339fa3e3a6a3cb02a85dfd31ebeaa78df6902319d5816f7,b8d1bdc306c9c60b9786f96913716812ae9721bb95753969821df5fa7f3d3a7c,96.76471,96.9185,544,True,,success_build,True,True,aa62853a494a59a3b49a0803a5ed4d4d5e7bd2ca2a7a19f46a2873cb5965e68e,True,True,True,,unknown: historical snapshots lost
583,neighbor,"0,1,2,3,4,5,6,7,16,8,9,10,11,12,13,14,15,17,18,19,20,21,22",0c1aba94c1d135f76a8a9a777fec9b2df57dbd8d1520a1da52ecd7b1d8f443cb,b8d1bdc306c9c60b9786f96913716812ae9721bb95753969821df5fa7f3d3a7c,96.76471,96.9185,544,True,,success_build,True,True,aa62853a494a59a3b49a0803a5ed4d4d5e7bd2ca2a7a19f46a2873cb5965e68e,True,True,True,,unknown: historical snapshots lost
584,neighbor,"0,1,2,3,4,5,6,7,8,16,9,10,11,12,13,14,15,17,18,19,20,21,22",70343e39e286d3127aa9aaa22288240bbf1be7a4ad59d1f0245d18f560b35705,b8d1bdc306c9c60b9786f96913716812ae9721bb95753969821df5fa7f3d3a7c,96.76471,96.9185,544,True,,success_build,True,True,aa62853a494a59a3b49a0803a5ed4d4d5e7bd2ca2a7a19f46a2873cb5965e68e,True,True,True,,unknown: historical snapshots lost
585,neighbor,"0,1,2,3,4,5,6,7,8,9,16,10,11,12,13,14,15,17,18,19,20,21,22",d551ad7a081984a17e8c3f929984fc866e35fa9e2ab4b590d52f751129a91a4d,b8d1bdc306c9c60b9786f96913716812ae9721bb95753969821df5fa7f3d3a7c,96.76471,96.9185,544,True,,success_build,True,True,aa62853a494a59a3b49a0803a5ed4d4d5e7bd2ca2a7a19f46a2873cb5965e68e,True,True,True,,unknown: historical snapshots lost
586,neighbor,"0,1,2,3,4,5,6,7,8,9,10,16,11,12,13,14,15,17,18,19,20,21,22",29c03b010ad3981547a3d4d377ce2cb4b871930f3e3df340186405bb4f47948f,b8d1bdc306c9c60b9786f96913716812ae9721bb95753969821df5fa7f3d3a7c,96.76471,96.9185,544,True,,success_build,True,True,aa62853a494a59a3b49a0803a5ed4d4d5e7bd2ca2a7a19f46a2873cb5965e68e,True,True,True,,unknown: historical snapshots lost
587,neighbor,"0,1,2,3,4,5,6,7,8,9,10,11,16,12,13,14,15,17,18,19,20,21,22",e97397218d419a4a8bc6d926663bc731f7e5a9ce400d75f189b3128eb4f1e8b9,b8d1bdc306c9c60b9786f96913716812ae9721bb95753969821df5fa7f3d3a7c,96.76471,96.9185,544,True,,success_build,True,True,aa62853a494a59a3b49a0803a5ed4d4d5e7bd2ca2a7a19f46a2873cb5965e68e,True,True,True,,unknown: historical snapshots lost
588,neighbor,"0,1,2,3,4,5,6,7,8,9,10,11,12,16,13,14,15,17,18,19,20,21,22",8bf97bd75a4b1723a4c3b43a22987b28ceac50545bb64a986f8bcd030c067d41,b8d1bdc306c9c60b9786f96913716812ae9721bb95753969821df5fa7f3d3a7c,96.76471,96.9185,544,True,,success_build,True,True,aa62853a494a59a3b49a0803a5ed4d4d5e7bd2ca2a7a19f46a2873cb5965e68e,True,True,True,,unknown: historical snapshots lost
589,neighbor,"0,1,2,3,4,5,6,7,8,9,10,11,12,13,16,14,15,17,18,19,20,21,22",35955e0792d59a1b749cd28fb0f8273cb2daa309a4897d6e3ae3ac96c2451a8e,b8d1bdc306c9c60b9786f96913716812ae9721bb95753969821df5fa7f3d3a7c,96.76471,96.9185,544,True,,success_build,True,True,aa62853a494a59a3b49a0803a5ed4d4d5e7bd2ca2a7a19f46a2873cb5965e68e,True,True,True,,unknown: historical snapshots lost
590,neighbor,"0,1,2,3,4,5,6,7,8,9,10,11,12,13,14,15,17,18,16,19,20,21,22",473ecb02ce4f10590f20b15f4126e724b80bbf7be24a3dbb1c11c0c87374dead,b8d1bdc306c9c60b9786f96913716812ae9721bb95753969821df5fa7f3d3a7c,96.76471,96.9185,544,True,,success_build,True,True,aa62853a494a59a3b49a0803a5ed4d4d5e7bd2ca2a7a19f46a2873cb5965e68e,True,True,True,,unknown: historical snapshots lost
591,neighbor,"0,1,2,3,4,5,6,7,8,9,10,11,12,13,14,15,17,18,19,16,20,21,22",d549926166a05bee109868871b963072463e60faa1984d5e3223fc5f3f29764f,b8d1bdc306c9c60b9786f96913716812ae9721bb95753969821df5fa7f3d3a7c,96.76471,96.9185,544,True,,success_build,True,True,aa62853a494a59a3b49a0803a5ed4d4d5e7bd2ca2a7a19f46a2873cb5965e68e,True,True,True,,unknown: historical snapshots lost
592,neighbor,"0,1,2,3,4,5,6,7,8,9,10,11,12,13,14,15,17,18,19,20,16,21,22",e7f4e451098bc1e9faeacbce39ac68765392406219a35cc801fff24b45698d91,b8d1bdc306c9c60b9786f96913716812ae9721bb95753969821df5fa7f3d3a7c,96.76471,96.9185,544,True,,success_build,True,True,aa62853a494a59a3b49a0803a5ed4d4d5e7bd2ca2a7a19f46a2873cb5965e68e,True,True,True,,unknown: historical snapshots lost
593,neighbor,"0,1,2,3,4,5,6,7,8,9,10,11,12,13,14,15,17,18,19,20,21,16,22",17651979197d532d9f083b53b76fe58f5fe097e3fbf1f89c7103f1d93c96815c,b8d1bdc306c9c60b9786f96913716812ae9721bb95753969821df5fa7f3d3a7c,96.76471,96.9185,544,True,,success_build,True,True,aa62853a494a59a3b49a0803a5ed4d4d5e7bd2ca2a7a19f46a2873cb5965e68e,True,True,True,,unknown: historical snapshots lost
594,neighbor,"0,1,2,3,4,5,6,7,8,9,10,11,12,13,14,15,17,18,19,20,21,22,16",02b0fd9a74e9a6a3a91c9bb26f29687a48fac6df3dbd26098a3f5a24f5196cb6,b8d1bdc306c9c60b9786f96913716812ae9721bb95753969821df5fa7f3d3a7c,96.76471,96.9185,544,True,,success_build,True,True,aa62853a494a59a3b49a0803a5ed4d4d5e7bd2ca2a7a19f46a2873cb5965e68e,True,True,True,,unknown: historical snapshots lost
595,neighbor,"17,0,1,2,3,4,5,6,7,8,9,10,11,12,13,14,15,16,18,19,20,21,22",008d3b2eaf9366cf6401cff0568dc66c85d1a0753fbbac91b197d39e488da11e,02ab4ceb9d893d57ff38c59c0681849f8b07e6218df639fa9c0e59055d48d41b,95.257355,96.7859,544,False,unit fuzzy loss,success_build,True,True,aa62853a494a59a3b49a0803a5ed4d4d5e7bd2ca2a7a19f46a2873cb5965e68e,True,True,True,,unknown: historical snapshots lost
596,neighbor,"0,17,1,2,3,4,5,6,7,8,9,10,11,12,13,14,15,16,18,19,20,21,22",caaca49d5ab41853d22a5d9726ef152a30c18023120dc9b35c00556b0d26b3f9,23c3363476b025df219909ff7dc7d6b5ea4d8a644a1c2a124df21edce34d77d7,93.93382,96.66947,544,False,unit fuzzy loss,success_build,True,True,aa62853a494a59a3b49a0803a5ed4d4d5e7bd2ca2a7a19f46a2873cb5965e68e,True,True,True,,unknown: historical snapshots lost
597,neighbor,"0,1,17,2,3,4,5,6,7,8,9,10,11,12,13,14,15,16,18,19,20,21,22",f7a9b0397787c628b94c69b0ceaf8815f7d297a636ee5d7f5a4d517b50432ac7,23c3363476b025df219909ff7dc7d6b5ea4d8a644a1c2a124df21edce34d77d7,93.93382,96.66947,544,False,unit fuzzy loss,success_build,True,True,aa62853a494a59a3b49a0803a5ed4d4d5e7bd2ca2a7a19f46a2873cb5965e68e,True,True,True,,unknown: historical snapshots lost
598,neighbor,"0,1,2,17,3,4,5,6,7,8,9,10,11,12,13,14,15,16,18,19,20,21,22",d63d5cb0aaffeeded09c52aa7b2c7837edca68407255d8bc9f6479f1fc81f9ff,23c3363476b025df219909ff7dc7d6b5ea4d8a644a1c2a124df21edce34d77d7,93.93382,96.66947,544,False,unit fuzzy loss,success_build,True,True,aa62853a494a59a3b49a0803a5ed4d4d5e7bd2ca2a7a19f46a2873cb5965e68e,True,True,True,,unknown: historical snapshots lost
599,neighbor,"0,1,2,3,17,4,5,6,7,8,9,10,11,12,13,14,15,16,18,19,20,21,22",5e021b300341b1a65256aba0edeee42dc4f38d9becc4b28949caa4fe7a335436,b2c619ee1d19ba6dcda219f84ce5cedf1f4d1071588950f69e25f4a534741cd2,95.55147,96.811775,544,False,unit fuzzy loss,success_build,True,True,aa62853a494a59a3b49a0803a5ed4d4d5e7bd2ca2a7a19f46a2873cb5965e68e,True,True,True,,unknown: historical snapshots lost
600,neighbor,"0,1,2,3,4,17,5,6,7,8,9,10,11,12,13,14,15,16,18,19,20,21,22",c273c1c141d67ee2926de4260a10f37867a1b16dd42a457a85b2b294ac4633a0,b2c619ee1d19ba6dcda219f84ce5cedf1f4d1071588950f69e25f4a534741cd2,95.55147,96.811775,544,False,unit fuzzy loss,success_build,True,True,aa62853a494a59a3b49a0803a5ed4d4d5e7bd2ca2a7a19f46a2873cb5965e68e,True,True,True,,unknown: historical snapshots lost
601,neighbor,"0,1,2,3,4,5,17,6,7,8,9,10,11,12,13,14,15,16,18,19,20,21,22",f28b6a568514e63fee395d767955246951a4d5520cf96fe17006fbab1e28fa51,78252dd39889b563ab47c716f11adebbf8f5866c2591faf4c2082bfc14be0932,95.661766,96.82147,544,False,unit fuzzy loss,success_build,True,True,aa62853a494a59a3b49a0803a5ed4d4d5e7bd2ca2a7a19f46a2873cb5965e68e,True,True,True,,unknown: historical snapshots lost
602,neighbor,"0,1,2,3,4,5,6,17,7,8,9,10,11,12,13,14,15,16,18,19,20,21,22",8c151cfc8674f46a11744d8972a98ec08910d0287a30d7ade78799ccde2207bc,9f55929da6213b053951ab4765e17cadbbb656d74a9c2e09029c0093d4164330,95.661766,96.82147,544,False,unit fuzzy loss,success_build,True,True,aa62853a494a59a3b49a0803a5ed4d4d5e7bd2ca2a7a19f46a2873cb5965e68e,True,True,True,,unknown: historical snapshots lost
603,neighbor,"0,1,2,3,4,5,6,7,17,8,9,10,11,12,13,14,15,16,18,19,20,21,22",ec8624f4ab40a47dd5aec61a252848ff592c78584b6b1fad130d185958e50d75,3921f8b6d4a2b52b14dfd81b030ce9d98002512241fdb9ac03369dd6b78404c4,95.661766,96.82147,544,False,unit fuzzy loss,success_build,True,True,aa62853a494a59a3b49a0803a5ed4d4d5e7bd2ca2a7a19f46a2873cb5965e68e,True,True,True,,unknown: historical snapshots lost
604,neighbor,"0,1,2,3,4,5,6,7,8,17,9,10,11,12,13,14,15,16,18,19,20,21,22",342b0775693458e5ab0807ad7badebf5d85081b3aa7b5c35286b48ac59897753,d551968da1356ccece8836fe7e3c6e1e3aa5b7d68192d5cb117cdb8a05f6d7d4,95.73529,96.82794,544,False,unit fuzzy loss,success_build,True,True,aa62853a494a59a3b49a0803a5ed4d4d5e7bd2ca2a7a19f46a2873cb5965e68e,True,True,True,,unknown: historical snapshots lost
605,neighbor,"0,1,2,3,4,5,6,7,8,9,17,10,11,12,13,14,15,16,18,19,20,21,22",50290a20aeeaecdaeaa84d56bea7433f80c3174a021e03e8b3d596e9b7623562,d551968da1356ccece8836fe7e3c6e1e3aa5b7d68192d5cb117cdb8a05f6d7d4,95.73529,96.82794,544,False,unit fuzzy loss,success_build,True,True,aa62853a494a59a3b49a0803a5ed4d4d5e7bd2ca2a7a19f46a2873cb5965e68e,True,True,True,,unknown: historical snapshots lost
606,neighbor,"0,1,2,3,4,5,6,7,8,9,10,17,11,12,13,14,15,16,18,19,20,21,22",bbaee348efa02c22d039e74ae923c39152b0fa21a55ae3cd7e27ddc4bec95130,d551968da1356ccece8836fe7e3c6e1e3aa5b7d68192d5cb117cdb8a05f6d7d4,95.73529,96.82794,544,False,unit fuzzy loss,success_build,True,True,aa62853a494a59a3b49a0803a5ed4d4d5e7bd2ca2a7a19f46a2873cb5965e68e,True,True,True,,unknown: historical snapshots lost
607,neighbor,"0,1,2,3,4,5,6,7,8,9,10,11,17,12,13,14,15,16,18,19,20,21,22",ed37c34e861aff7eaa84e26a6cc04f536bfc6a9cfe73741954adfe1cd6e18029,fded74855c4aa8bff023872a64f2bad4d5cd40af5aaf1835d3cb28a6cecfb3b5,95.992645,96.850586,544,False,unit fuzzy loss,success_build,True,True,aa62853a494a59a3b49a0803a5ed4d4d5e7bd2ca2a7a19f46a2873cb5965e68e,True,True,True,,unknown: historical snapshots lost
608,neighbor,"0,1,2,3,4,5,6,7,8,9,10,11,12,17,13,14,15,16,18,19,20,21,22",61161f28253546e8b52fcae93bd857755fe888ecdc90ba1e9c6e4afcfadda8cd,43be3fde6630a9c1d451efc397b0652239cb5372e36cb5a37a0521375b0d534e,96.213234,96.86999,544,False,unit fuzzy loss,success_build,True,True,aa62853a494a59a3b49a0803a5ed4d4d5e7bd2ca2a7a19f46a2873cb5965e68e,True,True,True,,unknown: historical snapshots lost
609,neighbor,"0,1,2,3,4,5,6,7,8,9,10,11,12,13,17,14,15,16,18,19,20,21,22",0c27e2cf72602cf61cd92b2cad3bd4ed842dcf59c017a535083f3106b62d867b,eeec21daa97d51cdb663eabffab9a97343acddce35b242a930e553a2ee53363a,96.43382,96.88939,544,False,unit fuzzy loss,success_build,True,True,aa62853a494a59a3b49a0803a5ed4d4d5e7bd2ca2a7a19f46a2873cb5965e68e,True,True,True,,unknown: historical snapshots lost
610,neighbor,"0,1,2,3,4,5,6,7,8,9,10,11,12,13,14,17,15,16,18,19,20,21,22",a99ca1995aa0acf062ce4170bbf96b7d62457efb741369d48e193b5c59dfabe3,eeec21daa97d51cdb663eabffab9a97343acddce35b242a930e553a2ee53363a,96.43382,96.88939,544,False,unit fuzzy loss,success_build,True,True,aa62853a494a59a3b49a0803a5ed4d4d5e7bd2ca2a7a19f46a2873cb5965e68e,True,True,True,,unknown: historical snapshots lost
611,neighbor,"0,1,2,3,4,5,6,7,8,9,10,11,12,13,14,15,16,18,19,17,20,21,22",be26969436e9aa87e7cf9c673d79591f0a00e3535c5618eb66a64bce391c9fa0,4fe52d9f87c3847410f25b17797eeeb41740df7e516d917910c2e9cff754249d,96.58088,96.90233,544,False,unit fuzzy loss,success_build,True,True,aa62853a494a59a3b49a0803a5ed4d4d5e7bd2ca2a7a19f46a2873cb5965e68e,True,True,True,,unknown: historical snapshots lost
612,neighbor,"0,1,2,3,4,5,6,7,8,9,10,11,12,13,14,15,16,18,19,20,17,21,22",17be76ed2ce87e1dd30e3954554f7d3653e87d71b039221c8d4850edee3dfc27,97678b41074b670041272884c41f75afea8fbd12e66ea10f7a362e6e30bbfcf5,96.507355,96.89586,544,False,unit fuzzy loss,success_build,True,True,aa62853a494a59a3b49a0803a5ed4d4d5e7bd2ca2a7a19f46a2873cb5965e68e,True,True,True,,unknown: historical snapshots lost
613,neighbor,"0,1,2,3,4,5,6,7,8,9,10,11,12,13,14,15,16,18,19,20,21,17,22",88b1e79b323c18368d4ed68e0e53755f3e52982875158e1efd3d1544069b9ed1,b126593b60885808a59c9de18477a3d4d4a928c920d031ff4aaaea4a18ece736,96.39706,96.886154,544,False,unit fuzzy loss,success_build,True,True,aa62853a494a59a3b49a0803a5ed4d4d5e7bd2ca2a7a19f46a2873cb5965e68e,True,True,True,,unknown: historical snapshots lost
614,neighbor,"0,1,2,3,4,5,6,7,8,9,10,11,12,13,14,15,16,18,19,20,21,22,17",5e16bfa0e62b1bca6cc000965355df128f98027e5d25a09f88305bf4138e29a6,905b183296bb37e5dbbda18e777c670d665f775cbed7cbdaf7fd0028c38c5c13,96.06618,96.85705,544,False,unit fuzzy loss,success_build,True,True,aa62853a494a59a3b49a0803a5ed4d4d5e7bd2ca2a7a19f46a2873cb5965e68e,True,True,True,,unknown: historical snapshots lost
615,neighbor,"18,0,1,2,3,4,5,6,7,8,9,10,11,12,13,14,15,16,17,19,20,21,22",ab0de83b281cb17dc7d471f7cf6c5ad59eeee3275f19b56f2dac85ea62321592,7b09bd40f965ca3f2275fb08540beafee711027355fa7b7853538b6d3a3c3a1a,95.18382,96.779434,544,False,unit fuzzy loss,success_build,True,True,aa62853a494a59a3b49a0803a5ed4d4d5e7bd2ca2a7a19f46a2873cb5965e68e,True,True,True,,unknown: historical snapshots lost
616,neighbor,"0,18,1,2,3,4,5,6,7,8,9,10,11,12,13,14,15,16,17,19,20,21,22",79a184a421902e9387597bf9f72ca040e0448801808186a8c32df0417649927f,6b85fe7f910ac3122d690ba41293f06daa32235dc243fafb348cdeb26e0bbb01,93.86029,96.663,544,False,unit fuzzy loss,success_build,True,True,aa62853a494a59a3b49a0803a5ed4d4d5e7bd2ca2a7a19f46a2873cb5965e68e,True,True,True,,unknown: historical snapshots lost
617,neighbor,"0,1,18,2,3,4,5,6,7,8,9,10,11,12,13,14,15,16,17,19,20,21,22",a678fc03569324222bd982989b831f631e8315ce7797b8442a3e9c0c9907ea52,6b85fe7f910ac3122d690ba41293f06daa32235dc243fafb348cdeb26e0bbb01,93.86029,96.663,544,False,unit fuzzy loss,success_build,True,True,aa62853a494a59a3b49a0803a5ed4d4d5e7bd2ca2a7a19f46a2873cb5965e68e,True,True,True,,unknown: historical snapshots lost
618,neighbor,"0,1,2,18,3,4,5,6,7,8,9,10,11,12,13,14,15,16,17,19,20,21,22",c0875bd8e050bb84dbcfbd04da1b5396a29101c461233fd7fb1bc8d45c51b58d,6b85fe7f910ac3122d690ba41293f06daa32235dc243fafb348cdeb26e0bbb01,93.86029,96.663,544,False,unit fuzzy loss,success_build,True,True,aa62853a494a59a3b49a0803a5ed4d4d5e7bd2ca2a7a19f46a2873cb5965e68e,True,True,True,,unknown: historical snapshots lost
619,neighbor,"0,1,2,3,18,4,5,6,7,8,9,10,11,12,13,14,15,16,17,19,20,21,22",0800c80f084c6cb9ffab545032cf24bf1eea604801c1a5fa61df3ac3b252e669,f5f10442112226ddf708aaf42db759e29b4243069fdb93a90bfc50eb31c549f4,95.47794,96.805305,544,False,unit fuzzy loss,success_build,True,True,aa62853a494a59a3b49a0803a5ed4d4d5e7bd2ca2a7a19f46a2873cb5965e68e,True,True,True,,unknown: historical snapshots lost
620,neighbor,"0,1,2,3,4,18,5,6,7,8,9,10,11,12,13,14,15,16,17,19,20,21,22",ef065da1081ba4715218598b8267c8d8b1703b8cc2f60c61fc93ee9f540e97f4,f5f10442112226ddf708aaf42db759e29b4243069fdb93a90bfc50eb31c549f4,95.47794,96.805305,544,False,unit fuzzy loss,success_build,True,True,aa62853a494a59a3b49a0803a5ed4d4d5e7bd2ca2a7a19f46a2873cb5965e68e,True,True,True,,unknown: historical snapshots lost
621,neighbor,"0,1,2,3,4,5,18,6,7,8,9,10,11,12,13,14,15,16,17,19,20,21,22",b9e42bbd792e6894216df4ee8e3c21a27353836f618caefe60933899149d2eae,d0320966e88449490b9a3322e9d4c0708c0d038861b72a1cafb5422bb91bbe25,95.588234,96.81501,544,False,unit fuzzy loss,success_build,True,True,aa62853a494a59a3b49a0803a5ed4d4d5e7bd2ca2a7a19f46a2873cb5965e68e,True,True,True,,unknown: historical snapshots lost
622,neighbor,"0,1,2,3,4,5,6,18,7,8,9,10,11,12,13,14,15,16,17,19,20,21,22",a6096538747e2953fa3da78005fa9fe86f6b292229403745ec31926a82864a6f,20fc3e15bb8f6bdc53df03c80e2a9536bf16cf5dab6cbee8ff639eab605ca223,95.588234,96.81501,544,False,unit fuzzy loss,success_build,True,True,aa62853a494a59a3b49a0803a5ed4d4d5e7bd2ca2a7a19f46a2873cb5965e68e,True,True,True,,unknown: historical snapshots lost
623,neighbor,"0,1,2,3,4,5,6,7,18,8,9,10,11,12,13,14,15,16,17,19,20,21,22",329583a775862fcd68c54985542104839c3411841105982d85f03d7a7e55925f,fe6142bf10af8d26f15303f36b5a82e96d4742b659c3369a256674e714b5682e,95.588234,96.81501,544,False,unit fuzzy loss,success_build,True,True,aa62853a494a59a3b49a0803a5ed4d4d5e7bd2ca2a7a19f46a2873cb5965e68e,True,True,True,,unknown: historical snapshots lost
624,neighbor,"0,1,2,3,4,5,6,7,8,18,9,10,11,12,13,14,15,16,17,19,20,21,22",3ed79eabaa97fd0c7f3e2c0abe2ce3685de4f7636f102192cf8c563c77e7dd83,3b2e286b61c4cb9bc121506817cec3d47b2146078ba18da52d5400b15dbfdfe4,95.661766,96.82147,544,False,unit fuzzy loss,success_build,True,True,aa62853a494a59a3b49a0803a5ed4d4d5e7bd2ca2a7a19f46a2873cb5965e68e,True,True,True,,unknown: historical snapshots lost
625,neighbor,"0,1,2,3,4,5,6,7,8,9,18,10,11,12,13,14,15,16,17,19,20,21,22",1355ebcf5f388668ebffdeac838f233c753bc3ebfaf089e9d27355f2bea582c1,3b2e286b61c4cb9bc121506817cec3d47b2146078ba18da52d5400b15dbfdfe4,95.661766,96.82147,544,False,unit fuzzy loss,success_build,True,True,aa62853a494a59a3b49a0803a5ed4d4d5e7bd2ca2a7a19f46a2873cb5965e68e,True,True,True,,unknown: historical snapshots lost
626,neighbor,"0,1,2,3,4,5,6,7,8,9,10,18,11,12,13,14,15,16,17,19,20,21,22",e5438c8dd2071219a82426ccd5d053da523b30b4e65fde844237a8d728237bc2,3b2e286b61c4cb9bc121506817cec3d47b2146078ba18da52d5400b15dbfdfe4,95.661766,96.82147,544,False,unit fuzzy loss,success_build,True,True,aa62853a494a59a3b49a0803a5ed4d4d5e7bd2ca2a7a19f46a2873cb5965e68e,True,True,True,,unknown: historical snapshots lost
627,neighbor,"0,1,2,3,4,5,6,7,8,9,10,11,18,12,13,14,15,16,17,19,20,21,22",2846a6f085150cafb90a90d0f27ffb91ade50f1354232bd7bd4da73a499c464e,656a2925c5fba970301cf0d7d3d80f5d1dc768e733babfe34b10bf40423852e5,95.91912,96.84412,544,False,unit fuzzy loss,success_build,True,True,aa62853a494a59a3b49a0803a5ed4d4d5e7bd2ca2a7a19f46a2873cb5965e68e,True,True,True,,unknown: historical snapshots lost
628,neighbor,"0,1,2,3,4,5,6,7,8,9,10,11,12,18,13,14,15,16,17,19,20,21,22",49187ce004579f6c16746dcd40b4a4d667150e65885ab1ff9aeb389eb92edf57,edc292c36d2ce554ac0cdc21373481514e905c681ecdff72360f2c54b8370787,96.13971,96.86352,544,False,unit fuzzy loss,success_build,True,True,aa62853a494a59a3b49a0803a5ed4d4d5e7bd2ca2a7a19f46a2873cb5965e68e,True,True,True,,unknown: historical snapshots lost
629,neighbor,"0,1,2,3,4,5,6,7,8,9,10,11,12,13,18,14,15,16,17,19,20,21,22",6bfeb95e76fb4caac336e84df7a19632419c1438e8292c4abe3716ad8546835a,f7c65085dd423daec2236a4b7dc2c5a1bd9e3e4cf84a34d78e234d5da7c9f25a,96.36029,96.88293,544,False,unit fuzzy loss,success_build,True,True,aa62853a494a59a3b49a0803a5ed4d4d5e7bd2ca2a7a19f46a2873cb5965e68e,True,True,True,,unknown: historical snapshots lost
630,neighbor,"0,1,2,3,4,5,6,7,8,9,10,11,12,13,14,18,15,16,17,19,20,21,22",a5062ab22cdaa75455abbdcc28b5c2c5a0d178d0516524698a4b8d3bee46c23c,f7c65085dd423daec2236a4b7dc2c5a1bd9e3e4cf84a34d78e234d5da7c9f25a,96.36029,96.88293,544,False,unit fuzzy loss,success_build,True,True,aa62853a494a59a3b49a0803a5ed4d4d5e7bd2ca2a7a19f46a2873cb5965e68e,True,True,True,,unknown: historical snapshots lost
631,neighbor,"0,1,2,3,4,5,6,7,8,9,10,11,12,13,14,15,18,16,17,19,20,21,22",9b3b5a4a165433dc623adf72ea9f83e8f5f3b02781c743363bd45cbcc8fcfcff,834ceadd718ff1928d820b3307b661fcfebca9ec4835fb347829dc9cfa377e9d,96.58088,96.90233,544,False,unit fuzzy loss,success_build,True,True,aa62853a494a59a3b49a0803a5ed4d4d5e7bd2ca2a7a19f46a2873cb5965e68e,True,True,True,,unknown: historical snapshots lost
632,neighbor,"0,1,2,3,4,5,6,7,8,9,10,11,12,13,14,15,16,17,19,20,18,21,22",6b4453b84a1bd1e6f73a71ada3264baa1621e8cf8091860a9423627ab42f9ad3,094efefb0a9bf90721de3dc008536385a7a8e5862ec7f18c59f80683730c5632,96.617645,96.90556,544,False,unit fuzzy loss,success_build,True,True,aa62853a494a59a3b49a0803a5ed4d4d5e7bd2ca2a7a19f46a2873cb5965e68e,True,True,True,,unknown: historical snapshots lost
633,neighbor,"0,1,2,3,4,5,6,7,8,9,10,11,12,13,14,15,16,17,19,20,21,18,22",fa0e36979d1096a9d3daaff61d1d178330b7cf4e300df0259128174a398a59bb,827218ed3c2a5cac18a5cdabd01fdd1ebf162ebb8cd7d0ad1892dae9ff5441e4,96.507355,96.89586,544,False,unit fuzzy loss,success_build,True,True,aa62853a494a59a3b49a0803a5ed4d4d5e7bd2ca2a7a19f46a2873cb5965e68e,True,True,True,,unknown: historical snapshots lost
634,neighbor,"0,1,2,3,4,5,6,7,8,9,10,11,12,13,14,15,16,17,19,20,21,22,18",6621667039de8c351105eefd3619cf1d66e6233bf75ef50ac221ad1f0d085d17,b68eafbc83a1b64d46c4a2e12359029b0fdb1ec4ca567d41c11dd3c0e1fd6eaa,96.17647,96.86675,544,False,unit fuzzy loss,success_build,True,True,aa62853a494a59a3b49a0803a5ed4d4d5e7bd2ca2a7a19f46a2873cb5965e68e,True,True,True,,unknown: historical snapshots lost
635,neighbor,"19,0,1,2,3,4,5,6,7,8,9,10,11,12,13,14,15,16,17,18,20,21,22",f283cbaa9ad8846046052edae387853493fdb206c9bcf53e93b703489a8e5c4a,4cff2b38b97df0ce08e51eff4af610390196fb82a05212308b99dc45d5c7161d,95.036766,96.766495,544,False,unit fuzzy loss,success_build,True,True,aa62853a494a59a3b49a0803a5ed4d4d5e7bd2ca2a7a19f46a2873cb5965e68e,True,True,True,,unknown: historical snapshots lost
636,neighbor,"0,19,1,2,3,4,5,6,7,8,9,10,11,12,13,14,15,16,17,18,20,21,22",bce6d39374db232acaee0e605382cb6177aa61d10778839d52831fcad4454b80,ce523adf5eac142421263ff2bc6890c32d07e307cf9989cd7f209c99e0bddcbf,95.22059,96.78266,544,False,unit fuzzy loss,success_build,True,True,aa62853a494a59a3b49a0803a5ed4d4d5e7bd2ca2a7a19f46a2873cb5965e68e,True,True,True,,unknown: historical snapshots lost
637,neighbor,"0,1,19,2,3,4,5,6,7,8,9,10,11,12,13,14,15,16,17,18,20,21,22",eb06c46db3ff4e4842a130b2af4c6fe05e3aec41055e32e1a3ac3eae077919e7,ce523adf5eac142421263ff2bc6890c32d07e307cf9989cd7f209c99e0bddcbf,95.22059,96.78266,544,False,unit fuzzy loss,success_build,True,True,aa62853a494a59a3b49a0803a5ed4d4d5e7bd2ca2a7a19f46a2873cb5965e68e,True,True,True,,unknown: historical snapshots lost
638,neighbor,"0,1,2,19,3,4,5,6,7,8,9,10,11,12,13,14,15,16,17,18,20,21,22",31363e278afa76a0801413eecd0a99f69d911a58401f2ada613780e338e01722,ce523adf5eac142421263ff2bc6890c32d07e307cf9989cd7f209c99e0bddcbf,95.22059,96.78266,544,False,unit fuzzy loss,success_build,True,True,aa62853a494a59a3b49a0803a5ed4d4d5e7bd2ca2a7a19f46a2873cb5965e68e,True,True,True,,unknown: historical snapshots lost
639,neighbor,"0,1,2,3,19,4,5,6,7,8,9,10,11,12,13,14,15,16,17,18,20,21,22",3934844952b497cc90be294746ce2098b3d18989687f02114b460ad68f8bc86c,e4bc226a9dff56c2c13be2495a6490b8d8dbacfd275ca10ff960c403c23c24a0,95.33088,96.792366,544,False,unit fuzzy loss,success_build,True,True,aa62853a494a59a3b49a0803a5ed4d4d5e7bd2ca2a7a19f46a2873cb5965e68e,True,True,True,,unknown: historical snapshots lost
640,neighbor,"0,1,2,3,4,19,5,6,7,8,9,10,11,12,13,14,15,16,17,18,20,21,22",cc3f18bc1e849fea0ae475cc045db5c4cf99644e734929fb07a284c586579ccb,e4bc226a9dff56c2c13be2495a6490b8d8dbacfd275ca10ff960c403c23c24a0,95.33088,96.792366,544,False,unit fuzzy loss,success_build,True,True,aa62853a494a59a3b49a0803a5ed4d4d5e7bd2ca2a7a19f46a2873cb5965e68e,True,True,True,,unknown: historical snapshots lost
641,neighbor,"0,1,2,3,4,5,19,6,7,8,9,10,11,12,13,14,15,16,17,18,20,21,22",8af64caa0fe47bb0141966937bd030572f060b00fa17d309ba029faa80d579fc,3383769b208d22f48b3477b75e114e17e7913ece595c0760b829eb382a7552a0,95.51471,96.80854,544,False,unit fuzzy loss,success_build,True,True,aa62853a494a59a3b49a0803a5ed4d4d5e7bd2ca2a7a19f46a2873cb5965e68e,True,True,True,,unknown: historical snapshots lost
642,neighbor,"0,1,2,3,4,5,6,19,7,8,9,10,11,12,13,14,15,16,17,18,20,21,22",588e8f3384261ed4687480e15a8e0a68cbbccec3260efdfb9bba633697e55d3e,d73e13fe850cb2666fffc28efed900a295c5e6e43e7ec0eafd2b3acff3e25d4f,95.882355,96.84088,544,False,unit fuzzy loss,success_build,True,True,aa62853a494a59a3b49a0803a5ed4d4d5e7bd2ca2a7a19f46a2873cb5965e68e,True,True,True,,unknown: historical snapshots lost
643,neighbor,"0,1,2,3,4,5,6,7,19,8,9,10,11,12,13,14,15,16,17,18,20,21,22",fec216bd08b4c606374b4a7cde8099e9028d2c14db270da0b4682930b763fe7f,e1373dda57655690b0a3e67488eb7753999065171734fb98748f3ff1be24be28,95.44118,96.80207,544,False,unit fuzzy loss,success_build,True,True,aa62853a494a59a3b49a0803a5ed4d4d5e7bd2ca2a7a19f46a2873cb5965e68e,True,True,True,,unknown: historical snapshots lost
644,neighbor,"0,1,2,3,4,5,6,7,8,19,9,10,11,12,13,14,15,16,17,18,20,21,22",fdba9921d38bb32fe655c381f7bb3c4d9bc443415e5008c7443dd0795b5c8ca6,959468fd501ef23076dbb09572d23b792474f739b1ade1ab3adc1f3f8157d6f4,95.51471,96.80854,544,False,unit fuzzy loss,success_build,True,True,aa62853a494a59a3b49a0803a5ed4d4d5e7bd2ca2a7a19f46a2873cb5965e68e,True,True,True,,unknown: historical snapshots lost
645,neighbor,"0,1,2,3,4,5,6,7,8,9,19,10,11,12,13,14,15,16,17,18,20,21,22",642385521f9799e3c82faeea66ef21ebf4de49c9b37db03244d05c59e3f3612f,959468fd501ef23076dbb09572d23b792474f739b1ade1ab3adc1f3f8157d6f4,95.51471,96.80854,544,False,unit fuzzy loss,success_build,True,True,aa62853a494a59a3b49a0803a5ed4d4d5e7bd2ca2a7a19f46a2873cb5965e68e,True,True,True,,unknown: historical snapshots lost
646,neighbor,"0,1,2,3,4,5,6,7,8,9,10,19,11,12,13,14,15,16,17,18,20,21,22",4a1ac9ac2503120d2cbbb1c778084a430fdbf1e28f9438d5541c3362f387b837,959468fd501ef23076dbb09572d23b792474f739b1ade1ab3adc1f3f8157d6f4,95.51471,96.80854,544,False,unit fuzzy loss,success_build,True,True,aa62853a494a59a3b49a0803a5ed4d4d5e7bd2ca2a7a19f46a2873cb5965e68e,True,True,True,,unknown: historical snapshots lost
647,neighbor,"0,1,2,3,4,5,6,7,8,9,10,11,19,12,13,14,15,16,17,18,20,21,22",c693406e25ca15ff815367d21d9f9dbb4b3fe21dede9cbb28935bc6db44bd020,9eb0273378dae903bb7174690169e1bb0c222effab982373cb60ab6a4824155d,95.77206,96.83118,544,False,unit fuzzy loss,success_build,True,True,aa62853a494a59a3b49a0803a5ed4d4d5e7bd2ca2a7a19f46a2873cb5965e68e,True,True,True,,unknown: historical snapshots lost
648,neighbor,"0,1,2,3,4,5,6,7,8,9,10,11,12,19,13,14,15,16,17,18,20,21,22",14261e17d6577da69248c42a8fdba0768ff1eb4a1730f144cfbabdade5dadafd,940b8da7cc6422430fdf61bd5d198d097d33e1ac67a68b039073f66fa5be47df,96.13971,96.86352,544,False,unit fuzzy loss,success_build,True,True,aa62853a494a59a3b49a0803a5ed4d4d5e7bd2ca2a7a19f46a2873cb5965e68e,True,True,True,,unknown: historical snapshots lost
649,neighbor,"0,1,2,3,4,5,6,7,8,9,10,11,12,13,19,14,15,16,17,18,20,21,22",463b466ecd79f9f68e5fbf6ce12cf66f99475b0c1e3f4f491213908d3349ead7,518b516f59a4529807f73c26bb0778378910c3f454afb66d60beb08d6bc35cb5,96.36029,96.88293,544,False,unit fuzzy loss,success_build,True,True,aa62853a494a59a3b49a0803a5ed4d4d5e7bd2ca2a7a19f46a2873cb5965e68e,True,True,True,,unknown: historical snapshots lost
650,neighbor,"0,1,2,3,4,5,6,7,8,9,10,11,12,13,14,19,15,16,17,18,20,21,22",1f6ef7fc9f9e3c067b9b54bcb6b22734991cb4f7f8a63341c46347b8046e503b,518b516f59a4529807f73c26bb0778378910c3f454afb66d60beb08d6bc35cb5,96.36029,96.88293,544,False,unit fuzzy loss,success_build,True,True,aa62853a494a59a3b49a0803a5ed4d4d5e7bd2ca2a7a19f46a2873cb5965e68e,True,True,True,,unknown: historical snapshots lost
651,neighbor,"0,1,2,3,4,5,6,7,8,9,10,11,12,13,14,15,19,16,17,18,20,21,22",bceb5704f4a85cadb15929c09bdb02f8734e2d4fb633818d3c0517968de4b116,a83f868be37dc6be2bde49f1261e5078f31f5935dc0b26d05052d45e08d714b8,96.58088,96.90233,544,False,unit fuzzy loss,success_build,True,True,aa62853a494a59a3b49a0803a5ed4d4d5e7bd2ca2a7a19f46a2873cb5965e68e,True,True,True,,unknown: historical snapshots lost
652,neighbor,"0,1,2,3,4,5,6,7,8,9,10,11,12,13,14,15,16,19,17,18,20,21,22",bfa4503320deedff2194a6eb7ae80eb92ef06960101965fc3c78f3b89b3c311e,a83f868be37dc6be2bde49f1261e5078f31f5935dc0b26d05052d45e08d714b8,96.58088,96.90233,544,False,unit fuzzy loss,success_build,True,True,aa62853a494a59a3b49a0803a5ed4d4d5e7bd2ca2a7a19f46a2873cb5965e68e,True,True,True,,unknown: historical snapshots lost
653,neighbor,"0,1,2,3,4,5,6,7,8,9,10,11,12,13,14,15,16,17,18,20,21,19,22",777e4b5ec1727ea8cfd3540ea2193add44c451eae9714f924b0d7a9a0d20b2e3,38ac489752e3a2fc09271dda8bf4814e5ee23c2d37fbccaedac8de898401a826,96.58088,96.90233,544,False,unit fuzzy loss,success_build,True,True,aa62853a494a59a3b49a0803a5ed4d4d5e7bd2ca2a7a19f46a2873cb5965e68e,True,True,True,,unknown: historical snapshots lost
654,neighbor,"0,1,2,3,4,5,6,7,8,9,10,11,12,13,14,15,16,17,18,20,21,22,19",a8410107ea94ddfe82e13287c4fa4883c78e0ef42127800715da50d65075b68d,3abbf92ebd52cf1a08c4321c7e87f1e1cd3f0f99b6bdba023b7f198de00aea1d,96.25,96.87322,544,False,unit fuzzy loss,success_build,True,True,aa62853a494a59a3b49a0803a5ed4d4d5e7bd2ca2a7a19f46a2873cb5965e68e,True,True,True,,unknown: historical snapshots lost
655,neighbor,"20,0,1,2,3,4,5,6,7,8,9,10,11,12,13,14,15,16,17,18,19,21,22",30f70762b4611a7d3dce091313bd00163d56e55ba6922a4219f0c6571dc772a2,7a26b04d0995657a31761f7734d5911b9c08642ec9744aa3027aba38307e17cb,93.41912,96.62419,544,False,unit fuzzy loss,success_build,True,True,aa62853a494a59a3b49a0803a5ed4d4d5e7bd2ca2a7a19f46a2873cb5965e68e,True,True,True,,unknown: historical snapshots lost
656,neighbor,"0,20,1,2,3,4,5,6,7,8,9,10,11,12,13,14,15,16,17,18,19,21,22",f9793fc35797b0effe96baf6dcd19679a0f6011c04f8af0d6d3a1337013525ba,7a26b04d0995657a31761f7734d5911b9c08642ec9744aa3027aba38307e17cb,93.41912,96.62419,544,False,unit fuzzy loss,success_build,True,True,aa62853a494a59a3b49a0803a5ed4d4d5e7bd2ca2a7a19f46a2873cb5965e68e,True,True,True,,unknown: historical snapshots lost
657,neighbor,"0,1,20,2,3,4,5,6,7,8,9,10,11,12,13,14,15,16,17,18,19,21,22",27fa445f2bf4ef445f065e07bad4af30cdba49119a2270908602462d89ee2150,7a26b04d0995657a31761f7734d5911b9c08642ec9744aa3027aba38307e17cb,93.41912,96.62419,544,False,unit fuzzy loss,success_build,True,True,aa62853a494a59a3b49a0803a5ed4d4d5e7bd2ca2a7a19f46a2873cb5965e68e,True,True,True,,unknown: historical snapshots lost
658,neighbor,"0,1,2,20,3,4,5,6,7,8,9,10,11,12,13,14,15,16,17,18,19,21,22",15932bd3db2672e72a3e9ff2ccbf177d3003937f744d65fe9781daa8dbe72481,7a26b04d0995657a31761f7734d5911b9c08642ec9744aa3027aba38307e17cb,93.41912,96.62419,544,False,unit fuzzy loss,success_build,True,True,aa62853a494a59a3b49a0803a5ed4d4d5e7bd2ca2a7a19f46a2873cb5965e68e,True,True,True,,unknown: historical snapshots lost
659,neighbor,"0,1,2,3,20,4,5,6,7,8,9,10,11,12,13,14,15,16,17,18,19,21,22",0c7c8f4925f089fc34deefc78b70613c9770fcc17aa48f8f9e4536e691e72e2b,7a26b04d0995657a31761f7734d5911b9c08642ec9744aa3027aba38307e17cb,93.41912,96.62419,544,False,unit fuzzy loss,success_build,True,True,aa62853a494a59a3b49a0803a5ed4d4d5e7bd2ca2a7a19f46a2873cb5965e68e,True,True,True,,unknown: historical snapshots lost
660,neighbor,"0,1,2,3,4,20,5,6,7,8,9,10,11,12,13,14,15,16,17,18,19,21,22",f456b1573570399521f7a9d81c2a43db11ad178b87a29f117a63ebdba51d10da,696c5671dac5266e3b2911638befff647a49576c39d392b564405accf4092fc2,94.77941,96.74386,544,False,unit fuzzy loss,success_build,True,True,aa62853a494a59a3b49a0803a5ed4d4d5e7bd2ca2a7a19f46a2873cb5965e68e,True,True,True,,unknown: historical snapshots lost
661,neighbor,"0,1,2,3,4,5,20,6,7,8,9,10,11,12,13,14,15,16,17,18,19,21,22",8d22d0c0ae9ca93990ce221c3b664728328ebc58dc7c1a56ee236f26ee5eb873,0833ccdb44773cdd6c74805ca590214c372bc2c8c07e96a043895778b2967f85,94.92647,96.75679,544,False,unit fuzzy loss,success_build,True,True,aa62853a494a59a3b49a0803a5ed4d4d5e7bd2ca2a7a19f46a2873cb5965e68e,True,True,True,,unknown: historical snapshots lost
662,neighbor,"0,1,2,3,4,5,6,20,7,8,9,10,11,12,13,14,15,16,17,18,19,21,22",1ff3c7214b98de87cb555c269aa6d611064529d2a2a44db9c69a3570ca5a193c,1ded1e40abe4276899c35da85cca30ae835125a1e6a93e32a227e3e37c349a81,95.33088,96.792366,544,False,unit fuzzy loss,success_build,True,True,aa62853a494a59a3b49a0803a5ed4d4d5e7bd2ca2a7a19f46a2873cb5965e68e,True,True,True,,unknown: historical snapshots lost
663,neighbor,"0,1,2,3,4,5,6,7,20,8,9,10,11,12,13,14,15,16,17,18,19,21,22",fc2609a8b58a550b6e46b2dba664bbbd04b3eb6281f1170d95a53cea4ec1b957,f6f15801b53ae49dd60d6ea1087b7daefe748d4fd7c8db9a961759be8e69dcf2,94.88971,96.753555,544,False,unit fuzzy loss,success_build,True,True,aa62853a494a59a3b49a0803a5ed4d4d5e7bd2ca2a7a19f46a2873cb5965e68e,True,True,True,,unknown: historical snapshots lost
664,neighbor,"0,1,2,3,4,5,6,7,8,20,9,10,11,12,13,14,15,16,17,18,19,21,22",d7f3a4348afc4e93fb22b5ecd8a66bf6f3c0a0353f4061f519002f2f888b63e9,17bbbc6949160a09718868e94980a8faf75126f22b082cfaa1383117941c0311,94.963234,96.760025,544,False,unit fuzzy loss,success_build,True,True,aa62853a494a59a3b49a0803a5ed4d4d5e7bd2ca2a7a19f46a2873cb5965e68e,True,True,True,,unknown: historical snapshots lost
665,neighbor,"0,1,2,3,4,5,6,7,8,9,20,10,11,12,13,14,15,16,17,18,19,21,22",664ba6da54cb67bfbb891f59a6e5ea35c068de5ae9c067d7544ccca49789e405,17bbbc6949160a09718868e94980a8faf75126f22b082cfaa1383117941c0311,94.963234,96.760025,544,False,unit fuzzy loss,success_build,True,True,aa62853a494a59a3b49a0803a5ed4d4d5e7bd2ca2a7a19f46a2873cb5965e68e,True,True,True,,unknown: historical snapshots lost
666,neighbor,"0,1,2,3,4,5,6,7,8,9,10,20,11,12,13,14,15,16,17,18,19,21,22",536364a8c1cdb9475ff3481b4fcd45bbe62a04e275616014a37107cb8bf1c2f6,17bbbc6949160a09718868e94980a8faf75126f22b082cfaa1383117941c0311,94.963234,96.760025,544,False,unit fuzzy loss,success_build,True,True,aa62853a494a59a3b49a0803a5ed4d4d5e7bd2ca2a7a19f46a2873cb5965e68e,True,True,True,,unknown: historical snapshots lost
667,neighbor,"0,1,2,3,4,5,6,7,8,9,10,11,20,12,13,14,15,16,17,18,19,21,22",e50bf90045c18045a6b67e29d6e4ff57843d84838c6e60fde85d26c815b54a94,564f0fb4bc19b54030c79c460219404bf9be5000a1a5fb766f96168ffe1b5e51,95.22059,96.78266,544,False,unit fuzzy loss,success_build,True,True,aa62853a494a59a3b49a0803a5ed4d4d5e7bd2ca2a7a19f46a2873cb5965e68e,True,True,True,,unknown: historical snapshots lost
668,neighbor,"0,1,2,3,4,5,6,7,8,9,10,11,12,20,13,14,15,16,17,18,19,21,22",7a85693a2fc1827332ac040826a398b3c726b71a70b2b1e18251b4ecced726ab,04f32093c708f432b128886a35eb41b7675a8b03fd1544660bfe11ba43df49c2,96.10294,96.86028,544,False,unit fuzzy loss,success_build,True,True,aa62853a494a59a3b49a0803a5ed4d4d5e7bd2ca2a7a19f46a2873cb5965e68e,True,True,True,,unknown: historical snapshots lost
669,neighbor,"0,1,2,3,4,5,6,7,8,9,10,11,12,13,20,14,15,16,17,18,19,21,22",b2cde5e0aaa100e6773f18abe9176fa5697a85cbb670c512d122a40dfe5a1c2a,3126b77838daeaa51114cfb92e3e78486d443ac778059f742ac7f6769b724e0e,96.32353,96.87969,544,False,unit fuzzy loss,success_build,True,True,aa62853a494a59a3b49a0803a5ed4d4d5e7bd2ca2a7a19f46a2873cb5965e68e,True,True,True,,unknown: historical snapshots lost
670,neighbor,"0,1,2,3,4,5,6,7,8,9,10,11,12,13,14,20,15,16,17,18,19,21,22",b57062efdcd9517c433f08e47eaf92f61e18e4c37bc495ebe1974d20e5c81dbc,3126b77838daeaa51114cfb92e3e78486d443ac778059f742ac7f6769b724e0e,96.32353,96.87969,544,False,unit fuzzy loss,success_build,True,True,aa62853a494a59a3b49a0803a5ed4d4d5e7bd2ca2a7a19f46a2873cb5965e68e,True,True,True,,unknown: historical snapshots lost
671,neighbor,"0,1,2,3,4,5,6,7,8,9,10,11,12,13,14,15,20,16,17,18,19,21,22",4dbf4440ca023731d740df09cdf3baa8e85dc1c6eecfa6fd8e74a0c93e622bb2,d9d68bdac89f61b53fb167057788ae0d5b4fff818288b28512fecb8608ffeb9e,96.54412,96.89909,544,False,unit fuzzy loss,success_build,True,True,aa62853a494a59a3b49a0803a5ed4d4d5e7bd2ca2a7a19f46a2873cb5965e68e,True,True,True,,unknown: historical snapshots lost
672,neighbor,"0,1,2,3,4,5,6,7,8,9,10,11,12,13,14,15,16,20,17,18,19,21,22",dc90cbc60e3e173258cccd17962b2e324e2b733b4aba953037a8a37d5b01e889,d9d68bdac89f61b53fb167057788ae0d5b4fff818288b28512fecb8608ffeb9e,96.54412,96.89909,544,False,unit fuzzy loss,success_build,True,True,aa62853a494a59a3b49a0803a5ed4d4d5e7bd2ca2a7a19f46a2873cb5965e68e,True,True,True,,unknown: historical snapshots lost
673,neighbor,"0,1,2,3,4,5,6,7,8,9,10,11,12,13,14,15,16,17,20,18,19,21,22",8ae6b9a88437b062bc775e60f4b36d641faf08218114aa9cb82ffc9ffecc8c24,a38cb64c547a01bcd53b9310889eb9a3b6d24a274c155a151db6febcab70b241,96.65441,96.9088,544,False,unit fuzzy loss,success_build,True,True,aa62853a494a59a3b49a0803a5ed4d4d5e7bd2ca2a7a19f46a2873cb5965e68e,True,True,True,,unknown: historical snapshots lost
674,neighbor,"0,1,2,3,4,5,6,7,8,9,10,11,12,13,14,15,16,17,18,19,21,22,20",ff16864dfc9b61c2eb0b9bf2745d65fc6f0ded42acf2c8f4ae1cccea439ba02d,97bf72e4781dcd80a4e683efc7fba0fe1922975f518f808715fdd0d631f716ea,96.25,96.87322,544,False,unit fuzzy loss,success_build,True,True,aa62853a494a59a3b49a0803a5ed4d4d5e7bd2ca2a7a19f46a2873cb5965e68e,True,True,True,,unknown: historical snapshots lost
675,neighbor,"21,0,1,2,3,4,5,6,7,8,9,10,11,12,13,14,15,16,17,18,19,20,22",334cfd9047fcaf0aaf72c84f3c2f3463887ccc3eb0e27cdc762705c2f1abb570,7b8246c26dff80c314614c965c8304817a2477e7aa75de9bab5f324a5c410689,94.30147,96.70181,544,False,unit fuzzy loss,success_build,True,True,aa62853a494a59a3b49a0803a5ed4d4d5e7bd2ca2a7a19f46a2873cb5965e68e,True,True,True,,unknown: historical snapshots lost
676,neighbor,"0,21,1,2,3,4,5,6,7,8,9,10,11,12,13,14,15,16,17,18,19,20,22",2c39fdebe248445cff99c88a4fc323e9ced64b494af17f38f659a48d833f84a0,ca01e1f7306d804e119255c43b09b1b721f84705a8116a291c97f8b955ed0b24,94.48529,96.71798,544,False,unit fuzzy loss,success_build,True,True,aa62853a494a59a3b49a0803a5ed4d4d5e7bd2ca2a7a19f46a2873cb5965e68e,True,True,True,,unknown: historical snapshots lost
677,neighbor,"0,1,21,2,3,4,5,6,7,8,9,10,11,12,13,14,15,16,17,18,19,20,22",927b62a31e5204b91ac06b1e1e2c3f13cd4de1c7d4f77bee3fc489bc8c58fcc4,ca01e1f7306d804e119255c43b09b1b721f84705a8116a291c97f8b955ed0b24,94.48529,96.71798,544,False,unit fuzzy loss,success_build,True,True,aa62853a494a59a3b49a0803a5ed4d4d5e7bd2ca2a7a19f46a2873cb5965e68e,True,True,True,,unknown: historical snapshots lost
678,neighbor,"0,1,2,21,3,4,5,6,7,8,9,10,11,12,13,14,15,16,17,18,19,20,22",b1ddcd45cb8ae2aacd400304182ec0aec5b0a3a1c0142c4d5e83c7e6ebf4ba19,ca01e1f7306d804e119255c43b09b1b721f84705a8116a291c97f8b955ed0b24,94.48529,96.71798,544,False,unit fuzzy loss,success_build,True,True,aa62853a494a59a3b49a0803a5ed4d4d5e7bd2ca2a7a19f46a2873cb5965e68e,True,True,True,,unknown: historical snapshots lost
679,neighbor,"0,1,2,3,21,4,5,6,7,8,9,10,11,12,13,14,15,16,17,18,19,20,22",7bfc17d0c5289f9bdde99bcafbc052c7374e488a7b21b7b783a309c49390696d,2717722f4c1f6ad2c4044129aa68f71248ab40c7c0bc350ae37ad0a9fbe9cdbd,94.59559,96.727684,544,False,unit fuzzy loss,success_build,True,True,aa62853a494a59a3b49a0803a5ed4d4d5e7bd2ca2a7a19f46a2873cb5965e68e,True,True,True,,unknown: historical snapshots lost
680,neighbor,"0,1,2,3,4,21,5,6,7,8,9,10,11,12,13,14,15,16,17,18,19,20,22",41d13b01c60f4abc2d00968d0b9415c5a7bf189f65104412cac071fcadcf53ac,2717722f4c1f6ad2c4044129aa68f71248ab40c7c0bc350ae37ad0a9fbe9cdbd,94.59559,96.727684,544,False,unit fuzzy loss,success_build,True,True,aa62853a494a59a3b49a0803a5ed4d4d5e7bd2ca2a7a19f46a2873cb5965e68e,True,True,True,,unknown: historical snapshots lost
681,neighbor,"0,1,2,3,4,5,21,6,7,8,9,10,11,12,13,14,15,16,17,18,19,20,22",9cab90528aa0a6f6134c3f7aa1b1ef6160c2f0f2162fbd69bacf9a6c02e950b7,91b5075c91e6749414691ba20277840f29fd0e634164316d2742c532152eea07,94.70588,96.73739,544,False,unit fuzzy loss,success_build,True,True,aa62853a494a59a3b49a0803a5ed4d4d5e7bd2ca2a7a19f46a2873cb5965e68e,True,True,True,,unknown: historical snapshots lost
682,neighbor,"0,1,2,3,4,5,6,21,7,8,9,10,11,12,13,14,15,16,17,18,19,20,22",ae8ef09f6d66778e628b4ebc16940af51feda8119b7060083bc2eb8898cf290f,45fe8a380b7223f28e0828392f2d71ae67337e355951e80eaed4e5d2ba832342,95.14706,96.7762,544,False,unit fuzzy loss,success_build,True,True,aa62853a494a59a3b49a0803a5ed4d4d5e7bd2ca2a7a19f46a2873cb5965e68e,True,True,True,,unknown: historical snapshots lost
683,neighbor,"0,1,2,3,4,5,6,7,21,8,9,10,11,12,13,14,15,16,17,18,19,20,22",7b8587b5a178168715b2a705a58780ea10253fb793c3f51b36657f9798bfd146,8619c8033233bff95de106be9b02ed3f19bbc851c27c6abc9676f506f3fe79ad,94.70588,96.73739,544,False,unit fuzzy loss,success_build,True,True,aa62853a494a59a3b49a0803a5ed4d4d5e7bd2ca2a7a19f46a2873cb5965e68e,True,True,True,,unknown: historical snapshots lost
684,neighbor,"0,1,2,3,4,5,6,7,8,21,9,10,11,12,13,14,15,16,17,18,19,20,22",c821d913c8eeca24a200c3ed218960d0678196a77017f5ac9736a483d5523777,e8b262e5070948472c14f6aa2fa0876bdf2528fcc265c43295ae59682e192095,94.77941,96.74386,544,False,unit fuzzy loss,success_build,True,True,aa62853a494a59a3b49a0803a5ed4d4d5e7bd2ca2a7a19f46a2873cb5965e68e,True,True,True,,unknown: historical snapshots lost
685,neighbor,"0,1,2,3,4,5,6,7,8,9,21,10,11,12,13,14,15,16,17,18,19,20,22",fc4acb8be87c3384fb7f271318381fa08e1c8f4ff65b1a7c3ad55b22cffbc728,e8b262e5070948472c14f6aa2fa0876bdf2528fcc265c43295ae59682e192095,94.77941,96.74386,544,False,unit fuzzy loss,success_build,True,True,aa62853a494a59a3b49a0803a5ed4d4d5e7bd2ca2a7a19f46a2873cb5965e68e,True,True,True,,unknown: historical snapshots lost
686,neighbor,"0,1,2,3,4,5,6,7,8,9,10,21,11,12,13,14,15,16,17,18,19,20,22",f2773750a73f074123c98b5a3701a9c150632d35ff0fb29d542a69cd1c59f1b2,e8b262e5070948472c14f6aa2fa0876bdf2528fcc265c43295ae59682e192095,94.77941,96.74386,544,False,unit fuzzy loss,success_build,True,True,aa62853a494a59a3b49a0803a5ed4d4d5e7bd2ca2a7a19f46a2873cb5965e68e,True,True,True,,unknown: historical snapshots lost
687,neighbor,"0,1,2,3,4,5,6,7,8,9,10,11,21,12,13,14,15,16,17,18,19,20,22",22d383df9c09ffe2b28e57c4edd0fe6cfd42b5dcecb752b2909753806daaa701,736737da9544833c0fdf7cde2c2a7d1584607ad92eb31a4c0f50d14cb6f88a83,95.036766,96.766495,544,False,unit fuzzy loss,success_build,True,True,aa62853a494a59a3b49a0803a5ed4d4d5e7bd2ca2a7a19f46a2873cb5965e68e,True,True,True,,unknown: historical snapshots lost
688,neighbor,"0,1,2,3,4,5,6,7,8,9,10,11,12,21,13,14,15,16,17,18,19,20,22",87b88c30cac70022ad2047fb20c21cf28b9f2492d66c518d26da388b6b47036d,80b84aa79a922fd94ff56d32f99315e2689ebc75ce2cc12c1588e228a35e5c9f,95.992645,96.850586,544,False,unit fuzzy loss,success_build,True,True,aa62853a494a59a3b49a0803a5ed4d4d5e7bd2ca2a7a19f46a2873cb5965e68e,True,True,True,,unknown: historical snapshots lost
689,neighbor,"0,1,2,3,4,5,6,7,8,9,10,11,12,13,21,14,15,16,17,18,19,20,22",07ee3d06355a55f1cabb759d67dceda3164bd7a006c1a2fa48828549f2cf5111,1b406a703f51e52eab851cd9f4737c2bc9d5bdd63827fd38e017681bd192e37e,96.213234,96.86999,544,False,unit fuzzy loss,success_build,True,True,aa62853a494a59a3b49a0803a5ed4d4d5e7bd2ca2a7a19f46a2873cb5965e68e,True,True,True,,unknown: historical snapshots lost
690,neighbor,"0,1,2,3,4,5,6,7,8,9,10,11,12,13,14,21,15,16,17,18,19,20,22",94141eebd794e41a702c177d937e3f7033926f5e3fc985416a6c05a254742792,1b406a703f51e52eab851cd9f4737c2bc9d5bdd63827fd38e017681bd192e37e,96.213234,96.86999,544,False,unit fuzzy loss,success_build,True,True,aa62853a494a59a3b49a0803a5ed4d4d5e7bd2ca2a7a19f46a2873cb5965e68e,True,True,True,,unknown: historical snapshots lost
691,neighbor,"0,1,2,3,4,5,6,7,8,9,10,11,12,13,14,15,21,16,17,18,19,20,22",f32348c72f7378b160ece551cdea9d9d609d1a76b4fa4e4d0ce26ddbecb2e946,ed938932592f7106396454b33a6a0ea44ccd24cbcdc0d9796344ab6339477206,96.43382,96.88939,544,False,unit fuzzy loss,success_build,True,True,aa62853a494a59a3b49a0803a5ed4d4d5e7bd2ca2a7a19f46a2873cb5965e68e,True,True,True,,unknown: historical snapshots lost
692,neighbor,"0,1,2,3,4,5,6,7,8,9,10,11,12,13,14,15,16,21,17,18,19,20,22",8f8cccdc7e0aa8d55db35833d0e0bf1716ea14526c3812e7629e55ea3e34dae1,ed938932592f7106396454b33a6a0ea44ccd24cbcdc0d9796344ab6339477206,96.43382,96.88939,544,False,unit fuzzy loss,success_build,True,True,aa62853a494a59a3b49a0803a5ed4d4d5e7bd2ca2a7a19f46a2873cb5965e68e,True,True,True,,unknown: historical snapshots lost
693,neighbor,"0,1,2,3,4,5,6,7,8,9,10,11,12,13,14,15,16,17,21,18,19,20,22",f08f0ab003e5e19cd4542997e256e29874a07b0e09452de35f7bb1d14770677c,0f3ee40447677bc4d8b0b7f9f8f5ec79380636fd853c54290ec5dbc83f2ad96f,96.54412,96.89909,544,False,unit fuzzy loss,success_build,True,True,aa62853a494a59a3b49a0803a5ed4d4d5e7bd2ca2a7a19f46a2873cb5965e68e,True,True,True,,unknown: historical snapshots lost
694,neighbor,"0,1,2,3,4,5,6,7,8,9,10,11,12,13,14,15,16,17,18,21,19,20,22",d3c24797bfc448b776b3bac2804fd7874c2361b8562c4b82b4c66f9b8af78a48,90ffbb1b8953b4b6c99f0dcd93657d50adf276c2f19b100f3bb72c59d760f81f,96.617645,96.90556,544,False,unit fuzzy loss,success_build,True,True,aa62853a494a59a3b49a0803a5ed4d4d5e7bd2ca2a7a19f46a2873cb5965e68e,True,True,True,,unknown: historical snapshots lost
695,neighbor,"22,0,1,2,3,4,5,6,7,8,9,10,11,12,13,14,15,16,17,18,19,20,21",5b9dfc3af68db7db5652e4b5954ca8c745c00203e3bcaf4837956a04e4efbbff,bbcffdcad3af8f713d7d1f34b35ea607085b7b4e223ff0055ceae7822af2dbbd,91.507355,96.45602,544,False,unit fuzzy loss,success_build,True,True,aa62853a494a59a3b49a0803a5ed4d4d5e7bd2ca2a7a19f46a2873cb5965e68e,True,True,True,,unknown: historical snapshots lost
696,neighbor,"0,22,1,2,3,4,5,6,7,8,9,10,11,12,13,14,15,16,17,18,19,20,21",fe2ae0a64b3f302d7b9bb5686997329c910ab3cf136c4057fb00c03dd77d03a1,bbcffdcad3af8f713d7d1f34b35ea607085b7b4e223ff0055ceae7822af2dbbd,91.507355,96.45602,544,False,unit fuzzy loss,success_build,True,True,aa62853a494a59a3b49a0803a5ed4d4d5e7bd2ca2a7a19f46a2873cb5965e68e,True,True,True,,unknown: historical snapshots lost
697,neighbor,"0,1,22,2,3,4,5,6,7,8,9,10,11,12,13,14,15,16,17,18,19,20,21",9726efae0d68b16ed3244eae45831a1f5149ed6c93b898c9857738e8b6e91eb1,bbcffdcad3af8f713d7d1f34b35ea607085b7b4e223ff0055ceae7822af2dbbd,91.507355,96.45602,544,False,unit fuzzy loss,success_build,True,True,aa62853a494a59a3b49a0803a5ed4d4d5e7bd2ca2a7a19f46a2873cb5965e68e,True,True,True,,unknown: historical snapshots lost
698,neighbor,"0,1,2,22,3,4,5,6,7,8,9,10,11,12,13,14,15,16,17,18,19,20,21",58730f28a5257caa7035af054a8967d21b018db2dbf160644ab0ab636204eb4e,bbcffdcad3af8f713d7d1f34b35ea607085b7b4e223ff0055ceae7822af2dbbd,91.507355,96.45602,544,False,unit fuzzy loss,success_build,True,True,aa62853a494a59a3b49a0803a5ed4d4d5e7bd2ca2a7a19f46a2873cb5965e68e,True,True,True,,unknown: historical snapshots lost
699,neighbor,"0,1,2,3,22,4,5,6,7,8,9,10,11,12,13,14,15,16,17,18,19,20,21",8a3f8b40c16531a129cadb75aefde23ad62422aff92b0d60e6d3cdc1666b8067,bbcffdcad3af8f713d7d1f34b35ea607085b7b4e223ff0055ceae7822af2dbbd,91.507355,96.45602,544,False,unit fuzzy loss,success_build,True,True,aa62853a494a59a3b49a0803a5ed4d4d5e7bd2ca2a7a19f46a2873cb5965e68e,True,True,True,,unknown: historical snapshots lost
700,neighbor,"0,1,2,3,4,22,5,6,7,8,9,10,11,12,13,14,15,16,17,18,19,20,21",559dff084dae31037a8b0f13f71d3e1e279a3efa9ff4333fec74005209957a9d,c2d4fc2d014cf483966c9dca6453991e95b132f6940007406f4d7a044a7fc24a,94.117645,96.68564,544,False,unit fuzzy loss,success_build,True,True,aa62853a494a59a3b49a0803a5ed4d4d5e7bd2ca2a7a19f46a2873cb5965e68e,True,True,True,,unknown: historical snapshots lost
701,neighbor,"0,1,2,3,4,5,22,6,7,8,9,10,11,12,13,14,15,16,17,18,19,20,21",b2b61fef7210b10f79f595884864570d4f804a31b6f3ffd3d1711a7503048df8,4560d517c3d04ca9da4ecf2b4042d07a8d972599323d1eb7ae1acf2aa636f00d,94.22794,96.69534,544,False,unit fuzzy loss,success_build,True,True,aa62853a494a59a3b49a0803a5ed4d4d5e7bd2ca2a7a19f46a2873cb5965e68e,True,True,True,,unknown: historical snapshots lost
702,neighbor,"0,1,2,3,4,5,6,22,7,8,9,10,11,12,13,14,15,16,17,18,19,20,21",4360ef6a4b6b15c159bf71700136c15f0a70282cb7c26c465c0b099f6c3909ae,28aa8bfedfa064dcc252fa7418ced5996a94e9ce2762fe3f7f905054aabefe61,94.66912,96.73415,544,False,unit fuzzy loss,success_build,True,True,aa62853a494a59a3b49a0803a5ed4d4d5e7bd2ca2a7a19f46a2873cb5965e68e,True,True,True,,unknown: historical snapshots lost
703,neighbor,"0,1,2,3,4,5,6,7,22,8,9,10,11,12,13,14,15,16,17,18,19,20,21",fa21f73a2fe0167f67e019a4c7ee94f3c850e882754265133c2675cdd8947fd1,ee2947788b8d30940a71da7779c7912ee3755640b8c0742e8696f2502d896249,94.22794,96.69534,544,False,unit fuzzy loss,success_build,True,True,aa62853a494a59a3b49a0803a5ed4d4d5e7bd2ca2a7a19f46a2873cb5965e68e,True,True,True,,unknown: historical snapshots lost
704,neighbor,"0,1,2,3,4,5,6,7,8,22,9,10,11,12,13,14,15,16,17,18,19,20,21",845942b2a9381300d8992ac1bcf4754813823f9a79187992822bf640e1b21634,a7e9a58d8930664ea462c46813d8f6a599c75a11b007c62eb00b39e8b7bce3e0,94.30147,96.70181,544,False,unit fuzzy loss,success_build,True,True,aa62853a494a59a3b49a0803a5ed4d4d5e7bd2ca2a7a19f46a2873cb5965e68e,True,True,True,,unknown: historical snapshots lost
705,neighbor,"0,1,2,3,4,5,6,7,8,9,22,10,11,12,13,14,15,16,17,18,19,20,21",e2e79d322691973eb7c80ca8165e6e59e82ccf50a6b1d47ca7a68983c8ecf610,a7e9a58d8930664ea462c46813d8f6a599c75a11b007c62eb00b39e8b7bce3e0,94.30147,96.70181,544,False,unit fuzzy loss,success_build,True,True,aa62853a494a59a3b49a0803a5ed4d4d5e7bd2ca2a7a19f46a2873cb5965e68e,True,True,True,,unknown: historical snapshots lost
706,neighbor,"0,1,2,3,4,5,6,7,8,9,10,22,11,12,13,14,15,16,17,18,19,20,21",70074d48e84bde9c0149833834f0ed379bf71a7d94961c001bc4099825c6b460,a7e9a58d8930664ea462c46813d8f6a599c75a11b007c62eb00b39e8b7bce3e0,94.30147,96.70181,544,False,unit fuzzy loss,success_build,True,True,aa62853a494a59a3b49a0803a5ed4d4d5e7bd2ca2a7a19f46a2873cb5965e68e,True,True,True,,unknown: historical snapshots lost
707,neighbor,"0,1,2,3,4,5,6,7,8,9,10,11,22,12,13,14,15,16,17,18,19,20,21",fc37ea4b7fd1f1cf92dec39ef2fd14240184fa210efee1be55122d9fef99f88f,cfae1573a854ded3ce09811e83fe69b51eed57dcb55acf4d9d3d3b80ab612e05,94.55882,96.72445,544,False,unit fuzzy loss,success_build,True,True,aa62853a494a59a3b49a0803a5ed4d4d5e7bd2ca2a7a19f46a2873cb5965e68e,True,True,True,,unknown: historical snapshots lost
708,neighbor,"0,1,2,3,4,5,6,7,8,9,10,11,12,22,13,14,15,16,17,18,19,20,21",99e6af9e4d87bcddf2698d4bb538cbc096b313bac4cb2e1485ce72714dec0c8b,12b554b077cd955bbf4f258d84968401a3ba4a07814400023ba7f2da5cf66114,95.661766,96.82147,544,False,unit fuzzy loss,success_build,True,True,aa62853a494a59a3b49a0803a5ed4d4d5e7bd2ca2a7a19f46a2873cb5965e68e,True,True,True,,unknown: historical snapshots lost
709,neighbor,"0,1,2,3,4,5,6,7,8,9,10,11,12,13,22,14,15,16,17,18,19,20,21",7928a6355016f674f70ac38f0289feda475ae4f1c72943bd035f65de6bab59dc,74c65a5061b7896faa528cb6905c64c2021d754e1312024978bcc0486e99473f,95.882355,96.84088,544,False,unit fuzzy loss,success_build,True,True,aa62853a494a59a3b49a0803a5ed4d4d5e7bd2ca2a7a19f46a2873cb5965e68e,True,True,True,,unknown: historical snapshots lost
710,neighbor,"0,1,2,3,4,5,6,7,8,9,10,11,12,13,14,22,15,16,17,18,19,20,21",86c841871bdf3b6f06a90ac7fd62a043358031b7bae4d709a39a5fd0e84f764b,74c65a5061b7896faa528cb6905c64c2021d754e1312024978bcc0486e99473f,95.882355,96.84088,544,False,unit fuzzy loss,success_build,True,True,aa62853a494a59a3b49a0803a5ed4d4d5e7bd2ca2a7a19f46a2873cb5965e68e,True,True,True,,unknown: historical snapshots lost
711,neighbor,"0,1,2,3,4,5,6,7,8,9,10,11,12,13,14,15,22,16,17,18,19,20,21",757bcb039460f481651871e31421c10d8cc70dbf0ad6a6bf46a63ada3faeb9c7,5431262a3da0286d3ea919c43552a799311c43a41e9bb9180cc7be9fbeb8e317,96.10294,96.86028,544,False,unit fuzzy loss,success_build,True,True,aa62853a494a59a3b49a0803a5ed4d4d5e7bd2ca2a7a19f46a2873cb5965e68e,True,True,True,,unknown: historical snapshots lost
712,neighbor,"0,1,2,3,4,5,6,7,8,9,10,11,12,13,14,15,16,22,17,18,19,20,21",35c8c8dd7d040d70a9bbabfd33eadb25cc39cde6f765cba5e22c2518600caaf0,5431262a3da0286d3ea919c43552a799311c43a41e9bb9180cc7be9fbeb8e317,96.10294,96.86028,544,False,unit fuzzy loss,success_build,True,True,aa62853a494a59a3b49a0803a5ed4d4d5e7bd2ca2a7a19f46a2873cb5965e68e,True,True,True,,unknown: historical snapshots lost
713,neighbor,"0,1,2,3,4,5,6,7,8,9,10,11,12,13,14,15,16,17,22,18,19,20,21",3cba37d4e6d43f65192ec6cb432bc44aca986f8f9520dc2f7fc4888ae34bb84e,426f3134bee029dabf566b990c1f1ab3161b75391f538ca1e9dd26c9abfcd49c,96.213234,96.86999,544,False,unit fuzzy loss,success_build,True,True,aa62853a494a59a3b49a0803a5ed4d4d5e7bd2ca2a7a19f46a2873cb5965e68e,True,True,True,,unknown: historical snapshots lost
714,neighbor,"0,1,2,3,4,5,6,7,8,9,10,11,12,13,14,15,16,17,18,22,19,20,21",793ba1a3ec2a35bee6be91215e1a45a5002ebcfb97c7e154d81376dc4db3764e,1b073d1aa3ad83449e2f05f10571fc892b897ebc7ca7c773a982b4d8375468a9,96.286766,96.87646,544,False,unit fuzzy loss,success_build,True,True,aa62853a494a59a3b49a0803a5ed4d4d5e7bd2ca2a7a19f46a2873cb5965e68e,True,True,True,,unknown: historical snapshots lost
715,neighbor,"0,1,2,3,4,5,6,7,8,9,10,11,12,13,14,15,16,17,18,19,22,20,21",0093e40ccd39c147c7d4988798696a49ed01fe35f572b5484e24c941d4f54ee3,fd99a70ec383340e7b7265d9e0d7a157997290bc560f46b5d8784e52ddfe4602,96.25,96.87322,544,False,unit fuzzy loss,success_build,True,True,aa62853a494a59a3b49a0803a5ed4d4d5e7bd2ca2a7a19f46a2873cb5965e68e,True,True,True,,unknown: historical snapshots lost
