call,order_indices,source_sha256,object_sha256,fuzzy,unit_fuzzy,function_bytes,compile_status,source_stable,object_build_message,admissible,gate_failures,historical_compilation_repeated
0,0 1 2 3 4 5 6 7 8 9 10 11 12 13 14 15 16 17 18 19 20 21 22 23,665a27e9ab8f437ba1656f3a4e18739a5b6531eb2438f0c14769011c2b9c431c,de691febfdde2db43da14ecca22ecdbd5e0c7fbb416ca2580ffaa4991e8a1bbc,95.17731,96.88939,564,success_build,True,True,True,,True
1,1 0 2 3 4 5 6 7 8 9 10 11 12 13 14 15 16 17 18 19 20 21 22 23,7b75fa8af18c21c3e21eec1f00b4fd5ceacd85dfc5ff30a763e7ffff4b9a0b2b,de691febfdde2db43da14ecca22ecdbd5e0c7fbb416ca2580ffaa4991e8a1bbc,95.17731,96.88939,564,success_build,True,True,True,,True
2,2 1 0 3 4 5 6 7 8 9 10 11 12 13 14 15 16 17 18 19 20 21 22 23,14c90de163adfb41e762404154b7d4f1f1772d6125364c6e0c3dff739314e8c8,de691febfdde2db43da14ecca22ecdbd5e0c7fbb416ca2580ffaa4991e8a1bbc,95.17731,96.88939,564,success_build,True,True,True,,True
3,3 1 2 0 4 5 6 7 8 9 10 11 12 13 14 15 16 17 18 19 20 21 22 23,e7a3e33a0fd556e203dc7074d29f91c51f59caee752b46f22a662bef21a086c1,932894d371f1ffb37d511308bef0035631e079a1b01dc04f74dd7b82f2dd6050,90.46809,96.4599,564,success_build,True,True,False,unit fuzzy loss,True
4,4 1 2 3 0 5 6 7 8 9 10 11 12 13 14 15 16 17 18 19 20 21 22 23,205882618fccf307c2aa0efbfd2e9dcc480f67d5296ace3f731958ff30adcf4e,ed05579ec75d55b3a96eede3d4af9fca1e1949fa1832f061a1a186134af04963,94.96454,96.86999,564,success_build,True,True,False,unit fuzzy loss,True
5,5 1 2 3 4 0 6 7 8 9 10 11 12 13 14 15 16 17 18 19 20 21 22 23,b6d87a99f2a59a87d746f6b7becc6ccec196f4bcc188cca9a3fff02892c5d7e4,2a1aa8fb4cc39d9a269120ec22fe6793f2a5f36ff0f1510ffb8daf6ffb15817e,94.92908,96.86675,564,success_build,True,True,False,unit fuzzy loss,True
6,6 1 2 3 4 5 0 7 8 9 10 11 12 13 14 15 16 17 18 19 20 21 22 23,4503dd45f908f307fa57eade0a0c2240728a533b929ceae241cf81cc169734d3,3c38da1ac1c6b979283f8b380195550d7d8b8402c262a5485a419ebd0f6b3cef,95.0,96.87322,564,success_build,True,True,False,unit fuzzy loss,True
7,7 1 2 3 4 5 6 0 8 9 10 11 12 13 14 15 16 17 18 19 20 21 22 23,747a0fa32a5ab27dc50235bac84ebdb272c51610dd7f429350ae9f0e65f26366,54ca8ce6c77b1c8d64d61c64e777c08fcbfa6a386d185401b37d54a9133cb654,94.96454,96.86999,564,success_build,True,True,False,unit fuzzy loss,True
8,8 1 2 3 4 5 6 7 0 9 10 11 12 13 14 15 16 17 18 19 20 21 22 23,d78c08c28caa4918abc3d3b25697def06a9822e6458460384688431da3609eb6,b3b5d4c2a033aab8b3e6b5405a8e5b51c6079c8eae829ef8f8c16c3a64ec4015,95.0,96.87322,564,success_build,True,True,False,unit fuzzy loss,True
9,9 1 2 3 4 5 6 7 8 0 10 11 12 13 14 15 16 17 18 19 20 21 22 23,19ea1c440ce26ed54399e4fe0ae261cd0a689c02d59ec3b5af48c605d5e75b34,1a9cfc384c938bd7e1319ccf0e3df05409f11b6219add8ed777bdfac4b77886e,94.82269,96.85705,564,success_build,True,True,False,unit fuzzy loss,True
10,10 1 2 3 4 5 6 7 8 9 0 11 12 13 14 15 16 17 18 19 20 21 22 23,b8b2dbec4c4a8c482f8e577d9acd8fda3b26b5bc68b5037586beffec361dfcfd,7c3f8aea9abf5451204f373a5fe4fc660d277ec2b00d34e18b70fa8966b38dfe,94.71631,96.84735,564,success_build,True,True,False,unit fuzzy loss,True
11,11 1 2 3 4 5 6 7 8 9 10 0 12 13 14 15 16 17 18 19 20 21 22 23,5d1da65f50ba6a8abd06350d8910fe608c7ba318590a7283c27ab8a05cdc3b85,7c3f8aea9abf5451204f373a5fe4fc660d277ec2b00d34e18b70fa8966b38dfe,94.71631,96.84735,564,success_build,True,True,False,unit fuzzy loss,True
12,12 1 2 3 4 5 6 7 8 9 10 11 0 13 14 15 16 17 18 19 20 21 22 23,d8573601495b3f1d326bf854495b36e179f0d46a69825504575477ebd2f73370,0759c502373af6ae50c7df835f4d71b07159f799097dba6b030dddfc19a4204d,93.3617,96.7238,564,success_build,True,True,False,unit fuzzy loss,True
13,13 1 2 3 4 5 6 7 8 9 10 11 12 0 14 15 16 17 18 19 20 21 22 23,df4ff01d15dee9da0bfd8246009a9f2e923a8fc020a2482c1e92556cce4317db,0bca3c216d7a6b9549693857fe806f536678ad2ce32bc96cae4a55e1c77105f8,93.26241,96.714745,564,success_build,True,True,False,unit fuzzy loss,True
14,14 1 2 3 4 5 6 7 8 9 10 11 12 13 0 15 16 17 18 19 20 21 22 23,3522ffa01f067c59f6548edf20a06e9fef8e21d9f6f4eb7f9f3f21ce2cae7bf2,92c75cae5a2c08640bfe7dbf52beb03aafa0ed95c5f7280b8df9b6e191af7d32,94.858154,96.86028,564,success_build,True,True,False,unit fuzzy loss,True
15,15 1 2 3 4 5 6 7 8 9 10 11 12 13 14 0 16 17 18 19 20 21 22 23,4038b98e2f9b57dbe4567fe7b06934da3eb25867ba655e32aa9c11dafffbb8d8,ac42a9b5688063aec4a1cae457d752578b3fac46ce68e7299a6ed7aa1ffee7de,94.893616,96.86352,564,success_build,True,True,False,unit fuzzy loss,True
16,16 1 2 3 4 5 6 7 8 9 10 11 12 13 14 15 0 17 18 19 20 21 22 23,4b4bb3cc3eca0ce75639d0018392d94c963bd88172238ef6cfca0a000bfb33a0,a60a7adbb57bca02ce498f99e73c3afd317b22016510a27279455c09ca4b7ce1,92.858154,96.67788,564,success_build,True,True,False,unit fuzzy loss,True
17,17 1 2 3 4 5 6 7 8 9 10 11 12 13 14 15 16 0 18 19 20 21 22 23,ea1be80f1c1e89fa2ec47e488b7591c02efbc8e90cf3775abc92e64af3dc3fa6,db187aa49fe208d16c0cb90fa8185d66fe7bc71f3ea41464429687d8e9bc4d42,94.92908,96.86675,564,success_build,True,True,False,unit fuzzy loss,True
18,18 1 2 3 4 5 6 7 8 9 10 11 12 13 14 15 16 17 0 19 20 21 22 23,db2dbe8658e25582ad4367a6160f3c7efcb2f2efb5757ab4a15dc1ce120fbbd5,f999ec656ed0db4811a3b4de53b5a43a029f5a944c209b08c126a613ab150a77,92.40426,96.63648,564,success_build,True,True,False,unit fuzzy loss,True
19,19 1 2 3 4 5 6 7 8 9 10 11 12 13 14 15 16 17 18 0 20 21 22 23,ca43eb68d39896c67c19525449e74454e9addd67b8081fd9c2543726e4209237,f2dfdae9e92dff76c793df80a3e0e3bf7534590cfd019faa260b9a7ff51bca27,95.0,96.87322,564,success_build,True,True,False,unit fuzzy loss,True
20,20 1 2 3 4 5 6 7 8 9 10 11 12 13 14 15 16 17 18 19 0 21 22 23,cbb1d6d2a3d204f058f466caca873ee99624f1243a12b0f3284d64e4a75f3dff,fad427e0edddaa8ceac98d1967cc831ae6469d98a05ea8c2aa56c9bacf1c66b2,92.69504,96.663,564,success_build,True,True,False,unit fuzzy loss,True
21,21 1 2 3 4 5 6 7 8 9 10 11 12 13 14 15 16 17 18 19 20 0 22 23,ff72dac54f3fb707a0c72f3c09ad8ad95077a9361a485f71fd540773fa106c36,482c7fde7b545dfc7fa3902ef9ea16589c68633518b967ddd3d0fcf82c402261,92.80142,96.67271,564,success_build,True,True,False,unit fuzzy loss,True
22,22 1 2 3 4 5 6 7 8 9 10 11 12 13 14 15 16 17 18 19 20 21 0 23,0083fb9bf1fcd82851c824903f8425e181b0f0e11f13a6be3900b149e395335d,1cd51a3a1e8fd00b0a9392228c19c83c0ef119c7ce6c826cb8f2fb94ba3b9875,91.9078,96.5912,564,success_build,True,True,False,unit fuzzy loss,True
23,23 1 2 3 4 5 6 7 8 9 10 11 12 13 14 15 16 17 18 19 20 21 22 0,ceb294c3ebf07f26a4eb4c015bf6674a5f234b154611d3d50dc3a7c6fa741b06,1cd51a3a1e8fd00b0a9392228c19c83c0ef119c7ce6c826cb8f2fb94ba3b9875,91.9078,96.5912,564,success_build,True,True,False,unit fuzzy loss,True
24,0 2 1 3 4 5 6 7 8 9 10 11 12 13 14 15 16 17 18 19 20 21 22 23,2551a9d105fc0e68e32c67a8949e652d4603a87c66b000b926c22627fdb3b450,de691febfdde2db43da14ecca22ecdbd5e0c7fbb416ca2580ffaa4991e8a1bbc,95.17731,96.88939,564,success_build,True,True,True,,True
25,0 3 2 1 4 5 6 7 8 9 10 11 12 13 14 15 16 17 18 19 20 21 22 23,a2456250f2b2c370112a901258093013cda3090637a297d1ee03fdaa8936adac,8bf1fed4f4b7f7ef4e821ca5d9ed16a5465effdd3a18e8e22e5e7fd2b4eb622b,90.57447,96.4696,564,success_build,True,True,False,unit fuzzy loss,True
26,0 4 2 3 1 5 6 7 8 9 10 11 12 13 14 15 16 17 18 19 20 21 22 23,df24e0660a95d1412fdad1bd0bc3ccc2d03475f0ad13d6ee06a792d8bd6a1f4f,de691febfdde2db43da14ecca22ecdbd5e0c7fbb416ca2580ffaa4991e8a1bbc,95.17731,96.88939,564,success_build,True,True,True,,True
27,0 5 2 3 4 1 6 7 8 9 10 11 12 13 14 15 16 17 18 19 20 21 22 23,50900da2a02b2e938de196a10a4c3994e2bf511d8a43fd549b4a31e77ea704cc,e62b864096f1ecd85ce5d56fb5589c04f8f0a23dc2973272c90a0b08a764e8b8,95.07092,96.87969,564,success_build,True,True,False,unit fuzzy loss,True
28,0 6 2 3 4 5 1 7 8 9 10 11 12 13 14 15 16 17 18 19 20 21 22 23,c4572b9f5ba3caa6dcbe6c432ec89bfe12966992867e9d8ac247e0bacd1168be,d84079974058f282ee287bac7cf18869fe6f3ccadcfbca46c9cc222195975b3d,95.07092,96.87969,564,success_build,True,True,False,unit fuzzy loss,True
29,0 7 2 3 4 5 6 1 8 9 10 11 12 13 14 15 16 17 18 19 20 21 22 23,c46ee6f46ecd697263a6f28dc3b4efe2ab40b9318f9d0415c667179586762fb4,de691febfdde2db43da14ecca22ecdbd5e0c7fbb416ca2580ffaa4991e8a1bbc,95.17731,96.88939,564,success_build,True,True,True,,True
30,0 8 2 3 4 5 6 7 1 9 10 11 12 13 14 15 16 17 18 19 20 21 22 23,174569d8c7829e6d34f58f05397dd6108c5c7fd62c133ea1f766ae075466bb19,8a5d84c6f750e90f4f2ff48fdf9de220a34591211d82842fc3f24b57473e23f0,95.07092,96.87969,564,success_build,True,True,False,unit fuzzy loss,True
31,0 9 2 3 4 5 6 7 8 1 10 11 12 13 14 15 16 17 18 19 20 21 22 23,54a05a542aa59de5619d30af5f442c04bd7e077a14fcd862bd0aa4df2a9ce061,caaaa83d54ef14afb473f3671d232d63a24c1c24e9e8a83f49e06a8b40d20b9e,94.96454,96.86999,564,success_build,True,True,False,unit fuzzy loss,True
32,0 10 2 3 4 5 6 7 8 9 1 11 12 13 14 15 16 17 18 19 20 21 22 23,09f611947e8c00b1b27339fcae2185fb385db3b4fac3a867eabe9b46124c2531,de691febfdde2db43da14ecca22ecdbd5e0c7fbb416ca2580ffaa4991e8a1bbc,95.17731,96.88939,564,success_build,True,True,True,,True
33,0 11 2 3 4 5 6 7 8 9 10 1 12 13 14 15 16 17 18 19 20 21 22 23,0510de55fb7d877c2fa38f892b68279d069a105ed5c55b8efac0b0a616eb1671,de691febfdde2db43da14ecca22ecdbd5e0c7fbb416ca2580ffaa4991e8a1bbc,95.17731,96.88939,564,success_build,True,True,True,,True
34,0 12 2 3 4 5 6 7 8 9 10 11 1 13 14 15 16 17 18 19 20 21 22 23,c0af32e9c0b63aefca681498b6a20abaf8e895fc94eadc49e2b035416bee2550,84f0ef7380f9321258db240eddbdd40dbd29c564e0606d7c05b805532cade63d,94.702126,96.846054,564,success_build,True,True,False,unit fuzzy loss,True
35,0 13 2 3 4 5 6 7 8 9 10 11 12 1 14 15 16 17 18 19 20 21 22 23,0c059e14c89536a0d601ff88359ce79f1f045c140be13cfbf38c574cbe329a65,0a0ce24c4c49e24f352698ffdf4241c5689b533351156e471e38cdd6238affda,92.92908,96.68435,564,success_build,True,True,False,unit fuzzy loss,True
36,0 14 2 3 4 5 6 7 8 9 10 11 12 13 1 15 16 17 18 19 20 21 22 23,5c92f301c2ddec96ef3209a85f4535d91603ae4a4553b22347a07e28f4680aa5,b158f6765641b64f2550a3d310abe19f785bc1d965592a65dadea474029d7057,92.71631,96.66494,564,success_build,True,True,False,unit fuzzy loss,True
37,0 15 2 3 4 5 6 7 8 9 10 11 12 13 14 1 16 17 18 19 20 21 22 23,5240e2d09d277bb0e02f79b6d21576d52212bb7225d5992d39f33cfa21f3b822,d1c2c1852ca0db586c4baddbf5b515ab226b292ff59bc4cafbcba5091f7d52a2,92.60993,96.65524,564,success_build,True,True,False,unit fuzzy loss,True
38,0 16 2 3 4 5 6 7 8 9 10 11 12 13 14 15 1 17 18 19 20 21 22 23,9ad694737708613399f0412b1be63d1aae7806f9fbd83128c838e4353271b7f5,7f241562d60771635f4efb3de5a7ba431fa10f2deb7ea9702d22339aa4061032,90.71631,96.48254,564,success_build,True,True,False,unit fuzzy loss,True
39,0 17 2 3 4 5 6 7 8 9 10 11 12 13 14 15 16 1 18 19 20 21 22 23,ae0c544feabfdbba315c119910826c86fcd748a5277c9ef12df4a96c861464f4,7246393335bea853015a2ccdbb89fcf9251611e1c32e9f5b6c2cdf6e6197035a,92.53901,96.64877,564,success_build,True,True,False,unit fuzzy loss,True
40,0 18 2 3 4 5 6 7 8 9 10 11 12 13 14 15 16 17 1 19 20 21 22 23,873eb945aee082aebe83922e1b78a3c78317ca99682167187cd2b7316e0ca7e8,de691febfdde2db43da14ecca22ecdbd5e0c7fbb416ca2580ffaa4991e8a1bbc,95.17731,96.88939,564,success_build,True,True,True,,True
41,0 19 2 3 4 5 6 7 8 9 10 11 12 13 14 15 16 17 18 1 20 21 22 23,6882787e71eed446bf29a1b9d15372c6f5f687a6b756d7138b02897a535733fc,84fe488a8b56b3e3d2fa2893925d7d70f99f01c4ad812147ff858f92f86f8733,92.53901,96.64877,564,success_build,True,True,False,unit fuzzy loss,True
42,0 20 2 3 4 5 6 7 8 9 10 11 12 13 14 15 16 17 18 19 1 21 22 23,b42e79fe97e63f95eb43f2f79a45ecce5f575709b5d3e150218b3e34fd6c93d5,ebd2b7611c84eb56bc5026d291687f84d6adb90b10daefbd6df347e1ecb6299a,90.48227,96.46119,564,success_build,True,True,False,unit fuzzy loss,True
43,0 21 2 3 4 5 6 7 8 9 10 11 12 13 14 15 16 17 18 19 20 1 22 23,c87ef0772ead41bf41b7b40c7f6fe69a1f87cf6b80f37db30effb6cc9de6f2ff,ccd72bbb01ba53fd64ecd04eb3a0e344071ec35ccde1b3a52a7483f59459835c,90.0922,96.42561,564,success_build,True,True,False,unit fuzzy loss,True
44,0 22 2 3 4 5 6 7 8 9 10 11 12 13 14 15 16 17 18 19 20 21 1 23,4bab844bfe0e5227126a4dbd841fb3cbdbad03f43e9274a9f48f363ecbbf7491,de691febfdde2db43da14ecca22ecdbd5e0c7fbb416ca2580ffaa4991e8a1bbc,95.17731,96.88939,564,success_build,True,True,True,,True
45,0 23 2 3 4 5 6 7 8 9 10 11 12 13 14 15 16 17 18 19 20 21 22 1,9990743868d3c4ff688283d8b47e3a5d69438b2e0c33c219c169303c2fb6c682,de691febfdde2db43da14ecca22ecdbd5e0c7fbb416ca2580ffaa4991e8a1bbc,95.17731,96.88939,564,success_build,True,True,True,,True
46,0 1 3 2 4 5 6 7 8 9 10 11 12 13 14 15 16 17 18 19 20 21 22 23,6f05cb4faeb13f9b3d5fcf4848341cae86accca044d607231f7fa5a79752b6df,8bf1fed4f4b7f7ef4e821ca5d9ed16a5465effdd3a18e8e22e5e7fd2b4eb622b,90.57447,96.4696,564,success_build,True,True,False,unit fuzzy loss,True
47,0 1 4 3 2 5 6 7 8 9 10 11 12 13 14 15 16 17 18 19 20 21 22 23,a18353223f9f1896cd627a7b7196178662507f6e8e84f02084e1f30f9f9866f5,055ba4cb2b82ec2784880cc41623756d2c9646d1b5929a3c183cf7131f82b91a,90.75177,96.48577,564,success_build,True,True,False,unit fuzzy loss,True
48,0 1 5 3 4 2 6 7 8 9 10 11 12 13 14 15 16 17 18 19 20 21 22 23,302333eeed29e9bca75eaf9d03c3f97610c0c66516fd208ceea2faa6856a130c,8c6c58436cfb09e7ac8a159a620a1415855acf022487e9c43bd6124ac678ac18,90.57447,96.4696,564,success_build,True,True,False,unit fuzzy loss,True
49,0 1 6 3 4 5 2 7 8 9 10 11 12 13 14 15 16 17 18 19 20 21 22 23,cc9c7277b12bde230608d946d9ec8d13e4d3b95d5e5aeb8825c88a5dd1fca978,140c94183ac77e5601a9a95532beb3dff97218132a276aa39af2d5bfa9768c2b,90.57447,96.4696,564,success_build,True,True,False,unit fuzzy loss,True
50,0 1 7 3 4 5 6 2 8 9 10 11 12 13 14 15 16 17 18 19 20 21 22 23,200cd49abda1cf352fba2cc30b198e457287759fedce80945d89df80e7a3b27c,5c684634c95ae1bb5d367f4a76310dd39c89e104fbe572dc347d8b2dfaff3efc,90.680855,96.4793,564,success_build,True,True,False,unit fuzzy loss,True
51,0 1 8 3 4 5 6 7 2 9 10 11 12 13 14 15 16 17 18 19 20 21 22 23,ba558610f46ac691b04d1aad44734dcaf5750576d86cd4ad6b1c2327f9c9956d,9e2813c623dad93130c07ec372682509af6322cba56d45b9ca8cb4b468bf9810,90.57447,96.4696,564,success_build,True,True,False,unit fuzzy loss,True
52,0 1 9 3 4 5 6 7 8 2 10 11 12 13 14 15 16 17 18 19 20 21 22 23,c64b4ac8aa56ef9a41ccf0ca2d342c8475409cb1ea83ee370ceb8d5bc11a6675,b613e0417385f60d34fc0aa5681183916421245f67c797d9f75fba91adf73753,92.680855,96.661705,564,success_build,True,True,False,unit fuzzy loss,True
53,0 1 10 3 4 5 6 7 8 9 2 11 12 13 14 15 16 17 18 19 20 21 22 23,69c74103569ac70f187c482eb5e5d540db66bec204e68ea35f7fcf48e53d21e6,7c02371817bc547779b15d16fc687457caf18cd032de44f20d26dd64e0ab1c32,92.893616,96.681114,564,success_build,True,True,False,unit fuzzy loss,True
54,0 1 11 3 4 5 6 7 8 9 10 2 12 13 14 15 16 17 18 19 20 21 22 23,3b7929602c7fd3e8a70ccb37fb9d4d1e9125b5e3c544e45024a3ea84b382185b,7c02371817bc547779b15d16fc687457caf18cd032de44f20d26dd64e0ab1c32,92.893616,96.681114,564,success_build,True,True,False,unit fuzzy loss,True
55,0 1 12 3 4 5 6 7 8 9 10 11 2 13 14 15 16 17 18 19 20 21 22 23,21b37588b1bb1881eff2e3a017cf090c69378035aaee438c1bded4a8ee862c67,6e7021b1db8411718d37d65abec651fe4f9acfe053b51cb43144e0eca62dd8a7,92.59574,96.653946,564,success_build,True,True,False,unit fuzzy loss,True
56,0 1 13 3 4 5 6 7 8 9 10 11 12 2 14 15 16 17 18 19 20 21 22 23,9bfa3a1a64350419c5852ba81fba6a9a14d54ba0efd71673d6b15d96d7fdf694,295154e06c535437800415df51e9b2d7f0c95070f9ab5eb12d49c9f87fa4b509,91.21277,96.52782,564,success_build,True,True,False,unit fuzzy loss,True
57,0 1 14 3 4 5 6 7 8 9 10 11 12 13 2 15 16 17 18 19 20 21 22 23,4b8e9d03c158d84725c3fcef013e1bf99a85b39e8d26c75a3d250786a6068d23,3aca983bae2a3c3b1fc4a385488fd3b16cf95d0f02debd5c493995596e92e8db,91.21277,96.52782,564,success_build,True,True,False,unit fuzzy loss,True
58,0 1 15 3 4 5 6 7 8 9 10 11 12 13 14 2 16 17 18 19 20 21 22 23,00aa43d7e051eb3f28ed39d192a9a4daf3a128c43c718292c9158e8851cf6202,ae1a4a954e994bd25ecb002bc7828f4ddad330d6fc53c4356c0cc4395837106d,91.21277,96.52782,564,success_build,True,True,False,unit fuzzy loss,True
59,0 1 16 3 4 5 6 7 8 9 10 11 12 13 14 15 2 17 18 19 20 21 22 23,65fece4283d80a973360b40a7078608e5dd5a81a46bfeb761c801dfb51584e3f,f37a170333b2a449de46e31da62f604043010027c16113ce4fd2f4c54126f659,93.60284,96.7458,564,success_build,True,True,False,unit fuzzy loss,True
60,0 1 17 3 4 5 6 7 8 9 10 11 12 13 14 15 16 2 18 19 20 21 22 23,ebd84357e1777296c638bae4fe01403265671707c5135b1793d288607a613813,3f8c3ea80695320ea6d5a7ae9b96832053469ff47fbe6d7c8d821fc68c0a41f7,91.141846,96.52135,564,success_build,True,True,False,unit fuzzy loss,True
61,0 1 18 3 4 5 6 7 8 9 10 11 12 13 14 15 16 17 2 19 20 21 22 23,562a7ada50ec5d1b2cd795b9a5da516bab1a85d6ff6f2f64511a29196ec1454d,a7bcbcbbe5548595b3fed3bf16ad47fedbc1936b37d1600cf60021ef32d7036c,93.39007,96.72639,564,success_build,True,True,False,unit fuzzy loss,True
62,0 1 19 3 4 5 6 7 8 9 10 11 12 13 14 15 16 17 18 2 20 21 22 23,f15e61ff6852f1a3e1cd3fe9297836789739256ee14514e94b1d22f633ad8f0e,cebf600184e052f5fd1c8caeda24396c39f0295741abe84b01d629a740dfc5e3,91.28369,96.53428,564,success_build,True,True,False,unit fuzzy loss,True
63,0 1 20 3 4 5 6 7 8 9 10 11 12 13 14 15 16 17 18 19 2 21 22 23,f882461bf995a42d3909086ceae4af5436c669b5c86ec977cdb9f2509086bd93,feaba61a8f9853aeec036e3251da59674fdcf6fb22bde757eae44d8ed8dccd41,93.43971,96.73092,564,success_build,True,True,False,unit fuzzy loss,True
64,0 1 21 3 4 5 6 7 8 9 10 11 12 13 14 15 16 17 18 19 20 2 22 23,91661702f20524ab4fa72b57175cb69c8c0184a900745e8fda267d2038422d67,9f03f630a0363df4bc875d498c4da17d46b446f8e87397a718f1ce39ca8f6bd6,93.475174,96.73415,564,success_build,True,True,False,unit fuzzy loss,True
65,0 1 22 3 4 5 6 7 8 9 10 11 12 13 14 15 16 17 18 19 20 21 2 23,c3880fb98120b51686eae538e41fe7c9426b2601e017ed4e9ac6de9bcc85873b,59a061cea5cae47ccf7c7412e16541f31e2a0e5b33172de128ead4b28c83b1e7,93.17731,96.706985,564,success_build,True,True,False,unit fuzzy loss,True
66,0 1 23 3 4 5 6 7 8 9 10 11 12 13 14 15 16 17 18 19 20 21 22 2,a98c8eafe1bf8e72ed71941092df5fd0d265e387b8aeaa45ed52313e2735799e,59a061cea5cae47ccf7c7412e16541f31e2a0e5b33172de128ead4b28c83b1e7,93.17731,96.706985,564,success_build,True,True,False,unit fuzzy loss,True
67,0 1 2 4 3 5 6 7 8 9 10 11 12 13 14 15 16 17 18 19 20 21 22 23,87aabfa0b6d210793e2559f3d6689d56af297b81504a6f9f2e970042e255290a,de691febfdde2db43da14ecca22ecdbd5e0c7fbb416ca2580ffaa4991e8a1bbc,95.17731,96.88939,564,success_build,True,True,True,,True
68,0 1 2 5 4 3 6 7 8 9 10 11 12 13 14 15 16 17 18 19 20 21 22 23,1dca3d242ff6c909d4f224ec87f0733c589ae248a31e9217e0ba1214408c3006,e62b864096f1ecd85ce5d56fb5589c04f8f0a23dc2973272c90a0b08a764e8b8,95.07092,96.87969,564,success_build,True,True,False,unit fuzzy loss,True
69,0 1 2 6 4 5 3 7 8 9 10 11 12 13 14 15 16 17 18 19 20 21 22 23,07f7723581b19751ed025e9fb41b22901cf25e94ff8e33ed2b200fa43d0df612,d84079974058f282ee287bac7cf18869fe6f3ccadcfbca46c9cc222195975b3d,95.07092,96.87969,564,success_build,True,True,False,unit fuzzy loss,True
70,0 1 2 7 4 5 6 3 8 9 10 11 12 13 14 15 16 17 18 19 20 21 22 23,150e9ed967fe2690d434d3ebd35b76e2ce1d9b228c4613255e3524d42762f641,de691febfdde2db43da14ecca22ecdbd5e0c7fbb416ca2580ffaa4991e8a1bbc,95.17731,96.88939,564,success_build,True,True,True,,True
71,0 1 2 8 4 5 6 7 3 9 10 11 12 13 14 15 16 17 18 19 20 21 22 23,1c3d86dbe651ace684a5150e43587c9fc17f4a8145efa05eea60cef5379f62af,8a5d84c6f750e90f4f2ff48fdf9de220a34591211d82842fc3f24b57473e23f0,95.07092,96.87969,564,success_build,True,True,False,unit fuzzy loss,True
72,0 1 2 9 4 5 6 7 8 3 10 11 12 13 14 15 16 17 18 19 20 21 22 23,6cd56bc71501c9d7d857f96a42e67f6ea5aa0d7f234ef53aba366a1090cd4f43,caaaa83d54ef14afb473f3671d232d63a24c1c24e9e8a83f49e06a8b40d20b9e,94.96454,96.86999,564,success_build,True,True,False,unit fuzzy loss,True
73,0 1 2 10 4 5 6 7 8 9 3 11 12 13 14 15 16 17 18 19 20 21 22 23,90fae533f12dc17676df8d06c70bcd277edf0163203bd2d88ca62c210fc38334,de691febfdde2db43da14ecca22ecdbd5e0c7fbb416ca2580ffaa4991e8a1bbc,95.17731,96.88939,564,success_build,True,True,True,,True
74,0 1 2 11 4 5 6 7 8 9 10 3 12 13 14 15 16 17 18 19 20 21 22 23,52443009b3d1340125d24b5080f8213c1e7ae929dbbcf6131244f60b10c6f146,de691febfdde2db43da14ecca22ecdbd5e0c7fbb416ca2580ffaa4991e8a1bbc,95.17731,96.88939,564,success_build,True,True,True,,True
75,0 1 2 12 4 5 6 7 8 9 10 11 3 13 14 15 16 17 18 19 20 21 22 23,a476efc4c3f29b69dcc66536302cf1894f6805a0928538fc2f1134e6eeb33b8e,84f0ef7380f9321258db240eddbdd40dbd29c564e0606d7c05b805532cade63d,94.702126,96.846054,564,success_build,True,True,False,unit fuzzy loss,True
76,0 1 2 13 4 5 6 7 8 9 10 11 12 3 14 15 16 17 18 19 20 21 22 23,ed3af987d3ee5803c782dcfe3c1b54d274b80bec1a37b878bec360a0fbb50c2a,0a0ce24c4c49e24f352698ffdf4241c5689b533351156e471e38cdd6238affda,92.92908,96.68435,564,success_build,True,True,False,unit fuzzy loss,True
77,0 1 2 14 4 5 6 7 8 9 10 11 12 13 3 15 16 17 18 19 20 21 22 23,bb3a4b879cdb690f2eb9e13669886f9abb074b29613a23b165489bc704032873,b158f6765641b64f2550a3d310abe19f785bc1d965592a65dadea474029d7057,92.71631,96.66494,564,success_build,True,True,False,unit fuzzy loss,True
78,0 1 2 15 4 5 6 7 8 9 10 11 12 13 14 3 16 17 18 19 20 21 22 23,3df6838ca4fe29bad4c4cdb54b8755cf44d28a23b523e1453e7917a83607d23e,d1c2c1852ca0db586c4baddbf5b515ab226b292ff59bc4cafbcba5091f7d52a2,92.60993,96.65524,564,success_build,True,True,False,unit fuzzy loss,True
79,0 1 2 16 4 5 6 7 8 9 10 11 12 13 14 15 3 17 18 19 20 21 22 23,5f999c7738ded238d1153d39dea77d6fac7866e283e8d4b96ec08e1802094d49,fdc4f28aeb3f54c796428a1e20108bf0ad9537f32ab9f2cab0db4a1769f2bbf9,95.03546,96.87646,564,success_build,True,True,False,unit fuzzy loss,True
80,0 1 2 17 4 5 6 7 8 9 10 11 12 13 14 15 16 3 18 19 20 21 22 23,57c307243954be2c35b951c755d7f136f96618a09787f334091d771dd9b98a13,76178d8fc888ac6cdf4f8e4f836a5332ab2f36619db2e5eddcda4aafe60279be,92.39716,96.63583,564,success_build,True,True,False,unit fuzzy loss,True
81,0 1 2 18 4 5 6 7 8 9 10 11 12 13 14 15 16 17 3 19 20 21 22 23,ecf8d2e5f89f406e86d94ba373b3600be5b366443bc93b0a54d7e230c3755b08,3eb1bfa4a5c95e06a9ae06189b04898cce89a6f7919bbc22bec78bfa3b532b12,94.96454,96.86999,564,success_build,True,True,False,unit fuzzy loss,True
82,0 1 2 19 4 5 6 7 8 9 10 11 12 13 14 15 16 17 18 3 20 21 22 23,ab2ebc07b68df6be70fdecb63a58414066e709ac92f21ba97dc7cf21bd6197ba,1eafcd1420246deb1e14abdf3f3b25081f05c75ac11085acee3a8378d92cf069,92.50355,96.64554,564,success_build,True,True,False,unit fuzzy loss,True
83,0 1 2 20 4 5 6 7 8 9 10 11 12 13 14 15 16 17 18 19 3 21 22 23,db400c5413c17aa98bcc6a585dbcc6364ec72659fe57114868f8187c9616e33c,5db56b4e2a29042fd24ae104c8991f92efb817f315e3417095ee99276aabf10d,91.65248,96.56792,564,success_build,True,True,False,unit fuzzy loss,True
84,0 1 2 21 4 5 6 7 8 9 10 11 12 13 14 15 16 17 18 19 20 3 22 23,e25101445fda301a8ccb1050be0a2705bcf5995a246c89694b448f6fefbe56f6,ebdb43054d21cff3931803fb8355ba7f18405cdbb3e3932b63e2497ad63c07c4,94.32624,96.811775,564,success_build,True,True,False,unit fuzzy loss,True
85,0 1 2 22 4 5 6 7 8 9 10 11 12 13 14 15 16 17 18 19 20 21 3 23,469e7d7dd2d35554d2c37167ea17eaacfaadffbb7d0cce27c55fe171f499de7c,4960d6adc64f0ed8feb15d14f67361948c9dede53c407d6db604d5b17210fa0d,94.96454,96.86999,564,success_build,True,True,False,unit fuzzy loss,True
86,0 1 2 23 4 5 6 7 8 9 10 11 12 13 14 15 16 17 18 19 20 21 22 3,4871a14ae4fd929487338ff12760c5f82a6aae63cce877e86401bcd49103c7a4,4960d6adc64f0ed8feb15d14f67361948c9dede53c407d6db604d5b17210fa0d,94.96454,96.86999,564,success_build,True,True,False,unit fuzzy loss,True
87,0 1 2 3 5 4 6 7 8 9 10 11 12 13 14 15 16 17 18 19 20 21 22 23,c12f298bae5378797b8c5b00e9b8351666563e72851d11a9fca845cf56718b2b,e62b864096f1ecd85ce5d56fb5589c04f8f0a23dc2973272c90a0b08a764e8b8,95.07092,96.87969,564,success_build,True,True,False,unit fuzzy loss,True
88,0 1 2 3 6 5 4 7 8 9 10 11 12 13 14 15 16 17 18 19 20 21 22 23,f9dc5f038b2044548120b687f6b82968968212ee271dd043cfc258abbe47556f,ce3b588ba5366380aa9a4f7339ec2260a9ee787b421d45fb85761bb001f46459,95.07092,96.87969,564,success_build,True,True,False,unit fuzzy loss,True
89,0 1 2 3 7 5 6 4 8 9 10 11 12 13 14 15 16 17 18 19 20 21 22 23,15de044852214ecc1147e5052dcedf2fedc4a29b322db8eeb684f56419da37d9,e19e1030a956fa3fefbe96384d898f82d8a3b4bcc1556516be966b4ea0deb94f,95.07092,96.87969,564,success_build,True,True,False,unit fuzzy loss,True
90,0 1 2 3 8 5 6 7 4 9 10 11 12 13 14 15 16 17 18 19 20 21 22 23,3f7b630b40bd5649c123e141f753c1049fe5e32328abb387c7e6e9dd510108f6,22fe1976ad39436bbc3e06876bc7fa480e6452744f80d011eff7f59409eebc64,95.07092,96.87969,564,success_build,True,True,False,unit fuzzy loss,True
91,0 1 2 3 9 5 6 7 8 4 10 11 12 13 14 15 16 17 18 19 20 21 22 23,d27b6ccd2ae056c5fa18a43e3cba0acb26cc3a0fafbc7d53d87cf96e6c0a0f3c,219aaf1c3aaef4b075f8d511cfcf86ca7206dc6881cfa7c86bc163d18d7ce42c,94.96454,96.86999,564,success_build,True,True,False,unit fuzzy loss,True
92,0 1 2 3 10 5 6 7 8 9 4 11 12 13 14 15 16 17 18 19 20 21 22 23,3d6f4aef0d4e2f3bf1cf2c3bde80e4b08d11db86bc2ca8438e86f30ee5fb650d,3690c3ab30a879e5e0f079d05d953284daf5b411aacc6a669000e22fd469f6f8,94.82269,96.85705,564,success_build,True,True,False,unit fuzzy loss,True
93,0 1 2 3 11 5 6 7 8 9 10 4 12 13 14 15 16 17 18 19 20 21 22 23,9cde89672d2c3ae186a38dce8c9303620aa4c174c7cb746fdbe63b7aa41e7abb,3690c3ab30a879e5e0f079d05d953284daf5b411aacc6a669000e22fd469f6f8,94.82269,96.85705,564,success_build,True,True,False,unit fuzzy loss,True
94,0 1 2 3 12 5 6 7 8 9 10 11 4 13 14 15 16 17 18 19 20 21 22 23,e0403b4e37acb40b996a25d4aef2f2cce8682e8d8c9b24b41502dd1a720bbd92,3aa475b9f9fcae49cf51b8764d2b6a96371f88c1721a6a24b1f1766f7d5a094c,93.50355,96.73674,564,success_build,True,True,False,unit fuzzy loss,True
95,0 1 2 3 13 5 6 7 8 9 10 11 12 4 14 15 16 17 18 19 20 21 22 23,573cd6b878804c40ce62aa2e1757277d9680ca86c0a930276c19a43027800026,7960ae565a5a47bbe71e9dd57f183244c6ca2f898e18949921eb43fa55c5c876,93.40426,96.727684,564,success_build,True,True,False,unit fuzzy loss,True
96,0 1 2 3 14 5 6 7 8 9 10 11 12 13 4 15 16 17 18 19 20 21 22 23,a4e11daa7411681e704cd1b5e54079c9e029ee5909bf4546f0379219268465f1,f7dc4819868ab4b80c913e65811a9c00be8a1326b934b46d830d13a167bdc98b,94.858154,96.86028,564,success_build,True,True,False,unit fuzzy loss,True
97,0 1 2 3 15 5 6 7 8 9 10 11 12 13 14 4 16 17 18 19 20 21 22 23,c4b57cd44f5a01548b7f323b7bdfd5a4c196cd4806d929d14774b9dad22cbbd8,65c531b60430baa3cec8f2a9d05e14d93315ccdfd4e40bbdac06c66977f5590a,94.96454,96.86999,564,success_build,True,True,False,unit fuzzy loss,True
98,0 1 2 3 16 5 6 7 8 9 10 11 12 13 14 15 4 17 18 19 20 21 22 23,a991d028e7b2511d1dcf857e3fd55c00b57c19614946da0937905870009a1209,69744c26f5a5a39d3b453901d0918236ca7d97d397b774c56ca7d26ca2eb478d,93.07801,96.69793,564,success_build,True,True,False,unit fuzzy loss,True
99,0 1 2 3 17 5 6 7 8 9 10 11 12 13 14 15 16 4 18 19 20 21 22 23,5159ef30294bcb6804ad2a1baa1f38c345e86676f6e3a4a686ba4ee959b508f4,b128d21a949ea248c7a5c3e2631d17ae5c7738fc06723afeb82b0002077f22ae,95.0,96.87322,564,success_build,True,True,False,unit fuzzy loss,True
100,0 1 2 3 18 5 6 7 8 9 10 11 12 13 14 15 16 17 4 19 20 21 22 23,ac1525b4ef672b55667aa9cf77a60ddcc0e4a8ad76586bd032526dc22a94aa0b,3fea0295f30a3e04db68bf40be4e4ab30478f6acc641e6add7b62812c6187f66,92.510635,96.64619,564,success_build,True,True,False,unit fuzzy loss,True
101,0 1 2 3 19 5 6 7 8 9 10 11 12 13 14 15 16 17 18 4 20 21 22 23,9794fb0ae54b11125c565441a54435f1fd0d98f2cb2a918fb55379641f76547c,7e9ae187a1369357080c3bad07627dc806271bfbf260d1b48873de92d4acd947,95.07092,96.87969,564,success_build,True,True,False,unit fuzzy loss,True
102,0 1 2 3 20 5 6 7 8 9 10 11 12 13 14 15 16 17 18 19 4 21 22 23,4399092eea128bd6a35e00faf62e7c94037a8424e085265729c0efc95e5a3a82,c8a0ebd3a4562e54c710b2625d4e8fd14704275b3686294a0118bad35222288d,94.25532,96.805305,564,success_build,True,True,False,unit fuzzy loss,True
103,0 1 2 3 21 5 6 7 8 9 10 11 12 13 14 15 16 17 18 19 20 4 22 23,670286af461b9d810a073bbdec63add24b11e41256720bddfff27ea371d2331d,403c61aff2f4da082fad53926ed873fd9c85e0050f58a37fae22191e2b0e1f5a,94.14893,96.7956,564,success_build,True,True,False,unit fuzzy loss,True
104,0 1 2 3 22 5 6 7 8 9 10 11 12 13 14 15 16 17 18 19 20 21 4 23,a340fcdb729eb561fdbf5926b9c88113f37c1ce9855a0c56f36e4beeaa5b0477,325870b16d355cc630bb90f81f55992d8b351f86d1e130bf949b3cde81dca5c6,92.01418,96.60091,564,success_build,True,True,False,unit fuzzy loss,True
105,0 1 2 3 23 5 6 7 8 9 10 11 12 13 14 15 16 17 18 19 20 21 22 4,fd6b3b27e1e77747c4ac4257cb0b1b0ce2030e86a44798d7611874cec9b9d4ae,325870b16d355cc630bb90f81f55992d8b351f86d1e130bf949b3cde81dca5c6,92.01418,96.60091,564,success_build,True,True,False,unit fuzzy loss,True
106,0 1 2 3 4 6 5 7 8 9 10 11 12 13 14 15 16 17 18 19 20 21 22 23,fe724c198d25ead911821c352bdcd3bc0c61dac00e1977a4418ac6f302108fa0,e43ab22e7523ae3057ec4cf38418b6e839c3b30fe1ce108032992f709b5cd931,95.17731,96.88939,564,success_build,True,True,True,,True
107,0 1 2 3 4 7 6 5 8 9 10 11 12 13 14 15 16 17 18 19 20 21 22 23,f85028735fa205ce15cb34700a1d4259ebb827d8d1763d28c0c238f4d1400da2,e43ab22e7523ae3057ec4cf38418b6e839c3b30fe1ce108032992f709b5cd931,95.17731,96.88939,564,success_build,True,True,True,,True
108,0 1 2 3 4 8 6 7 5 9 10 11 12 13 14 15 16 17 18 19 20 21 22 23,12a47db167ac2d7cd3075b247c95b13034d452e6d66cf674eb50db7eef9e6df9,1fdcba424ef55a192c1118dc37cf8d9ed12aec0fae0f2859df970a0ae1d81d8a,95.24823,96.89586,564,success_build,True,True,True,,True
109,0 1 2 3 4 9 6 7 8 5 10 11 12 13 14 15 16 17 18 19 20 21 22 23,8a9802270fe636c786b430de846c6c3666477e6430d58fd71380f094875dc429,c4573a2a70ab66574181b37c4ade170d6cb433e01d53567e7523ff1e20062d74,94.92908,96.86675,564,success_build,True,True,False,unit fuzzy loss,True
110,0 1 2 3 4 10 6 7 8 9 5 11 12 13 14 15 16 17 18 19 20 21 22 23,d2d5e76386e10ce5e5c382fe3e3d161ace907b5933c7c1b3a4e1a48dc5667bfc,89b7a35751f80fcab7a76865d5741d4e96d88f579df8ca8288641646b3f181ab,94.92908,96.86675,564,success_build,True,True,False,unit fuzzy loss,True
111,0 1 2 3 4 11 6 7 8 9 10 5 12 13 14 15 16 17 18 19 20 21 22 23,1c99bc738cd68128bb80d8ce403ea3db1f088c4fb899d9bafd27e46592598c34,89b7a35751f80fcab7a76865d5741d4e96d88f579df8ca8288641646b3f181ab,94.92908,96.86675,564,success_build,True,True,False,unit fuzzy loss,True
112,0 1 2 3 4 12 6 7 8 9 10 11 5 13 14 15 16 17 18 19 20 21 22 23,b1079114adc4c43d8e74084eab1b996bf2dcfb4b5753c279cadea8836432bfc0,587af1fe18d8439eb7a8ec944676092c5d526c38927a407b6247f3865194a5fd,93.46809,96.733505,564,success_build,True,True,False,unit fuzzy loss,True
113,0 1 2 3 4 13 6 7 8 9 10 11 12 5 14 15 16 17 18 19 20 21 22 23,b5981693f9338ff6d742d1289fc1f0b9c2981599694e29cb6aa44d778378a3c6,46a57d161a46de2ea2c549203472c2feadd91c7e042c2a3a5021e6fa135642bc,93.510635,96.73739,564,success_build,True,True,False,unit fuzzy loss,True
114,0 1 2 3 4 14 6 7 8 9 10 11 12 13 5 15 16 17 18 19 20 21 22 23,dd2608456057798777b73518e5c72fa19b0c78d7da7f2824f75cb6171abaf034,fb2cc3c0a9b68f8aea13c4c32f68b26113fc9947af80548fd2d364c2f1654550,94.96454,96.86999,564,success_build,True,True,False,unit fuzzy loss,True
115,0 1 2 3 4 15 6 7 8 9 10 11 12 13 14 5 16 17 18 19 20 21 22 23,708c5c31ee4f3e53e9ca6a13044451f05455d7dffcae339c2739272e7317d35c,9a62235330d9c7473c5ce19c1003287a82bdd45c3226f5aa0b26535060e21615,95.07092,96.87969,564,success_build,True,True,False,unit fuzzy loss,True
116,0 1 2 3 4 16 6 7 8 9 10 11 12 13 14 15 5 17 18 19 20 21 22 23,0c645e5f0210bd708976818b0679f5b4d59afce3e6e1069e7f152fcdd4d9de37,6a0f48f5e813c71eea37c69ff0885b97ca0d4dc6092469d0b0a40ab5a68d4fbd,93.21986,96.71087,564,success_build,True,True,False,unit fuzzy loss,True
117,0 1 2 3 4 17 6 7 8 9 10 11 12 13 14 15 16 5 18 19 20 21 22 23,83455844565d4c4acccb3ccd5d1122088cfe3af9cf8fe6e5deec73530721ed00,13ebc9fd929184dec8c3c1bf7db4c55072d5de16b9c28414c08f60ab8941faa4,95.106384,96.88293,564,success_build,True,True,False,unit fuzzy loss,True
118,0 1 2 3 4 18 6 7 8 9 10 11 12 13 14 15 16 17 5 19 20 21 22 23,c2fc9b991e7a22a9ffd9d7cae4464fdb4621d3e11ca2de0bdb2913272138c1c0,f94b1be69f4ba8350a64cb4c906c43f9c06b75651160ab27f8afa64a9a52a862,92.61702,96.65588,564,success_build,True,True,False,unit fuzzy loss,True
119,0 1 2 3 4 19 6 7 8 9 10 11 12 13 14 15 16 17 18 5 20 21 22 23,a8280bc1c1ec1b594c66d9a6db06b1d78e14657585eca7412a807f26d5d5e895,06f30e1f75b4a6fc37d795115ef0a35f201db10ad43da80699287eaea3ad4bf9,95.17731,96.88939,564,success_build,True,True,True,,True
120,0 1 2 3 4 20 6 7 8 9 10 11 12 13 14 15 16 17 18 19 5 21 22 23,979e9c78e4e3f3fb4196cb91a85addf1e3864d66facf82d91b3f1697cc766a68,f6136c64a413d51f40adf137e874977d162b7e4af28bf8bbb75cd70509e7d286,94.3617,96.81501,564,success_build,True,True,False,unit fuzzy loss,True
121,0 1 2 3 4 21 6 7 8 9 10 11 12 13 14 15 16 17 18 19 20 5 22 23,0a2241066b548541f49bd6a420223ed51be909751d1e565bc321294eeb5c944d,fa9682c6acd5ab3a5cf70fb144480486879a94dc471527e5d157c73c3330661b,94.25532,96.805305,564,success_build,True,True,False,unit fuzzy loss,True
122,0 1 2 3 4 22 6 7 8 9 10 11 12 13 14 15 16 17 18 19 20 21 5 23,5bcf400db311eeacfbcceb6a2527b71249e4b57832d55f22ee5f94cfa902467c,acfc55da0c5bb2a7d69c710ee7d9b12b8f8923ae1e8c9d61562760d42b5962a7,92.12057,96.61061,564,success_build,True,True,False,unit fuzzy loss,True
123,0 1 2 3 4 23 6 7 8 9 10 11 12 13 14 15 16 17 18 19 20 21 22 5,a2cb2ef9fc5629e2c6ff894dda3064cce726e6f8ad7ba267c013df62b8f82794,acfc55da0c5bb2a7d69c710ee7d9b12b8f8923ae1e8c9d61562760d42b5962a7,92.12057,96.61061,564,success_build,True,True,False,unit fuzzy loss,True
124,0 1 2 3 4 5 7 6 8 9 10 11 12 13 14 15 16 17 18 19 20 21 22 23,8142bc2d4eaef9cb6522625e4cc8ddfa55f531e2f096c2be6fdb35f5c090199e,de691febfdde2db43da14ecca22ecdbd5e0c7fbb416ca2580ffaa4991e8a1bbc,95.17731,96.88939,564,success_build,True,True,True,,True
125,0 1 2 3 4 5 8 7 6 9 10 11 12 13 14 15 16 17 18 19 20 21 22 23,0567be5bcae4e25fb4dcc8b3cebc7f9066f93ff43638a6a8cf26b2b58dd8b43b,4be0706e1da2e9a6f5a0b82d8d8d71f5ed3e3ae94d92797c4b5c6fae043a39c2,95.17731,96.88939,564,success_build,True,True,True,,True
126,0 1 2 3 4 5 9 7 8 6 10 11 12 13 14 15 16 17 18 19 20 21 22 23,36d184f171ac20bdda9c27f54667cca1f1f7a9ba843c30e662680f707835ed85,2938cf689389adcde20e250434ec5be8fe7e596eeff87451433cc43325880b47,94.92908,96.86675,564,success_build,True,True,False,unit fuzzy loss,True
127,0 1 2 3 4 5 10 7 8 9 6 11 12 13 14 15 16 17 18 19 20 21 22 23,ba4812df807da7abb8a1262087f6e81db2d1cea7817b7a0eade36f711e791193,295483f2e03a48178722acc856693438107682d8b642bffb4b6e7d31fbb9a06b,94.92908,96.86675,564,success_build,True,True,False,unit fuzzy loss,True
128,0 1 2 3 4 5 11 7 8 9 10 6 12 13 14 15 16 17 18 19 20 21 22 23,a50cae369d1ad22a18d2a13c7187d115d42da701e46f2276394177a966fe9044,295483f2e03a48178722acc856693438107682d8b642bffb4b6e7d31fbb9a06b,94.92908,96.86675,564,success_build,True,True,False,unit fuzzy loss,True
129,0 1 2 3 4 5 12 7 8 9 10 11 6 13 14 15 16 17 18 19 20 21 22 23,6033b38981edab8251bb89d217962ef4145410760972eb4e801bbfa9fc396d1c,51e7fe05b23ac4e5e029db6fde9d2553bbe8a1660ba1a20dc6060c50c2cb2c22,93.46809,96.733505,564,success_build,True,True,False,unit fuzzy loss,True
130,0 1 2 3 4 5 13 7 8 9 10 11 12 6 14 15 16 17 18 19 20 21 22 23,12397ba1923f7ca2d086a34f42d250dfb188fe506e55f80e58902519259bab6e,9ab1629858c305a3ac475a2e1ab4814231bdf282629cdd14a092de911ec95621,93.510635,96.73739,564,success_build,True,True,False,unit fuzzy loss,True
131,0 1 2 3 4 5 14 7 8 9 10 11 12 13 6 15 16 17 18 19 20 21 22 23,8e037ea48ff813f583ce8e553a91aee8918cbee80c0b9df731da914e8f148476,65e47de2da20bad03984e0e77f54ff7f381d8e3fb8c0983be7bae4cfa7055e3e,94.96454,96.86999,564,success_build,True,True,False,unit fuzzy loss,True
132,0 1 2 3 4 5 15 7 8 9 10 11 12 13 14 6 16 17 18 19 20 21 22 23,b7d08f97181096998a55f5ca55d7226369b6cbcfae01a84e18353b492f75f06c,56e439abe50181c90e26cb08e720aa47a554e516bfbde4d97471726f53185005,95.07092,96.87969,564,success_build,True,True,False,unit fuzzy loss,True
133,0 1 2 3 4 5 16 7 8 9 10 11 12 13 14 15 6 17 18 19 20 21 22 23,be79aebcbca1d26aba0bfb9f1321845b425e4ba1016ff0eaa59b36c2f0318ca5,576d8d79ab422ab724dbb2ff3c87a888d2983927665580909884b8a012a2321f,93.184395,96.707634,564,success_build,True,True,False,unit fuzzy loss,True
134,0 1 2 3 4 5 17 7 8 9 10 11 12 13 14 15 16 6 18 19 20 21 22 23,6e0fcc61c9f767c89b40a0af59abaa94211150ba27ec76c493b86c7617de818b,50ecf721e81042d67865d89620d882c5514e6ba47f11c1f38b05658ef19975fc,95.106384,96.88293,564,success_build,True,True,False,unit fuzzy loss,True
135,0 1 2 3 4 5 18 7 8 9 10 11 12 13 14 15 16 17 6 19 20 21 22 23,6249fb8fabd387b2b4d07edc1e2537f04d13ee192d57094a3ea9b7ceeb7f9c7d,548eda890e7ff588a766b894f91e3457e842f4bc9059669bb5005b7f6474b4ea,92.61702,96.65588,564,success_build,True,True,False,unit fuzzy loss,True
136,0 1 2 3 4 5 19 7 8 9 10 11 12 13 14 15 16 17 18 6 20 21 22 23,de0836ca7bc124f8f3a04c26e7d4e5226bd7d078aa3c9328a3241d340bedcb76,0207c1f2bc36ed304a6aaa565ff1e985f0f90da7ccf80535b2f30817c0432cba,95.17731,96.88939,564,success_build,True,True,True,,True
137,0 1 2 3 4 5 20 7 8 9 10 11 12 13 14 15 16 17 18 19 6 21 22 23,2496b8e974b7c7cad4724f2cf5ddfceae065c4351aa60bc13dc48d442e2bd273,6e88e69a920ada7d1b5d48897ffb63bb1190ae3151d51b51ce99c98cdae9d5a7,94.3617,96.81501,564,success_build,True,True,False,unit fuzzy loss,True
138,0 1 2 3 4 5 21 7 8 9 10 11 12 13 14 15 16 17 18 19 20 6 22 23,c0804e7563e08fefa97ece4adf370e51e59bc0922ba29893256104b565c0892c,302112a7528d1f631df1b1083be5c6ff8c0091f2254b15262cf81d3b365d723a,94.46809,96.82471,564,success_build,True,True,False,unit fuzzy loss,True
139,0 1 2 3 4 5 22 7 8 9 10 11 12 13 14 15 16 17 18 19 20 21 6 23,1dfd8e7c536b173d2363831a8e1482d903d8f2bd3ff67df4c60c9a07260a5e45,3be569e53ebaa77236ded364cadd59226a97860a84949c2b4300046d553f916e,92.12057,96.61061,564,success_build,True,True,False,unit fuzzy loss,True
140,0 1 2 3 4 5 23 7 8 9 10 11 12 13 14 15 16 17 18 19 20 21 22 6,33faf873acd1db88d609f4f36b83d8fa781a1f8d23fc7ea4c3231ef62503a524,3be569e53ebaa77236ded364cadd59226a97860a84949c2b4300046d553f916e,92.12057,96.61061,564,success_build,True,True,False,unit fuzzy loss,True
141,0 1 2 3 4 5 6 8 7 9 10 11 12 13 14 15 16 17 18 19 20 21 22 23,b26bc216657c165991cf990b4d2fb8686e6e9d8b20ab8fcb26a43977b4f043d4,de691febfdde2db43da14ecca22ecdbd5e0c7fbb416ca2580ffaa4991e8a1bbc,95.17731,96.88939,564,success_build,True,True,True,,True
142,0 1 2 3 4 5 6 9 8 7 10 11 12 13 14 15 16 17 18 19 20 21 22 23,57e6f46a3d4953790d400d8827c15f7a8d7de0cbb13b1fb6fb79d5ae54ca88b4,9ed665241a02ccb573a3e233019818dc162e1860cb361be6a80ac9a7d261b4e9,94.92908,96.86675,564,success_build,True,True,False,unit fuzzy loss,True
143,0 1 2 3 4 5 6 10 8 9 7 11 12 13 14 15 16 17 18 19 20 21 22 23,d1983b1541e1ad7e42a7f8e255c505821111b604979b896f78bebb5f6cee7168,de691febfdde2db43da14ecca22ecdbd5e0c7fbb416ca2580ffaa4991e8a1bbc,95.17731,96.88939,564,success_build,True,True,True,,True
144,0 1 2 3 4 5 6 11 8 9 10 7 12 13 14 15 16 17 18 19 20 21 22 23,e23db4d2a17764a17810c4a09471fb929ce3ff4eb6b4632c905050284a38bdd8,de691febfdde2db43da14ecca22ecdbd5e0c7fbb416ca2580ffaa4991e8a1bbc,95.17731,96.88939,564,success_build,True,True,True,,True
145,0 1 2 3 4 5 6 12 8 9 10 11 7 13 14 15 16 17 18 19 20 21 22 23,f7bbe20ea4d6dfe09d1b3f5d5253b4e3083c2187e6f57c049d770fb9288ddcca,1dc1cd1718777d23c6148eadc2343d987b7ae2bb7b55dd73fd8c82fa9e031ea3,94.666664,96.84282,564,success_build,True,True,False,unit fuzzy loss,True
146,0 1 2 3 4 5 6 13 8 9 10 11 12 7 14 15 16 17 18 19 20 21 22 23,8ae5fff2bb53dc69c7c0525d589770f9bc338beec7b2e261d85c0b6c2ba6a0b3,a95876aa5c652589b9a98e3e96418fa3edec39fc5744aa5634791461ad0fea2f,94.41135,96.819534,564,success_build,True,True,False,unit fuzzy loss,True
147,0 1 2 3 4 5 6 14 8 9 10 11 12 13 7 15 16 17 18 19 20 21 22 23,422ab86351953c70faffbb23aec6da6172edb7db355a69f4447664fe6806ecd1,8d086bc3133b8306d70be9cf6fd9bbb681ef62c7f1f61cd9ebec1294002ebb3c,92.82269,96.674644,564,success_build,True,True,False,unit fuzzy loss,True
148,0 1 2 3 4 5 6 15 8 9 10 11 12 13 14 7 16 17 18 19 20 21 22 23,7394400d8a06331fa841829e29861854c4f6dfc20a7904308bf7f63945477659,8d12f0bdb7b06eb1687b727da4e3b0d87c133f0543bbb09d1f06c87e7b494413,92.71631,96.66494,564,success_build,True,True,False,unit fuzzy loss,True
149,0 1 2 3 4 5 6 16 8 9 10 11 12 13 14 15 7 17 18 19 20 21 22 23,d23ab7b3bd25f9718560335efe0dace9d56035e45699e48770fcd5c02b94d933,99f5a62d1d272bd1964440d8bae4410e72a87a72e587e23425149713890b953d,90.723404,96.483185,564,success_build,True,True,False,unit fuzzy loss,True
150,0 1 2 3 4 5 6 17 8 9 10 11 12 13 14 15 16 7 18 19 20 21 22 23,d3f4454802612ba7b29fc455e57f9ba271007f37e376d77d5b703d5c3239e525,08a10cadf30df89ae2cbba5f6863cff228179db2684e24fb85a92ac582094eaa,92.64539,96.65847,564,success_build,True,True,False,unit fuzzy loss,True
151,0 1 2 3 4 5 6 18 8 9 10 11 12 13 14 15 16 17 7 19 20 21 22 23,99a30ee113832e363fc6ca4c38125909fb75c2a6a5bf3a6d130a6f20c267ffef,de691febfdde2db43da14ecca22ecdbd5e0c7fbb416ca2580ffaa4991e8a1bbc,95.17731,96.88939,564,success_build,True,True,True,,True
152,0 1 2 3 4 5 6 19 8 9 10 11 12 13 14 15 16 17 18 7 20 21 22 23,1bfa2461207906d5969b39f115019f6abc095d271d357c3845ed4838a1587d4e,816e5073fca73c60a67f7db6cdcce790a3d26383138280a289cf82bffd99285d,92.64539,96.65847,564,success_build,True,True,False,unit fuzzy loss,True
153,0 1 2 3 4 5 6 20 8 9 10 11 12 13 14 15 16 17 18 19 7 21 22 23,ad6ca0dfe6399edab9719bbf8d6ddc5020489d1058af048557cf33673d065324,c4f7819e6766242bfcd1dab904af2007543a0d31ac80e4c6ca50bd31c4003e42,91.82979,96.58409,564,success_build,True,True,False,unit fuzzy loss,True
154,0 1 2 3 4 5 6 21 8 9 10 11 12 13 14 15 16 17 18 19 20 7 22 23,b1f7082dd0dcfe819d0e4f34e8dee3f4be9f06a07a0d417bfba15ce79906f6c9,51d76223095591bdd1cf3814de6da2bd47c48f6f9569e6883864c1f7f35c7dbb,91.5461,96.55821,564,success_build,True,True,False,unit fuzzy loss,True
155,0 1 2 3 4 5 6 22 8 9 10 11 12 13 14 15 16 17 18 19 20 21 7 23,4890e2eaa8a9c3742729e7e6b70cc05a120e73fcdca4bcdb66663565d164a256,de691febfdde2db43da14ecca22ecdbd5e0c7fbb416ca2580ffaa4991e8a1bbc,95.17731,96.88939,564,success_build,True,True,True,,True
156,0 1 2 3 4 5 6 23 8 9 10 11 12 13 14 15 16 17 18 19 20 21 22 7,6ff79a25d23468da184433fe661fcad08ca94bc3707d8b31ca611842fe3a9958,de691febfdde2db43da14ecca22ecdbd5e0c7fbb416ca2580ffaa4991e8a1bbc,95.17731,96.88939,564,success_build,True,True,True,,True
157,0 1 2 3 4 5 6 7 9 8 10 11 12 13 14 15 16 17 18 19 20 21 22 23,119594c6d15be735289b8d01551d785cae5ea553c85323a4edb8860e110a6f8e,9ed665241a02ccb573a3e233019818dc162e1860cb361be6a80ac9a7d261b4e9,94.92908,96.86675,564,success_build,True,True,False,unit fuzzy loss,True
158,0 1 2 3 4 5 6 7 10 9 8 11 12 13 14 15 16 17 18 19 20 21 22 23,a373098f0360fbb8de312cfa3f6f65a8a2fd46dfec77990f67fd407c994a3c7c,9ed665241a02ccb573a3e233019818dc162e1860cb361be6a80ac9a7d261b4e9,94.92908,96.86675,564,success_build,True,True,False,unit fuzzy loss,True
159,0 1 2 3 4 5 6 7 11 9 10 8 12 13 14 15 16 17 18 19 20 21 22 23,1e550c79bb01c9ce508d94aa572a58720815f7592bd7c1151610de658bef1209,9ed665241a02ccb573a3e233019818dc162e1860cb361be6a80ac9a7d261b4e9,94.92908,96.86675,564,success_build,True,True,False,unit fuzzy loss,True
160,0 1 2 3 4 5 6 7 12 9 10 11 8 13 14 15 16 17 18 19 20 21 22 23,7033e446710dcbd61685487a85fab7fc8380a472f4a09e66fc193339163533af,24e7e61b76c708e47578d0449375cd2afe4b8922d5af5d8a9333b056cc630fd2,93.46809,96.733505,564,success_build,True,True,False,unit fuzzy loss,True
161,0 1 2 3 4 5 6 7 13 9 10 11 12 8 14 15 16 17 18 19 20 21 22 23,c5fcadc038afe3966c75030d4e85a2d220654a651a2248b710397518dd6a14a3,7c9576fd68898ff3a360c5d589c283a1d871328cebaa189a06804f36cbb9088f,93.510635,96.73739,564,success_build,True,True,False,unit fuzzy loss,True
162,0 1 2 3 4 5 6 7 14 9 10 11 12 13 8 15 16 17 18 19 20 21 22 23,322f27a30cffd7246297b5f17ae684466f9935f1367d80a2f9f6c3aee8349901,f88a2960b333d1d04e0c609e7a2a57af3ee9378fcba315998bb3fcb8c3a5d2a2,94.96454,96.86999,564,success_build,True,True,False,unit fuzzy loss,True
163,0 1 2 3 4 5 6 7 15 9 10 11 12 13 14 8 16 17 18 19 20 21 22 23,e3bf6de4002a67b9f7e1cece0141e7740bea08a35397293c088e30f6db2060e8,3a27873f75d89238ff99c0c4ed3c8d218f377cbcef2474201714bde58e41db3f,95.07092,96.87969,564,success_build,True,True,False,unit fuzzy loss,True
164,0 1 2 3 4 5 6 7 16 9 10 11 12 13 14 15 8 17 18 19 20 21 22 23,0be977a42691de211e02028933cce1fd33bba511cce3a804576ec917737f0c48,29907d86297dbea4dcbfc9cf910de619219f8f6422ef554e96c354e178965544,93.25532,96.7141,564,success_build,True,True,False,unit fuzzy loss,True
165,0 1 2 3 4 5 6 7 17 9 10 11 12 13 14 15 16 8 18 19 20 21 22 23,0749c3c35ba3c6d9ec21b64233b8cd6c3682e7b0e75d798da41dd25a5614a32d,a1503e36561209e134420a4ddacec0d92473dfe8452da4edc90b35b2bdc7ab28,95.106384,96.88293,564,success_build,True,True,False,unit fuzzy loss,True
166,0 1 2 3 4 5 6 7 18 9 10 11 12 13 14 15 16 17 8 19 20 21 22 23,f892d4dd09f45399edbfc6744700051bcd73fb0ba65f6bb3d82a1524fd98e98d,8561e8539767acc78ca4e9c761ae3d33c32db0639951ac551b47c7b4d9cfb481,92.61702,96.65588,564,success_build,True,True,False,unit fuzzy loss,True
167,0 1 2 3 4 5 6 7 19 9 10 11 12 13 14 15 16 17 18 8 20 21 22 23,54cbbf24baf2f0ecf33ea188feec54b2c1507b999781788b4baa38a9e8c5cd06,647e9f74faf44d2fc42c63be4be49992118fb6d2fc9511b9e0f6d6cb96fa13cd,95.17731,96.88939,564,success_build,True,True,True,,True
168,0 1 2 3 4 5 6 7 20 9 10 11 12 13 14 15 16 17 18 19 8 21 22 23,44206d47df0327fa46e415bf2cc187e88e70fb5f5e29e1f07c27b5b8520654b1,5d65ec794465143bd0d694743b6a647eb9e96618cf1b943bb3afbc9cd01e13e4,94.3617,96.81501,564,success_build,True,True,False,unit fuzzy loss,True
169,0 1 2 3 4 5 6 7 21 9 10 11 12 13 14 15 16 17 18 19 20 8 22 23,20fb48f40b38251908ea0b2b69be3ec213edcc609e3cf83d89bf9cd79f7f23ad,2ef5fe6febe6391b170f23e3a00294c72250435732a15202953045cb3819d3ba,94.25532,96.805305,564,success_build,True,True,False,unit fuzzy loss,True
170,0 1 2 3 4 5 6 7 22 9 10 11 12 13 14 15 16 17 18 19 20 21 8 23,65a030d6956150196809e2a58bc3d531af0986b320049a06cc943a1f5067c26a,2d64c3140e97bf16e9914070377bfbb9f87ecf0c0a1e614c44b5d2bdd0e8538f,92.12057,96.61061,564,success_build,True,True,False,unit fuzzy loss,True
171,0 1 2 3 4 5 6 7 23 9 10 11 12 13 14 15 16 17 18 19 20 21 22 8,d1fc36efc966697a6f715a57f6a4bbd67f4635fb66eedebc693ef4f27d7e4ae0,2d64c3140e97bf16e9914070377bfbb9f87ecf0c0a1e614c44b5d2bdd0e8538f,92.12057,96.61061,564,success_build,True,True,False,unit fuzzy loss,True
172,0 1 2 3 4 5 6 7 8 10 9 11 12 13 14 15 16 17 18 19 20 21 22 23,584e993b25c3a0c4d57e0b33d3d8bb5ee4c298fc9a4ef1a159ed02132150c4dc,de691febfdde2db43da14ecca22ecdbd5e0c7fbb416ca2580ffaa4991e8a1bbc,95.17731,96.88939,564,success_build,True,True,True,,True
173,0 1 2 3 4 5 6 7 8 11 10 9 12 13 14 15 16 17 18 19 20 21 22 23,37bc79a2123734dcaab0bb33564e43c14475a655a5ed199cf7c598455100e52b,de691febfdde2db43da14ecca22ecdbd5e0c7fbb416ca2580ffaa4991e8a1bbc,95.17731,96.88939,564,success_build,True,True,True,,True
174,0 1 2 3 4 5 6 7 8 12 10 11 9 13 14 15 16 17 18 19 20 21 22 23,446eacc42b665907570a3e27e9becb84651c9fc3834d37a317261f821fba097b,a806df8f5abdf3ccb66c6e3cb8935b5d79c7a1381de510c276f12692054624f4,94.702126,96.846054,564,success_build,True,True,False,unit fuzzy loss,True
175,0 1 2 3 4 5 6 7 8 13 10 11 12 9 14 15 16 17 18 19 20 21 22 23,57df23116c25babf96c4f683255ec8fe6262a31ef358d74c4c585300476599b3,f18f9ef63fc62e9eb3f4d6d18182096ae29760afeec215a0e757f8a0d1d3f9f4,94.624115,96.838936,564,success_build,True,True,False,unit fuzzy loss,True
176,0 1 2 3 4 5 6 7 8 14 10 11 12 13 9 15 16 17 18 19 20 21 22 23,036d468c526b9baa5fe002c60a1ff86dee414de213962f4820939037468cdfdf,4f7c315660cc1bab63945afddad3174bb700e28e7404281580194ddf738c8522,93.24823,96.713455,564,success_build,True,True,False,unit fuzzy loss,True
177,0 1 2 3 4 5 6 7 8 15 10 11 12 13 14 9 16 17 18 19 20 21 22 23,c04af572705f365562d4e053c17233675f6a11effc92c44387e65efbaf97720e,500757e888c906a15ab8c83180286ae93224e8561d0bccde698446aa212d7016,93.35461,96.72316,564,success_build,True,True,False,unit fuzzy loss,True
178,0 1 2 3 4 5 6 7 8 16 10 11 12 13 14 15 9 17 18 19 20 21 22 23,c852913cccc63788076f3c7778df294870b972fcddad7e4fe587ead05f00ddbf,e98a6379e507e9d45e5bae4b75fb5457327c54a75c984cb86d0a23dd378644e8,91.46809,96.5511,564,success_build,True,True,False,unit fuzzy loss,True
179,0 1 2 3 4 5 6 7 8 17 10 11 12 13 14 15 16 9 18 19 20 21 22 23,8abe1f764b5d7085385ea07428f6886484722102dbc7028a646e9412c87b6499,a6df298c67766ae37bf17434e540f058db316c67338505f3fe8fa4d8c2a98781,93.39007,96.72639,564,success_build,True,True,False,unit fuzzy loss,True
180,0 1 2 3 4 5 6 7 8 18 10 11 12 13 14 15 16 17 9 19 20 21 22 23,bab01d85a59cfd07a97dce282a12bd45b0bfaea8ed80fbd8560ad4f6b6d3ecc4,1fdd8dd8e4d639b740c30fef046d2b29e474e33b2540277940f41b06f1c3f502,93.992905,96.78137,564,success_build,True,True,False,unit fuzzy loss,True
181,0 1 2 3 4 5 6 7 8 19 10 11 12 13 14 15 16 17 18 9 20 21 22 23,9bfeb7078ee554f4e72dc00d1a405bc08425bd2f68e38a71f2d7b143bf56ae78,1d31d785232a9fe1cfa0a72a637d62a4c5d854d51d72321d87a02a0bf5dd3251,93.46099,96.73286,564,success_build,True,True,False,unit fuzzy loss,True
182,0 1 2 3 4 5 6 7 8 20 10 11 12 13 14 15 16 17 18 19 9 21 22 23,14125f46f8ce6003e062b6ae6c8f89438fa2276791355ccb3975ff785954e418,9a97085369b2d2c79f6cab123647aa8660ab48fad7d1b9d4d1eb32dac09cb35b,92.64539,96.65847,564,success_build,True,True,False,unit fuzzy loss,True
183,0 1 2 3 4 5 6 7 8 21 10 11 12 13 14 15 16 17 18 19 20 9 22 23,328c266b7b5dc647c872bd7223a447828b656aa0e025143132de8399e7d905bb,15e13a10acb06ea60f806f35003e1b8c34026c82200bc92db2ea4b292108e9f4,92.53901,96.64877,564,success_build,True,True,False,unit fuzzy loss,True
184,0 1 2 3 4 5 6 7 8 22 10 11 12 13 14 15 16 17 18 19 20 21 9 23,6a09ab57c8d95b621cea258618b7a60a791353be991a7fc798e9f34697d554aa,61ec0c447dd90d2f2e53e08f9dd1b0ef4b07e6936ed224142e37d616869402b7,93.49645,96.73609,564,success_build,True,True,False,unit fuzzy loss,True
185,0 1 2 3 4 5 6 7 8 23 10 11 12 13 14 15 16 17 18 19 20 21 22 9,99c3ece8872137e1afa795b62658b1e0eabd032f1d84b1eb9b66e94fd6cd4caf,61ec0c447dd90d2f2e53e08f9dd1b0ef4b07e6936ed224142e37d616869402b7,93.49645,96.73609,564,success_build,True,True,False,unit fuzzy loss,True
186,0 1 2 3 4 5 6 7 8 9 11 10 12 13 14 15 16 17 18 19 20 21 22 23,338f816a61bc1bd7f6d5facaee98bf8837cc084964467e7238bf3cb684689e08,de691febfdde2db43da14ecca22ecdbd5e0c7fbb416ca2580ffaa4991e8a1bbc,95.17731,96.88939,564,success_build,True,True,True,,True
187,0 1 2 3 4 5 6 7 8 9 12 11 10 13 14 15 16 17 18 19 20 21 22 23,6ee1a0f57d43882ed204a243a88f062f26fdc1b3a6227e619948ec9e5ca95c91,de691febfdde2db43da14ecca22ecdbd5e0c7fbb416ca2580ffaa4991e8a1bbc,95.17731,96.88939,564,success_build,True,True,True,,True
188,0 1 2 3 4 5 6 7 8 9 13 11 12 10 14 15 16 17 18 19 20 21 22 23,eac4af0cdfb37bbc98932c546ed3dfdc4a9167ac46405d73308a205764398231,5afe3a31845a79d60bf29f1d5de08ce4c95419b31df98fada21b7fa064710f6f,94.60993,96.83765,564,success_build,True,True,False,unit fuzzy loss,True
189,0 1 2 3 4 5 6 7 8 9 14 11 12 13 10 15 16 17 18 19 20 21 22 23,85ab39d161170459ec1d6c2014b65d97b5e1ff8d4f5d6bac972cbd55b61e5677,f1b6535e8e5c1d694da529d2aadf71768e288fc442736b5429e729a58debab1d,94.39716,96.81824,564,success_build,True,True,False,unit fuzzy loss,True
190,0 1 2 3 4 5 6 7 8 9 15 11 12 13 14 10 16 17 18 19 20 21 22 23,e6151a83dce2d82326fface2410d6434dcb762e31303467ed6974c70de203238,17d79da7793756e867c9efe75b0afd15bc3ee039172a17f5dad53f729a3bf939,94.29078,96.80854,564,success_build,True,True,False,unit fuzzy loss,True
191,0 1 2 3 4 5 6 7 8 9 16 11 12 13 14 15 10 17 18 19 20 21 22 23,8cf936dfa13b53442b820b41d9bd645f1ee8072a92a0bdc711be02cefb65ce17,06e7b0849abd37d15614e6d492c866b46e53380e453c7cf2e8cfc664b1d25482,94.29078,96.80854,564,success_build,True,True,False,unit fuzzy loss,True
192,0 1 2 3 4 5 6 7 8 9 17 11 12 13 14 15 16 10 18 19 20 21 22 23,7587353645bb7ef63a3bdc7a58e14afdcdf7c278f310d33527117a0ee7cf01e5,33169ab44a040edda761c5b5ec80ea845b024c69536ee0d8353f121e97c98857,94.21986,96.80207,564,success_build,True,True,False,unit fuzzy loss,True
193,0 1 2 3 4 5 6 7 8 9 18 11 12 13 14 15 16 17 10 19 20 21 22 23,79a4589a5b39f98f55d9506eefba6aa05beb0930bd712bfb381414cb85e58e46,de691febfdde2db43da14ecca22ecdbd5e0c7fbb416ca2580ffaa4991e8a1bbc,95.17731,96.88939,564,success_build,True,True,True,,True
194,0 1 2 3 4 5 6 7 8 9 19 11 12 13 14 15 16 17 18 10 20 21 22 23,242d37dc0e2c323743d80ef96563da1b53e0e0f53113aedfedefe17436c821cc,9944ff8ed911ceb89ae4b87fd60538d747f7f133cd749c23fbe54b38c2787767,94.21986,96.80207,564,success_build,True,True,False,unit fuzzy loss,True
195,0 1 2 3 4 5 6 7 8 9 20 11 12 13 14 15 16 17 18 19 10 21 22 23,bb81c820f5856bd21ca62c881d3e1cf8a148f14a50ebe4202ee120591e65af06,6746ebdf89d15e9c20ab9986f1d53ac6cd77fc2e219b97bf8b59dbd7970c5796,94.04256,96.7859,564,success_build,True,True,False,unit fuzzy loss,True
196,0 1 2 3 4 5 6 7 8 9 21 11 12 13 14 15 16 17 18 19 20 10 22 23,440c08b8cf8175b93a66028214c3e224b8324e1e63ad5de69b1a6faad011122f,9a4fa23fd94abb013139d0a28eeb97832164927de0c18b12d4becf437e773009,93.90071,96.772964,564,success_build,True,True,False,unit fuzzy loss,True
197,0 1 2 3 4 5 6 7 8 9 22 11 12 13 14 15 16 17 18 19 20 21 10 23,dfe432a9c4336c44aae46b8bb2aa72245d980d6bae3670b31617dce1b3d3dc59,de691febfdde2db43da14ecca22ecdbd5e0c7fbb416ca2580ffaa4991e8a1bbc,95.17731,96.88939,564,success_build,True,True,True,,True
198,0 1 2 3 4 5 6 7 8 9 23 11 12 13 14 15 16 17 18 19 20 21 22 10,212a4aa54cac9f098e4bf7a2896bca9c3882a361d30b9062b4efec14b3a9467f,de691febfdde2db43da14ecca22ecdbd5e0c7fbb416ca2580ffaa4991e8a1bbc,95.17731,96.88939,564,success_build,True,True,True,,True
199,0 1 2 3 4 5 6 7 8 9 10 12 11 13 14 15 16 17 18 19 20 21 22 23,c95630100d4d585f7da7f730d9b3361d4dedf83b0727d89d4a29f968df2dd3c6,de691febfdde2db43da14ecca22ecdbd5e0c7fbb416ca2580ffaa4991e8a1bbc,95.17731,96.88939,564,success_build,True,True,True,,True
200,0 1 2 3 4 5 6 7 8 9 10 13 12 11 14 15 16 17 18 19 20 21 22 23,2b0d13cecf4a376f9fc44df9b989925a8159044761017ddd2bcc13aecc481e39,5afe3a31845a79d60bf29f1d5de08ce4c95419b31df98fada21b7fa064710f6f,94.60993,96.83765,564,success_build,True,True,False,unit fuzzy loss,True
201,0 1 2 3 4 5 6 7 8 9 10 14 12 13 11 15 16 17 18 19 20 21 22 23,87d72a29f502ddfdc3ac073ddf40ca65a82b19e4f8235403597db48acdcc998b,f1b6535e8e5c1d694da529d2aadf71768e288fc442736b5429e729a58debab1d,94.39716,96.81824,564,success_build,True,True,False,unit fuzzy loss,True
202,0 1 2 3 4 5 6 7 8 9 10 15 12 13 14 11 16 17 18 19 20 21 22 23,2a7346d688bcd045e3bd36227ffce888f3c124ea1365a4abdcc6d61476dca867,17d79da7793756e867c9efe75b0afd15bc3ee039172a17f5dad53f729a3bf939,94.29078,96.80854,564,success_build,True,True,False,unit fuzzy loss,True
203,0 1 2 3 4 5 6 7 8 9 10 16 12 13 14 15 11 17 18 19 20 21 22 23,9391d5058055d8c5c9bb5dc0bbdd15d3b5a451cf0eb53c8d2b83778baaab4439,06e7b0849abd37d15614e6d492c866b46e53380e453c7cf2e8cfc664b1d25482,94.29078,96.80854,564,success_build,True,True,False,unit fuzzy loss,True
204,0 1 2 3 4 5 6 7 8 9 10 17 12 13 14 15 16 11 18 19 20 21 22 23,6b6527fb1babec2c6f6bcc9f8016a724c8bc5608c8e2690cf279287729033ef1,33169ab44a040edda761c5b5ec80ea845b024c69536ee0d8353f121e97c98857,94.21986,96.80207,564,success_build,True,True,False,unit fuzzy loss,True
205,0 1 2 3 4 5 6 7 8 9 10 18 12 13 14 15 16 17 11 19 20 21 22 23,6bee8f0e487c6ccae12414a7d041acd69a3e6e2a856d108de360d955dfa844f4,de691febfdde2db43da14ecca22ecdbd5e0c7fbb416ca2580ffaa4991e8a1bbc,95.17731,96.88939,564,success_build,True,True,True,,True
206,0 1 2 3 4 5 6 7 8 9 10 19 12 13 14 15 16 17 18 11 20 21 22 23,83329e2b5100ea2c51c9c2003d2ebdde8d05409fe9010bafab6f9c2a53b9201e,9944ff8ed911ceb89ae4b87fd60538d747f7f133cd749c23fbe54b38c2787767,94.21986,96.80207,564,success_build,True,True,False,unit fuzzy loss,True
207,0 1 2 3 4 5 6 7 8 9 10 20 12 13 14 15 16 17 18 19 11 21 22 23,bb919d37c1e582dddff93feff7df138e18b24915697c04be39526a3b1d7acfc7,6746ebdf89d15e9c20ab9986f1d53ac6cd77fc2e219b97bf8b59dbd7970c5796,94.04256,96.7859,564,success_build,True,True,False,unit fuzzy loss,True
208,0 1 2 3 4 5 6 7 8 9 10 21 12 13 14 15 16 17 18 19 20 11 22 23,06eb9357cd3db51f2a5cd6c953153f55debc47c7dfe6320e7b0b3cf1f1252e09,9a4fa23fd94abb013139d0a28eeb97832164927de0c18b12d4becf437e773009,93.90071,96.772964,564,success_build,True,True,False,unit fuzzy loss,True
209,0 1 2 3 4 5 6 7 8 9 10 22 12 13 14 15 16 17 18 19 20 21 11 23,e57cd683ab8f819c09a5621811826a98c199585d342a385cd3e27b27eb2f51e8,de691febfdde2db43da14ecca22ecdbd5e0c7fbb416ca2580ffaa4991e8a1bbc,95.17731,96.88939,564,success_build,True,True,True,,True
210,0 1 2 3 4 5 6 7 8 9 10 23 12 13 14 15 16 17 18 19 20 21 22 11,09a423e2999e583e1b2efda18dc3a5e3f430f0fe442f73de46e018aa821e9d19,de691febfdde2db43da14ecca22ecdbd5e0c7fbb416ca2580ffaa4991e8a1bbc,95.17731,96.88939,564,success_build,True,True,True,,True
211,0 1 2 3 4 5 6 7 8 9 10 11 13 12 14 15 16 17 18 19 20 21 22 23,42a14fa75f78eb32f484dc85ae1c3ed976edbb7e2c6733014abe79d45a8dbb77,5afe3a31845a79d60bf29f1d5de08ce4c95419b31df98fada21b7fa064710f6f,94.60993,96.83765,564,success_build,True,True,False,unit fuzzy loss,True
212,0 1 2 3 4 5 6 7 8 9 10 11 14 13 12 15 16 17 18 19 20 21 22 23,399587d9b48ea0568298d63138b3bbe4cdad76c34f49eb8784e65e7660e3c3f6,50a2b146496088870c50654c337b9e3a4d4f9404b85ca73f518d3b96d04da124,94.680855,96.84412,564,success_build,True,True,False,unit fuzzy loss,True
213,0 1 2 3 4 5 6 7 8 9 10 11 15 13 14 12 16 17 18 19 20 21 22 23,475211c9d86163ada6f3f44275e9df0b670d4a5cde721d35be5c56a70a8d11f8,bbbdea0f5e71bc0bfa4348a04a60c0642824dafecd89a1afe060675aae376567,94.78723,96.85381,564,success_build,True,True,False,unit fuzzy loss,True
214,0 1 2 3 4 5 6 7 8 9 10 11 16 13 14 15 12 17 18 19 20 21 22 23,2ad05319524899237deac4bc9d4469c53aa78b279adb1690783fc445661260db,ab465cad0dca54a6988f0746271d03e152dcf356b0a55b73d808184178eeb442,94.893616,96.86352,564,success_build,True,True,False,unit fuzzy loss,True
215,0 1 2 3 4 5 6 7 8 9 10 11 17 13 14 15 16 12 18 19 20 21 22 23,7f50c9be758beb17b56291e6e7d8df4070078fb4e191657f6974f5f17faf86b7,e91b139d1ada3f1c7de918536bcbfbc182725ff741c848add28bb06f61c8acf2,94.82269,96.85705,564,success_build,True,True,False,unit fuzzy loss,True
216,0 1 2 3 4 5 6 7 8 9 10 11 18 13 14 15 16 17 12 19 20 21 22 23,6f7dc6b0af14699434f34ad665c5c0b0921fc0f50bb1742bacb0f6400f09bff5,47c9792fd490aef839a212bac7ee089bfa0d71f2ae0dd57ce0a5fa9708adc579,94.21986,96.80207,564,success_build,True,True,False,unit fuzzy loss,True
217,0 1 2 3 4 5 6 7 8 9 10 11 19 13 14 15 16 17 18 12 20 21 22 23,7f212fcef017e34cb40f32a573f11771a32bef3f149dfbfda77f941c136ae020,41310b4615fcc03ff9e3c3f8c51a2e6db7c928ab24c14b94cca0076ce68569bc,94.893616,96.86352,564,success_build,True,True,False,unit fuzzy loss,True
218,0 1 2 3 4 5 6 7 8 9 10 11 20 13 14 15 16 17 18 19 12 21 22 23,82700c6427656ec56736778448b000967ee3e31c10dd52f4828c66aaa14d9aae,697018c89d208d12672ea9644e4350016ce19b3b4ef9645b15663cfd1be1788a,94.71631,96.84735,564,success_build,True,True,False,unit fuzzy loss,True
219,0 1 2 3 4 5 6 7 8 9 10 11 21 13 14 15 16 17 18 19 20 12 22 23,2b73160167956d9bdd3deeb8902de2001951a3cf9771e0b30bb72d75e881c8d0,71193ecd14231477942053863da4bde22b7a9eda86592f44bfccc40bea074c31,94.50355,96.82794,564,success_build,True,True,False,unit fuzzy loss,True
220,0 1 2 3 4 5 6 7 8 9 10 11 22 13 14 15 16 17 18 19 20 21 12 23,ec71244736f6d221c40afc8ad284c8b074ee70dfed67e2ac96010a5d88a04058,99ba578a8cacc1873d31f0111069ef99ab216759ddd85c1c186e167b9f332a2c,93.723404,96.75679,564,success_build,True,True,False,unit fuzzy loss,True
221,0 1 2 3 4 5 6 7 8 9 10 11 23 13 14 15 16 17 18 19 20 21 22 12,d493b9ba389381c96e16ed8d547de065d161555aad6f57a0ca004b8275ecbcb6,99ba578a8cacc1873d31f0111069ef99ab216759ddd85c1c186e167b9f332a2c,93.723404,96.75679,564,success_build,True,True,False,unit fuzzy loss,True
222,0 1 2 3 4 5 6 7 8 9 10 11 12 14 13 15 16 17 18 19 20 21 22 23,762d8b5c80b5b4b1be2902f4c843365e2075ee5346d36f820be2d46799c968af,8461f807901547ba59b4b945b9ac7e8de9c416a0158f75c041d14df81159e4cf,94.680855,96.84412,564,success_build,True,True,False,unit fuzzy loss,True
223,0 1 2 3 4 5 6 7 8 9 10 11 12 15 14 13 16 17 18 19 20 21 22 23,f3150f750e6e50ad7f7dd31442086054c91159b4ab4eb961423090757ef33323,6378a0f16f1820a5f8422a4368aabe811c72b7bd6186e8b870d88b43c5c34c61,94.78723,96.85381,564,success_build,True,True,False,unit fuzzy loss,True
224,0 1 2 3 4 5 6 7 8 9 10 11 12 16 14 15 13 17 18 19 20 21 22 23,9a090f03764d8a7cec4172d97b947c562f303fa226e1dfba3828922f0c0c64df,a28c4ebbe21c6e250db79ea90c8592e0518501f01de28ab38fe0cac7cea9e740,94.893616,96.86352,564,success_build,True,True,False,unit fuzzy loss,True
225,0 1 2 3 4 5 6 7 8 9 10 11 12 17 14 15 16 13 18 19 20 21 22 23,a08cb62b04551ba92cb9ed0a1c55103f53f8f13b488351c07e24fefc1b0caace,ac8ae41daba099cc1447a41f5204aaf9e8f86f570e1ba0102002d1f9758fa17d,94.82269,96.85705,564,success_build,True,True,False,unit fuzzy loss,True
226,0 1 2 3 4 5 6 7 8 9 10 11 12 18 14 15 16 17 13 19 20 21 22 23,a133b932a4e08ba59ec90217cae93f9707354c862078746bc48f04d7b0e481be,857eb5cbccb66b241595aa14ffd506f87cdab157f223a8685934dfc0bcb4afe4,94.50355,96.82794,564,success_build,True,True,False,unit fuzzy loss,True
227,0 1 2 3 4 5 6 7 8 9 10 11 12 19 14 15 16 17 18 13 20 21 22 23,9d9d2f7dd824f893e710c124fd199035e8818f999cb33f93514e59db471ed3c1,8740254dd0f6676ce119e1a655c9cdb75c089f402460cd0032a3cc4273e9d3e9,94.893616,96.86352,564,success_build,True,True,False,unit fuzzy loss,True
228,0 1 2 3 4 5 6 7 8 9 10 11 12 20 14 15 16 17 18 19 13 21 22 23,3a795e0f3a2771b21f21138c33a52638c28ef401ea570fa785f15df181d29c63,b74e82ab7d923c0fec6158f4b51ffeb99555b0c07250d59d52f9d760980d0458,94.71631,96.84735,564,success_build,True,True,False,unit fuzzy loss,True
229,0 1 2 3 4 5 6 7 8 9 10 11 12 21 14 15 16 17 18 19 20 13 22 23,6b775fb7ca1987711e55a0ca9f6a48d6e489ca79ffca076d4178eba49571e775,1592959c75d5c61f3b02621036aa5d04ec0feac43a9d680f8a77df625caceac1,94.50355,96.82794,564,success_build,True,True,False,unit fuzzy loss,True
230,0 1 2 3 4 5 6 7 8 9 10 11 12 22 14 15 16 17 18 19 20 21 13 23,cba6689b1156ec8008ae4df9f48fe4b2785f8b99e0468bf6da0542a9589e6c6b,f080f3e45d9638a1d99bfb043bb2905d641cd0595791e7e3bad4e5c3defe23c2,94.007095,96.78266,564,success_build,True,True,False,unit fuzzy loss,True
231,0 1 2 3 4 5 6 7 8 9 10 11 12 23 14 15 16 17 18 19 20 21 22 13,af263bbe472328cbbc60f4a974edaed94e6c47a4607a8dd36a158fdf5a35deb3,f080f3e45d9638a1d99bfb043bb2905d641cd0595791e7e3bad4e5c3defe23c2,94.007095,96.78266,564,success_build,True,True,False,unit fuzzy loss,True
232,0 1 2 3 4 5 6 7 8 9 10 11 12 13 15 14 16 17 18 19 20 21 22 23,9c063f851c0b3f9023de7a660ef4ed1c418fa553e5e70871a3a91aa1627100b5,aaea21a38e5c778ea26978b255414adc6069b12adffd3ea72deace8b74621187,94.858154,96.86028,564,success_build,True,True,False,unit fuzzy loss,True
233,0 1 2 3 4 5 6 7 8 9 10 11 12 13 16 15 14 17 18 19 20 21 22 23,73909a16da6bdb65b8799d506f6135b3a7fc5f7d4983ff7583c60971e5aa2677,be2eab7817b8a80449c089e6873013ed4bbb2616a5c124db47f8954936814ab0,94.96454,96.86999,564,success_build,True,True,False,unit fuzzy loss,True
234,0 1 2 3 4 5 6 7 8 9 10 11 12 13 17 15 16 14 18 19 20 21 22 23,ec3d2605a931e4614232706ce80c3cb6b01bccd561bc6b4822d618fba8a1dc11,674ff8022c7b89044f015bc9edef7673f75b07444cd1f4cbc8a5fc871660203f,94.893616,96.86352,564,success_build,True,True,False,unit fuzzy loss,True
235,0 1 2 3 4 5 6 7 8 9 10 11 12 13 18 15 16 17 14 19 20 21 22 23,6cf33cb1ed0eea08ad529074b793ca1b3029cc091363271b740731361b557d94,ac49b0c0c4ad5eacc448cd7eff81b9e59bd247a54ff9d8e251bb7f35c0bfd8b0,94.78723,96.85381,564,success_build,True,True,False,unit fuzzy loss,True
236,0 1 2 3 4 5 6 7 8 9 10 11 12 13 19 15 16 17 18 14 20 21 22 23,beef50ffd35e6be26650bf3d88d472d51091d533b18519d017af682463e16e57,6c257537d5f141546431bdc053c83cc03e911ecfc6df4b76de60bea170e8a665,94.96454,96.86999,564,success_build,True,True,False,unit fuzzy loss,True
237,0 1 2 3 4 5 6 7 8 9 10 11 12 13 20 15 16 17 18 19 14 21 22 23,a6423426d3fe4946b917640b552d61a80d1253ab793f471278c25e30fe3fa5ff,053303da21394ab7f131cc0543ba3019de15f869d9ddecf9c809c48741078c7f,94.78723,96.85381,564,success_build,True,True,False,unit fuzzy loss,True
238,0 1 2 3 4 5 6 7 8 9 10 11 12 13 21 15 16 17 18 19 20 14 22 23,f46b9aa021eb2c7319cde189babeb97b6589b074fd5cc04898cc6d685d5b286d,78311d32ba5cc82469beebbf68e6668d44d86d55912a6e5ac3fc993013d77a49,94.57447,96.83441,564,success_build,True,True,False,unit fuzzy loss,True
239,0 1 2 3 4 5 6 7 8 9 10 11 12 13 22 15 16 17 18 19 20 21 14 23,f0f8aeae16ff4d784ff8f60e59b4225483904440638d349923db87d182a9a2c1,314d07146415b509f316a806065d22b596926f5149e3e5eaf88a564a3f77ac16,94.29078,96.80854,564,success_build,True,True,False,unit fuzzy loss,True
240,0 1 2 3 4 5 6 7 8 9 10 11 12 13 23 15 16 17 18 19 20 21 22 14,831912a7aaf466b8f14fc82dde22c47bd60c8376fd8ef391908479620193cfa1,314d07146415b509f316a806065d22b596926f5149e3e5eaf88a564a3f77ac16,94.29078,96.80854,564,success_build,True,True,False,unit fuzzy loss,True
241,0 1 2 3 4 5 6 7 8 9 10 11 12 13 14 16 15 17 18 19 20 21 22 23,1fc37da9814aa75b3b739af78e1049a62bcd847b0c3f4cbfd70d6b8a88ae602d,3e54dec3c8a007597243e961201890584b13571759ad966ba87cd51e3db290b4,95.07092,96.87969,564,success_build,True,True,False,unit fuzzy loss,True
242,0 1 2 3 4 5 6 7 8 9 10 11 12 13 14 17 16 15 18 19 20 21 22 23,5e5d0f33dbaf84a5cb3cc6c929d5a8e08e18f8b9affeec04bcbc3f61b8a4d38a,6829b0f7f570570509b89d3d9768ea3a024e3f60e5b53e1271c0d007dd0821b2,95.0,96.87322,564,success_build,True,True,False,unit fuzzy loss,True
243,0 1 2 3 4 5 6 7 8 9 10 11 12 13 14 18 16 17 15 19 20 21 22 23,8ce78d9add417ac366f69d5d1be20923db0c450f035922b5da8e12549d27c886,c25621ba6f387508f35de87b16dddc69525637dd3d68ebb785b6ce389b098346,95.0,96.87322,564,success_build,True,True,False,unit fuzzy loss,True
244,0 1 2 3 4 5 6 7 8 9 10 11 12 13 14 19 16 17 18 15 20 21 22 23,9d89e71190486d1b0fcfc7df115f086eb9fdeff340ff99e9540d400665263b2d,b2c59f62709a8e60539bf0364582fef9aa0a0408effbd911bc4c51e1d7df9aa7,95.07092,96.87969,564,success_build,True,True,False,unit fuzzy loss,True
245,0 1 2 3 4 5 6 7 8 9 10 11 12 13 14 20 16 17 18 19 15 21 22 23,a9360b1ad1c81e771ff8b800d0370ace85efe7d773fe7f2397c5f900d2379c2a,4efd4612e02ee4c54e0eb2aeb4606a0de50f4d968bd5bb18bc7bee8d5392679b,94.893616,96.86352,564,success_build,True,True,False,unit fuzzy loss,True
246,0 1 2 3 4 5 6 7 8 9 10 11 12 13 14 21 16 17 18 19 20 15 22 23,fb2f4b049d16afdd60cd4c42bd9bbb1da2a51fedbc536994d7c7df5972837f14,81e22ad3223a8a737dae1fe9f535e30eeea4f04f62f4c5f31782860fbeccc756,94.680855,96.84412,564,success_build,True,True,False,unit fuzzy loss,True
247,0 1 2 3 4 5 6 7 8 9 10 11 12 13 14 22 16 17 18 19 20 21 15 23,ab2657f7a332af1029043a234d51fc3c09c30ab4a243f0424dab76c96a3cf95b,de98c6d65e62dfdded1e6c14e3a5b5ab21e22ca4b196741b917167120fb72f33,94.50355,96.82794,564,success_build,True,True,False,unit fuzzy loss,True
248,0 1 2 3 4 5 6 7 8 9 10 11 12 13 14 23 16 17 18 19 20 21 22 15,b700ab4283075174e5f285810b81054834d56414789adc826e158773cb2c527b,de98c6d65e62dfdded1e6c14e3a5b5ab21e22ca4b196741b917167120fb72f33,94.50355,96.82794,564,success_build,True,True,False,unit fuzzy loss,True
249,0 1 2 3 4 5 6 7 8 9 10 11 12 13 14 15 17 16 18 19 20 21 22 23,83278fe062577d2b14ddb65f6f1429d13c984c20991faf38f4079a20e56a89c0,e5d6781ef3a1c914f8dd828ae21eda23058bd2e7494b5d89f60adaecffa7698b,95.106384,96.88293,564,success_build,True,True,False,unit fuzzy loss,True
250,0 1 2 3 4 5 6 7 8 9 10 11 12 13 14 15 18 17 16 19 20 21 22 23,7900ba7baa1bbc8c8b242bc93de657a8343e227c47fc5ac01798b7ca1b63400b,e5d6781ef3a1c914f8dd828ae21eda23058bd2e7494b5d89f60adaecffa7698b,95.106384,96.88293,564,success_build,True,True,False,unit fuzzy loss,True
251,0 1 2 3 4 5 6 7 8 9 10 11 12 13 14 15 19 17 18 16 20 21 22 23,2786627085c80a77b1e10842267d36b4fa0e975adf4c220aad2fb8d842d6ca98,6e46b9dadbfacd1b30cc290f6304395e56dd2e6cd41b4a501800f9c47af26eb9,95.28369,96.89909,564,success_build,True,True,True,,True
252,0 1 2 3 4 5 6 7 8 9 10 11 12 13 14 15 20 17 18 19 16 21 22 23,081fdb4f25321012677ead726b6b1edcce9fe747cce4a0b448d1061fe513d0f7,ce1eb99e397f7b9e36f631d805062a42991df23fa961ddef70e806184d28680d,95.07092,96.87969,564,success_build,True,True,False,unit fuzzy loss,True
253,0 1 2 3 4 5 6 7 8 9 10 11 12 13 14 15 21 17 18 19 20 16 22 23,a05f99be50e17126abcf468cf045b6db4010a459de624fefda5faea113f8d5d1,83ed2b7671dbe836a30ebe5a115f387ffc7913df2d50c398c6cc1624d0d82514,95.03546,96.87646,564,success_build,True,True,False,unit fuzzy loss,True
254,0 1 2 3 4 5 6 7 8 9 10 11 12 13 14 15 22 17 18 19 20 21 16 23,9a61da018250bb483321149610f466025d5a9e0e6b2b3e6bf871a01f94d268c2,54014bab671a9b157438421fe8d8bda35f61d98ec3f8f26a4a5bc132924dd259,94.893616,96.86352,564,success_build,True,True,False,unit fuzzy loss,True
255,0 1 2 3 4 5 6 7 8 9 10 11 12 13 14 15 23 17 18 19 20 21 22 16,00338f67b77e71d384ead86e4955f8a3ee68ad5d04b68de74342cf9397aa55ac,54014bab671a9b157438421fe8d8bda35f61d98ec3f8f26a4a5bc132924dd259,94.893616,96.86352,564,success_build,True,True,False,unit fuzzy loss,True
256,0 1 2 3 4 5 6 7 8 9 10 11 12 13 14 15 16 18 17 19 20 21 22 23,a09875c8ded004611f368abbed8bd798912ea9843105c4a0750918fe967ad9f6,de691febfdde2db43da14ecca22ecdbd5e0c7fbb416ca2580ffaa4991e8a1bbc,95.17731,96.88939,564,success_build,True,True,True,,True
257,0 1 2 3 4 5 6 7 8 9 10 11 12 13 14 15 16 19 18 17 20 21 22 23,4d164144513e7eeb9e9eb38bba80fafdc1f06c188c82468e1b9ad756877ea1f1,2d9ab843e3cb4cc97e192f85a69e4e8d8e58ebab3a810c32daf20cd418151afe,95.106384,96.88293,564,success_build,True,True,False,unit fuzzy loss,True
258,0 1 2 3 4 5 6 7 8 9 10 11 12 13 14 15 16 20 18 19 17 21 22 23,ad9fcfb9142e4f2ab2549c76cf00b8d856b508f51fa7acfad870d58198fe5e77,379d00b342f187e345468ce2e0ebd0911cb117e94bc1c8e4f4b49122d72da15e,94.92908,96.86675,564,success_build,True,True,False,unit fuzzy loss,True
259,0 1 2 3 4 5 6 7 8 9 10 11 12 13 14 15 16 21 18 19 20 17 22 23,65a462d53a60a83977ff94c5041ab012608992acbe66c18a552b439b32b32d02,9a973725a3487f37303db3646add692822d46968407b984231ac5fadbcd0cfab,94.71631,96.84735,564,success_build,True,True,False,unit fuzzy loss,True
260,0 1 2 3 4 5 6 7 8 9 10 11 12 13 14 15 16 22 18 19 20 21 17 23,0b7d85eb3df29f31f308a76bf496e9060f36ea7ce34087e712e9f14801c09ade,5363492612f0b1304c9cbcf01855333b105f3769134796fb7ef003fdf3320a0f,94.60993,96.83765,564,success_build,True,True,False,unit fuzzy loss,True
261,0 1 2 3 4 5 6 7 8 9 10 11 12 13 14 15 16 23 18 19 20 21 22 17,851b254a51e13f86b553902fe4bc47f178e2514f6a1b6915ff4df4b996622515,5363492612f0b1304c9cbcf01855333b105f3769134796fb7ef003fdf3320a0f,94.60993,96.83765,564,success_build,True,True,False,unit fuzzy loss,True
262,0 1 2 3 4 5 6 7 8 9 10 11 12 13 14 15 16 17 19 18 20 21 22 23,f94b2cb52722049db80f1fe6d9c2b967440a0088a49e699d97382803502303b8,de691febfdde2db43da14ecca22ecdbd5e0c7fbb416ca2580ffaa4991e8a1bbc,95.17731,96.88939,564,success_build,True,True,True,,True
263,0 1 2 3 4 5 6 7 8 9 10 11 12 13 14 15 16 17 20 19 18 21 22 23,242c609447190d3b0436608e9755bcb7f9924ceb251850d688ad78d1517d1ddf,393e98ad3b36113a65452d371c898cee198dc249e26cbb630738ea40ae5d479e,95.0,96.87322,564,success_build,True,True,False,unit fuzzy loss,True
264,0 1 2 3 4 5 6 7 8 9 10 11 12 13 14 15 16 17 21 19 20 18 22 23,da0afd181f68e662c836c89b36ccbdff58f71f65060703cc0271c3b566b6a481,32f6106508938908e5112ebbd31be2e0a8ceec64d6c7a475d0bd7ccadf5243b9,94.858154,96.86028,564,success_build,True,True,False,unit fuzzy loss,True
265,0 1 2 3 4 5 6 7 8 9 10 11 12 13 14 15 16 17 22 19 20 21 18 23,7fedaf5763de54d78b78fc590bd441f57954cad9fb174ee15ea84150c9f36407,de691febfdde2db43da14ecca22ecdbd5e0c7fbb416ca2580ffaa4991e8a1bbc,95.17731,96.88939,564,success_build,True,True,True,,True
266,0 1 2 3 4 5 6 7 8 9 10 11 12 13 14 15 16 17 23 19 20 21 22 18,fd9aedcde02afadb082204824633fcc333473319fb8fd7c31a9bfb61c9210258,de691febfdde2db43da14ecca22ecdbd5e0c7fbb416ca2580ffaa4991e8a1bbc,95.17731,96.88939,564,success_build,True,True,True,,True
267,0 1 2 3 4 5 6 7 8 9 10 11 12 13 14 15 16 17 18 20 19 21 22 23,0fb743140222cb775bb13759d447f783655866820f9804ccaf81d5a5ea24d113,393e98ad3b36113a65452d371c898cee198dc249e26cbb630738ea40ae5d479e,95.0,96.87322,564,success_build,True,True,False,unit fuzzy loss,True
268,0 1 2 3 4 5 6 7 8 9 10 11 12 13 14 15 16 17 18 21 20 19 22 23,2c78d6320af5e7a36d181186348c4c3aa240d1cc7aaf0ac43b8d434525f500a1,0232eb10e10e0f6379bd225a32c66c58d5b8d7746bc12636cb4c53694a630d73,94.78723,96.85381,564,success_build,True,True,False,unit fuzzy loss,True
269,0 1 2 3 4 5 6 7 8 9 10 11 12 13 14 15 16 17 18 22 20 21 19 23,2f1d33ef8e9486b99b07d9c659a3d3b90f73302d16d802056db319f4cff474a4,15a0896f39ab382b1b73b6ebf48783bf1ae26a45db8b892ef486cbd7ef06dcba,94.680855,96.84412,564,success_build,True,True,False,unit fuzzy loss,True
270,0 1 2 3 4 5 6 7 8 9 10 11 12 13 14 15 16 17 18 23 20 21 22 19,7d88b569cf68a0efb47528be520750b0c00bea254079b59b15561869062846d2,15a0896f39ab382b1b73b6ebf48783bf1ae26a45db8b892ef486cbd7ef06dcba,94.680855,96.84412,564,success_build,True,True,False,unit fuzzy loss,True
271,0 1 2 3 4 5 6 7 8 9 10 11 12 13 14 15 16 17 18 19 21 20 22 23,5a3d5c5ac471032e3a14fdd344a5669bea98cc2985c67b07cd1d44cae9709bad,f099c7182ec8120a9da3f79859797c9eb6d18779e7671faebeed57b3671fe912,94.92908,96.86675,564,success_build,True,True,False,unit fuzzy loss,True
272,0 1 2 3 4 5 6 7 8 9 10 11 12 13 14 15 16 17 18 19 22 21 20 23,dee6a48c76676cd6e8a2d5587a83361e15876acff4e49d1a67b55e5f4602d21a,f099c7182ec8120a9da3f79859797c9eb6d18779e7671faebeed57b3671fe912,94.92908,96.86675,564,success_build,True,True,False,unit fuzzy loss,True
273,0 1 2 3 4 5 6 7 8 9 10 11 12 13 14 15 16 17 18 19 23 21 22 20,bf554e101da180b2051e2cafb22d1d470c1f246d47b757d41c9e1f9bf719a4f6,f099c7182ec8120a9da3f79859797c9eb6d18779e7671faebeed57b3671fe912,94.92908,96.86675,564,success_build,True,True,False,unit fuzzy loss,True
274,0 1 2 3 4 5 6 7 8 9 10 11 12 13 14 15 16 17 18 19 20 22 21 23,5496711625a0f9cfccbe8787e18bb7299a3b1ac8284bb86a0960e2ac586c7e84,de691febfdde2db43da14ecca22ecdbd5e0c7fbb416ca2580ffaa4991e8a1bbc,95.17731,96.88939,564,success_build,True,True,True,,True
275,0 1 2 3 4 5 6 7 8 9 10 11 12 13 14 15 16 17 18 19 20 23 22 21,1ed40eba77ca8ea0acc3d890a667ebb903ffa42146301f2cf67fafd8b4b021f0,de691febfdde2db43da14ecca22ecdbd5e0c7fbb416ca2580ffaa4991e8a1bbc,95.17731,96.88939,564,success_build,True,True,True,,True
276,0 1 2 3 4 5 6 7 8 9 10 11 12 13 14 15 16 17 18 19 20 21 23 22,fd4b702583d07d0c05fe77ea87c633e6c6e0efb1dec3d8c0b076fedbd73e5a7f,de691febfdde2db43da14ecca22ecdbd5e0c7fbb416ca2580ffaa4991e8a1bbc,95.17731,96.88939,564,success_build,True,True,True,,True
277,1 2 0 3 4 5 6 7 8 9 10 11 12 13 14 15 16 17 18 19 20 21 22 23,4c81f7117733ad8be4ba4d9f356ab359cc3b05ce3025ba55168f8fa1ac76574d,de691febfdde2db43da14ecca22ecdbd5e0c7fbb416ca2580ffaa4991e8a1bbc,95.17731,96.88939,564,success_build,True,True,True,,True
278,1 2 3 0 4 5 6 7 8 9 10 11 12 13 14 15 16 17 18 19 20 21 22 23,1c25d38f76e8a6eeec7ab6c98fd2a2b33465db8a518badb1ff4cf9e7c63d5aed,de691febfdde2db43da14ecca22ecdbd5e0c7fbb416ca2580ffaa4991e8a1bbc,95.17731,96.88939,564,success_build,True,True,True,,True
279,1 2 3 4 0 5 6 7 8 9 10 11 12 13 14 15 16 17 18 19 20 21 22 23,22c86e6022fa9f702e671251efd26e1e90fe2a8bd05e796eebee1b42e2b45047,ed05579ec75d55b3a96eede3d4af9fca1e1949fa1832f061a1a186134af04963,94.96454,96.86999,564,success_build,True,True,False,unit fuzzy loss,True
280,1 2 3 4 5 0 6 7 8 9 10 11 12 13 14 15 16 17 18 19 20 21 22 23,72762ff0fb5e5ede74ed2c5e189e22569ed747c40979edd6a10f55fda7d48696,42b1d2dd775c061edf29fb5eea8dfac7f1d715a0a2029466dbf195b1fc15f782,94.96454,96.86999,564,success_build,True,True,False,unit fuzzy loss,True
281,1 2 3 4 5 6 0 7 8 9 10 11 12 13 14 15 16 17 18 19 20 21 22 23,8d8d736e2e006c523aea2b8d80f2c76e1c7d5172a17ae3336a4b3c137d172d24,54ca8ce6c77b1c8d64d61c64e777c08fcbfa6a386d185401b37d54a9133cb654,94.96454,96.86999,564,success_build,True,True,False,unit fuzzy loss,True
282,1 2 3 4 5 6 7 0 8 9 10 11 12 13 14 15 16 17 18 19 20 21 22 23,345d1c7e879764413cc2a31e93d5fe376ab01640e5e55416bd21e9405b489589,54ca8ce6c77b1c8d64d61c64e777c08fcbfa6a386d185401b37d54a9133cb654,94.96454,96.86999,564,success_build,True,True,False,unit fuzzy loss,True
283,1 2 3 4 5 6 7 8 0 9 10 11 12 13 14 15 16 17 18 19 20 21 22 23,08f51700570beb3bf5fa5c514f78fbe9323d78ec2514255383c0dbed9e2b683d,e034a1a3e5c269d6814b40dc70b90bc66b14daa00bc551467c3a59a03c23c297,94.96454,96.86999,564,success_build,True,True,False,unit fuzzy loss,True
284,1 2 3 4 5 6 7 8 9 0 10 11 12 13 14 15 16 17 18 19 20 21 22 23,64194883d1c1cf391e2a8eb44c840263963c2ef0ebe24be2c9209b5ca741d25a,7c3f8aea9abf5451204f373a5fe4fc660d277ec2b00d34e18b70fa8966b38dfe,94.71631,96.84735,564,success_build,True,True,False,unit fuzzy loss,True
285,1 2 3 4 5 6 7 8 9 10 0 11 12 13 14 15 16 17 18 19 20 21 22 23,440dea133039456a7261f0a8e23baa71f3e365bc7567d0a3dfca9b1460f80749,7c3f8aea9abf5451204f373a5fe4fc660d277ec2b00d34e18b70fa8966b38dfe,94.71631,96.84735,564,success_build,True,True,False,unit fuzzy loss,True
286,1 2 3 4 5 6 7 8 9 10 11 0 12 13 14 15 16 17 18 19 20 21 22 23,82a8d8647ad3f6acb91085895d3771433931a61875f75f7ffdef97d06700df48,7c3f8aea9abf5451204f373a5fe4fc660d277ec2b00d34e18b70fa8966b38dfe,94.71631,96.84735,564,success_build,True,True,False,unit fuzzy loss,True
287,1 2 3 4 5 6 7 8 9 10 11 12 0 13 14 15 16 17 18 19 20 21 22 23,ef1fa8fbe9ad33cb8f7f616515848b0b2351bb9d4cb6bc298ad56d855e659375,14564cd7377bbba84984358ac8c134edfad902214993139efec0d6446e4ed450,93.007095,96.69146,564,success_build,True,True,False,unit fuzzy loss,True
288,1 2 3 4 5 6 7 8 9 10 11 12 13 0 14 15 16 17 18 19 20 21 22 23,e626196337d26d4bdaffc9a734b73858e40989a91177892a2423694e6ffab519,472a1eaa652697285e3daaabd1d138618feefe66b4ccf8a4def615c031f35823,92.79433,96.67206,564,success_build,True,True,False,unit fuzzy loss,True
289,1 2 3 4 5 6 7 8 9 10 11 12 13 14 0 15 16 17 18 19 20 21 22 23,d16a50d976e6813cc2b73441c40f8cb41e66ea13f9a08a9b50eac6c3608fac98,00067a2aad95e11d5f061d542c6480b2e4a57682d90491e45e5504f163bf0eab,92.58156,96.65265,564,success_build,True,True,False,unit fuzzy loss,True
290,1 2 3 4 5 6 7 8 9 10 11 12 13 14 15 0 16 17 18 19 20 21 22 23,7ab711cd7e3d047d7d0ea1449db0af58d590b49fc93498b6e24ff609f5177449,efc497ce8c3c249bc00360d3e28557a63eaf7579adc1ec46e51feb1a5b9d9daf,92.475174,96.64295,564,success_build,True,True,False,unit fuzzy loss,True
291,1 2 3 4 5 6 7 8 9 10 11 12 13 14 15 16 0 17 18 19 20 21 22 23,ec9f682a769912f75a0ed579024b6c3c0d7de9e31558f64c3b427c4824a5ad2e,7c6a1998a92c58d64a8f8a1b2c09a0222aff2450b6fc67ac0f39cf282aa783c5,92.475174,96.64295,564,success_build,True,True,False,unit fuzzy loss,True
292,1 2 3 4 5 6 7 8 9 10 11 12 13 14 15 16 17 0 18 19 20 21 22 23,b3c47a989f9804e129c95d4c7db823df2ce4ca1aa70b40cab6e527ee8f65b6a9,f999ec656ed0db4811a3b4de53b5a43a029f5a944c209b08c126a613ab150a77,92.40426,96.63648,564,success_build,True,True,False,unit fuzzy loss,True
293,1 2 3 4 5 6 7 8 9 10 11 12 13 14 15 16 17 18 0 19 20 21 22 23,9d60152520aafa5f8c11dc4081f4c16276eb93d61f49e9199e63cd94b640f23c,f999ec656ed0db4811a3b4de53b5a43a029f5a944c209b08c126a613ab150a77,92.40426,96.63648,564,success_build,True,True,False,unit fuzzy loss,True
294,1 2 3 4 5 6 7 8 9 10 11 12 13 14 15 16 17 18 19 0 20 21 22 23,8fc845f5b48f649251d51e6af6c2a7d8d212a5678a7f8097ccac0017184fd369,d31ccedb5d8e67a12b72b1a1f7dce19cb13995d3bde3c2f1ea065c806b8fb598,92.40426,96.63648,564,success_build,True,True,False,unit fuzzy loss,True
295,1 2 3 4 5 6 7 8 9 10 11 12 13 14 15 16 17 18 19 20 0 21 22 23,58c7d6981d058a9db3af4565f65b4385f73bdea95598e99d48bd34506259fde2,8cf7ec8ab438282bdb10fedd07ee4a600c83e4c86d96de543800f92918463a2f,92.22695,96.62031,564,success_build,True,True,False,unit fuzzy loss,True
296,1 2 3 4 5 6 7 8 9 10 11 12 13 14 15 16 17 18 19 20 21 0 22 23,637ce68f3b86e403ac3c6142e6ea973b338f73269480ded05dc566c262364df4,1cd51a3a1e8fd00b0a9392228c19c83c0ef119c7ce6c826cb8f2fb94ba3b9875,91.9078,96.5912,564,success_build,True,True,False,unit fuzzy loss,True
297,1 2 3 4 5 6 7 8 9 10 11 12 13 14 15 16 17 18 19 20 21 22 0 23,dcd0132c6cf1e92bc704a74ff2ef3d5e95a4c902aeba7b2db4d9ccf903da7efb,1cd51a3a1e8fd00b0a9392228c19c83c0ef119c7ce6c826cb8f2fb94ba3b9875,91.9078,96.5912,564,success_build,True,True,False,unit fuzzy loss,True
298,1 2 3 4 5 6 7 8 9 10 11 12 13 14 15 16 17 18 19 20 21 22 23 0,c87c692ab2113f8be165dafb483fffa9b59efea507cb2fe1aee2f09f93f8c8ab,1cd51a3a1e8fd00b0a9392228c19c83c0ef119c7ce6c826cb8f2fb94ba3b9875,91.9078,96.5912,564,success_build,True,True,False,unit fuzzy loss,True
299,0 2 3 1 4 5 6 7 8 9 10 11 12 13 14 15 16 17 18 19 20 21 22 23,089451f49d5d34c3d0288691d7aed044422f5f9f35609f7c11436f72334291ce,de691febfdde2db43da14ecca22ecdbd5e0c7fbb416ca2580ffaa4991e8a1bbc,95.17731,96.88939,564,success_build,True,True,True,,True
300,0 2 3 4 1 5 6 7 8 9 10 11 12 13 14 15 16 17 18 19 20 21 22 23,320adc9042ae791b48c646ee4e58aa0e625daf7b87192da28f24e9dc88b141a1,de691febfdde2db43da14ecca22ecdbd5e0c7fbb416ca2580ffaa4991e8a1bbc,95.17731,96.88939,564,success_build,True,True,True,,True
301,0 2 3 4 5 1 6 7 8 9 10 11 12 13 14 15 16 17 18 19 20 21 22 23,f6704dcec6ad39d799c3f1064697acc7afa3a998ecf259544eac3e67b4ab849b,de691febfdde2db43da14ecca22ecdbd5e0c7fbb416ca2580ffaa4991e8a1bbc,95.17731,96.88939,564,success_build,True,True,True,,True
302,0 2 3 4 5 6 1 7 8 9 10 11 12 13 14 15 16 17 18 19 20 21 22 23,d56249c0778a22124c5b086818a4e34feee5debe6231511bf05fe884b1de5240,de691febfdde2db43da14ecca22ecdbd5e0c7fbb416ca2580ffaa4991e8a1bbc,95.17731,96.88939,564,success_build,True,True,True,,True
303,0 2 3 4 5 6 7 1 8 9 10 11 12 13 14 15 16 17 18 19 20 21 22 23,c74e6ca72938b898b5b39af01f97c36d3000766b5495e40cf0a56030d4b8806e,de691febfdde2db43da14ecca22ecdbd5e0c7fbb416ca2580ffaa4991e8a1bbc,95.17731,96.88939,564,success_build,True,True,True,,True
304,0 2 3 4 5 6 7 8 1 9 10 11 12 13 14 15 16 17 18 19 20 21 22 23,09ca34223d4b211fe17178e05489957c71b56063be4dba13819231e593bc836f,de691febfdde2db43da14ecca22ecdbd5e0c7fbb416ca2580ffaa4991e8a1bbc,95.17731,96.88939,564,success_build,True,True,True,,True
305,0 2 3 4 5 6 7 8 9 1 10 11 12 13 14 15 16 17 18 19 20 21 22 23,2f630a4495867b088446013e018f7bc9d9374186ac3323138039499afa9c4eac,de691febfdde2db43da14ecca22ecdbd5e0c7fbb416ca2580ffaa4991e8a1bbc,95.17731,96.88939,564,success_build,True,True,True,,True
306,0 2 3 4 5 6 7 8 9 10 1 11 12 13 14 15 16 17 18 19 20 21 22 23,1075184edaf7277a54b45e22df1d3a49094aa802c70aabd46177387ba4e93948,de691febfdde2db43da14ecca22ecdbd5e0c7fbb416ca2580ffaa4991e8a1bbc,95.17731,96.88939,564,success_build,True,True,True,,True
307,0 2 3 4 5 6 7 8 9 10 11 1 12 13 14 15 16 17 18 19 20 21 22 23,95296aebe10dadc04f3fdd043f606ebd201e69ed682681840cc785e093428e99,de691febfdde2db43da14ecca22ecdbd5e0c7fbb416ca2580ffaa4991e8a1bbc,95.17731,96.88939,564,success_build,True,True,True,,True
308,0 2 3 4 5 6 7 8 9 10 11 12 1 13 14 15 16 17 18 19 20 21 22 23,35d8cfa87dbeee918ac9da087b7785a6d81366a41db0fbf717a4199f903ce036,de691febfdde2db43da14ecca22ecdbd5e0c7fbb416ca2580ffaa4991e8a1bbc,95.17731,96.88939,564,success_build,True,True,True,,True
309,0 2 3 4 5 6 7 8 9 10 11 12 13 1 14 15 16 17 18 19 20 21 22 23,95fd3c44c706ae9babc9c998d05566f7d7e664cf745dd89c59508554fcd6bea1,de691febfdde2db43da14ecca22ecdbd5e0c7fbb416ca2580ffaa4991e8a1bbc,95.17731,96.88939,564,success_build,True,True,True,,True
310,0 2 3 4 5 6 7 8 9 10 11 12 13 14 1 15 16 17 18 19 20 21 22 23,48d9ffaa350b74c3afb44d20e3049d3b1580be051bf0af6c8b2b06450931f0e9,de691febfdde2db43da14ecca22ecdbd5e0c7fbb416ca2580ffaa4991e8a1bbc,95.17731,96.88939,564,success_build,True,True,True,,True
311,0 2 3 4 5 6 7 8 9 10 11 12 13 14 15 1 16 17 18 19 20 21 22 23,f086aa98d01b29dbbd3d35180baf7392eeedb5cf4a2d9de0c87f4732ed2c9436,de691febfdde2db43da14ecca22ecdbd5e0c7fbb416ca2580ffaa4991e8a1bbc,95.17731,96.88939,564,success_build,True,True,True,,True
312,0 2 3 4 5 6 7 8 9 10 11 12 13 14 15 16 1 17 18 19 20 21 22 23,3ae1b83d96b185268932682935b565373e9032f123425ce2ea1300c10cb2d923,de691febfdde2db43da14ecca22ecdbd5e0c7fbb416ca2580ffaa4991e8a1bbc,95.17731,96.88939,564,success_build,True,True,True,,True
313,0 2 3 4 5 6 7 8 9 10 11 12 13 14 15 16 17 1 18 19 20 21 22 23,e7ba87aee023d192842e31455247e8cf499ebb20da1fd9bbf4d7f8cf4106dc40,de691febfdde2db43da14ecca22ecdbd5e0c7fbb416ca2580ffaa4991e8a1bbc,95.17731,96.88939,564,success_build,True,True,True,,True
314,0 2 3 4 5 6 7 8 9 10 11 12 13 14 15 16 17 18 1 19 20 21 22 23,73ec32a5c99fca11b4e99f00f212138ddb1cc3fbd18f8adbe3c99926ca0a41a0,de691febfdde2db43da14ecca22ecdbd5e0c7fbb416ca2580ffaa4991e8a1bbc,95.17731,96.88939,564,success_build,True,True,True,,True
315,0 2 3 4 5 6 7 8 9 10 11 12 13 14 15 16 17 18 19 1 20 21 22 23,00e8ccf118076e32755952a99b49b4b594e8dad06817b5103a8ec43598b2f64d,de691febfdde2db43da14ecca22ecdbd5e0c7fbb416ca2580ffaa4991e8a1bbc,95.17731,96.88939,564,success_build,True,True,True,,True
316,0 2 3 4 5 6 7 8 9 10 11 12 13 14 15 16 17 18 19 20 1 21 22 23,da28ef0a552515a12bb16dd76c36782157a65f98620281268c958c4fafa894a0,de691febfdde2db43da14ecca22ecdbd5e0c7fbb416ca2580ffaa4991e8a1bbc,95.17731,96.88939,564,success_build,True,True,True,,True
317,0 2 3 4 5 6 7 8 9 10 11 12 13 14 15 16 17 18 19 20 21 1 22 23,6f177cb691d61da4b8e793269838457c7b3f2d424af4a5096d8ec6d23b15f74f,de691febfdde2db43da14ecca22ecdbd5e0c7fbb416ca2580ffaa4991e8a1bbc,95.17731,96.88939,564,success_build,True,True,True,,True
318,0 2 3 4 5 6 7 8 9 10 11 12 13 14 15 16 17 18 19 20 21 22 1 23,ec70c261ea6de3b54de1fd32aafcc060c683440325d79dd11a66cc1a575ee927,de691febfdde2db43da14ecca22ecdbd5e0c7fbb416ca2580ffaa4991e8a1bbc,95.17731,96.88939,564,success_build,True,True,True,,True
319,0 2 3 4 5 6 7 8 9 10 11 12 13 14 15 16 17 18 19 20 21 22 23 1,0d2aa87cc440a238305f775c107969ec323ad928ed86f3b7b2d063e39c865e14,de691febfdde2db43da14ecca22ecdbd5e0c7fbb416ca2580ffaa4991e8a1bbc,95.17731,96.88939,564,success_build,True,True,True,,True
320,2 0 1 3 4 5 6 7 8 9 10 11 12 13 14 15 16 17 18 19 20 21 22 23,0fe36d4407d139ff985c40bb632a066c4a72053f754a5a82dd154e929dbb35dd,de691febfdde2db43da14ecca22ecdbd5e0c7fbb416ca2580ffaa4991e8a1bbc,95.17731,96.88939,564,success_build,True,True,True,,True
321,0 1 3 4 2 5 6 7 8 9 10 11 12 13 14 15 16 17 18 19 20 21 22 23,0bb31dfbd129efe2d39607ccbcfa894bbd63babc3776e90d2608b03cce4fb8e2,055ba4cb2b82ec2784880cc41623756d2c9646d1b5929a3c183cf7131f82b91a,90.75177,96.48577,564,success_build,True,True,False,unit fuzzy loss,True
322,0 1 3 4 5 2 6 7 8 9 10 11 12 13 14 15 16 17 18 19 20 21 22 23,8a44a021f08c090b2b4b43677faaa243bdb17ce24de724bcc23e4c1af37be96f,b85ba14bf0254219e31f2426ced23a76f43639c5f90f4468a51829b9591f7d42,90.680855,96.4793,564,success_build,True,True,False,unit fuzzy loss,True
323,0 1 3 4 5 6 2 7 8 9 10 11 12 13 14 15 16 17 18 19 20 21 22 23,ed9c8b8b020a04d1bfaf6c5733384792f8272959f7b081f0d858ad5704fe057b,5c684634c95ae1bb5d367f4a76310dd39c89e104fbe572dc347d8b2dfaff3efc,90.680855,96.4793,564,success_build,True,True,False,unit fuzzy loss,True
324,0 1 3 4 5 6 7 2 8 9 10 11 12 13 14 15 16 17 18 19 20 21 22 23,9d9f36a803a8b971f8fefaf73765978127b943c263e88b1c23deb3d5269b0ba8,5c684634c95ae1bb5d367f4a76310dd39c89e104fbe572dc347d8b2dfaff3efc,90.680855,96.4793,564,success_build,True,True,False,unit fuzzy loss,True
325,0 1 3 4 5 6 7 8 2 9 10 11 12 13 14 15 16 17 18 19 20 21 22 23,76a9adb8e1a5f38c1a2a0b112b99cbba766a226a02fbc8935c3f57302539d013,a8bcdf26762a17858b09834c3712cd10a93af308a03248d8126d2698e7383ede,90.680855,96.4793,564,success_build,True,True,False,unit fuzzy loss,True
326,0 1 3 4 5 6 7 8 9 2 10 11 12 13 14 15 16 17 18 19 20 21 22 23,ad69fbac91c565f1fbf9769f6cf9a097b1ea9b8387de78de226412ac96ffe264,7c02371817bc547779b15d16fc687457caf18cd032de44f20d26dd64e0ab1c32,92.893616,96.681114,564,success_build,True,True,False,unit fuzzy loss,True
327,0 1 3 4 5 6 7 8 9 10 2 11 12 13 14 15 16 17 18 19 20 21 22 23,2859063f6208b7f7b315e080519e218ae01c84381f5f7e33ec662e1355717ff7,7c02371817bc547779b15d16fc687457caf18cd032de44f20d26dd64e0ab1c32,92.893616,96.681114,564,success_build,True,True,False,unit fuzzy loss,True
328,0 1 3 4 5 6 7 8 9 10 11 2 12 13 14 15 16 17 18 19 20 21 22 23,f788e82fa10aca6ea46b567b0f22683ae112400f858911cc7450af6edc09a636,7c02371817bc547779b15d16fc687457caf18cd032de44f20d26dd64e0ab1c32,92.893616,96.681114,564,success_build,True,True,False,unit fuzzy loss,True
329,0 1 3 4 5 6 7 8 9 10 11 12 2 13 14 15 16 17 18 19 20 21 22 23,01aa65c65aff2214968fdd33d34e582d3ab1c9678242a1a7bee0cdf2e0bcf593,d5d8f74eca4187d22c0952e6deebc5f7c4d7fab83b87f73481d789360d22c3e9,92.96454,96.687584,564,success_build,True,True,False,unit fuzzy loss,True
330,0 1 3 4 5 6 7 8 9 10 11 12 13 2 14 15 16 17 18 19 20 21 22 23,74d539657354836b241922fe36059f5d06e324c2ff27cf184d78a4bbd141a11a,aaaee772dfd632c2f7afcc9481e739bc29b45b6324ee67cfe49be563dfadc4e5,93.141846,96.70375,564,success_build,True,True,False,unit fuzzy loss,True
331,0 1 3 4 5 6 7 8 9 10 11 12 13 14 2 15 16 17 18 19 20 21 22 23,675766c63f09cb949aa513610b226e5adb5de774a3c1795fef5eed43184d1cc3,e4c2d1094551ebb50bb1ea7c6f4b25552806c1ebdff87b4c195bff0e3f245345,93.35461,96.72316,564,success_build,True,True,False,unit fuzzy loss,True
332,0 1 3 4 5 6 7 8 9 10 11 12 13 14 15 2 16 17 18 19 20 21 22 23,4ffc1bd086417cb0b6230334b210245a01ced285f772c0d4ac4a3cf795fadd60,8059b8b3d00f506ace992f12c8ed758989d3c2c56ea44998526f02299612ac45,93.46099,96.73286,564,success_build,True,True,False,unit fuzzy loss,True
333,0 1 3 4 5 6 7 8 9 10 11 12 13 14 15 16 2 17 18 19 20 21 22 23,f939981c15060e54312a4e2572c975f83c8632564bf4335d8f062bed86e65bf2,8059b8b3d00f506ace992f12c8ed758989d3c2c56ea44998526f02299612ac45,93.46099,96.73286,564,success_build,True,True,False,unit fuzzy loss,True
334,0 1 3 4 5 6 7 8 9 10 11 12 13 14 15 16 17 2 18 19 20 21 22 23,e5baea3c0d2c7baffd508598b389a6a477846073aec77cbf1afddfbb9f8280b0,a7bcbcbbe5548595b3fed3bf16ad47fedbc1936b37d1600cf60021ef32d7036c,93.39007,96.72639,564,success_build,True,True,False,unit fuzzy loss,True
335,0 1 3 4 5 6 7 8 9 10 11 12 13 14 15 16 17 18 2 19 20 21 22 23,65ef7076140ee1f0ef39f3d492710f4aa024835bb8217f5546ffcfa2373cb512,a7bcbcbbe5548595b3fed3bf16ad47fedbc1936b37d1600cf60021ef32d7036c,93.39007,96.72639,564,success_build,True,True,False,unit fuzzy loss,True
336,0 1 3 4 5 6 7 8 9 10 11 12 13 14 15 16 17 18 19 2 20 21 22 23,d2474bf68e1ba3d5cadb41bbbd6e186f16de74ef120effad4002d01f71b7c210,f4c5b62440bf26f3cc6f2c2598b1096af6753e7223d6e50744afeaf70c109ef6,93.46099,96.73286,564,success_build,True,True,False,unit fuzzy loss,True
337,0 1 3 4 5 6 7 8 9 10 11 12 13 14 15 16 17 18 19 20 2 21 22 23,766a2a666d8e4b80a40e89f9eb003df97e1eab472c31f2b365c3733ca6336ceb,5b49f1b52ab228f7cf56298cf1e8914e7f23b8efc171df5f499e712c41f90f25,93.319145,96.719925,564,success_build,True,True,False,unit fuzzy loss,True
338,0 1 3 4 5 6 7 8 9 10 11 12 13 14 15 16 17 18 19 20 21 2 22 23,08e5ca830ff0b5e23080e5fcde115aeb0b76b780522a4edc7c8a89f8d634ce0d,59a061cea5cae47ccf7c7412e16541f31e2a0e5b33172de128ead4b28c83b1e7,93.17731,96.706985,564,success_build,True,True,False,unit fuzzy loss,True
339,0 1 3 4 5 6 7 8 9 10 11 12 13 14 15 16 17 18 19 20 21 22 2 23,f000a9ef71b90b77b063d8728225ed6693fd0bc10aa3782a0f0a8f798084f46c,59a061cea5cae47ccf7c7412e16541f31e2a0e5b33172de128ead4b28c83b1e7,93.17731,96.706985,564,success_build,True,True,False,unit fuzzy loss,True
340,0 1 3 4 5 6 7 8 9 10 11 12 13 14 15 16 17 18 19 20 21 22 23 2,d640800c788cadb55811cbb5ce92685baf9822ec6e85bc7e4098b6368dff14c1,59a061cea5cae47ccf7c7412e16541f31e2a0e5b33172de128ead4b28c83b1e7,93.17731,96.706985,564,success_build,True,True,False,unit fuzzy loss,True
341,3 0 1 2 4 5 6 7 8 9 10 11 12 13 14 15 16 17 18 19 20 21 22 23,6ff44cabb840f3cb7c32dc2b2bd36309d5f99c71cc6748947d58022b4270a2be,8bf1fed4f4b7f7ef4e821ca5d9ed16a5465effdd3a18e8e22e5e7fd2b4eb622b,90.57447,96.4696,564,success_build,True,True,False,unit fuzzy loss,True
342,0 3 1 2 4 5 6 7 8 9 10 11 12 13 14 15 16 17 18 19 20 21 22 23,8cec42c9c442d59d7d5afc6a229566e72959f590385496741b6f4e166efd5310,8bf1fed4f4b7f7ef4e821ca5d9ed16a5465effdd3a18e8e22e5e7fd2b4eb622b,90.57447,96.4696,564,success_build,True,True,False,unit fuzzy loss,True
343,0 1 2 4 5 3 6 7 8 9 10 11 12 13 14 15 16 17 18 19 20 21 22 23,d30eb27bf694121874281ef5933ccb41fb795e5dfb817892617986b3b0dd16c4,de691febfdde2db43da14ecca22ecdbd5e0c7fbb416ca2580ffaa4991e8a1bbc,95.17731,96.88939,564,success_build,True,True,True,,True
344,0 1 2 4 5 6 3 7 8 9 10 11 12 13 14 15 16 17 18 19 20 21 22 23,4746136cfb7a137503a6038750900d9a58a4689aba9ee0fa18f5fe583d676db4,de691febfdde2db43da14ecca22ecdbd5e0c7fbb416ca2580ffaa4991e8a1bbc,95.17731,96.88939,564,success_build,True,True,True,,True
345,0 1 2 4 5 6 7 3 8 9 10 11 12 13 14 15 16 17 18 19 20 21 22 23,f0bcab86347f5641352ccdf02245f5b4a5543a28fb4438b37920ea1fed30e8d8,de691febfdde2db43da14ecca22ecdbd5e0c7fbb416ca2580ffaa4991e8a1bbc,95.17731,96.88939,564,success_build,True,True,True,,True
346,0 1 2 4 5 6 7 8 3 9 10 11 12 13 14 15 16 17 18 19 20 21 22 23,d7b3ff628bcc3e6f95254de5a9ae7078b9178497d67d367114e891b1973a3204,de691febfdde2db43da14ecca22ecdbd5e0c7fbb416ca2580ffaa4991e8a1bbc,95.17731,96.88939,564,success_build,True,True,True,,True
347,0 1 2 4 5 6 7 8 9 3 10 11 12 13 14 15 16 17 18 19 20 21 22 23,f92a6bb61a8c2791e7cb992c9f9792ace6f4a46d41afc7096352d9a0c9c43136,de691febfdde2db43da14ecca22ecdbd5e0c7fbb416ca2580ffaa4991e8a1bbc,95.17731,96.88939,564,success_build,True,True,True,,True
348,0 1 2 4 5 6 7 8 9 10 3 11 12 13 14 15 16 17 18 19 20 21 22 23,79af40ead3ef68ef595cb136046e152e61619f9e837366b4c5f11a0a12598e25,de691febfdde2db43da14ecca22ecdbd5e0c7fbb416ca2580ffaa4991e8a1bbc,95.17731,96.88939,564,success_build,True,True,True,,True
349,0 1 2 4 5 6 7 8 9 10 11 3 12 13 14 15 16 17 18 19 20 21 22 23,92e5213135d5a78711adb6fa059ff53329b5b9664cd96bc9b15a435715001667,de691febfdde2db43da14ecca22ecdbd5e0c7fbb416ca2580ffaa4991e8a1bbc,95.17731,96.88939,564,success_build,True,True,True,,True
350,0 1 2 4 5 6 7 8 9 10 11 12 3 13 14 15 16 17 18 19 20 21 22 23,dc4d7641a2b6e79af3d57af9e80bcc2ecc95b8ad241010e7064c00140f96d1f1,de691febfdde2db43da14ecca22ecdbd5e0c7fbb416ca2580ffaa4991e8a1bbc,95.17731,96.88939,564,success_build,True,True,True,,True
351,0 1 2 4 5 6 7 8 9 10 11 12 13 3 14 15 16 17 18 19 20 21 22 23,d1bebedf65d43bd404722d68c4b95553fd2a2e8edfe80c6ae20c0cc7996554be,de691febfdde2db43da14ecca22ecdbd5e0c7fbb416ca2580ffaa4991e8a1bbc,95.17731,96.88939,564,success_build,True,True,True,,True
352,0 1 2 4 5 6 7 8 9 10 11 12 13 14 3 15 16 17 18 19 20 21 22 23,750af3ab3dcaaa66a362f54cc4dd6d083a27fa745cf6323f275bdb3b2beaff45,de691febfdde2db43da14ecca22ecdbd5e0c7fbb416ca2580ffaa4991e8a1bbc,95.17731,96.88939,564,success_build,True,True,True,,True
353,0 1 2 4 5 6 7 8 9 10 11 12 13 14 15 3 16 17 18 19 20 21 22 23,276fa8d32f33106cf693e11a53406132031b547338682ebd04eefdb242db50e9,de691febfdde2db43da14ecca22ecdbd5e0c7fbb416ca2580ffaa4991e8a1bbc,95.17731,96.88939,564,success_build,True,True,True,,True
354,0 1 2 4 5 6 7 8 9 10 11 12 13 14 15 16 3 17 18 19 20 21 22 23,4b5b2a587d57e015bf9c504184d417e926776afa6da1110feffad72d14bda3c6,fdc4f28aeb3f54c796428a1e20108bf0ad9537f32ab9f2cab0db4a1769f2bbf9,95.03546,96.87646,564,success_build,True,True,False,unit fuzzy loss,True
355,0 1 2 4 5 6 7 8 9 10 11 12 13 14 15 16 17 3 18 19 20 21 22 23,52b00877f83bffef420399a51226f699371fbb64d076b1681157354b3f366aea,3eb1bfa4a5c95e06a9ae06189b04898cce89a6f7919bbc22bec78bfa3b532b12,94.96454,96.86999,564,success_build,True,True,False,unit fuzzy loss,True
356,0 1 2 4 5 6 7 8 9 10 11 12 13 14 15 16 17 18 3 19 20 21 22 23,5b5689571d814a85b7814e934f6b4f86c6114c71831b6f3ce66c9a4db7bf6c36,3eb1bfa4a5c95e06a9ae06189b04898cce89a6f7919bbc22bec78bfa3b532b12,94.96454,96.86999,564,success_build,True,True,False,unit fuzzy loss,True
357,0 1 2 4 5 6 7 8 9 10 11 12 13 14 15 16 17 18 19 3 20 21 22 23,058088e211961c573b3613c82610dd5c5803e4eba465793fec18eb426fc47da2,c9d3a0698394314dcbb4e83434e6c34fd407fee2a0af993da1259ce9769854a8,95.0,96.87322,564,success_build,True,True,False,unit fuzzy loss,True
358,0 1 2 4 5 6 7 8 9 10 11 12 13 14 15 16 17 18 19 20 3 21 22 23,134418b5da8dfe230f04215e5a86d077570883e20c1385d33bf5b92fb2bbe2f5,431ad52ca9f58c98d34f5630ee0bbccd2caa91ee7718f7b67cd38739e8a44b12,94.893616,96.86352,564,success_build,True,True,False,unit fuzzy loss,True
359,0 1 2 4 5 6 7 8 9 10 11 12 13 14 15 16 17 18 19 20 21 3 22 23,dac4404da55ed65f319dc8d1c7e3fd1219bed8338ea93c87d50d7d1648b5f9e6,4960d6adc64f0ed8feb15d14f67361948c9dede53c407d6db604d5b17210fa0d,94.96454,96.86999,564,success_build,True,True,False,unit fuzzy loss,True
360,0 1 2 4 5 6 7 8 9 10 11 12 13 14 15 16 17 18 19 20 21 22 3 23,0c06860720af6f36f176c01817b55a5942ef8a4e5084a7b81901bd5efa8ad419,4960d6adc64f0ed8feb15d14f67361948c9dede53c407d6db604d5b17210fa0d,94.96454,96.86999,564,success_build,True,True,False,unit fuzzy loss,True
361,0 1 2 4 5 6 7 8 9 10 11 12 13 14 15 16 17 18 19 20 21 22 23 3,4143cca2c69cc0e00a83a9960bcd9f46b0c2d4559ed98d132a8078d9dd029d70,4960d6adc64f0ed8feb15d14f67361948c9dede53c407d6db604d5b17210fa0d,94.96454,96.86999,564,success_build,True,True,False,unit fuzzy loss,True
362,4 0 1 2 3 5 6 7 8 9 10 11 12 13 14 15 16 17 18 19 20 21 22 23,34955875e21d6f722e501c34aad134e8f1e9f5a0d7297e2e22205ed4ff125883,ed05579ec75d55b3a96eede3d4af9fca1e1949fa1832f061a1a186134af04963,94.96454,96.86999,564,success_build,True,True,False,unit fuzzy loss,True
363,0 4 1 2 3 5 6 7 8 9 10 11 12 13 14 15 16 17 18 19 20 21 22 23,1ea8bc2ad7c42414b8a06e3c0972a4d7290f1c529007910e53d4f25af79c9992,de691febfdde2db43da14ecca22ecdbd5e0c7fbb416ca2580ffaa4991e8a1bbc,95.17731,96.88939,564,success_build,True,True,True,,True
364,0 1 4 2 3 5 6 7 8 9 10 11 12 13 14 15 16 17 18 19 20 21 22 23,a836891fb5181e2ed049f5ee81925fbe366bd343c8421b4854de954c844b05bb,de691febfdde2db43da14ecca22ecdbd5e0c7fbb416ca2580ffaa4991e8a1bbc,95.17731,96.88939,564,success_build,True,True,True,,True
365,0 1 2 3 5 6 4 7 8 9 10 11 12 13 14 15 16 17 18 19 20 21 22 23,eb47ee71ad38be8bd65628d8818b3f6dcebf10600815e55248602c19be694e7a,e19e1030a956fa3fefbe96384d898f82d8a3b4bcc1556516be966b4ea0deb94f,95.07092,96.87969,564,success_build,True,True,False,unit fuzzy loss,True
366,0 1 2 3 5 6 7 4 8 9 10 11 12 13 14 15 16 17 18 19 20 21 22 23,fcf1acb40d781f60076c803f754a037b887d716a862d58e9ce6971d95841c2a9,e19e1030a956fa3fefbe96384d898f82d8a3b4bcc1556516be966b4ea0deb94f,95.07092,96.87969,564,success_build,True,True,False,unit fuzzy loss,True
367,0 1 2 3 5 6 7 8 4 9 10 11 12 13 14 15 16 17 18 19 20 21 22 23,e5eeeb5a6488af3ebf37d7671e68641bd90d1f934cf27a56c9028c35a6f54388,072280abdceef6a7e3f8c5e363d540cf07f5ee153ecde4c86ffb773d4f48edc1,95.07092,96.87969,564,success_build,True,True,False,unit fuzzy loss,True
368,0 1 2 3 5 6 7 8 9 4 10 11 12 13 14 15 16 17 18 19 20 21 22 23,ddfcd663157c5abb67b814fee756ce970cedc8a76005a5506ca7f8a6a3ecabd2,3690c3ab30a879e5e0f079d05d953284daf5b411aacc6a669000e22fd469f6f8,94.82269,96.85705,564,success_build,True,True,False,unit fuzzy loss,True
369,0 1 2 3 5 6 7 8 9 10 4 11 12 13 14 15 16 17 18 19 20 21 22 23,e0c7158562d76123f1eec466e72e4e3b27cc49959a8f3b768da2bebf6cdd780b,3690c3ab30a879e5e0f079d05d953284daf5b411aacc6a669000e22fd469f6f8,94.82269,96.85705,564,success_build,True,True,False,unit fuzzy loss,True
370,0 1 2 3 5 6 7 8 9 10 11 4 12 13 14 15 16 17 18 19 20 21 22 23,e05fa18543c5df86c03850806c4e71337b994af461d2b4caa4a8b7f9d9ecc080,3690c3ab30a879e5e0f079d05d953284daf5b411aacc6a669000e22fd469f6f8,94.82269,96.85705,564,success_build,True,True,False,unit fuzzy loss,True
371,0 1 2 3 5 6 7 8 9 10 11 12 4 13 14 15 16 17 18 19 20 21 22 23,c7da90db8a6aea3ef14f57dec44bbf80001592258f9d0de728fb83215aa31b3d,6da59561d7f9879881463fef88c87a51a0223341fe02bfa71c6c3a5b64c95bfa,93.11347,96.701164,564,success_build,True,True,False,unit fuzzy loss,True
372,0 1 2 3 5 6 7 8 9 10 11 12 13 4 14 15 16 17 18 19 20 21 22 23,31f3ec28afbcb5f0140b90ebaca9eb4d3c3b2f6a41aeef29224005713e5d4576,cee8d3e702e5076219ed0fa84d1835863d2d0b76e0964300e9dd5139310e21f2,92.90071,96.68176,564,success_build,True,True,False,unit fuzzy loss,True
373,0 1 2 3 5 6 7 8 9 10 11 12 13 14 4 15 16 17 18 19 20 21 22 23,89107c59243ea0ca626fcaafc9dd19ca19b9c3924dbcc1b76779bfecb4bf7c9c,25807fd5b139519161f3e2e20cc0543cce7cc7dd788ba7bc95a0538a1fcaf9b6,92.68794,96.66235,564,success_build,True,True,False,unit fuzzy loss,True
374,0 1 2 3 5 6 7 8 9 10 11 12 13 14 15 4 16 17 18 19 20 21 22 23,af31df86cea7e78e0ca3552fff50a419f2b6f536b901edd2c9e3b9b4b0a94ee9,b131230afe774a39677629b870a3651e7f82b449c2ab5e8647176bf024a487f5,92.58156,96.65265,564,success_build,True,True,False,unit fuzzy loss,True
375,0 1 2 3 5 6 7 8 9 10 11 12 13 14 15 16 4 17 18 19 20 21 22 23,dd027f3f2f4e9a0cb11fd8360e7cfd350974d8537bef7f6a0c0252f880affe1f,b5a30e3e67b42bf7c900d2ae5965847ac2590981d0603ea6b8b9856af0b1853f,92.58156,96.65265,564,success_build,True,True,False,unit fuzzy loss,True
376,0 1 2 3 5 6 7 8 9 10 11 12 13 14 15 16 17 4 18 19 20 21 22 23,a2066f4702b5e1f8ad26ac329c47d1f579f4d67ceda3fa243eeb6b5a2f0b45a9,3fea0295f30a3e04db68bf40be4e4ab30478f6acc641e6add7b62812c6187f66,92.510635,96.64619,564,success_build,True,True,False,unit fuzzy loss,True
377,0 1 2 3 5 6 7 8 9 10 11 12 13 14 15 16 17 18 4 19 20 21 22 23,055f1799e809c33408db07bace76157fe666c41a81bf96ca730acf1d72a420a9,3fea0295f30a3e04db68bf40be4e4ab30478f6acc641e6add7b62812c6187f66,92.510635,96.64619,564,success_build,True,True,False,unit fuzzy loss,True
378,0 1 2 3 5 6 7 8 9 10 11 12 13 14 15 16 17 18 19 4 20 21 22 23,bf1a22a013be0a0a53b28390cdb7f3247993f9311117b6d6326209bfc9645b76,6851d4bcb05d2b60fc6114dbed6bb2266e893d3568357f37f676d197be184648,92.510635,96.64619,564,success_build,True,True,False,unit fuzzy loss,True
379,0 1 2 3 5 6 7 8 9 10 11 12 13 14 15 16 17 18 19 20 4 21 22 23,9004c86ae3ec8840636b86113a521d47b8a404a9aa3734d3a1d1c907e5b79ec5,276b04a8a9de45fa932ba1d422ed280158e19ed4fe7d982234baae17964aa3b4,92.333336,96.63001,564,success_build,True,True,False,unit fuzzy loss,True
380,0 1 2 3 5 6 7 8 9 10 11 12 13 14 15 16 17 18 19 20 21 4 22 23,f0d792173a8e87f5d4109edc9e4598848211cf4b61fd4363f36a58c1627f2d58,325870b16d355cc630bb90f81f55992d8b351f86d1e130bf949b3cde81dca5c6,92.01418,96.60091,564,success_build,True,True,False,unit fuzzy loss,True
381,0 1 2 3 5 6 7 8 9 10 11 12 13 14 15 16 17 18 19 20 21 22 4 23,98641698574cf5b0a58b3f411a7de2f4c770ad41290ff4ed8d0b466715724983,325870b16d355cc630bb90f81f55992d8b351f86d1e130bf949b3cde81dca5c6,92.01418,96.60091,564,success_build,True,True,False,unit fuzzy loss,True
382,0 1 2 3 5 6 7 8 9 10 11 12 13 14 15 16 17 18 19 20 21 22 23 4,edc1a3c589052c73aa9c18688c88259d6719d7e6e9ccecfcf1ceff703ec81dec,325870b16d355cc630bb90f81f55992d8b351f86d1e130bf949b3cde81dca5c6,92.01418,96.60091,564,success_build,True,True,False,unit fuzzy loss,True
383,5 0 1 2 3 4 6 7 8 9 10 11 12 13 14 15 16 17 18 19 20 21 22 23,25117ebf82014e6b94b204790609a4165fb31d3a575f807dcb9dcb45fd1f58ac,0086b1e81baf21711f16118fa510b8223ceb77f19b6f60a67effd7afada858dd,94.82269,96.85705,564,success_build,True,True,False,unit fuzzy loss,True
384,0 5 1 2 3 4 6 7 8 9 10 11 12 13 14 15 16 17 18 19 20 21 22 23,2ad2e2577a2139d8821c9617ea3087cf41297f25a624758e8abf69b8793e5491,e62b864096f1ecd85ce5d56fb5589c04f8f0a23dc2973272c90a0b08a764e8b8,95.07092,96.87969,564,success_build,True,True,False,unit fuzzy loss,True
385,0 1 5 2 3 4 6 7 8 9 10 11 12 13 14 15 16 17 18 19 20 21 22 23,877e405a9d4413886ab24effc86eb5896446292237bb965fb4aee7a96849b7ee,e62b864096f1ecd85ce5d56fb5589c04f8f0a23dc2973272c90a0b08a764e8b8,95.07092,96.87969,564,success_build,True,True,False,unit fuzzy loss,True
386,0 1 2 5 3 4 6 7 8 9 10 11 12 13 14 15 16 17 18 19 20 21 22 23,76f668d71b92ec0c719d6e0f8d4233300084097dd970fab99af6f3a7c88541d0,e62b864096f1ecd85ce5d56fb5589c04f8f0a23dc2973272c90a0b08a764e8b8,95.07092,96.87969,564,success_build,True,True,False,unit fuzzy loss,True
387,0 1 2 3 4 6 7 5 8 9 10 11 12 13 14 15 16 17 18 19 20 21 22 23,41218f6640dcb9fd74ed5126336c53b6ebca1bb3315dee5964e40621e62147ed,e43ab22e7523ae3057ec4cf38418b6e839c3b30fe1ce108032992f709b5cd931,95.17731,96.88939,564,success_build,True,True,True,,True
388,0 1 2 3 4 6 7 8 5 9 10 11 12 13 14 15 16 17 18 19 20 21 22 23,84ae5cd4fd61c1404ed28bc3f7fc21e5b0f4bbd75f5f4070727121deb42a93cf,5ad231f6ccfc0ce4b58d97eea474774e39afd7040abe70c33e1015fd054cf39e,95.24823,96.89586,564,success_build,True,True,True,,True
389,0 1 2 3 4 6 7 8 9 5 10 11 12 13 14 15 16 17 18 19 20 21 22 23,59406c68ba18a3942df84d63312712101db2089f529fd152ccf577ff5b31e4ec,89b7a35751f80fcab7a76865d5741d4e96d88f579df8ca8288641646b3f181ab,94.92908,96.86675,564,success_build,True,True,False,unit fuzzy loss,True
390,0 1 2 3 4 6 7 8 9 10 5 11 12 13 14 15 16 17 18 19 20 21 22 23,fdd45ea267043d0f37b04e5e2fa7da769be1d191c668d379e42896d68e63c5b0,89b7a35751f80fcab7a76865d5741d4e96d88f579df8ca8288641646b3f181ab,94.92908,96.86675,564,success_build,True,True,False,unit fuzzy loss,True
391,0 1 2 3 4 6 7 8 9 10 11 5 12 13 14 15 16 17 18 19 20 21 22 23,ab223020c1e4c279403065080580e9a12c292602bc9d20771610309cb826d804,89b7a35751f80fcab7a76865d5741d4e96d88f579df8ca8288641646b3f181ab,94.92908,96.86675,564,success_build,True,True,False,unit fuzzy loss,True
392,0 1 2 3 4 6 7 8 9 10 11 12 5 13 14 15 16 17 18 19 20 21 22 23,9f5c84c1f0ffeb951404f5a576e39675548339e3ceaa4527ebdb55d60805d0a2,38ee367fbdfe673fc7ad4618d19eb6dc28fa17d3506b8a80c8c1ab6df94e05fc,93.21986,96.71087,564,success_build,True,True,False,unit fuzzy loss,True
393,0 1 2 3 4 6 7 8 9 10 11 12 13 5 14 15 16 17 18 19 20 21 22 23,c2068cdb20d3f8cd4df87b3665d12533c413c689ae93d1ec2f743d75b493431e,6de03da94bee1fbeec974f10bb50acf06d9117728db53a70f274702c7d0a4d2d,93.007095,96.69146,564,success_build,True,True,False,unit fuzzy loss,True
394,0 1 2 3 4 6 7 8 9 10 11 12 13 14 5 15 16 17 18 19 20 21 22 23,05f5e8f9e1f0459166a446579f562cc5fb834675098de8f596d554c73085c8a9,2fd646a4a808c898417d6f9b9f607359b94655dc19e84426dd5960f49305c0ea,92.79433,96.67206,564,success_build,True,True,False,unit fuzzy loss,True
395,0 1 2 3 4 6 7 8 9 10 11 12 13 14 15 5 16 17 18 19 20 21 22 23,37460d36586007fbac6d2f1d5239a191174db6336902c046db7811d21d57bfcc,dec6d75c85b799404e61a85d51a7d76159535d18d803ad6d7948f5350e950acb,92.68794,96.66235,564,success_build,True,True,False,unit fuzzy loss,True
396,0 1 2 3 4 6 7 8 9 10 11 12 13 14 15 16 5 17 18 19 20 21 22 23,3729b81ff26bc24c46768a6bfe9112b42dbb78f5b3f7e1436da6d1fba10d9be5,0a603fafcaa1c05404d8cc90cb98ff7f3aa94b73ac5838899752f801795ed6ff,92.68794,96.66235,564,success_build,True,True,False,unit fuzzy loss,True
397,0 1 2 3 4 6 7 8 9 10 11 12 13 14 15 16 17 5 18 19 20 21 22 23,e38156273652b51f612312935d38994c957947e07bee65e069ee53e9a70a27e2,f94b1be69f4ba8350a64cb4c906c43f9c06b75651160ab27f8afa64a9a52a862,92.61702,96.65588,564,success_build,True,True,False,unit fuzzy loss,True
398,0 1 2 3 4 6 7 8 9 10 11 12 13 14 15 16 17 18 5 19 20 21 22 23,afc0e9d6f9aac26b2dfca0c58428bf0632b1e26ebbab3d46b7e60062c214c1f9,f94b1be69f4ba8350a64cb4c906c43f9c06b75651160ab27f8afa64a9a52a862,92.61702,96.65588,564,success_build,True,True,False,unit fuzzy loss,True
399,0 1 2 3 4 6 7 8 9 10 11 12 13 14 15 16 17 18 19 5 20 21 22 23,51cc38c5bc5c42c4053ad3e3037f90ad3504bb774eacf98c96f2c3d444aefe2e,196c7ab9307ecbe629ed5d539e4e8ebd99172ea79285d336606268c2ace26e8e,92.61702,96.65588,564,success_build,True,True,False,unit fuzzy loss,True
400,0 1 2 3 4 6 7 8 9 10 11 12 13 14 15 16 17 18 19 20 5 21 22 23,2e88041c94ff9d5a40e7300333e077a53e3f18453e70e35f12645702e5beb5ed,0d4a7190f2ba2047cbf2ffef08b16c86737cb5af5dc891b86beab3c1928009f4,92.43971,96.63972,564,success_build,True,True,False,unit fuzzy loss,True
401,0 1 2 3 4 6 7 8 9 10 11 12 13 14 15 16 17 18 19 20 21 5 22 23,5b9f64d6da2ef9c2939a990f572ab5c4d5f161ecd313ac1f2d77e3be2d13b29a,acfc55da0c5bb2a7d69c710ee7d9b12b8f8923ae1e8c9d61562760d42b5962a7,92.12057,96.61061,564,success_build,True,True,False,unit fuzzy loss,True
402,0 1 2 3 4 6 7 8 9 10 11 12 13 14 15 16 17 18 19 20 21 22 5 23,47fb71e82ea1e8b62ca1165b8d5d4f099f02311c569715cf1580b393970c50a7,acfc55da0c5bb2a7d69c710ee7d9b12b8f8923ae1e8c9d61562760d42b5962a7,92.12057,96.61061,564,success_build,True,True,False,unit fuzzy loss,True
403,0 1 2 3 4 6 7 8 9 10 11 12 13 14 15 16 17 18 19 20 21 22 23 5,e53cc53868ab0ced97bd1a98ab139929f0d0f6677f93579caac7fb559ab834ed,acfc55da0c5bb2a7d69c710ee7d9b12b8f8923ae1e8c9d61562760d42b5962a7,92.12057,96.61061,564,success_build,True,True,False,unit fuzzy loss,True
404,6 0 1 2 3 4 5 7 8 9 10 11 12 13 14 15 16 17 18 19 20 21 22 23,6bec459ff2751bd2664a7eeb0771a199cc276f3fc239ebe02180a67f65a6593e,ecfd71fb358f1cce020439450307a06cee435ffc6a32e5cc201c9f5b1820fa80,94.893616,96.86352,564,success_build,True,True,False,unit fuzzy loss,True
405,0 6 1 2 3 4 5 7 8 9 10 11 12 13 14 15 16 17 18 19 20 21 22 23,28b7ac64496e3500947d2cedd65edfd5a064b5434c2fe1965a0b28402578c08b,d84079974058f282ee287bac7cf18869fe6f3ccadcfbca46c9cc222195975b3d,95.07092,96.87969,564,success_build,True,True,False,unit fuzzy loss,True
406,0 1 6 2 3 4 5 7 8 9 10 11 12 13 14 15 16 17 18 19 20 21 22 23,709dd1cb2d25b51727b2839b5d319311abd18b1b6d2dfb39e987253224236053,d84079974058f282ee287bac7cf18869fe6f3ccadcfbca46c9cc222195975b3d,95.07092,96.87969,564,success_build,True,True,False,unit fuzzy loss,True
407,0 1 2 6 3 4 5 7 8 9 10 11 12 13 14 15 16 17 18 19 20 21 22 23,b1c1ee2fd4f9b1000e0e453119d304e1d75f53cf09ebd323de4cce30b6e8012a,d84079974058f282ee287bac7cf18869fe6f3ccadcfbca46c9cc222195975b3d,95.07092,96.87969,564,success_build,True,True,False,unit fuzzy loss,True
408,0 1 2 3 6 4 5 7 8 9 10 11 12 13 14 15 16 17 18 19 20 21 22 23,7e089ecb58f813e99b8123e2618f7a816dcd8a2c0ce39e29b163eb36dacda1f6,d84079974058f282ee287bac7cf18869fe6f3ccadcfbca46c9cc222195975b3d,95.07092,96.87969,564,success_build,True,True,False,unit fuzzy loss,True
409,0 1 2 3 4 5 7 8 6 9 10 11 12 13 14 15 16 17 18 19 20 21 22 23,b4aec62f8e2de76e2987eb046ce8dd5e34f93bdacd47a8c18c715c5801015a48,4be0706e1da2e9a6f5a0b82d8d8d71f5ed3e3ae94d92797c4b5c6fae043a39c2,95.17731,96.88939,564,success_build,True,True,True,,True
410,0 1 2 3 4 5 7 8 9 6 10 11 12 13 14 15 16 17 18 19 20 21 22 23,264bff14a041b339ec6a699314e34999ff2c9870536a523f37621fefa86da022,295483f2e03a48178722acc856693438107682d8b642bffb4b6e7d31fbb9a06b,94.92908,96.86675,564,success_build,True,True,False,unit fuzzy loss,True
411,0 1 2 3 4 5 7 8 9 10 6 11 12 13 14 15 16 17 18 19 20 21 22 23,f23d7b86745a71c5d409bd773f0be9fc233948cc59cba4423d3fb2f2d65810e3,295483f2e03a48178722acc856693438107682d8b642bffb4b6e7d31fbb9a06b,94.92908,96.86675,564,success_build,True,True,False,unit fuzzy loss,True
412,0 1 2 3 4 5 7 8 9 10 11 6 12 13 14 15 16 17 18 19 20 21 22 23,e36150bf34b9d7aaf606bf35f0ceb2dc23137fabde2656837952129070a28f26,295483f2e03a48178722acc856693438107682d8b642bffb4b6e7d31fbb9a06b,94.92908,96.86675,564,success_build,True,True,False,unit fuzzy loss,True
413,0 1 2 3 4 5 7 8 9 10 11 12 6 13 14 15 16 17 18 19 20 21 22 23,5ae0f3730e04b07b283930776b4a1a7fd3177c94f9c41bd2870702659072a936,af4f0e4ede4c4059772ec4f43bf1f6c50e5c1da8d0a66a0fed0865bac1934d5d,93.21986,96.71087,564,success_build,True,True,False,unit fuzzy loss,True
414,0 1 2 3 4 5 7 8 9 10 11 12 13 6 14 15 16 17 18 19 20 21 22 23,db9254324cbbaeb344f46c035e5cf8d67f247d8a6fce6eb01a7c535020f5cab7,ad661aea71409c45a7192155af2127c31a687da95ef784df2188edecd0a810c0,93.007095,96.69146,564,success_build,True,True,False,unit fuzzy loss,True
415,0 1 2 3 4 5 7 8 9 10 11 12 13 14 6 15 16 17 18 19 20 21 22 23,83c273a09b4fbebef46c2bff9a503028ed759b5eb9404e043a8b1a732e70b075,b0fd819c15e14219b6925a930c991cdd5ad3c8c46f33d1ab2621101380acaf13,92.79433,96.67206,564,success_build,True,True,False,unit fuzzy loss,True
416,0 1 2 3 4 5 7 8 9 10 11 12 13 14 15 6 16 17 18 19 20 21 22 23,51d4130379e53501c889570d7807087c48c0cfd3b155fa822b33844594eeea6f,8eed6def22158bab252fe142d2cbcaa526dd3861d501a56cfb8477c079eaf14f,92.68794,96.66235,564,success_build,True,True,False,unit fuzzy loss,True
417,0 1 2 3 4 5 7 8 9 10 11 12 13 14 15 16 6 17 18 19 20 21 22 23,f30e0ede8bebe82d2db0ef87e6a9224211d6e2a7cf4c3dd46d31ab52679f60d8,a3b16862178fbf6a5bc7a06f38f2d84e293f3cab2551a580ea15c63fe378ed2e,92.68794,96.66235,564,success_build,True,True,False,unit fuzzy loss,True
418,0 1 2 3 4 5 7 8 9 10 11 12 13 14 15 16 17 6 18 19 20 21 22 23,a4d0a3cffb28b09bd9538c88bd414d0aee53f51389d0532a034831bd4e629c77,548eda890e7ff588a766b894f91e3457e842f4bc9059669bb5005b7f6474b4ea,92.61702,96.65588,564,success_build,True,True,False,unit fuzzy loss,True
419,0 1 2 3 4 5 7 8 9 10 11 12 13 14 15 16 17 18 6 19 20 21 22 23,fe93278c5edff424d2e1e4d5cf98afc42621c32ba4b23a56d890cb89bb1850ab,548eda890e7ff588a766b894f91e3457e842f4bc9059669bb5005b7f6474b4ea,92.61702,96.65588,564,success_build,True,True,False,unit fuzzy loss,True
420,0 1 2 3 4 5 7 8 9 10 11 12 13 14 15 16 17 18 19 6 20 21 22 23,0fa3634e7919832eeb88e3a9f9794ced3abf7160ad6c27c51ba5e832bc84c3ca,abc6e662dc330c92573a600990cc900ae4eed91544f2150575ff9615cbd27566,92.61702,96.65588,564,success_build,True,True,False,unit fuzzy loss,True
421,0 1 2 3 4 5 7 8 9 10 11 12 13 14 15 16 17 18 19 20 6 21 22 23,9e1ff619918306a2a159248e991479867b380d255bb4c156be1f3031658aa8d1,cb7a33d65c457e135448da7e4ac112ddcd047cf918a75424baaa33d04fd1ac76,92.43971,96.63972,564,success_build,True,True,False,unit fuzzy loss,True
422,0 1 2 3 4 5 7 8 9 10 11 12 13 14 15 16 17 18 19 20 21 6 22 23,6188a604bd043a327bf4d9a9a339476a511fbfd16290e4aea14cdc78f5a8e73b,3be569e53ebaa77236ded364cadd59226a97860a84949c2b4300046d553f916e,92.12057,96.61061,564,success_build,True,True,False,unit fuzzy loss,True
423,0 1 2 3 4 5 7 8 9 10 11 12 13 14 15 16 17 18 19 20 21 22 6 23,84a0ecb385f1e7a5458e4c72f1f4c12d29812cabebb842a4ed13dc78a3ffb8a1,3be569e53ebaa77236ded364cadd59226a97860a84949c2b4300046d553f916e,92.12057,96.61061,564,success_build,True,True,False,unit fuzzy loss,True
424,0 1 2 3 4 5 7 8 9 10 11 12 13 14 15 16 17 18 19 20 21 22 23 6,32916ef97ea2416a00a7e9d8361f0285b13154453e20425f837210d9dd67c6bb,3be569e53ebaa77236ded364cadd59226a97860a84949c2b4300046d553f916e,92.12057,96.61061,564,success_build,True,True,False,unit fuzzy loss,True
425,7 0 1 2 3 4 5 6 8 9 10 11 12 13 14 15 16 17 18 19 20 21 22 23,d0a0aa7cd7a8417cb7c6f1fbe368f79b7ecfd445008f32e8c129a7c6b3689699,de691febfdde2db43da14ecca22ecdbd5e0c7fbb416ca2580ffaa4991e8a1bbc,95.17731,96.88939,564,success_build,True,True,True,,True
426,0 7 1 2 3 4 5 6 8 9 10 11 12 13 14 15 16 17 18 19 20 21 22 23,68e587942e181d3ba2943f20c259f724f7833e4c805a62f7933255797c168760,de691febfdde2db43da14ecca22ecdbd5e0c7fbb416ca2580ffaa4991e8a1bbc,95.17731,96.88939,564,success_build,True,True,True,,True
427,0 1 7 2 3 4 5 6 8 9 10 11 12 13 14 15 16 17 18 19 20 21 22 23,ad3f652b3c473efda3358c1129cd556cc3582f67f2f028e6fee9918e57ad0df2,de691febfdde2db43da14ecca22ecdbd5e0c7fbb416ca2580ffaa4991e8a1bbc,95.17731,96.88939,564,success_build,True,True,True,,True
428,0 1 2 7 3 4 5 6 8 9 10 11 12 13 14 15 16 17 18 19 20 21 22 23,0beb2336f6c83be80cfa0371c85915144d2940a7f56f770e1c5f5fbae9289c34,de691febfdde2db43da14ecca22ecdbd5e0c7fbb416ca2580ffaa4991e8a1bbc,95.17731,96.88939,564,success_build,True,True,True,,True
429,0 1 2 3 7 4 5 6 8 9 10 11 12 13 14 15 16 17 18 19 20 21 22 23,bceadeaee070f1843167876a4fa59cbab0bdbc56b2e85046c933f9a871302bcc,de691febfdde2db43da14ecca22ecdbd5e0c7fbb416ca2580ffaa4991e8a1bbc,95.17731,96.88939,564,success_build,True,True,True,,True
430,0 1 2 3 4 7 5 6 8 9 10 11 12 13 14 15 16 17 18 19 20 21 22 23,95c1e0245d7b14a745ef4533732d16d47ff8d75f1afcef2935bc664da5ac7446,de691febfdde2db43da14ecca22ecdbd5e0c7fbb416ca2580ffaa4991e8a1bbc,95.17731,96.88939,564,success_build,True,True,True,,True
431,0 1 2 3 4 5 6 8 9 7 10 11 12 13 14 15 16 17 18 19 20 21 22 23,08b22fe93d585891333ddb1648bcfa1fcfcda0aaa558878264077ae6cc8d9ce9,de691febfdde2db43da14ecca22ecdbd5e0c7fbb416ca2580ffaa4991e8a1bbc,95.17731,96.88939,564,success_build,True,True,True,,True
432,0 1 2 3 4 5 6 8 9 10 7 11 12 13 14 15 16 17 18 19 20 21 22 23,5d121a6abe522839567d1c04a72c99059a0871bfd8ec74d499503b467b5fa856,de691febfdde2db43da14ecca22ecdbd5e0c7fbb416ca2580ffaa4991e8a1bbc,95.17731,96.88939,564,success_build,True,True,True,,True
433,0 1 2 3 4 5 6 8 9 10 11 7 12 13 14 15 16 17 18 19 20 21 22 23,dfe2b62a51098a1b076735b4c10ea492de898948c386e1f7b772d702e0411e12,de691febfdde2db43da14ecca22ecdbd5e0c7fbb416ca2580ffaa4991e8a1bbc,95.17731,96.88939,564,success_build,True,True,True,,True
434,0 1 2 3 4 5 6 8 9 10 11 12 7 13 14 15 16 17 18 19 20 21 22 23,db0d37d14ec3295b81a1054c09eed1f4e112d9ce782505bf52bbce457feddadb,de691febfdde2db43da14ecca22ecdbd5e0c7fbb416ca2580ffaa4991e8a1bbc,95.17731,96.88939,564,success_build,True,True,True,,True
435,0 1 2 3 4 5 6 8 9 10 11 12 13 7 14 15 16 17 18 19 20 21 22 23,5979c73154ef0ee82ee04a24126e0f9c93246601a8126664f7e613a1af895cfa,de691febfdde2db43da14ecca22ecdbd5e0c7fbb416ca2580ffaa4991e8a1bbc,95.17731,96.88939,564,success_build,True,True,True,,True
436,0 1 2 3 4 5 6 8 9 10 11 12 13 14 7 15 16 17 18 19 20 21 22 23,e8a68bdf64814d54cdb0827ed583a68bb80af142442110ad3d0da2d8fb3a80e7,de691febfdde2db43da14ecca22ecdbd5e0c7fbb416ca2580ffaa4991e8a1bbc,95.17731,96.88939,564,success_build,True,True,True,,True
437,0 1 2 3 4 5 6 8 9 10 11 12 13 14 15 7 16 17 18 19 20 21 22 23,d106572930c7d0dc9f40c323c78ef27e52dc62da7bba5a90231aee62b069c5d5,de691febfdde2db43da14ecca22ecdbd5e0c7fbb416ca2580ffaa4991e8a1bbc,95.17731,96.88939,564,success_build,True,True,True,,True
438,0 1 2 3 4 5 6 8 9 10 11 12 13 14 15 16 7 17 18 19 20 21 22 23,0c784beecf7f36a9db729e2178456be1ec94b5c7adda1b20b4543e08f5bf0cf4,de691febfdde2db43da14ecca22ecdbd5e0c7fbb416ca2580ffaa4991e8a1bbc,95.17731,96.88939,564,success_build,True,True,True,,True
439,0 1 2 3 4 5 6 8 9 10 11 12 13 14 15 16 17 7 18 19 20 21 22 23,c15d981e0380699ec78afad421b0e2e9b8dd05e194c57ca5dfb8930f579100ff,de691febfdde2db43da14ecca22ecdbd5e0c7fbb416ca2580ffaa4991e8a1bbc,95.17731,96.88939,564,success_build,True,True,True,,True
440,0 1 2 3 4 5 6 8 9 10 11 12 13 14 15 16 17 18 7 19 20 21 22 23,d5c71ed1efc9991fabec849dcb3c56848ee7310d91091a34f747dec6de6f9571,de691febfdde2db43da14ecca22ecdbd5e0c7fbb416ca2580ffaa4991e8a1bbc,95.17731,96.88939,564,success_build,True,True,True,,True
441,0 1 2 3 4 5 6 8 9 10 11 12 13 14 15 16 17 18 19 7 20 21 22 23,017637939070ce6910b75ec41887d07d587461989ea25e4a3a3e988744eab4b8,de691febfdde2db43da14ecca22ecdbd5e0c7fbb416ca2580ffaa4991e8a1bbc,95.17731,96.88939,564,success_build,True,True,True,,True
442,0 1 2 3 4 5 6 8 9 10 11 12 13 14 15 16 17 18 19 20 7 21 22 23,1f597c00a97c7340d0c588428af26e6e1dbebd5c1da2a68669115063b5b7e48e,de691febfdde2db43da14ecca22ecdbd5e0c7fbb416ca2580ffaa4991e8a1bbc,95.17731,96.88939,564,success_build,True,True,True,,True
443,0 1 2 3 4 5 6 8 9 10 11 12 13 14 15 16 17 18 19 20 21 7 22 23,66d239451e9bcd10948404dc3039a18804cc127adc003a6ba772be9cc4653374,de691febfdde2db43da14ecca22ecdbd5e0c7fbb416ca2580ffaa4991e8a1bbc,95.17731,96.88939,564,success_build,True,True,True,,True
444,0 1 2 3 4 5 6 8 9 10 11 12 13 14 15 16 17 18 19 20 21 22 7 23,bf4dd92941453e3fde791a44d4f7e4c65a09d3ec9374a55b3cd8702d491fb8b3,de691febfdde2db43da14ecca22ecdbd5e0c7fbb416ca2580ffaa4991e8a1bbc,95.17731,96.88939,564,success_build,True,True,True,,True
445,0 1 2 3 4 5 6 8 9 10 11 12 13 14 15 16 17 18 19 20 21 22 23 7,1e96ef45bdcfaa5f8ecc03aebfc11d053438a8ab3df7f3049c7660bc25df12f2,de691febfdde2db43da14ecca22ecdbd5e0c7fbb416ca2580ffaa4991e8a1bbc,95.17731,96.88939,564,success_build,True,True,True,,True
446,8 0 1 2 3 4 5 6 7 9 10 11 12 13 14 15 16 17 18 19 20 21 22 23,a27ab22989a303b3fe90c953b7cd279b57d432bd492ccfd4f927d3c647ef8985,086106d91803aa4723eb89c3f49a8fb95cc9f03bee8d6811d5fc537ce0fb8440,94.893616,96.86352,564,success_build,True,True,False,unit fuzzy loss,True
447,0 8 1 2 3 4 5 6 7 9 10 11 12 13 14 15 16 17 18 19 20 21 22 23,3555190e934ba4334e8c31e32093b760472f0e4272112e9432f0db4fa56b61fb,8a5d84c6f750e90f4f2ff48fdf9de220a34591211d82842fc3f24b57473e23f0,95.07092,96.87969,564,success_build,True,True,False,unit fuzzy loss,True
448,0 1 8 2 3 4 5 6 7 9 10 11 12 13 14 15 16 17 18 19 20 21 22 23,a500fa6fd4467be006c75f57c6d91d4f395c319340eed14bb25d47d7eab653ff,8a5d84c6f750e90f4f2ff48fdf9de220a34591211d82842fc3f24b57473e23f0,95.07092,96.87969,564,success_build,True,True,False,unit fuzzy loss,True
449,0 1 2 8 3 4 5 6 7 9 10 11 12 13 14 15 16 17 18 19 20 21 22 23,4b22c6adefa9f2e09caa3c689baad5213291fa8d0a97ac45f34c57be6f0b8c24,8a5d84c6f750e90f4f2ff48fdf9de220a34591211d82842fc3f24b57473e23f0,95.07092,96.87969,564,success_build,True,True,False,unit fuzzy loss,True
450,0 1 2 3 8 4 5 6 7 9 10 11 12 13 14 15 16 17 18 19 20 21 22 23,bcdac54cbf43a391d9a6aa3cbd35d82314e17b0313f2622b072e4385a6cb07fc,8a5d84c6f750e90f4f2ff48fdf9de220a34591211d82842fc3f24b57473e23f0,95.07092,96.87969,564,success_build,True,True,False,unit fuzzy loss,True
451,0 1 2 3 4 8 5 6 7 9 10 11 12 13 14 15 16 17 18 19 20 21 22 23,c1bf4f34d274ebba434cf50ba641cb3b46715d23db3639706dc25f7598921a8d,0419ebe71aea8791b878b078035e82f7422fd58a9bf4c4a640047996bd31cc03,95.17731,96.88939,564,success_build,True,True,True,,True
452,0 1 2 3 4 5 8 6 7 9 10 11 12 13 14 15 16 17 18 19 20 21 22 23,4f9f801d90595f11233e394ce7f0ef42cbf3a701b0dea2cfd5f823715b774296,4be0706e1da2e9a6f5a0b82d8d8d71f5ed3e3ae94d92797c4b5c6fae043a39c2,95.17731,96.88939,564,success_build,True,True,True,,True
453,0 1 2 3 4 5 6 7 9 10 8 11 12 13 14 15 16 17 18 19 20 21 22 23,1b9a74c918471b6066226ebf72fc0268df1f546680909742e142dfe0e779159f,9ed665241a02ccb573a3e233019818dc162e1860cb361be6a80ac9a7d261b4e9,94.92908,96.86675,564,success_build,True,True,False,unit fuzzy loss,True
454,0 1 2 3 4 5 6 7 9 10 11 8 12 13 14 15 16 17 18 19 20 21 22 23,46cdd6aa51c74fcd086d4e286d61b1f89c7fcfe1e69ac9954c51f4c3c3e50ca7,9ed665241a02ccb573a3e233019818dc162e1860cb361be6a80ac9a7d261b4e9,94.92908,96.86675,564,success_build,True,True,False,unit fuzzy loss,True
455,0 1 2 3 4 5 6 7 9 10 11 12 8 13 14 15 16 17 18 19 20 21 22 23,94b0cc6f81f64c58b9670bfa27e626dec702766b34440a738113f07dd8b099c5,ff0c0fc3b449acea8051da10bcbfd87eab23460ae0b996b612aef6d23ae25f1e,93.21986,96.71087,564,success_build,True,True,False,unit fuzzy loss,True
456,0 1 2 3 4 5 6 7 9 10 11 12 13 8 14 15 16 17 18 19 20 21 22 23,34a386b87c59164d6a9c853fd529497a803cbdb598c1fa4a52c1c38b820e7e00,1cbc3a977aef67ffc5f147fdb381e8dc36616b3e5fa08c70b2cdbe63f21657ac,93.007095,96.69146,564,success_build,True,True,False,unit fuzzy loss,True
457,0 1 2 3 4 5 6 7 9 10 11 12 13 14 8 15 16 17 18 19 20 21 22 23,3ef5a72a63fced19bc4aed6f6eadd47d446b84808b1b939c8bf7a5a5b5b9a479,1e0aeaa9ce22388e5e9cd0ef29f07279bc4b5406f402d482c00d9530ce544af8,92.79433,96.67206,564,success_build,True,True,False,unit fuzzy loss,True
458,0 1 2 3 4 5 6 7 9 10 11 12 13 14 15 8 16 17 18 19 20 21 22 23,7a84adb70dc983cb8e4fe2f7229ef733de2a18e3ec1574b12bb2774800952bbe,351ffcb5d93ebd53182957cb890abbed460eb0c83e7dead6b2fcb97558cdcfd8,92.68794,96.66235,564,success_build,True,True,False,unit fuzzy loss,True
459,0 1 2 3 4 5 6 7 9 10 11 12 13 14 15 16 8 17 18 19 20 21 22 23,e2d2eb86c697c55d535e8828bbd9a539bce5c2780e30828b032420cd0bcf78dd,60f9077af906d4ab5f957870c88f7e655e7472fe53fc04e183c5e79c629313c2,92.758865,96.66882,564,success_build,True,True,False,unit fuzzy loss,True
460,0 1 2 3 4 5 6 7 9 10 11 12 13 14 15 16 17 8 18 19 20 21 22 23,48a617eebd14b2e762808845607f4bf205f1b76e2ba95aa9b685bf640eb5ffb4,8561e8539767acc78ca4e9c761ae3d33c32db0639951ac551b47c7b4d9cfb481,92.61702,96.65588,564,success_build,True,True,False,unit fuzzy loss,True
461,0 1 2 3 4 5 6 7 9 10 11 12 13 14 15 16 17 18 8 19 20 21 22 23,fcf786fc8f36ede4f36acf4d617a704066376355a2cd2051fff0f7fb16869204,8561e8539767acc78ca4e9c761ae3d33c32db0639951ac551b47c7b4d9cfb481,92.61702,96.65588,564,success_build,True,True,False,unit fuzzy loss,True
462,0 1 2 3 4 5 6 7 9 10 11 12 13 14 15 16 17 18 19 8 20 21 22 23,3898d93b4c48ea9681fb7e80c762ae0691e8e320a66bfca613dd30f5484b3142,69da0ae1b9eb35d5af7e82d0168a11d9048069cdce6fa3a56f55e61d488e02fc,92.61702,96.65588,564,success_build,True,True,False,unit fuzzy loss,True
463,0 1 2 3 4 5 6 7 9 10 11 12 13 14 15 16 17 18 19 20 8 21 22 23,a0e1978a440356811538754c77c94eed69ca233caaa0679f368f628ca16b8356,18120c00991722b7dd0996a32678b5448ea1efa051265e777c45eccb6e2df242,92.43971,96.63972,564,success_build,True,True,False,unit fuzzy loss,True
464,0 1 2 3 4 5 6 7 9 10 11 12 13 14 15 16 17 18 19 20 21 8 22 23,32db3eb947f3a98f2a08dc7ffde945382ba63a5610c2726b2ba8feefcd32fe1f,2d64c3140e97bf16e9914070377bfbb9f87ecf0c0a1e614c44b5d2bdd0e8538f,92.12057,96.61061,564,success_build,True,True,False,unit fuzzy loss,True
465,0 1 2 3 4 5 6 7 9 10 11 12 13 14 15 16 17 18 19 20 21 22 8 23,3d5fb82e957723fa53764962ec55ae52924c73d4d5a4547c1fb31cb862ff8a76,2d64c3140e97bf16e9914070377bfbb9f87ecf0c0a1e614c44b5d2bdd0e8538f,92.12057,96.61061,564,success_build,True,True,False,unit fuzzy loss,True
466,0 1 2 3 4 5 6 7 9 10 11 12 13 14 15 16 17 18 19 20 21 22 23 8,f2bc012ed1102c03984c5e58b9e4041969a727a49092e188d7d5964bcb2cd4c9,2d64c3140e97bf16e9914070377bfbb9f87ecf0c0a1e614c44b5d2bdd0e8538f,92.12057,96.61061,564,success_build,True,True,False,unit fuzzy loss,True
467,9 0 1 2 3 4 5 6 7 8 10 11 12 13 14 15 16 17 18 19 20 21 22 23,1ef7d3fd940b47a978019dbcf48e6496dced43dd03eba63416a5a071f4e3a052,6add5d0f6f017fcc5cda3c224b69d03c848591601d0571bdf19847f064e61708,94.71631,96.84735,564,success_build,True,True,False,unit fuzzy loss,True
468,0 9 1 2 3 4 5 6 7 8 10 11 12 13 14 15 16 17 18 19 20 21 22 23,13e7ae607e997a50eb788aa9071a5644c7b20be2ac19aa8a145183f731d5a84d,caaaa83d54ef14afb473f3671d232d63a24c1c24e9e8a83f49e06a8b40d20b9e,94.96454,96.86999,564,success_build,True,True,False,unit fuzzy loss,True
469,0 1 9 2 3 4 5 6 7 8 10 11 12 13 14 15 16 17 18 19 20 21 22 23,6a362cd61e65c5e2f4942452f0fe368d386d3bb5030332e80997c7a00aa65585,caaaa83d54ef14afb473f3671d232d63a24c1c24e9e8a83f49e06a8b40d20b9e,94.96454,96.86999,564,success_build,True,True,False,unit fuzzy loss,True
470,0 1 2 9 3 4 5 6 7 8 10 11 12 13 14 15 16 17 18 19 20 21 22 23,4d89954da482304b12a52775fd4b747980e2fd65031e03b6939107ca24a4d5b9,caaaa83d54ef14afb473f3671d232d63a24c1c24e9e8a83f49e06a8b40d20b9e,94.96454,96.86999,564,success_build,True,True,False,unit fuzzy loss,True
471,0 1 2 3 9 4 5 6 7 8 10 11 12 13 14 15 16 17 18 19 20 21 22 23,e13b4b0ad99088b16fb8356434a13dc0aa81ff288f73711be60699d3d085298b,caaaa83d54ef14afb473f3671d232d63a24c1c24e9e8a83f49e06a8b40d20b9e,94.96454,96.86999,564,success_build,True,True,False,unit fuzzy loss,True
472,0 1 2 3 4 9 5 6 7 8 10 11 12 13 14 15 16 17 18 19 20 21 22 23,caaf277eb1d111589b9b722dd8a2e8b7b94081ec70cfb19a090cae288ed8c392,3c84ac956cda654d895c5ee886305581c7515e2c1494238902a19f12ae49a714,94.92908,96.86675,564,success_build,True,True,False,unit fuzzy loss,True
473,0 1 2 3 4 5 9 6 7 8 10 11 12 13 14 15 16 17 18 19 20 21 22 23,e7adc6fba60aca346cd759b05bfe187497604044ea45e654aec1e027db7faeca,809d66cbcb9c8c38482c24269a86d7a7441acced8d1c60a26112b1e068b292c2,94.92908,96.86675,564,success_build,True,True,False,unit fuzzy loss,True
474,0 1 2 3 4 5 6 9 7 8 10 11 12 13 14 15 16 17 18 19 20 21 22 23,097e0d26861070560a39400d82f9a16616b90958598514fd3485156eaff3301e,9ed665241a02ccb573a3e233019818dc162e1860cb361be6a80ac9a7d261b4e9,94.92908,96.86675,564,success_build,True,True,False,unit fuzzy loss,True
475,0 1 2 3 4 5 6 7 8 10 11 9 12 13 14 15 16 17 18 19 20 21 22 23,c0016df03e816583400e6c54cbda5b738c4f294623488cbc68fd2bc5b4dca6d4,de691febfdde2db43da14ecca22ecdbd5e0c7fbb416ca2580ffaa4991e8a1bbc,95.17731,96.88939,564,success_build,True,True,True,,True
476,0 1 2 3 4 5 6 7 8 10 11 12 9 13 14 15 16 17 18 19 20 21 22 23,4ba4f65996ccd15af5c211c9f374363ca2c296d25d7a5473ce927bba148906a6,a806df8f5abdf3ccb66c6e3cb8935b5d79c7a1381de510c276f12692054624f4,94.702126,96.846054,564,success_build,True,True,False,unit fuzzy loss,True
477,0 1 2 3 4 5 6 7 8 10 11 12 13 9 14 15 16 17 18 19 20 21 22 23,2486a7591ecc4b392fbfddd462c7900505dd7ecfa39a0d2347874fec181ecd6f,a32357286b789fc355821b14c2d85eef4aeb06f47679a98ad18f3c69294512b3,94.38298,96.81695,564,success_build,True,True,False,unit fuzzy loss,True
478,0 1 2 3 4 5 6 7 8 10 11 12 13 14 9 15 16 17 18 19 20 21 22 23,d49d4d392d2c03ff73640a6a8ef830adca5cfe7373a5102cd448e0e2938c2f33,64fbdd5bfac125339cb2a70a0e62b5086be34e183483165e8109fac9477edfa1,94.17021,96.79754,564,success_build,True,True,False,unit fuzzy loss,True
479,0 1 2 3 4 5 6 7 8 10 11 12 13 14 15 9 16 17 18 19 20 21 22 23,6448e8839531acbe4c2d3a1a6b2aa690afaa57e16e617c41195d54aac795daee,d3d37723c37cccf2f19726c216b057177ec94a440289a96d95dadd2452a7ae1c,94.06383,96.78784,564,success_build,True,True,False,unit fuzzy loss,True
480,0 1 2 3 4 5 6 7 8 10 11 12 13 14 15 16 9 17 18 19 20 21 22 23,06f3e9ae8f893ca52990ddb3374bdf886fa2709241e7e85d850ad3f5093398ed,485d531b3668fb4032bdd6c2d3e0a598e650b6cc28e068848266f5813f66bd6f,94.06383,96.78784,564,success_build,True,True,False,unit fuzzy loss,True
481,0 1 2 3 4 5 6 7 8 10 11 12 13 14 15 16 17 9 18 19 20 21 22 23,248ea30c2b008f02fca6ff84bbfb0687d286c1c85d2416296723a9b193d225b2,1fdd8dd8e4d639b740c30fef046d2b29e474e33b2540277940f41b06f1c3f502,93.992905,96.78137,564,success_build,True,True,False,unit fuzzy loss,True
482,0 1 2 3 4 5 6 7 8 10 11 12 13 14 15 16 17 18 9 19 20 21 22 23,8686cfa2511152c6b75820f85d9bced744cd9a9a7dfc927faac8091d2ab24711,1fdd8dd8e4d639b740c30fef046d2b29e474e33b2540277940f41b06f1c3f502,93.992905,96.78137,564,success_build,True,True,False,unit fuzzy loss,True
483,0 1 2 3 4 5 6 7 8 10 11 12 13 14 15 16 17 18 19 9 20 21 22 23,78d5d3cae08a6a029d20019a10cffe37048349de4c18cc0633b71c0a4b3e8939,3b6be78f57da2322182b611ad04b41718345a8ea60f628a875482c1f203b11aa,93.992905,96.78137,564,success_build,True,True,False,unit fuzzy loss,True
484,0 1 2 3 4 5 6 7 8 10 11 12 13 14 15 16 17 18 19 20 9 21 22 23,8ce2accf76582bd21b1248d838b956acf25350bf0ebe4a9f0231ce0c4f7ff43b,04936a14222451e8c33ab1fff17ad926430b9914656452a86d3a907e67e15ca8,93.815605,96.7652,564,success_build,True,True,False,unit fuzzy loss,True
485,0 1 2 3 4 5 6 7 8 10 11 12 13 14 15 16 17 18 19 20 21 9 22 23,e4e08874d10990df82ab4a147a25c1f3f78fb951576b78bfeffa0a63d567296a,61ec0c447dd90d2f2e53e08f9dd1b0ef4b07e6936ed224142e37d616869402b7,93.49645,96.73609,564,success_build,True,True,False,unit fuzzy loss,True
486,0 1 2 3 4 5 6 7 8 10 11 12 13 14 15 16 17 18 19 20 21 22 9 23,4ddf29f58c75807a86234e0968bbc47189e929bfc304777222f86e57d792f0e0,61ec0c447dd90d2f2e53e08f9dd1b0ef4b07e6936ed224142e37d616869402b7,93.49645,96.73609,564,success_build,True,True,False,unit fuzzy loss,True
487,0 1 2 3 4 5 6 7 8 10 11 12 13 14 15 16 17 18 19 20 21 22 23 9,db9f51817fafd4c5b33cd914727296773c10942c7ecf60355c6aa7a20df3fc64,61ec0c447dd90d2f2e53e08f9dd1b0ef4b07e6936ed224142e37d616869402b7,93.49645,96.73609,564,success_build,True,True,False,unit fuzzy loss,True
488,10 0 1 2 3 4 5 6 7 8 9 11 12 13 14 15 16 17 18 19 20 21 22 23,864800fd5997e071b4bc3d5bf1b9146aaec9c97a13cc2847f6616db701917d40,de691febfdde2db43da14ecca22ecdbd5e0c7fbb416ca2580ffaa4991e8a1bbc,95.17731,96.88939,564,success_build,True,True,True,,True
489,0 10 1 2 3 4 5 6 7 8 9 11 12 13 14 15 16 17 18 19 20 21 22 23,fb441f2b30af5186dfdad697d369b414e6458d6e6c2ba12a90a3409f0e2ac985,de691febfdde2db43da14ecca22ecdbd5e0c7fbb416ca2580ffaa4991e8a1bbc,95.17731,96.88939,564,success_build,True,True,True,,True
490,0 1 10 2 3 4 5 6 7 8 9 11 12 13 14 15 16 17 18 19 20 21 22 23,690d5c6ba0ba5e3e31451461bc8028b7672dd14b3c3e1b2c78110af43201621f,de691febfdde2db43da14ecca22ecdbd5e0c7fbb416ca2580ffaa4991e8a1bbc,95.17731,96.88939,564,success_build,True,True,True,,True
491,0 1 2 10 3 4 5 6 7 8 9 11 12 13 14 15 16 17 18 19 20 21 22 23,d7adf647988414a418b4231e3670b0245c94863123baee08420aa66dddf18ed1,de691febfdde2db43da14ecca22ecdbd5e0c7fbb416ca2580ffaa4991e8a1bbc,95.17731,96.88939,564,success_build,True,True,True,,True
492,0 1 2 3 10 4 5 6 7 8 9 11 12 13 14 15 16 17 18 19 20 21 22 23,d116822d1102e5900f442eb6f4aa16ec4def3b1910ae1d35fb1c67962f7c3126,de691febfdde2db43da14ecca22ecdbd5e0c7fbb416ca2580ffaa4991e8a1bbc,95.17731,96.88939,564,success_build,True,True,True,,True
493,0 1 2 3 4 10 5 6 7 8 9 11 12 13 14 15 16 17 18 19 20 21 22 23,c2819acad8f123af97978339337ef05b55c8a3b5b92f0c3534dc268fd7cf52b9,de691febfdde2db43da14ecca22ecdbd5e0c7fbb416ca2580ffaa4991e8a1bbc,95.17731,96.88939,564,success_build,True,True,True,,True
494,0 1 2 3 4 5 10 6 7 8 9 11 12 13 14 15 16 17 18 19 20 21 22 23,43642a678b1c78e79fba813621ce38b0b33fd9735ba015384c9ca97b1f904734,de691febfdde2db43da14ecca22ecdbd5e0c7fbb416ca2580ffaa4991e8a1bbc,95.17731,96.88939,564,success_build,True,True,True,,True
495,0 1 2 3 4 5 6 10 7 8 9 11 12 13 14 15 16 17 18 19 20 21 22 23,f6fc170eccfccc3fe4fe15dedb0a3480a9d10743c3db9cec0c8c65a5c4cb12eb,de691febfdde2db43da14ecca22ecdbd5e0c7fbb416ca2580ffaa4991e8a1bbc,95.17731,96.88939,564,success_build,True,True,True,,True
496,0 1 2 3 4 5 6 7 10 8 9 11 12 13 14 15 16 17 18 19 20 21 22 23,9cc557681dfe83317a2268fb193915b0b71f965f283d4a617c9bf7fb6bc8da2e,de691febfdde2db43da14ecca22ecdbd5e0c7fbb416ca2580ffaa4991e8a1bbc,95.17731,96.88939,564,success_build,True,True,True,,True
497,0 1 2 3 4 5 6 7 8 9 11 12 10 13 14 15 16 17 18 19 20 21 22 23,f48164ac6018f3d75d1eb775e5560240aa9e77a04e73bb1e476da2451aae33eb,de691febfdde2db43da14ecca22ecdbd5e0c7fbb416ca2580ffaa4991e8a1bbc,95.17731,96.88939,564,success_build,True,True,True,,True
498,0 1 2 3 4 5 6 7 8 9 11 12 13 10 14 15 16 17 18 19 20 21 22 23,676cc887e3f8046d6fa100f933f98b1ef1b28460981cb679cc21ae3d1028fbeb,de691febfdde2db43da14ecca22ecdbd5e0c7fbb416ca2580ffaa4991e8a1bbc,95.17731,96.88939,564,success_build,True,True,True,,True
499,0 1 2 3 4 5 6 7 8 9 11 12 13 14 10 15 16 17 18 19 20 21 22 23,7a65c2713d925577d60126d44d607ddd980914158cf36be7f414fca60dd084bf,de691febfdde2db43da14ecca22ecdbd5e0c7fbb416ca2580ffaa4991e8a1bbc,95.17731,96.88939,564,success_build,True,True,True,,True
500,0 1 2 3 4 5 6 7 8 9 11 12 13 14 15 10 16 17 18 19 20 21 22 23,8e9a5e7901f4ae4d49dcc3ac7ad84624a710a84167db7c0da79371d68d79a59d,de691febfdde2db43da14ecca22ecdbd5e0c7fbb416ca2580ffaa4991e8a1bbc,95.17731,96.88939,564,success_build,True,True,True,,True
501,0 1 2 3 4 5 6 7 8 9 11 12 13 14 15 16 10 17 18 19 20 21 22 23,33e4f8adde109f021e39049a9fea5a549975e1f838a86ce875ff72d30098e618,de691febfdde2db43da14ecca22ecdbd5e0c7fbb416ca2580ffaa4991e8a1bbc,95.17731,96.88939,564,success_build,True,True,True,,True
502,0 1 2 3 4 5 6 7 8 9 11 12 13 14 15 16 17 10 18 19 20 21 22 23,f5b6bf9b6b0b629f08342d0d454b90ad7e1feab241ce0513c6fb65857267a6fc,de691febfdde2db43da14ecca22ecdbd5e0c7fbb416ca2580ffaa4991e8a1bbc,95.17731,96.88939,564,success_build,True,True,True,,True
503,0 1 2 3 4 5 6 7 8 9 11 12 13 14 15 16 17 18 10 19 20 21 22 23,6fe82e5824cc0124142f7405e5fe3a19dc93b7524c431b7fcb26c80b990abf75,de691febfdde2db43da14ecca22ecdbd5e0c7fbb416ca2580ffaa4991e8a1bbc,95.17731,96.88939,564,success_build,True,True,True,,True
504,0 1 2 3 4 5 6 7 8 9 11 12 13 14 15 16 17 18 19 10 20 21 22 23,6fbccd6de3b45114e219d818f414d25166f94314264233b137a8b44dd7416862,de691febfdde2db43da14ecca22ecdbd5e0c7fbb416ca2580ffaa4991e8a1bbc,95.17731,96.88939,564,success_build,True,True,True,,True
505,0 1 2 3 4 5 6 7 8 9 11 12 13 14 15 16 17 18 19 20 10 21 22 23,6ae667a217ee80c14c990e274b68996be4694a37de75f7b0d9409e3862ed26c1,de691febfdde2db43da14ecca22ecdbd5e0c7fbb416ca2580ffaa4991e8a1bbc,95.17731,96.88939,564,success_build,True,True,True,,True
506,0 1 2 3 4 5 6 7 8 9 11 12 13 14 15 16 17 18 19 20 21 10 22 23,c2e8958c0acca436f0bb89c438cb501ea543b8e0d0b1684bb34ccf61075cabcc,de691febfdde2db43da14ecca22ecdbd5e0c7fbb416ca2580ffaa4991e8a1bbc,95.17731,96.88939,564,success_build,True,True,True,,True
507,0 1 2 3 4 5 6 7 8 9 11 12 13 14 15 16 17 18 19 20 21 22 10 23,e045960332f19a2cba0795a153fd68de26c0dc988496f8bd3b3f71ad0cd35e8e,de691febfdde2db43da14ecca22ecdbd5e0c7fbb416ca2580ffaa4991e8a1bbc,95.17731,96.88939,564,success_build,True,True,True,,True
508,0 1 2 3 4 5 6 7 8 9 11 12 13 14 15 16 17 18 19 20 21 22 23 10,48145f6917b2f36d8213017ddc228cf340955cbad88102452bb9a189c6116a3f,de691febfdde2db43da14ecca22ecdbd5e0c7fbb416ca2580ffaa4991e8a1bbc,95.17731,96.88939,564,success_build,True,True,True,,True
509,11 0 1 2 3 4 5 6 7 8 9 10 12 13 14 15 16 17 18 19 20 21 22 23,3600d463eb0e8c8bb248e47d2655d50dd27b43d17d8c1b0350d53fcc325778ab,de691febfdde2db43da14ecca22ecdbd5e0c7fbb416ca2580ffaa4991e8a1bbc,95.17731,96.88939,564,success_build,True,True,True,,True
510,0 11 1 2 3 4 5 6 7 8 9 10 12 13 14 15 16 17 18 19 20 21 22 23,9af43b0724afda3648c349277131ee0a2b80fd1ee41db8c345c45a5874449a1e,de691febfdde2db43da14ecca22ecdbd5e0c7fbb416ca2580ffaa4991e8a1bbc,95.17731,96.88939,564,success_build,True,True,True,,True
511,0 1 11 2 3 4 5 6 7 8 9 10 12 13 14 15 16 17 18 19 20 21 22 23,ff377198076fa0c110424e9d8bf539f53ebfbeec2fa7b35a839d3bc642fc1bfa,de691febfdde2db43da14ecca22ecdbd5e0c7fbb416ca2580ffaa4991e8a1bbc,95.17731,96.88939,564,success_build,True,True,True,,True
512,0 1 2 11 3 4 5 6 7 8 9 10 12 13 14 15 16 17 18 19 20 21 22 23,22a1df1a643f6baf627e61ae49f6c88c6eab13a461877b36aa0b18963aa3947e,de691febfdde2db43da14ecca22ecdbd5e0c7fbb416ca2580ffaa4991e8a1bbc,95.17731,96.88939,564,success_build,True,True,True,,True
513,0 1 2 3 11 4 5 6 7 8 9 10 12 13 14 15 16 17 18 19 20 21 22 23,1176b3f8fe397b89bfea429cef2d81d1349ddb875616ca28b6f0b28fc3d15bbd,de691febfdde2db43da14ecca22ecdbd5e0c7fbb416ca2580ffaa4991e8a1bbc,95.17731,96.88939,564,success_build,True,True,True,,True
514,0 1 2 3 4 11 5 6 7 8 9 10 12 13 14 15 16 17 18 19 20 21 22 23,d06b85a2826c283ab2c744b7aba57f50fa834aa7f333381852bca9cd731a764b,de691febfdde2db43da14ecca22ecdbd5e0c7fbb416ca2580ffaa4991e8a1bbc,95.17731,96.88939,564,success_build,True,True,True,,True
515,0 1 2 3 4 5 11 6 7 8 9 10 12 13 14 15 16 17 18 19 20 21 22 23,82ed4dc9bf67508bb2ab085cb9d34669a4b4f66a56636b2786bbf8c50acf409f,de691febfdde2db43da14ecca22ecdbd5e0c7fbb416ca2580ffaa4991e8a1bbc,95.17731,96.88939,564,success_build,True,True,True,,True
516,0 1 2 3 4 5 6 11 7 8 9 10 12 13 14 15 16 17 18 19 20 21 22 23,685b35a6429930ac29ab4f4cfe4bba3377868354591938cdfd44d0a46b6802ab,de691febfdde2db43da14ecca22ecdbd5e0c7fbb416ca2580ffaa4991e8a1bbc,95.17731,96.88939,564,success_build,True,True,True,,True
517,0 1 2 3 4 5 6 7 11 8 9 10 12 13 14 15 16 17 18 19 20 21 22 23,4f998f046990dc6c3eacc484f9b88aa559bb46a51ecb20c4020180954ac5dafc,de691febfdde2db43da14ecca22ecdbd5e0c7fbb416ca2580ffaa4991e8a1bbc,95.17731,96.88939,564,success_build,True,True,True,,True
518,0 1 2 3 4 5 6 7 8 11 9 10 12 13 14 15 16 17 18 19 20 21 22 23,4da68f623322cd7ff89c2a26bee41025395ab39f91e34c29d24bdee3b5aface6,de691febfdde2db43da14ecca22ecdbd5e0c7fbb416ca2580ffaa4991e8a1bbc,95.17731,96.88939,564,success_build,True,True,True,,True
519,0 1 2 3 4 5 6 7 8 9 10 12 13 11 14 15 16 17 18 19 20 21 22 23,5691f9cc7a86b992609a2b22877956b6e0a4a17e353e1d126e7bdb1f93e2721a,de691febfdde2db43da14ecca22ecdbd5e0c7fbb416ca2580ffaa4991e8a1bbc,95.17731,96.88939,564,success_build,True,True,True,,True
520,0 1 2 3 4 5 6 7 8 9 10 12 13 14 11 15 16 17 18 19 20 21 22 23,4cf381d67006a9ce953fe46ce08def17f46eb880c4a8987928cb905b1f82c221,de691febfdde2db43da14ecca22ecdbd5e0c7fbb416ca2580ffaa4991e8a1bbc,95.17731,96.88939,564,success_build,True,True,True,,True
521,0 1 2 3 4 5 6 7 8 9 10 12 13 14 15 11 16 17 18 19 20 21 22 23,e1e848300f7e1c106fa6ef5ba14fa391fc6bf96052b69f22d692e892751b1f6c,de691febfdde2db43da14ecca22ecdbd5e0c7fbb416ca2580ffaa4991e8a1bbc,95.17731,96.88939,564,success_build,True,True,True,,True
522,0 1 2 3 4 5 6 7 8 9 10 12 13 14 15 16 11 17 18 19 20 21 22 23,f826da832a225208fe94d2b8085b61a5cb7c61ea2dcf5a63d81455259feff959,de691febfdde2db43da14ecca22ecdbd5e0c7fbb416ca2580ffaa4991e8a1bbc,95.17731,96.88939,564,success_build,True,True,True,,True
523,0 1 2 3 4 5 6 7 8 9 10 12 13 14 15 16 17 11 18 19 20 21 22 23,25159d44cebdb0766f1372331115697409afe7c3f5872c46d047a8d90804b904,de691febfdde2db43da14ecca22ecdbd5e0c7fbb416ca2580ffaa4991e8a1bbc,95.17731,96.88939,564,success_build,True,True,True,,True
524,0 1 2 3 4 5 6 7 8 9 10 12 13 14 15 16 17 18 11 19 20 21 22 23,4ce2807d3736ad0ae04ce4718aaebe4026266d26b968b1ab19631ea42d0f0ed9,de691febfdde2db43da14ecca22ecdbd5e0c7fbb416ca2580ffaa4991e8a1bbc,95.17731,96.88939,564,success_build,True,True,True,,True
525,0 1 2 3 4 5 6 7 8 9 10 12 13 14 15 16 17 18 19 11 20 21 22 23,c555a1ffe8793f01b2245259e95d128a01d6e185c16a787509a01f1b1c25327f,de691febfdde2db43da14ecca22ecdbd5e0c7fbb416ca2580ffaa4991e8a1bbc,95.17731,96.88939,564,success_build,True,True,True,,True
526,0 1 2 3 4 5 6 7 8 9 10 12 13 14 15 16 17 18 19 20 11 21 22 23,cc4a1d7ded5a60dc57635d5da90f47f1e719cb1318621e3c5b77ab825b155831,de691febfdde2db43da14ecca22ecdbd5e0c7fbb416ca2580ffaa4991e8a1bbc,95.17731,96.88939,564,success_build,True,True,True,,True
527,0 1 2 3 4 5 6 7 8 9 10 12 13 14 15 16 17 18 19 20 21 11 22 23,3448f8f127695847984daef4503d593c3bdae2aa271939879747af8039c5b026,de691febfdde2db43da14ecca22ecdbd5e0c7fbb416ca2580ffaa4991e8a1bbc,95.17731,96.88939,564,success_build,True,True,True,,True
528,0 1 2 3 4 5 6 7 8 9 10 12 13 14 15 16 17 18 19 20 21 22 11 23,2fd1d325070b9740fdc97161719ffc2b82a613c4c6647f91501487ea14fb14e7,de691febfdde2db43da14ecca22ecdbd5e0c7fbb416ca2580ffaa4991e8a1bbc,95.17731,96.88939,564,success_build,True,True,True,,True
529,0 1 2 3 4 5 6 7 8 9 10 12 13 14 15 16 17 18 19 20 21 22 23 11,00ab2cd3ed72c005458b15f15d191201fc42c2dc43e23fe0c6d2909a9714bc01,de691febfdde2db43da14ecca22ecdbd5e0c7fbb416ca2580ffaa4991e8a1bbc,95.17731,96.88939,564,success_build,True,True,True,,True
530,12 0 1 2 3 4 5 6 7 8 9 10 11 13 14 15 16 17 18 19 20 21 22 23,08c8de256770d003d8aef20cfa9d8d052c026ca3ffff8d0bcdf7e427c38b27bf,bb6c53811d1d650e3eff1f00e848689feb5545e41376c94a8166ad529cd61656,94.4539,96.82342,564,success_build,True,True,False,unit fuzzy loss,True
531,0 12 1 2 3 4 5 6 7 8 9 10 11 13 14 15 16 17 18 19 20 21 22 23,92cf9248e938fd7b2f1af97a59671dd51085166f2bd64278d5ca2c88eedfe106,84f0ef7380f9321258db240eddbdd40dbd29c564e0606d7c05b805532cade63d,94.702126,96.846054,564,success_build,True,True,False,unit fuzzy loss,True
532,0 1 12 2 3 4 5 6 7 8 9 10 11 13 14 15 16 17 18 19 20 21 22 23,3f96af7198ccab2addc057a6f790bdb5bd93983e15370dbe350872e4412e01b3,84f0ef7380f9321258db240eddbdd40dbd29c564e0606d7c05b805532cade63d,94.702126,96.846054,564,success_build,True,True,False,unit fuzzy loss,True
533,0 1 2 12 3 4 5 6 7 8 9 10 11 13 14 15 16 17 18 19 20 21 22 23,3e9194ffee8386d85e441a80cf371633ba983d6076f4488e21265e2c54cd0ca0,84f0ef7380f9321258db240eddbdd40dbd29c564e0606d7c05b805532cade63d,94.702126,96.846054,564,success_build,True,True,False,unit fuzzy loss,True
534,0 1 2 3 12 4 5 6 7 8 9 10 11 13 14 15 16 17 18 19 20 21 22 23,6587745af86d3759e8b7548dae78a63297ec4dab977947284a82effd64b8daee,84f0ef7380f9321258db240eddbdd40dbd29c564e0606d7c05b805532cade63d,94.702126,96.846054,564,success_build,True,True,False,unit fuzzy loss,True
535,0 1 2 3 4 12 5 6 7 8 9 10 11 13 14 15 16 17 18 19 20 21 22 23,b253e7598d04b470de1a26fb6f65d52e86305c958348183437ce884e495d3afe,2d9e669005ba2393b5086073e8cb9035daff093f1ea86955fad8ed7872dd59b2,94.666664,96.84282,564,success_build,True,True,False,unit fuzzy loss,True
536,0 1 2 3 4 5 12 6 7 8 9 10 11 13 14 15 16 17 18 19 20 21 22 23,3182c40080190c8344014d3037b096310259f1a87986463dff971f96aede5d37,1cc9075ea9d1380a9b4c832449aea73a70725e3f16ecdc207c538b497bcb3926,94.666664,96.84282,564,success_build,True,True,False,unit fuzzy loss,True
537,0 1 2 3 4 5 6 12 7 8 9 10 11 13 14 15 16 17 18 19 20 21 22 23,500817b73f626e5afe86fd8d3a090ea478693585d677d998cb63111eade8ee1c,1dc1cd1718777d23c6148eadc2343d987b7ae2bb7b55dd73fd8c82fa9e031ea3,94.666664,96.84282,564,success_build,True,True,False,unit fuzzy loss,True
538,0 1 2 3 4 5 6 7 12 8 9 10 11 13 14 15 16 17 18 19 20 21 22 23,82b77f4aff801a08ff477ba70334140e8eb05a6d34b1e0799d2244ce51391813,1dc1cd1718777d23c6148eadc2343d987b7ae2bb7b55dd73fd8c82fa9e031ea3,94.666664,96.84282,564,success_build,True,True,False,unit fuzzy loss,True
539,0 1 2 3 4 5 6 7 8 12 9 10 11 13 14 15 16 17 18 19 20 21 22 23,797d3bd1c682c9ca10b7216aad576ce876f233a6cc16c6c04583861b278d12a5,a806df8f5abdf3ccb66c6e3cb8935b5d79c7a1381de510c276f12692054624f4,94.702126,96.846054,564,success_build,True,True,False,unit fuzzy loss,True
540,0 1 2 3 4 5 6 7 8 9 12 10 11 13 14 15 16 17 18 19 20 21 22 23,a750af558171014c5b38fc327ffe7a777462fa5544f484bccbca1322d353d3f3,de691febfdde2db43da14ecca22ecdbd5e0c7fbb416ca2580ffaa4991e8a1bbc,95.17731,96.88939,564,success_build,True,True,True,,True
541,0 1 2 3 4 5 6 7 8 9 10 11 13 14 12 15 16 17 18 19 20 21 22 23,37aafefc58d9b9eb121bc4cdcdb4166cdaf684af1f3d3c5939f3c150bd73a412,c8431c6945ff531b1814d30a85736f8e8f0bef4afe5d2c3670f459193598a8be,94.39716,96.81824,564,success_build,True,True,False,unit fuzzy loss,True
542,0 1 2 3 4 5 6 7 8 9 10 11 13 14 15 12 16 17 18 19 20 21 22 23,065eb44c696d8e71c310f45697f161f2b69d737c13d010b09da738f12b181421,36f75909c3a07076b6a3bcda21dcdabe88976a2eeb90e25e6134eb8093f6c366,94.29078,96.80854,564,success_build,True,True,False,unit fuzzy loss,True
543,0 1 2 3 4 5 6 7 8 9 10 11 13 14 15 16 12 17 18 19 20 21 22 23,a033ab344f39da1de3f808053179e45d81a3be1174133258778c07cdaacfa761,e20d4c93784bfe904079e81f70c32a0af8468fdc13eb40d33839f1b56c190e8e,94.29078,96.80854,564,success_build,True,True,False,unit fuzzy loss,True
544,0 1 2 3 4 5 6 7 8 9 10 11 13 14 15 16 17 12 18 19 20 21 22 23,36deb0ff16b90dfca62bde09552f0aba9483aeb0f7f236fa39133b87469aa3ba,47c9792fd490aef839a212bac7ee089bfa0d71f2ae0dd57ce0a5fa9708adc579,94.21986,96.80207,564,success_build,True,True,False,unit fuzzy loss,True
545,0 1 2 3 4 5 6 7 8 9 10 11 13 14 15 16 17 18 12 19 20 21 22 23,7869e8cac2311fe4012aee57dbcb965820ab2ace6f6c95b77a85566bf7ce71b6,47c9792fd490aef839a212bac7ee089bfa0d71f2ae0dd57ce0a5fa9708adc579,94.21986,96.80207,564,success_build,True,True,False,unit fuzzy loss,True
546,0 1 2 3 4 5 6 7 8 9 10 11 13 14 15 16 17 18 19 12 20 21 22 23,9a6ef98ec5fbc41296d54e8f0d45a225a8e4d06c0af3baf027a441e7df159526,22708428eda606f8c514e0e48d64e5778c5930ab06c951d4725e26f624aa58d0,94.21986,96.80207,564,success_build,True,True,False,unit fuzzy loss,True
547,0 1 2 3 4 5 6 7 8 9 10 11 13 14 15 16 17 18 19 20 12 21 22 23,cacaa89590d73ee50eece7afb6b5b9a7ad0b88d0517b831a3e69e790b2749768,e7411bb314c741837e84dbeb2e4d16c79aaf1dba7758a37801ee43c5e82ede8b,94.04256,96.7859,564,success_build,True,True,False,unit fuzzy loss,True
548,0 1 2 3 4 5 6 7 8 9 10 11 13 14 15 16 17 18 19 20 21 12 22 23,f7c4fcf4328b83b37032909c1eb1955233dea35ab98e699ee2d66648a7344507,99ba578a8cacc1873d31f0111069ef99ab216759ddd85c1c186e167b9f332a2c,93.723404,96.75679,564,success_build,True,True,False,unit fuzzy loss,True
549,0 1 2 3 4 5 6 7 8 9 10 11 13 14 15 16 17 18 19 20 21 22 12 23,a0bd11019eb50926bb4fd412e6b9e0e9dba7f7cb3b9631b1815645746d4e018c,99ba578a8cacc1873d31f0111069ef99ab216759ddd85c1c186e167b9f332a2c,93.723404,96.75679,564,success_build,True,True,False,unit fuzzy loss,True
550,0 1 2 3 4 5 6 7 8 9 10 11 13 14 15 16 17 18 19 20 21 22 23 12,8223bb985b92950423e7d408310986ac53ecbc9bc71dd91652babf29fa1e4106,99ba578a8cacc1873d31f0111069ef99ab216759ddd85c1c186e167b9f332a2c,93.723404,96.75679,564,success_build,True,True,False,unit fuzzy loss,True
551,13 0 1 2 3 4 5 6 7 8 9 10 11 12 14 15 16 17 18 19 20 21 22 23,acc4bf533325dde886a04116d2fefbae0764d8f512698e1a5e0c6c295214edfa,feea0b0d0c00cf1e45dfa84098266352d09a305f86c76170f3e6b461a4c749b5,92.680855,96.661705,564,success_build,True,True,False,unit fuzzy loss,True
552,0 13 1 2 3 4 5 6 7 8 9 10 11 12 14 15 16 17 18 19 20 21 22 23,ed7c318fa29ca577338bd474e2cd3033ff78db2574fad39fc67f800caf06f090,0a0ce24c4c49e24f352698ffdf4241c5689b533351156e471e38cdd6238affda,92.92908,96.68435,564,success_build,True,True,False,unit fuzzy loss,True
553,0 1 13 2 3 4 5 6 7 8 9 10 11 12 14 15 16 17 18 19 20 21 22 23,b4e7294657578c0b0e707ffbd9a0edbcc90c18db4e29a9819b087b6be93e4265,0a0ce24c4c49e24f352698ffdf4241c5689b533351156e471e38cdd6238affda,92.92908,96.68435,564,success_build,True,True,False,unit fuzzy loss,True
554,0 1 2 13 3 4 5 6 7 8 9 10 11 12 14 15 16 17 18 19 20 21 22 23,b9d07d22f2ae9dddd72dae6e4e8c697b855f0a565234e2d0dff4525f4c88ca88,0a0ce24c4c49e24f352698ffdf4241c5689b533351156e471e38cdd6238affda,92.92908,96.68435,564,success_build,True,True,False,unit fuzzy loss,True
555,0 1 2 3 13 4 5 6 7 8 9 10 11 12 14 15 16 17 18 19 20 21 22 23,7bbf9ab7f742d6bdc4d72db90ad9879b45e42bb02fea4b3371faf31e1e8a4e04,0a0ce24c4c49e24f352698ffdf4241c5689b533351156e471e38cdd6238affda,92.92908,96.68435,564,success_build,True,True,False,unit fuzzy loss,True
556,0 1 2 3 4 13 5 6 7 8 9 10 11 12 14 15 16 17 18 19 20 21 22 23,61ac495668fb9c128fa3c1a45f79bef2f64a2ab776610cf9051ad308733cb257,3bcf691b019c288a5a485e3979a832702dece40e0f3b261767369a98cbde650e,94.41135,96.819534,564,success_build,True,True,False,unit fuzzy loss,True
557,0 1 2 3 4 5 13 6 7 8 9 10 11 12 14 15 16 17 18 19 20 21 22 23,8d8a22678306988fcf86244970ca5ac45930274fb4d4672409a7d3c73b41700b,e602259c02c6be41c02cd43a51517dc5e1c9d32787bafb6993275d687f9e1d24,94.41135,96.819534,564,success_build,True,True,False,unit fuzzy loss,True
558,0 1 2 3 4 5 6 13 7 8 9 10 11 12 14 15 16 17 18 19 20 21 22 23,a4dafc1eb7a07ded0b0671a578abd81b870f428a65dabd01633fc63be53b2253,a95876aa5c652589b9a98e3e96418fa3edec39fc5744aa5634791461ad0fea2f,94.41135,96.819534,564,success_build,True,True,False,unit fuzzy loss,True
559,0 1 2 3 4 5 6 7 13 8 9 10 11 12 14 15 16 17 18 19 20 21 22 23,7ccce7c52d02d11cefd432f1529b24cef709ab168bd5c965bfc5c16957e40e90,a95876aa5c652589b9a98e3e96418fa3edec39fc5744aa5634791461ad0fea2f,94.41135,96.819534,564,success_build,True,True,False,unit fuzzy loss,True
560,0 1 2 3 4 5 6 7 8 13 9 10 11 12 14 15 16 17 18 19 20 21 22 23,7d6745cc4e87e74c0947cddf90e860620c3b70f9f57ec094422d7d2b5735df7b,22ee9118187fd32a37497dc07e070fd0b150dca0dba9ca33692420afe6575fc3,94.44681,96.82277,564,success_build,True,True,False,unit fuzzy loss,True
561,0 1 2 3 4 5 6 7 8 9 13 10 11 12 14 15 16 17 18 19 20 21 22 23,5dfd2c5ffe6193b1b2004f4684973846e752b0eec531abd020f86c1e297641a9,5afe3a31845a79d60bf29f1d5de08ce4c95419b31df98fada21b7fa064710f6f,94.60993,96.83765,564,success_build,True,True,False,unit fuzzy loss,True
562,0 1 2 3 4 5 6 7 8 9 10 13 11 12 14 15 16 17 18 19 20 21 22 23,3b811da4a5d034a086e4f0b2beabe9c07de2fde5baff005b353e0544eb728632,5afe3a31845a79d60bf29f1d5de08ce4c95419b31df98fada21b7fa064710f6f,94.60993,96.83765,564,success_build,True,True,False,unit fuzzy loss,True
563,0 1 2 3 4 5 6 7 8 9 10 11 12 14 15 13 16 17 18 19 20 21 22 23,d8c0565000eafd8925bcd53bd557ba5e7376f265f4824cd9cb8b274922b241f9,2a82600693986a25d964664268c0c244bed8a2fd62569e92e1944097f447a6b4,94.57447,96.83441,564,success_build,True,True,False,unit fuzzy loss,True
564,0 1 2 3 4 5 6 7 8 9 10 11 12 14 15 16 13 17 18 19 20 21 22 23,dd2ed6e1b615dab91f51358d043755fb58d520dcdc4dbff15ac67ecb74705605,13d8b14f92a8bd9b96c84a4804abda48bf0ccd56ad03a4dd7a96ac9c28190f40,94.57447,96.83441,564,success_build,True,True,False,unit fuzzy loss,True
565,0 1 2 3 4 5 6 7 8 9 10 11 12 14 15 16 17 13 18 19 20 21 22 23,d7574fac0881d6e17ff0d52f758f293ff9af877eb380e5943a5400c265be5386,857eb5cbccb66b241595aa14ffd506f87cdab157f223a8685934dfc0bcb4afe4,94.50355,96.82794,564,success_build,True,True,False,unit fuzzy loss,True
566,0 1 2 3 4 5 6 7 8 9 10 11 12 14 15 16 17 18 13 19 20 21 22 23,13b77c06d42394dc9771a794a85edcad5cfaf89120e67e8d7e29a9b98a06893e,857eb5cbccb66b241595aa14ffd506f87cdab157f223a8685934dfc0bcb4afe4,94.50355,96.82794,564,success_build,True,True,False,unit fuzzy loss,True
567,0 1 2 3 4 5 6 7 8 9 10 11 12 14 15 16 17 18 19 13 20 21 22 23,5c8e6be1a945696d05f346304762a274f2215e275d2bedd9e76b36fb61cda972,7e060c9b8504574a6880eded84fc1c8b244cd8194eba3ec9df87905fdd60ddf9,94.50355,96.82794,564,success_build,True,True,False,unit fuzzy loss,True
568,0 1 2 3 4 5 6 7 8 9 10 11 12 14 15 16 17 18 19 20 13 21 22 23,88a7bbfbad7d7b99be0b4ffedaa3fbd208c3d39ad5e6c60f8def0879c7b93c7c,0079dcbc1a3d58f48f16a2a4ebec166709e912b0bcfb27cd0791dab325dc2445,94.32624,96.811775,564,success_build,True,True,False,unit fuzzy loss,True
569,0 1 2 3 4 5 6 7 8 9 10 11 12 14 15 16 17 18 19 20 21 13 22 23,a5879c3ce085b1da5d342fec01c33ce5122e4ac67bb7d50e4a1d48943b003b29,f080f3e45d9638a1d99bfb043bb2905d641cd0595791e7e3bad4e5c3defe23c2,94.007095,96.78266,564,success_build,True,True,False,unit fuzzy loss,True
570,0 1 2 3 4 5 6 7 8 9 10 11 12 14 15 16 17 18 19 20 21 22 13 23,9380bc8c425bd15867c1604b708e4fa1c55842c49be7807252e3492cff16c98b,f080f3e45d9638a1d99bfb043bb2905d641cd0595791e7e3bad4e5c3defe23c2,94.007095,96.78266,564,success_build,True,True,False,unit fuzzy loss,True
571,0 1 2 3 4 5 6 7 8 9 10 11 12 14 15 16 17 18 19 20 21 22 23 13,b331bfe318a7026d75e7ec9c931b23035057373af18f7ce470a4d8d9f47de9aa,f080f3e45d9638a1d99bfb043bb2905d641cd0595791e7e3bad4e5c3defe23c2,94.007095,96.78266,564,success_build,True,True,False,unit fuzzy loss,True
572,14 0 1 2 3 4 5 6 7 8 9 10 11 12 13 15 16 17 18 19 20 21 22 23,831dd20f5e2a60acebaae83dfdb921344e5027f16aad1c6474741be7b31ebf3c,4d93c1263535defa41f8900bac5d81582d6853a8e32fab838f74d9820823a9da,92.60993,96.65524,564,success_build,True,True,False,unit fuzzy loss,True
573,0 14 1 2 3 4 5 6 7 8 9 10 11 12 13 15 16 17 18 19 20 21 22 23,bc39d17817106338673bf7b9e62d182e015f320fe6a2cfa9860359c9e154674f,b158f6765641b64f2550a3d310abe19f785bc1d965592a65dadea474029d7057,92.71631,96.66494,564,success_build,True,True,False,unit fuzzy loss,True
574,0 1 14 2 3 4 5 6 7 8 9 10 11 12 13 15 16 17 18 19 20 21 22 23,e17f01839444c071c77571d7c42d653634f6e9800ad6547fda7b5f0f2b5050ee,b158f6765641b64f2550a3d310abe19f785bc1d965592a65dadea474029d7057,92.71631,96.66494,564,success_build,True,True,False,unit fuzzy loss,True
575,0 1 2 14 3 4 5 6 7 8 9 10 11 12 13 15 16 17 18 19 20 21 22 23,22bcf9ac4b7901570a4fd5137f7c363793a2f765a6c9f6ff539d4b93143cb8bc,b158f6765641b64f2550a3d310abe19f785bc1d965592a65dadea474029d7057,92.71631,96.66494,564,success_build,True,True,False,unit fuzzy loss,True
576,0 1 2 3 14 4 5 6 7 8 9 10 11 12 13 15 16 17 18 19 20 21 22 23,f4ae3cb0302a09c8884a1072615b0c079ff1a2cfe5a1de13f8a8f162ae1b9c65,b158f6765641b64f2550a3d310abe19f785bc1d965592a65dadea474029d7057,92.71631,96.66494,564,success_build,True,True,False,unit fuzzy loss,True
577,0 1 2 3 4 14 5 6 7 8 9 10 11 12 13 15 16 17 18 19 20 21 22 23,cb852aa01a03fa69b459fda1a343ffd6c4b73f72039e975a56fec2df0a479b2f,d228cf8a96a24a0d122d78775e9b9845ff0c8f6e14628bb2727db0eed972c78f,92.82269,96.674644,564,success_build,True,True,False,unit fuzzy loss,True
578,0 1 2 3 4 5 14 6 7 8 9 10 11 12 13 15 16 17 18 19 20 21 22 23,3a1924046efac29110f22ba8a1db6f658d14d96367539e5ab26a9bc765674998,61d32a8f8affaab1e47815afe88a3cdd53ca5e44fcbfd43cf4cbb814c799fdfa,92.82269,96.674644,564,success_build,True,True,False,unit fuzzy loss,True
579,0 1 2 3 4 5 6 14 7 8 9 10 11 12 13 15 16 17 18 19 20 21 22 23,7b514a12af7496b8b6550976031864d1f7ce0e8210613cfdfb02e7ef64684499,8d086bc3133b8306d70be9cf6fd9bbb681ef62c7f1f61cd9ebec1294002ebb3c,92.82269,96.674644,564,success_build,True,True,False,unit fuzzy loss,True
580,0 1 2 3 4 5 6 7 14 8 9 10 11 12 13 15 16 17 18 19 20 21 22 23,5628394aa725759e2cfd90737e53647f3c53aed7dff6bd145a5fe802b589832d,8d086bc3133b8306d70be9cf6fd9bbb681ef62c7f1f61cd9ebec1294002ebb3c,92.82269,96.674644,564,success_build,True,True,False,unit fuzzy loss,True
581,0 1 2 3 4 5 6 7 8 14 9 10 11 12 13 15 16 17 18 19 20 21 22 23,d1d1996b96a33d11ca21fb7b69740da9cce4bd8be0f6224ec75da51f777a0e2e,2edbdb79a1978207d98a3de685adb4575134223f35516fe0096ca857a74518bf,92.82269,96.674644,564,success_build,True,True,False,unit fuzzy loss,True
582,0 1 2 3 4 5 6 7 8 9 14 10 11 12 13 15 16 17 18 19 20 21 22 23,e1dbb0018786e8772a566cbbc2b1731a34b4f30879939a99b3e4f2c4a45e63ab,f1b6535e8e5c1d694da529d2aadf71768e288fc442736b5429e729a58debab1d,94.39716,96.81824,564,success_build,True,True,False,unit fuzzy loss,True
583,0 1 2 3 4 5 6 7 8 9 10 14 11 12 13 15 16 17 18 19 20 21 22 23,4faa8ec11e8e5f99b6638f2d5661792d08447af6687d94d4e96707b53871e9c2,f1b6535e8e5c1d694da529d2aadf71768e288fc442736b5429e729a58debab1d,94.39716,96.81824,564,success_build,True,True,False,unit fuzzy loss,True
584,0 1 2 3 4 5 6 7 8 9 10 11 14 12 13 15 16 17 18 19 20 21 22 23,7a35dc7b60d7965c10a7f39656250137f9cc84c245698a737b86b599dc36f9dd,f1b6535e8e5c1d694da529d2aadf71768e288fc442736b5429e729a58debab1d,94.39716,96.81824,564,success_build,True,True,False,unit fuzzy loss,True
585,0 1 2 3 4 5 6 7 8 9 10 11 12 13 15 16 14 17 18 19 20 21 22 23,cc221acadfd18bd087d57cb350f737521aef83aeb10254fe4eb3b8162c3c3c66,87891af881fdc82a6da263c09cb62024cd97bea1b84dccfca8df10854a037961,94.858154,96.86028,564,success_build,True,True,False,unit fuzzy loss,True
586,0 1 2 3 4 5 6 7 8 9 10 11 12 13 15 16 17 14 18 19 20 21 22 23,8279c171175595d5c5666177aec5eccad0a810a3c1091eb5b0584dc7eab28c15,ac49b0c0c4ad5eacc448cd7eff81b9e59bd247a54ff9d8e251bb7f35c0bfd8b0,94.78723,96.85381,564,success_build,True,True,False,unit fuzzy loss,True
587,0 1 2 3 4 5 6 7 8 9 10 11 12 13 15 16 17 18 14 19 20 21 22 23,bdeaa0fd8d050ba8f0fa01569dade26bcc910c2391bbfe899c18ff3dbcd074c5,ac49b0c0c4ad5eacc448cd7eff81b9e59bd247a54ff9d8e251bb7f35c0bfd8b0,94.78723,96.85381,564,success_build,True,True,False,unit fuzzy loss,True
588,0 1 2 3 4 5 6 7 8 9 10 11 12 13 15 16 17 18 19 14 20 21 22 23,c225ef203e43106b361c8ae30491ebe20eba8db8f410d63810b5206b39f9c34d,94ebb46f2a7a34a8bee7e750fcdb30971f98ebaabeb74bec1882d23b11722736,94.78723,96.85381,564,success_build,True,True,False,unit fuzzy loss,True
589,0 1 2 3 4 5 6 7 8 9 10 11 12 13 15 16 17 18 19 20 14 21 22 23,846b72ffbaaa1238929f6810ecbc5f690d1fb1d6fb4784995651de61a68a49e7,77479f33ba17ba3b96d5e7253834c877f73b48a3e6f5f04f21d05b144783f17b,94.60993,96.83765,564,success_build,True,True,False,unit fuzzy loss,True
590,0 1 2 3 4 5 6 7 8 9 10 11 12 13 15 16 17 18 19 20 21 14 22 23,4766fa6a0b8b6045bd5e22a69722b6836702a17683c593157dca5bd45b3ff92e,314d07146415b509f316a806065d22b596926f5149e3e5eaf88a564a3f77ac16,94.29078,96.80854,564,success_build,True,True,False,unit fuzzy loss,True
591,0 1 2 3 4 5 6 7 8 9 10 11 12 13 15 16 17 18 19 20 21 22 14 23,24b491a2cf27d61714bd574feccdded625f3816325fb42bf52b84f764b065131,314d07146415b509f316a806065d22b596926f5149e3e5eaf88a564a3f77ac16,94.29078,96.80854,564,success_build,True,True,False,unit fuzzy loss,True
592,0 1 2 3 4 5 6 7 8 9 10 11 12 13 15 16 17 18 19 20 21 22 23 14,d593c50b1d0f969ba97117ec62efa7ad411437ea169d51698b88ba7a5513e2ea,314d07146415b509f316a806065d22b596926f5149e3e5eaf88a564a3f77ac16,94.29078,96.80854,564,success_build,True,True,False,unit fuzzy loss,True
593,15 0 1 2 3 4 5 6 7 8 9 10 11 12 13 14 16 17 18 19 20 21 22 23,10020625a9bd1874b2414005fafb6edcbe0ea667a3f44e22ef0738db6166cf62,d34f0e09f96eb3eeb910bc71a2d3fda1531d7c27a37dae5baf8ffa6e09cff115,92.432625,96.63907,564,success_build,True,True,False,unit fuzzy loss,True
594,0 15 1 2 3 4 5 6 7 8 9 10 11 12 13 14 16 17 18 19 20 21 22 23,44e8a4a97fb9a49dfda8431e9fc9210f2742543b507e08cea519f3b7e094cf5d,d1c2c1852ca0db586c4baddbf5b515ab226b292ff59bc4cafbcba5091f7d52a2,92.60993,96.65524,564,success_build,True,True,False,unit fuzzy loss,True
595,0 1 15 2 3 4 5 6 7 8 9 10 11 12 13 14 16 17 18 19 20 21 22 23,9e94ff7fb07d05250bf47c89da62ee9152bf5db92a400e6998f99f5b92387308,d1c2c1852ca0db586c4baddbf5b515ab226b292ff59bc4cafbcba5091f7d52a2,92.60993,96.65524,564,success_build,True,True,False,unit fuzzy loss,True
596,0 1 2 15 3 4 5 6 7 8 9 10 11 12 13 14 16 17 18 19 20 21 22 23,cc3f73e8e1dd0faa5a0c379279f5f9393010742c8d619e65a4d7150a092fd804,d1c2c1852ca0db586c4baddbf5b515ab226b292ff59bc4cafbcba5091f7d52a2,92.60993,96.65524,564,success_build,True,True,False,unit fuzzy loss,True
597,0 1 2 3 15 4 5 6 7 8 9 10 11 12 13 14 16 17 18 19 20 21 22 23,8d05669d84767f792032c5b99924cfcc79aecbbc3f73e9bc2a50de80a1e77419,d1c2c1852ca0db586c4baddbf5b515ab226b292ff59bc4cafbcba5091f7d52a2,92.60993,96.65524,564,success_build,True,True,False,unit fuzzy loss,True
598,0 1 2 3 4 15 5 6 7 8 9 10 11 12 13 14 16 17 18 19 20 21 22 23,3759fdb02237fb1d6c38aad36822cb8c20e4248fcc75c37af9ea8590ecd775a6,6f815b1b363a2ea3e133a1e4dba1960d63e7d9379414b45f2f778f696c3b4e03,92.71631,96.66494,564,success_build,True,True,False,unit fuzzy loss,True
599,0 1 2 3 4 5 15 6 7 8 9 10 11 12 13 14 16 17 18 19 20 21 22 23,8cfc6478e79d715b7fdc25237f32be6344ed2cbf0844436d00748b3570b9a89c,285e46f4ae918f055add21cb9c76dcd14963668e524353cb0ee1837f8e50cab1,92.71631,96.66494,564,success_build,True,True,False,unit fuzzy loss,True
600,0 1 2 3 4 5 6 15 7 8 9 10 11 12 13 14 16 17 18 19 20 21 22 23,6b6cc8ab2875764d72ca0f5373eaf818b259a9ecccd0f1bfb58077f0f5d13db8,8d12f0bdb7b06eb1687b727da4e3b0d87c133f0543bbb09d1f06c87e7b494413,92.71631,96.66494,564,success_build,True,True,False,unit fuzzy loss,True
601,0 1 2 3 4 5 6 7 15 8 9 10 11 12 13 14 16 17 18 19 20 21 22 23,c70bb2196035a3d2379fc1333ec6724b63df5a8841a3727d665a4f48144595f9,8d12f0bdb7b06eb1687b727da4e3b0d87c133f0543bbb09d1f06c87e7b494413,92.71631,96.66494,564,success_build,True,True,False,unit fuzzy loss,True
602,0 1 2 3 4 5 6 7 8 15 9 10 11 12 13 14 16 17 18 19 20 21 22 23,427913f7d1b84f60bb8809825fee8683e6dccfd933a70d5a7c845e67d1b230c2,8be6ef6fe1df598ee1d56f901994e0a3fccdcad97e700579f69af91917063872,92.71631,96.66494,564,success_build,True,True,False,unit fuzzy loss,True
603,0 1 2 3 4 5 6 7 8 9 15 10 11 12 13 14 16 17 18 19 20 21 22 23,a0336eea7f901dfee90408124c20c33cc4011ac59a4f5df6340d62cedb304da1,17d79da7793756e867c9efe75b0afd15bc3ee039172a17f5dad53f729a3bf939,94.29078,96.80854,564,success_build,True,True,False,unit fuzzy loss,True
604,0 1 2 3 4 5 6 7 8 9 10 15 11 12 13 14 16 17 18 19 20 21 22 23,939530e13664bb5a2309b573141d86c6e52ec1d95de9c2aa57eadc69e6cdb586,17d79da7793756e867c9efe75b0afd15bc3ee039172a17f5dad53f729a3bf939,94.29078,96.80854,564,success_build,True,True,False,unit fuzzy loss,True
605,0 1 2 3 4 5 6 7 8 9 10 11 15 12 13 14 16 17 18 19 20 21 22 23,21a7b3e78730e22b7139b82550e291efaab59039e80c555c98795f245d59de78,17d79da7793756e867c9efe75b0afd15bc3ee039172a17f5dad53f729a3bf939,94.29078,96.80854,564,success_build,True,True,False,unit fuzzy loss,True
606,0 1 2 3 4 5 6 7 8 9 10 11 12 15 13 14 16 17 18 19 20 21 22 23,4575963f9a8bfcc588f401a611cf1cc5bafaaccc3f2ba4a4c27e3fe845b659a1,cebabbc4af41b04f53a7191e191a604342530dd50e7e8badf7130e188d866bfe,94.57447,96.83441,564,success_build,True,True,False,unit fuzzy loss,True
607,0 1 2 3 4 5 6 7 8 9 10 11 12 13 14 16 17 15 18 19 20 21 22 23,e1c620708ada7425c24eb6d88758a9db076b6baa6b82541cc97b908e5828c4b1,c25621ba6f387508f35de87b16dddc69525637dd3d68ebb785b6ce389b098346,95.0,96.87322,564,success_build,True,True,False,unit fuzzy loss,True
608,0 1 2 3 4 5 6 7 8 9 10 11 12 13 14 16 17 18 15 19 20 21 22 23,6389f71feceea31fcc7ba0867d190c81dc5e157c5f62714f99b8a828ac87ff24,c25621ba6f387508f35de87b16dddc69525637dd3d68ebb785b6ce389b098346,95.0,96.87322,564,success_build,True,True,False,unit fuzzy loss,True
609,0 1 2 3 4 5 6 7 8 9 10 11 12 13 14 16 17 18 19 15 20 21 22 23,f90a46ecd54bcc6475b092250fc41a3008a1e1c95f4d5cca27e6b15fb8db2814,2ebc6dfc0f912bda240233e6d3279e81ccb4e6d44893f07eec44400157682550,95.0,96.87322,564,success_build,True,True,False,unit fuzzy loss,True
610,0 1 2 3 4 5 6 7 8 9 10 11 12 13 14 16 17 18 19 20 15 21 22 23,27e96895b1a4e5d2433a816b241fb0d3d05054578118043222ae930cd36803a8,a58cd073a27ae3031ea02412f987e908529ff652a51271e0149d4fc2e1d7c8c7,94.82269,96.85705,564,success_build,True,True,False,unit fuzzy loss,True
611,0 1 2 3 4 5 6 7 8 9 10 11 12 13 14 16 17 18 19 20 21 15 22 23,04fa5e118ec810572f38f4f85a776be3459f7f177782a3bf6d2f66a68c5fee81,de98c6d65e62dfdded1e6c14e3a5b5ab21e22ca4b196741b917167120fb72f33,94.50355,96.82794,564,success_build,True,True,False,unit fuzzy loss,True
612,0 1 2 3 4 5 6 7 8 9 10 11 12 13 14 16 17 18 19 20 21 22 15 23,98851664b09719b853fe58d98f1cd6fae7d3f2115b8bb6930ff74f3e2b22ee96,de98c6d65e62dfdded1e6c14e3a5b5ab21e22ca4b196741b917167120fb72f33,94.50355,96.82794,564,success_build,True,True,False,unit fuzzy loss,True
613,0 1 2 3 4 5 6 7 8 9 10 11 12 13 14 16 17 18 19 20 21 22 23 15,732dbbd2afbb9a55ccdfdc67d80b8eedd56bb55a87b7b4797068c9101ee50bdf,de98c6d65e62dfdded1e6c14e3a5b5ab21e22ca4b196741b917167120fb72f33,94.50355,96.82794,564,success_build,True,True,False,unit fuzzy loss,True
614,16 0 1 2 3 4 5 6 7 8 9 10 11 12 13 14 15 17 18 19 20 21 22 23,d78d40430fd20a1e0f6edcdf370873d65891e30609a89d2d4051c4d5263865e1,7f241562d60771635f4efb3de5a7ba431fa10f2deb7ea9702d22339aa4061032,90.71631,96.48254,564,success_build,True,True,False,unit fuzzy loss,True
615,0 16 1 2 3 4 5 6 7 8 9 10 11 12 13 14 15 17 18 19 20 21 22 23,7eccfbc9c68ea43d0e72b08d20ea4b4091e16ca51accce635733c4de2869ab81,7f241562d60771635f4efb3de5a7ba431fa10f2deb7ea9702d22339aa4061032,90.71631,96.48254,564,success_build,True,True,False,unit fuzzy loss,True
616,0 1 16 2 3 4 5 6 7 8 9 10 11 12 13 14 15 17 18 19 20 21 22 23,9d2c645f78ba943749f6d276f66af6e78b901edf7deb40e10638331d5247a482,7f241562d60771635f4efb3de5a7ba431fa10f2deb7ea9702d22339aa4061032,90.71631,96.48254,564,success_build,True,True,False,unit fuzzy loss,True
617,0 1 2 16 3 4 5 6 7 8 9 10 11 12 13 14 15 17 18 19 20 21 22 23,83ff86bc0af0f6c4d1a8233bc87d0196b5422a9058b6c056443e4b19137c81a9,5d95066a1d152ecaafd06e4c1ad0d883d9cc8acd6921127f839850ec5a6deba7,90.475174,96.46054,564,success_build,True,True,False,unit fuzzy loss,True
618,0 1 2 3 16 4 5 6 7 8 9 10 11 12 13 14 15 17 18 19 20 21 22 23,d9e02187e29773b93c87a475d9805aacff806d1592912fe2792141dc7d8b3658,f35dec90d7608e03bd51eac450a2751547d3e15bf75a865b5b3128ad9b837be1,90.61702,96.47348,564,success_build,True,True,False,unit fuzzy loss,True
619,0 1 2 3 4 16 5 6 7 8 9 10 11 12 13 14 15 17 18 19 20 21 22 23,4e7861e24b1db469192c22738331078e57d87d709e7b8a29202a4c5b7aca7b20,1d39a3b0043cf0ce1c93a6fc2af7ef84f4ac2ac16f67d17b2d1711267b16ab81,90.758865,96.48642,564,success_build,True,True,False,unit fuzzy loss,True
620,0 1 2 3 4 5 16 6 7 8 9 10 11 12 13 14 15 17 18 19 20 21 22 23,26dbbfa2ca122af5ed3b9410826d657d653c9ba8de3147280092fdaa7203a718,0bebe41486a465551c2121c8ba20f4a746f125c38daf6ab4bcc2bd1ae2b92427,90.723404,96.483185,564,success_build,True,True,False,unit fuzzy loss,True
621,0 1 2 3 4 5 6 16 7 8 9 10 11 12 13 14 15 17 18 19 20 21 22 23,048d892c0f623329e0d7439867862daf2b7672bf3c11d289a4822941b4d31464,99f5a62d1d272bd1964440d8bae4410e72a87a72e587e23425149713890b953d,90.723404,96.483185,564,success_build,True,True,False,unit fuzzy loss,True
622,0 1 2 3 4 5 6 7 16 8 9 10 11 12 13 14 15 17 18 19 20 21 22 23,351987ac4f86771886d9f8a3592648f50463160e45a571d2b47a04233ce2b553,99f5a62d1d272bd1964440d8bae4410e72a87a72e587e23425149713890b953d,90.723404,96.483185,564,success_build,True,True,False,unit fuzzy loss,True
623,0 1 2 3 4 5 6 7 8 16 9 10 11 12 13 14 15 17 18 19 20 21 22 23,7f42480d695badc63bd9655b33033e98c38cecd467313b2be3f4392d716cfe18,94db71ab45add8983ef0239d39517530a389bb2032a1e90b26e63e37b70dedf5,90.723404,96.483185,564,success_build,True,True,False,unit fuzzy loss,True
624,0 1 2 3 4 5 6 7 8 9 16 10 11 12 13 14 15 17 18 19 20 21 22 23,a5c002928ecd568b284a77b19ea22d7f79079088904d8e15ba72abb74866f10a,06e7b0849abd37d15614e6d492c866b46e53380e453c7cf2e8cfc664b1d25482,94.29078,96.80854,564,success_build,True,True,False,unit fuzzy loss,True
625,0 1 2 3 4 5 6 7 8 9 10 16 11 12 13 14 15 17 18 19 20 21 22 23,b66b4abec70224f04f1cc640a075aadc6a960c6837b22771ddaa2ae3da995001,06e7b0849abd37d15614e6d492c866b46e53380e453c7cf2e8cfc664b1d25482,94.29078,96.80854,564,success_build,True,True,False,unit fuzzy loss,True
626,0 1 2 3 4 5 6 7 8 9 10 11 16 12 13 14 15 17 18 19 20 21 22 23,58480c6f94197c7ec45ccc188ff7ceffd2c79b03ee22aa024aadcc63ff6d81e8,06e7b0849abd37d15614e6d492c866b46e53380e453c7cf2e8cfc664b1d25482,94.29078,96.80854,564,success_build,True,True,False,unit fuzzy loss,True
627,0 1 2 3 4 5 6 7 8 9 10 11 12 16 13 14 15 17 18 19 20 21 22 23,3287065a4e8b47e351ec02049160ec03ea9b9240852325698fe9db114fb73a33,2e523baba69438488f6763be8b30f6c6da50b5e65295161c587e627ec8f102ea,94.57447,96.83441,564,success_build,True,True,False,unit fuzzy loss,True
628,0 1 2 3 4 5 6 7 8 9 10 11 12 13 16 14 15 17 18 19 20 21 22 23,0088d7381dbb79decbd13d08f218ba7a093421dca67f10b1994e0f92ebfc7002,3f37f6804aeaaad13f35a7b3be822e2eb939e510471259b08ba21763494c9800,94.858154,96.86028,564,success_build,True,True,False,unit fuzzy loss,True
629,0 1 2 3 4 5 6 7 8 9 10 11 12 13 14 15 17 18 16 19 20 21 22 23,74a00d4f8b17bfef7d6da2e00b52a90a2d5a2bb92dbafe7114603f66b410dde3,e5d6781ef3a1c914f8dd828ae21eda23058bd2e7494b5d89f60adaecffa7698b,95.106384,96.88293,564,success_build,True,True,False,unit fuzzy loss,True
630,0 1 2 3 4 5 6 7 8 9 10 11 12 13 14 15 17 18 19 16 20 21 22 23,5398c7a25cb0aa2d59639f4949810fd883235497ca2063557a001f08e9ab84ac,8f71a9cd4d9ce8425ef8f49d68f01fa4ecb0bdd770ac2f9214e5eb37ebcde3c5,95.21277,96.892624,564,success_build,True,True,True,,True
631,0 1 2 3 4 5 6 7 8 9 10 11 12 13 14 15 17 18 19 20 16 21 22 23,c0a61ae04214b0f5e977512c92f8c7ca8d91b9b2b78a602fdd7a8405552fff12,9758b5aa6fbded4a983c7b7174a32777909db1a05facc5195517ac329a2cd986,95.03546,96.87646,564,success_build,True,True,False,unit fuzzy loss,True
632,0 1 2 3 4 5 6 7 8 9 10 11 12 13 14 15 17 18 19 20 21 16 22 23,3abcb03d5db376e029235d43a9cee49234c5b3fc8d1789fd9cd6c3f6029acf37,54014bab671a9b157438421fe8d8bda35f61d98ec3f8f26a4a5bc132924dd259,94.893616,96.86352,564,success_build,True,True,False,unit fuzzy loss,True
633,0 1 2 3 4 5 6 7 8 9 10 11 12 13 14 15 17 18 19 20 21 22 16 23,2a5fc7b8f929c7dd3b32facf663208dbb168f688680f6cc39d780a4939450aad,54014bab671a9b157438421fe8d8bda35f61d98ec3f8f26a4a5bc132924dd259,94.893616,96.86352,564,success_build,True,True,False,unit fuzzy loss,True
634,0 1 2 3 4 5 6 7 8 9 10 11 12 13 14 15 17 18 19 20 21 22 23 16,696a157c1e34070cb7e66dc373296b247cd4fc05787bb094f1d14e1efe90696a,54014bab671a9b157438421fe8d8bda35f61d98ec3f8f26a4a5bc132924dd259,94.893616,96.86352,564,success_build,True,True,False,unit fuzzy loss,True
635,17 0 1 2 3 4 5 6 7 8 9 10 11 12 13 14 15 16 18 19 20 21 22 23,27981b9d61e4cdc7a29fde6957911827c8d87372a760b0f60c140766a9828154,ee5d9e178dda28183236d1f52b3579bd88a83ffd048dc50b0b5a5e5d35348935,92.3617,96.6326,564,success_build,True,True,False,unit fuzzy loss,True
636,0 17 1 2 3 4 5 6 7 8 9 10 11 12 13 14 15 16 18 19 20 21 22 23,05507b2eff5f1535ec833e8450496abcce36f00122e3bcc9100fd3f29eddb96d,7246393335bea853015a2ccdbb89fcf9251611e1c32e9f5b6c2cdf6e6197035a,92.53901,96.64877,564,success_build,True,True,False,unit fuzzy loss,True
637,0 1 17 2 3 4 5 6 7 8 9 10 11 12 13 14 15 16 18 19 20 21 22 23,8d3987702c87b8170c9dff22d48e95dd7430a84a439ebd141cf83e8da1d16098,7246393335bea853015a2ccdbb89fcf9251611e1c32e9f5b6c2cdf6e6197035a,92.53901,96.64877,564,success_build,True,True,False,unit fuzzy loss,True
638,0 1 2 17 3 4 5 6 7 8 9 10 11 12 13 14 15 16 18 19 20 21 22 23,f674505c92d4543550c44f21d19c9a29076fe899f66a11c5992f84a178db3251,7246393335bea853015a2ccdbb89fcf9251611e1c32e9f5b6c2cdf6e6197035a,92.53901,96.64877,564,success_build,True,True,False,unit fuzzy loss,True
639,0 1 2 3 17 4 5 6 7 8 9 10 11 12 13 14 15 16 18 19 20 21 22 23,a74b53f4c16f5ef074fc136d78dba00f300eaff9c4e03f5534b5615abf7e4716,7246393335bea853015a2ccdbb89fcf9251611e1c32e9f5b6c2cdf6e6197035a,92.53901,96.64877,564,success_build,True,True,False,unit fuzzy loss,True
640,0 1 2 3 4 17 5 6 7 8 9 10 11 12 13 14 15 16 18 19 20 21 22 23,d3f3f35c6a45dc77af789bdfe8931d24d173edf82f707dbcc228ea038401a2f1,17a5635558ad1b7b203df96796d90f1abb23b60cc378573252ab4546fdc8b28c,92.64539,96.65847,564,success_build,True,True,False,unit fuzzy loss,True
641,0 1 2 3 4 5 17 6 7 8 9 10 11 12 13 14 15 16 18 19 20 21 22 23,e57c719d9dda454d6a27136a77da2b869496aa785741923c8071318ba0695d39,de6b7e3a1557a9bd772d23af481f9ff4e4e2032edd25d2a6a7d5720bbf52b108,92.64539,96.65847,564,success_build,True,True,False,unit fuzzy loss,True
642,0 1 2 3 4 5 6 17 7 8 9 10 11 12 13 14 15 16 18 19 20 21 22 23,29b264796f9fc9b3054c3b05cc5c65200cfab8bf33e18304ecfd8e4a941eb300,08a10cadf30df89ae2cbba5f6863cff228179db2684e24fb85a92ac582094eaa,92.64539,96.65847,564,success_build,True,True,False,unit fuzzy loss,True
643,0 1 2 3 4 5 6 7 17 8 9 10 11 12 13 14 15 16 18 19 20 21 22 23,c212bc5d85f231c33619a97fcddb65d8077d2cad781addd6314c73904fff2ca4,08a10cadf30df89ae2cbba5f6863cff228179db2684e24fb85a92ac582094eaa,92.64539,96.65847,564,success_build,True,True,False,unit fuzzy loss,True
644,0 1 2 3 4 5 6 7 8 17 9 10 11 12 13 14 15 16 18 19 20 21 22 23,134f04ecadc3ed26bcf3acc6b9acea25d85feb012a511f26b6c3d7027d3d590e,e39a04861c3cf060efac201da08469e7009a8a71682449599a3ac01afbebf78f,92.64539,96.65847,564,success_build,True,True,False,unit fuzzy loss,True
645,0 1 2 3 4 5 6 7 8 9 17 10 11 12 13 14 15 16 18 19 20 21 22 23,34ce9484add3ff1f0ced93b91fdf0696069c5a3e2bd6cb9c6149597d98c17c86,33169ab44a040edda761c5b5ec80ea845b024c69536ee0d8353f121e97c98857,94.21986,96.80207,564,success_build,True,True,False,unit fuzzy loss,True
646,0 1 2 3 4 5 6 7 8 9 10 17 11 12 13 14 15 16 18 19 20 21 22 23,6d87730e5476899668f267096b818e8a07ae854ca0f21afb91e20d80e66fa31d,33169ab44a040edda761c5b5ec80ea845b024c69536ee0d8353f121e97c98857,94.21986,96.80207,564,success_build,True,True,False,unit fuzzy loss,True
647,0 1 2 3 4 5 6 7 8 9 10 11 17 12 13 14 15 16 18 19 20 21 22 23,1bd8c2c34aa8bd26ddc728619eb275d34226ea74ca69f274ca6a762bb7d1b964,33169ab44a040edda761c5b5ec80ea845b024c69536ee0d8353f121e97c98857,94.21986,96.80207,564,success_build,True,True,False,unit fuzzy loss,True
648,0 1 2 3 4 5 6 7 8 9 10 11 12 17 13 14 15 16 18 19 20 21 22 23,2839fb50ab296e9e44df3f850c0ded6062cc0eaa4de77ef18d8275a9cc8460b4,bcbcad0b7e05728a88f6ed363fa095ef264855bcdbdb78ed932be054c20ab701,94.50355,96.82794,564,success_build,True,True,False,unit fuzzy loss,True
649,0 1 2 3 4 5 6 7 8 9 10 11 12 13 17 14 15 16 18 19 20 21 22 23,1efab0357ffc613e9c0a8f91a8f039f125978bed6d50b0a899a1627f59ef6785,803ebdacb6ce4ec62f85a9f9038a902ec594685cdca460d01bc9b34437934303,94.78723,96.85381,564,success_build,True,True,False,unit fuzzy loss,True
650,0 1 2 3 4 5 6 7 8 9 10 11 12 13 14 17 15 16 18 19 20 21 22 23,f4c6e173bf8e21914ca3161c3db122d976de82867eb1c96aaae49fbb7a2ac850,19a64f0b5edf3c301b3fb97a057f9db262a8f8e0191095114e7aee0103669c80,95.0,96.87322,564,success_build,True,True,False,unit fuzzy loss,True
651,0 1 2 3 4 5 6 7 8 9 10 11 12 13 14 15 16 18 19 17 20 21 22 23,35549a6eab0c5622ef88bc467d0e199ecbee5187227b3ac488d7e222aa4c9e5d,2d9ab843e3cb4cc97e192f85a69e4e8d8e58ebab3a810c32daf20cd418151afe,95.106384,96.88293,564,success_build,True,True,False,unit fuzzy loss,True
652,0 1 2 3 4 5 6 7 8 9 10 11 12 13 14 15 16 18 19 20 17 21 22 23,0c87b16082f51a40f96414ee183d260530672450d01433a0ea673fb1407e1ed7,540476c3838cf4986edfef79060bb547c2740f644a5dc95a294d7236711f95f6,94.92908,96.86675,564,success_build,True,True,False,unit fuzzy loss,True
653,0 1 2 3 4 5 6 7 8 9 10 11 12 13 14 15 16 18 19 20 21 17 22 23,3a2e68785ee1e846a2384b960ae34d1ed12e3cb47d42e6c9fc5fcf81a966ab93,5363492612f0b1304c9cbcf01855333b105f3769134796fb7ef003fdf3320a0f,94.60993,96.83765,564,success_build,True,True,False,unit fuzzy loss,True
654,0 1 2 3 4 5 6 7 8 9 10 11 12 13 14 15 16 18 19 20 21 22 17 23,0800590dd1514a7c6c888f39d38a0b541637938d8373ed8c5f5cc69307ecca98,5363492612f0b1304c9cbcf01855333b105f3769134796fb7ef003fdf3320a0f,94.60993,96.83765,564,success_build,True,True,False,unit fuzzy loss,True
655,0 1 2 3 4 5 6 7 8 9 10 11 12 13 14 15 16 18 19 20 21 22 23 17,784946dd691e6328cd40ffd42c78dc1b1f04382f853ef896c78e039b61a710c0,5363492612f0b1304c9cbcf01855333b105f3769134796fb7ef003fdf3320a0f,94.60993,96.83765,564,success_build,True,True,False,unit fuzzy loss,True
656,18 0 1 2 3 4 5 6 7 8 9 10 11 12 13 14 15 16 17 19 20 21 22 23,580fb63081962fef9041d51ac2a1132abe515a42a057746a70ed2d37e0ac95ae,de691febfdde2db43da14ecca22ecdbd5e0c7fbb416ca2580ffaa4991e8a1bbc,95.17731,96.88939,564,success_build,True,True,True,,True
657,0 18 1 2 3 4 5 6 7 8 9 10 11 12 13 14 15 16 17 19 20 21 22 23,d7f10b319de1a146018bbc6950dc44559d65fb576fec8b85727b3033200f5654,de691febfdde2db43da14ecca22ecdbd5e0c7fbb416ca2580ffaa4991e8a1bbc,95.17731,96.88939,564,success_build,True,True,True,,True
658,0 1 18 2 3 4 5 6 7 8 9 10 11 12 13 14 15 16 17 19 20 21 22 23,f7362100a5467eef44d75a82902700dad334e66afa3819c8805109ee0c52664f,de691febfdde2db43da14ecca22ecdbd5e0c7fbb416ca2580ffaa4991e8a1bbc,95.17731,96.88939,564,success_build,True,True,True,,True
659,0 1 2 18 3 4 5 6 7 8 9 10 11 12 13 14 15 16 17 19 20 21 22 23,5c2073f8396549bb3a52956fd1be5c91467c7f74221e92553427310643817ff9,de691febfdde2db43da14ecca22ecdbd5e0c7fbb416ca2580ffaa4991e8a1bbc,95.17731,96.88939,564,success_build,True,True,True,,True
660,0 1 2 3 18 4 5 6 7 8 9 10 11 12 13 14 15 16 17 19 20 21 22 23,64ace71fdf5570ccb15f4af10b4f7b48738212a5281fb88ef37fb9607c2e109d,de691febfdde2db43da14ecca22ecdbd5e0c7fbb416ca2580ffaa4991e8a1bbc,95.17731,96.88939,564,success_build,True,True,True,,True
661,0 1 2 3 4 18 5 6 7 8 9 10 11 12 13 14 15 16 17 19 20 21 22 23,04ac2ae41a6fc8083066406472c660554657fa9bf8742a18b584749c589f94b2,de691febfdde2db43da14ecca22ecdbd5e0c7fbb416ca2580ffaa4991e8a1bbc,95.17731,96.88939,564,success_build,True,True,True,,True
662,0 1 2 3 4 5 18 6 7 8 9 10 11 12 13 14 15 16 17 19 20 21 22 23,52a38c5ddf81e25d41fdf6c91cf4f0f31b77d522f1b9935e71315e60ded76004,de691febfdde2db43da14ecca22ecdbd5e0c7fbb416ca2580ffaa4991e8a1bbc,95.17731,96.88939,564,success_build,True,True,True,,True
663,0 1 2 3 4 5 6 18 7 8 9 10 11 12 13 14 15 16 17 19 20 21 22 23,3ed9a14b972eb93bd9e4d92fc3502cd5bd720e6330dcec953f229272492cb89d,de691febfdde2db43da14ecca22ecdbd5e0c7fbb416ca2580ffaa4991e8a1bbc,95.17731,96.88939,564,success_build,True,True,True,,True
664,0 1 2 3 4 5 6 7 18 8 9 10 11 12 13 14 15 16 17 19 20 21 22 23,ca2aa9ae53a63accf7347c537b4af90ae28213304ed1e56b4db3e12874a1b921,de691febfdde2db43da14ecca22ecdbd5e0c7fbb416ca2580ffaa4991e8a1bbc,95.17731,96.88939,564,success_build,True,True,True,,True
665,0 1 2 3 4 5 6 7 8 18 9 10 11 12 13 14 15 16 17 19 20 21 22 23,49d2ad276c5aa86e576377da10502c8348f1e9b5099238176c31bf79dce6588c,de691febfdde2db43da14ecca22ecdbd5e0c7fbb416ca2580ffaa4991e8a1bbc,95.17731,96.88939,564,success_build,True,True,True,,True
666,0 1 2 3 4 5 6 7 8 9 18 10 11 12 13 14 15 16 17 19 20 21 22 23,765286d0b745364a6a4b14c96877961891eb404006e2570269cd973e08a8e939,de691febfdde2db43da14ecca22ecdbd5e0c7fbb416ca2580ffaa4991e8a1bbc,95.17731,96.88939,564,success_build,True,True,True,,True
667,0 1 2 3 4 5 6 7 8 9 10 18 11 12 13 14 15 16 17 19 20 21 22 23,e42232c2bd30ae104801e8937320e7d7c591402623b637462a48ff8527df4ed4,de691febfdde2db43da14ecca22ecdbd5e0c7fbb416ca2580ffaa4991e8a1bbc,95.17731,96.88939,564,success_build,True,True,True,,True
668,0 1 2 3 4 5 6 7 8 9 10 11 18 12 13 14 15 16 17 19 20 21 22 23,8e1fbc399cd05eed8d8326e84581d689b0c878c7ee2cb8ba5254f1ee93fcd0a5,de691febfdde2db43da14ecca22ecdbd5e0c7fbb416ca2580ffaa4991e8a1bbc,95.17731,96.88939,564,success_build,True,True,True,,True
669,0 1 2 3 4 5 6 7 8 9 10 11 12 18 13 14 15 16 17 19 20 21 22 23,5bf78974bed23839f59b60607666e6104b29ca403674f7e9ff783a339c717f7a,de691febfdde2db43da14ecca22ecdbd5e0c7fbb416ca2580ffaa4991e8a1bbc,95.17731,96.88939,564,success_build,True,True,True,,True
670,0 1 2 3 4 5 6 7 8 9 10 11 12 13 18 14 15 16 17 19 20 21 22 23,409622b3bda905d55c9ed0d7e458dd6176367689c455e0baf4fa0279d607c32b,de691febfdde2db43da14ecca22ecdbd5e0c7fbb416ca2580ffaa4991e8a1bbc,95.17731,96.88939,564,success_build,True,True,True,,True
671,0 1 2 3 4 5 6 7 8 9 10 11 12 13 14 18 15 16 17 19 20 21 22 23,247e28d248024815ea762e9894360f37e3f3d226cda7809bd6c8a6873e1d99ac,de691febfdde2db43da14ecca22ecdbd5e0c7fbb416ca2580ffaa4991e8a1bbc,95.17731,96.88939,564,success_build,True,True,True,,True
672,0 1 2 3 4 5 6 7 8 9 10 11 12 13 14 15 18 16 17 19 20 21 22 23,8fb166011a87d562491956e4c44ed9667fc725a585b1f801f119d402133d6805,de691febfdde2db43da14ecca22ecdbd5e0c7fbb416ca2580ffaa4991e8a1bbc,95.17731,96.88939,564,success_build,True,True,True,,True
673,0 1 2 3 4 5 6 7 8 9 10 11 12 13 14 15 16 17 19 20 18 21 22 23,35c1a9fb3b3c981bfd880cb6a28dd313698c5b7c5f35b17d84641487eb1afc6e,de691febfdde2db43da14ecca22ecdbd5e0c7fbb416ca2580ffaa4991e8a1bbc,95.17731,96.88939,564,success_build,True,True,True,,True
674,0 1 2 3 4 5 6 7 8 9 10 11 12 13 14 15 16 17 19 20 21 18 22 23,900742f53849d26463bd0285e5d044547e2cfefd7f28363cc90276604e3e2867,de691febfdde2db43da14ecca22ecdbd5e0c7fbb416ca2580ffaa4991e8a1bbc,95.17731,96.88939,564,success_build,True,True,True,,True
675,0 1 2 3 4 5 6 7 8 9 10 11 12 13 14 15 16 17 19 20 21 22 18 23,3be2c34b805d732ad01090f94f5c014d29788c4fc7c1a5ebedcf8404b6b981f8,de691febfdde2db43da14ecca22ecdbd5e0c7fbb416ca2580ffaa4991e8a1bbc,95.17731,96.88939,564,success_build,True,True,True,,True
676,0 1 2 3 4 5 6 7 8 9 10 11 12 13 14 15 16 17 19 20 21 22 23 18,428d02f7538b3033efb2e2488ba08e12242ef8dd506843b619658d3705c62f8e,de691febfdde2db43da14ecca22ecdbd5e0c7fbb416ca2580ffaa4991e8a1bbc,95.17731,96.88939,564,success_build,True,True,True,,True
677,19 0 1 2 3 4 5 6 7 8 9 10 11 12 13 14 15 16 17 18 20 21 22 23,7e2acd96587a9bb0c4879f3232e7f170a1e6353244ff3c4ceb64064226c0fcf3,43518bdb8424136b30a27aa7257932033b23d6ad935aa2b51e32a6940733aae2,92.3617,96.6326,564,success_build,True,True,False,unit fuzzy loss,True
678,0 19 1 2 3 4 5 6 7 8 9 10 11 12 13 14 15 16 17 18 20 21 22 23,55800e5084188179398cec8dcf55c622d435dac1ea4a011024e3959fd4da55f9,84fe488a8b56b3e3d2fa2893925d7d70f99f01c4ad812147ff858f92f86f8733,92.53901,96.64877,564,success_build,True,True,False,unit fuzzy loss,True
679,0 1 19 2 3 4 5 6 7 8 9 10 11 12 13 14 15 16 17 18 20 21 22 23,65a7349d1ed74b99d560211931516871cfabf975d373e65c2454e7ceefde8943,84fe488a8b56b3e3d2fa2893925d7d70f99f01c4ad812147ff858f92f86f8733,92.53901,96.64877,564,success_build,True,True,False,unit fuzzy loss,True
680,0 1 2 19 3 4 5 6 7 8 9 10 11 12 13 14 15 16 17 18 20 21 22 23,4f3978d8d6d0a8609fd8a513ecd6e018d9459d0a438fc88abb138516b8a436fa,84fe488a8b56b3e3d2fa2893925d7d70f99f01c4ad812147ff858f92f86f8733,92.53901,96.64877,564,success_build,True,True,False,unit fuzzy loss,True
681,0 1 2 3 19 4 5 6 7 8 9 10 11 12 13 14 15 16 17 18 20 21 22 23,6e342bd2a50d7a9862448a8b6b9d088cc0996f166bf44f13555d9df2040a8fa0,84fe488a8b56b3e3d2fa2893925d7d70f99f01c4ad812147ff858f92f86f8733,92.53901,96.64877,564,success_build,True,True,False,unit fuzzy loss,True
682,0 1 2 3 4 19 5 6 7 8 9 10 11 12 13 14 15 16 17 18 20 21 22 23,fbcdffa80000d431e3c41f9cfe3fe9547009304459db444e2a1e55e98236fdb8,cd54c9c2662cb28706009add0d3d87bd8937d497839e59e9953bfc9655bcd85f,92.64539,96.65847,564,success_build,True,True,False,unit fuzzy loss,True
683,0 1 2 3 4 5 19 6 7 8 9 10 11 12 13 14 15 16 17 18 20 21 22 23,d8eccdc3fc6952b1fb6c54067918e622f8fbc51dd9dc2dd08876c281e9d2c51c,425347a60917510acf2761ad9885ec09d38f4979d6b959dc868f44f32b40c6cb,92.64539,96.65847,564,success_build,True,True,False,unit fuzzy loss,True
684,0 1 2 3 4 5 6 19 7 8 9 10 11 12 13 14 15 16 17 18 20 21 22 23,e697b12774b9d8cc045fd46b7f49ad4a4d9e9c493896567aa909664c085c2032,816e5073fca73c60a67f7db6cdcce790a3d26383138280a289cf82bffd99285d,92.64539,96.65847,564,success_build,True,True,False,unit fuzzy loss,True
685,0 1 2 3 4 5 6 7 19 8 9 10 11 12 13 14 15 16 17 18 20 21 22 23,1576c8c1b0e89f818504d92602adb46be4543295c576cc3fb4f9eb28085e0ccc,816e5073fca73c60a67f7db6cdcce790a3d26383138280a289cf82bffd99285d,92.64539,96.65847,564,success_build,True,True,False,unit fuzzy loss,True
686,0 1 2 3 4 5 6 7 8 19 9 10 11 12 13 14 15 16 17 18 20 21 22 23,734b9a2b7e55d19ba7feef8ba7c0bdaa77fd55c2e4097fd1045e823723e724e0,7e073ac2eac59f427e62ef51e28004e10b1f909224dfad122cd2be8288bc38de,92.64539,96.65847,564,success_build,True,True,False,unit fuzzy loss,True
687,0 1 2 3 4 5 6 7 8 9 19 10 11 12 13 14 15 16 17 18 20 21 22 23,b0c7845b8611574f377c91cc7d15e80a32f0f0946a69a2f38a43f881a9096189,9944ff8ed911ceb89ae4b87fd60538d747f7f133cd749c23fbe54b38c2787767,94.21986,96.80207,564,success_build,True,True,False,unit fuzzy loss,True
688,0 1 2 3 4 5 6 7 8 9 10 19 11 12 13 14 15 16 17 18 20 21 22 23,4d1b54de44bc1e12925a9d7a17dfb32f6c8941fbf5f411a1a0e2a9a718a86141,9944ff8ed911ceb89ae4b87fd60538d747f7f133cd749c23fbe54b38c2787767,94.21986,96.80207,564,success_build,True,True,False,unit fuzzy loss,True
689,0 1 2 3 4 5 6 7 8 9 10 11 19 12 13 14 15 16 17 18 20 21 22 23,0c7fe40d6dd515f86a9ad7e1f8a4d7b49a231ab611c06e75c87e544a822b9852,9944ff8ed911ceb89ae4b87fd60538d747f7f133cd749c23fbe54b38c2787767,94.21986,96.80207,564,success_build,True,True,False,unit fuzzy loss,True
690,0 1 2 3 4 5 6 7 8 9 10 11 12 19 13 14 15 16 17 18 20 21 22 23,d07fc703d3410aeb370b23b05c0efe280f097f6d89285cb3a69ceab361631278,a126d9face367a5e555151fc93ba3b34831dd2aeaeb4b47c7a31a4209c72416c,94.50355,96.82794,564,success_build,True,True,False,unit fuzzy loss,True
691,0 1 2 3 4 5 6 7 8 9 10 11 12 13 19 14 15 16 17 18 20 21 22 23,2c256118747aea4906dcadedbe972055997a11ed24ff85f4b136c34e2910042d,d5ba7dc7b48f900d8aa40cbc0914cc74677c968ad86e31bb19c359f39424da30,94.78723,96.85381,564,success_build,True,True,False,unit fuzzy loss,True
692,0 1 2 3 4 5 6 7 8 9 10 11 12 13 14 19 15 16 17 18 20 21 22 23,2be8a2f915f3ec1f36072e77ca58760eb44498171cbf656c20fec31e16d5869e,4b3861ee450256dcd74d93634c24f1b839f45630d79da9fdb327264a8f704f63,95.0,96.87322,564,success_build,True,True,False,unit fuzzy loss,True
693,0 1 2 3 4 5 6 7 8 9 10 11 12 13 14 15 19 16 17 18 20 21 22 23,a8e34bd3af9ff3a6822cfad01ef9fe9427063da35f55d86e0c5c7ed81eb9261e,3930db12a657340fac2539dcf200c20b7092f0ba825ec5582b92a17a374ccc29,95.106384,96.88293,564,success_build,True,True,False,unit fuzzy loss,True
694,0 1 2 3 4 5 6 7 8 9 10 11 12 13 14 15 16 19 17 18 20 21 22 23,382957be74d1ac01b736123456ac38fd53b0f986289c070f8fcea52603414355,2d9ab843e3cb4cc97e192f85a69e4e8d8e58ebab3a810c32daf20cd418151afe,95.106384,96.88293,564,success_build,True,True,False,unit fuzzy loss,True
695,0 1 2 3 4 5 6 7 8 9 10 11 12 13 14 15 16 17 18 20 21 19 22 23,723e5a7460f7d7518dde6926215fda3c19941a15c5087428f1306214f5f306f5,15a0896f39ab382b1b73b6ebf48783bf1ae26a45db8b892ef486cbd7ef06dcba,94.680855,96.84412,564,success_build,True,True,False,unit fuzzy loss,True
696,0 1 2 3 4 5 6 7 8 9 10 11 12 13 14 15 16 17 18 20 21 22 19 23,577760a654b623e6ad424ee1459fd87bca2dcb590c38e1e6db497359b62aa66f,15a0896f39ab382b1b73b6ebf48783bf1ae26a45db8b892ef486cbd7ef06dcba,94.680855,96.84412,564,success_build,True,True,False,unit fuzzy loss,True
697,0 1 2 3 4 5 6 7 8 9 10 11 12 13 14 15 16 17 18 20 21 22 23 19,56ebf9ec849a7c44d4c49e70475f5acc4523c268dc0f260c5e85d52d3603a44c,15a0896f39ab382b1b73b6ebf48783bf1ae26a45db8b892ef486cbd7ef06dcba,94.680855,96.84412,564,success_build,True,True,False,unit fuzzy loss,True
698,20 0 1 2 3 4 5 6 7 8 9 10 11 12 13 14 15 16 17 18 19 21 22 23,8ebf9ef6495dcaa38c9b6b85a29e59765db9ccbd93c402f11518ff1f622f9c95,ebd2b7611c84eb56bc5026d291687f84d6adb90b10daefbd6df347e1ecb6299a,90.48227,96.46119,564,success_build,True,True,False,unit fuzzy loss,True
699,0 20 1 2 3 4 5 6 7 8 9 10 11 12 13 14 15 16 17 18 19 21 22 23,1b1e8c6687450e64f58af321774770cd5afa8902d5e350469835b13fc7f3f738,ebd2b7611c84eb56bc5026d291687f84d6adb90b10daefbd6df347e1ecb6299a,90.48227,96.46119,564,success_build,True,True,False,unit fuzzy loss,True
700,0 1 20 2 3 4 5 6 7 8 9 10 11 12 13 14 15 16 17 18 19 21 22 23,0526aabf32e6fc252c6a74996badf7eb6851c3b0e59ec94240990df082024736,ebd2b7611c84eb56bc5026d291687f84d6adb90b10daefbd6df347e1ecb6299a,90.48227,96.46119,564,success_build,True,True,False,unit fuzzy loss,True
701,0 1 2 20 3 4 5 6 7 8 9 10 11 12 13 14 15 16 17 18 19 21 22 23,6c8f8ec069576eaf82f2795c13662a40765d95154a56cd96580889c23b2bcb79,3ea62805cce9c7270edf39c486644cbd6807582028094c73ac082abb2ccdcf11,91.723404,96.57439,564,success_build,True,True,False,unit fuzzy loss,True
702,0 1 2 3 20 4 5 6 7 8 9 10 11 12 13 14 15 16 17 18 19 21 22 23,d53b70ea547a9b42d05caf98b2321edaa83919c85590b1e5eade76367c9ec9a7,3ea62805cce9c7270edf39c486644cbd6807582028094c73ac082abb2ccdcf11,91.723404,96.57439,564,success_build,True,True,False,unit fuzzy loss,True
703,0 1 2 3 4 20 5 6 7 8 9 10 11 12 13 14 15 16 17 18 19 21 22 23,160d8a3fc877ebd80bf0acc42d92284b96c46e2860907ab5964a64d67f3eb2ea,6a5a185fc2a60cb61369afea817dfdec3f4cd3980cc9f20856c6c480389fc679,91.82979,96.58409,564,success_build,True,True,False,unit fuzzy loss,True
704,0 1 2 3 4 5 20 6 7 8 9 10 11 12 13 14 15 16 17 18 19 21 22 23,ede80e593764f0da3a1b7f7470e7d8508124e112fb15b06f73a91428a05c1313,1fc378bd9efbe32d14890f99f878902b3fd1dfcea2dd24726fa3d2303a568463,91.82979,96.58409,564,success_build,True,True,False,unit fuzzy loss,True
705,0 1 2 3 4 5 6 20 7 8 9 10 11 12 13 14 15 16 17 18 19 21 22 23,94301734123d9c5488e21bc60cca04e0577dd82f38d724369486f8752b48b168,c4f7819e6766242bfcd1dab904af2007543a0d31ac80e4c6ca50bd31c4003e42,91.82979,96.58409,564,success_build,True,True,False,unit fuzzy loss,True
706,0 1 2 3 4 5 6 7 20 8 9 10 11 12 13 14 15 16 17 18 19 21 22 23,4d04a7258e7c1863dd04fa4b8237ee69792b4c654825e60624a2414d299d9061,c4f7819e6766242bfcd1dab904af2007543a0d31ac80e4c6ca50bd31c4003e42,91.82979,96.58409,564,success_build,True,True,False,unit fuzzy loss,True
707,0 1 2 3 4 5 6 7 8 20 9 10 11 12 13 14 15 16 17 18 19 21 22 23,a7bce2cfc6c0214b975a0b5f2c982f5375ceae02f61056214b99b0c202cdc4c4,07b8aa3b8c3980e17bbfe237e51a92830b27c85b0db7d424287c542def27a73b,91.82979,96.58409,564,success_build,True,True,False,unit fuzzy loss,True
708,0 1 2 3 4 5 6 7 8 9 20 10 11 12 13 14 15 16 17 18 19 21 22 23,4e8c059afbe6ab7d5db71b7f5ef98ec938fabe1424c3207e07ca0060a11ce8d4,6746ebdf89d15e9c20ab9986f1d53ac6cd77fc2e219b97bf8b59dbd7970c5796,94.04256,96.7859,564,success_build,True,True,False,unit fuzzy loss,True
709,0 1 2 3 4 5 6 7 8 9 10 20 11 12 13 14 15 16 17 18 19 21 22 23,0ca32a846142547a3260bf0786ade44b7fd2487f1d5421a73d1451ea9279c54d,6746ebdf89d15e9c20ab9986f1d53ac6cd77fc2e219b97bf8b59dbd7970c5796,94.04256,96.7859,564,success_build,True,True,False,unit fuzzy loss,True
710,0 1 2 3 4 5 6 7 8 9 10 11 20 12 13 14 15 16 17 18 19 21 22 23,a6661a13a70681bfb776b7fe9b81b46e11e9fa9de430942da0c72b14746ba50b,6746ebdf89d15e9c20ab9986f1d53ac6cd77fc2e219b97bf8b59dbd7970c5796,94.04256,96.7859,564,success_build,True,True,False,unit fuzzy loss,True
711,0 1 2 3 4 5 6 7 8 9 10 11 12 20 13 14 15 16 17 18 19 21 22 23,315629386e46f881681b8d4253eb4553532fee7d86261769236bc48b54d60f43,7138ec020a814a5f6e98eb7007d85b4280fe763a62f7ab2ae6eec4e9ff819d3d,94.32624,96.811775,564,success_build,True,True,False,unit fuzzy loss,True
712,0 1 2 3 4 5 6 7 8 9 10 11 12 13 20 14 15 16 17 18 19 21 22 23,23f3f98def18e9c9f813d8d38c0b95849db4d753d3d5c0931e661688afc214b0,44483955fe38f0a58f0ecb3553049c2ee0c3fc060259980468765de425416469,94.60993,96.83765,564,success_build,True,True,False,unit fuzzy loss,True
713,0 1 2 3 4 5 6 7 8 9 10 11 12 13 14 20 15 16 17 18 19 21 22 23,e7ae4690d11bfc6b9c8307411dc202748a99e418941211a0e89b285879e22a2c,e127622a27858436b68c6accb53db64952a7ffa09f239169a869634ffe91d43a,94.82269,96.85705,564,success_build,True,True,False,unit fuzzy loss,True
714,0 1 2 3 4 5 6 7 8 9 10 11 12 13 14 15 20 16 17 18 19 21 22 23,19f8ff6b6dac65d9d4974d3531c39009fb3c94f23ffcefb136369af0c2ae5ae6,43a816c84f035075aaa99ef4416ad043cf1a366c8a88378040f928dee57e02e0,94.92908,96.86675,564,success_build,True,True,False,unit fuzzy loss,True
715,0 1 2 3 4 5 6 7 8 9 10 11 12 13 14 15 16 20 17 18 19 21 22 23,ebaacb9bd53818af7ab9d3ca00855e38e63ec950b6a2eda802f0f5fc564d95c2,2a47c6b7737a67031eb93edf1f2de720bb4f0537839fe17f99f93037d67d212e,94.92908,96.86675,564,success_build,True,True,False,unit fuzzy loss,True
716,0 1 2 3 4 5 6 7 8 9 10 11 12 13 14 15 16 17 20 18 19 21 22 23,75237ce4a65b3d495d3c54b2ee588da8ffce7a75754d227902386fc8961e607c,393e98ad3b36113a65452d371c898cee198dc249e26cbb630738ea40ae5d479e,95.0,96.87322,564,success_build,True,True,False,unit fuzzy loss,True
717,0 1 2 3 4 5 6 7 8 9 10 11 12 13 14 15 16 17 18 19 21 22 20 23,10122c79d8d51ef5fbd4b2127dbd4d9b760383415f0ef8a9c49e531a98bc3592,f099c7182ec8120a9da3f79859797c9eb6d18779e7671faebeed57b3671fe912,94.92908,96.86675,564,success_build,True,True,False,unit fuzzy loss,True
718,0 1 2 3 4 5 6 7 8 9 10 11 12 13 14 15 16 17 18 19 21 22 23 20,d6aea4aed37ab86db69f5cff1ef451c3640be0926b10c9be273d11b621ddde2d,f099c7182ec8120a9da3f79859797c9eb6d18779e7671faebeed57b3671fe912,94.92908,96.86675,564,success_build,True,True,False,unit fuzzy loss,True
719,21 0 1 2 3 4 5 6 7 8 9 10 11 12 13 14 15 16 17 18 19 20 22 23,6b9fbd7f41e821477f8c2ba4d2b8204119b6b25a1b997c2456ea61dc6e1b0355,ccd72bbb01ba53fd64ecd04eb3a0e344071ec35ccde1b3a52a7483f59459835c,90.0922,96.42561,564,success_build,True,True,False,unit fuzzy loss,True
720,0 21 1 2 3 4 5 6 7 8 9 10 11 12 13 14 15 16 17 18 19 20 22 23,9fe5b4c3382947b3e2841de0a884c99e0ff9e7d2f650286172c9304073f5e318,ccd72bbb01ba53fd64ecd04eb3a0e344071ec35ccde1b3a52a7483f59459835c,90.0922,96.42561,564,success_build,True,True,False,unit fuzzy loss,True
721,0 1 21 2 3 4 5 6 7 8 9 10 11 12 13 14 15 16 17 18 19 20 22 23,f954bbb21c5bf565adb7cd285ce1d6ea5bd28b8b0c1949842a3f6d31b730c574,ccd72bbb01ba53fd64ecd04eb3a0e344071ec35ccde1b3a52a7483f59459835c,90.0922,96.42561,564,success_build,True,True,False,unit fuzzy loss,True
722,0 1 2 21 3 4 5 6 7 8 9 10 11 12 13 14 15 16 17 18 19 20 22 23,bae46d723362adc3973fd54c903416aa38d1c412cccaa2ca0d7b9b7d64be5e8c,02b3c9c5913113ec508ba6125c00c9ce619c621364d0a2d8ea26f132cd72b5e8,90.0922,96.42561,564,success_build,True,True,False,unit fuzzy loss,True
723,0 1 2 3 21 4 5 6 7 8 9 10 11 12 13 14 15 16 17 18 19 20 22 23,61e02c737010ec3208a25a37367ea5d8a39165919edde7f031928f92c393dadf,aa8daa342963288f655ca0d94ee90d59d51ea65a5d497f5c9a2767e50ad57b59,91.43971,96.548515,564,success_build,True,True,False,unit fuzzy loss,True
724,0 1 2 3 4 21 5 6 7 8 9 10 11 12 13 14 15 16 17 18 19 20 22 23,9b84e9f67c32c9640e4f84c4f8e686d07fdcbe99d6aee6d88dc8c4f1d2961764,5336953c1be34bdc1fbc4c80a6253b6cf85ceaa31f204c37db65c339a406fab2,91.5461,96.55821,564,success_build,True,True,False,unit fuzzy loss,True
725,0 1 2 3 4 5 21 6 7 8 9 10 11 12 13 14 15 16 17 18 19 20 22 23,750d6dcfaa635c2f5c107396a7446f73bea7c571088c59e5e68743b837cb7a32,8fd1927dd7f3c55f540b1ddc79a04b765b672d1f6cab5c55e11ebc1daa1456d3,91.758865,96.57762,564,success_build,True,True,False,unit fuzzy loss,True
726,0 1 2 3 4 5 6 21 7 8 9 10 11 12 13 14 15 16 17 18 19 20 22 23,762c8d9e0c40ab87aacab73663878b3c9390cc6b622dfc5524bc22bf566dc1e9,51d76223095591bdd1cf3814de6da2bd47c48f6f9569e6883864c1f7f35c7dbb,91.5461,96.55821,564,success_build,True,True,False,unit fuzzy loss,True
727,0 1 2 3 4 5 6 7 21 8 9 10 11 12 13 14 15 16 17 18 19 20 22 23,610c18692d2a7506d57d225483721367dfcf54b25463a9eaef2b8ff2408caa51,51d76223095591bdd1cf3814de6da2bd47c48f6f9569e6883864c1f7f35c7dbb,91.5461,96.55821,564,success_build,True,True,False,unit fuzzy loss,True
728,0 1 2 3 4 5 6 7 8 21 9 10 11 12 13 14 15 16 17 18 19 20 22 23,7800048913ec3a8d9935fdcca1863cef300a018daf4f32722a0d0d22cbaa9d07,46ac75233f1e06589ecb288bb8e174580bc2578722c46719743b9c29a5d742a5,91.5461,96.55821,564,success_build,True,True,False,unit fuzzy loss,True
729,0 1 2 3 4 5 6 7 8 9 21 10 11 12 13 14 15 16 17 18 19 20 22 23,138b5173b7ec2e9e82abf21870f0f331003736623b2e9a7f820e64b4925dd2dd,9a4fa23fd94abb013139d0a28eeb97832164927de0c18b12d4becf437e773009,93.90071,96.772964,564,success_build,True,True,False,unit fuzzy loss,True
730,0 1 2 3 4 5 6 7 8 9 10 21 11 12 13 14 15 16 17 18 19 20 22 23,7cb7807f825bb7f5a19172be3f7e86dce9936de19068ed14abdc59757e3677a0,9a4fa23fd94abb013139d0a28eeb97832164927de0c18b12d4becf437e773009,93.90071,96.772964,564,success_build,True,True,False,unit fuzzy loss,True
731,0 1 2 3 4 5 6 7 8 9 10 11 21 12 13 14 15 16 17 18 19 20 22 23,ad782a0b5fde63cec3f9cd3e8efd195fd4dd33000500478a24bda6b00a56eb6a,9a4fa23fd94abb013139d0a28eeb97832164927de0c18b12d4becf437e773009,93.90071,96.772964,564,success_build,True,True,False,unit fuzzy loss,True
732,0 1 2 3 4 5 6 7 8 9 10 11 12 21 13 14 15 16 17 18 19 20 22 23,a87033a317c29bd90a224fb2019bc445d6569d0406aedea7a88535dbeda6124c,ca9a724f798fda679f42f85d94364594ee9ebe38d3cbf5ed884c670a86a2435f,94.184395,96.798836,564,success_build,True,True,False,unit fuzzy loss,True
733,0 1 2 3 4 5 6 7 8 9 10 11 12 13 21 14 15 16 17 18 19 20 22 23,8feba1712dd6a1fa2ea9525836e04b941c031e2269cdab11e706ba2b23197a7b,5cf71152e78bc9802e434eba818bf0380c8dbc0a483689c56abc3cde3fd314c7,94.46809,96.82471,564,success_build,True,True,False,unit fuzzy loss,True
734,0 1 2 3 4 5 6 7 8 9 10 11 12 13 14 21 15 16 17 18 19 20 22 23,a907654ac2937fc5206be709688d885d1bb67d08b8c08bc3a9712081b6ffd5cd,ac0d9f8ecf49b0fb8022bb132a95b40bd59ebb65d3cb742775772c3dee0bfa88,94.680855,96.84412,564,success_build,True,True,False,unit fuzzy loss,True
735,0 1 2 3 4 5 6 7 8 9 10 11 12 13 14 15 21 16 17 18 19 20 22 23,87a68169adc8666421c77dd71dc9ee56523070b2433009a639c8a30f91ffae51,d6c36df37781070750529a1fa26da1aa717f667523660e1946b7306d33909abb,94.78723,96.85381,564,success_build,True,True,False,unit fuzzy loss,True
736,0 1 2 3 4 5 6 7 8 9 10 11 12 13 14 15 16 21 17 18 19 20 22 23,6ee0cfb447f0e83e66e6fdbec4fe10a6e5f50b9eec4c6bd5172ea2a6f7d97c8e,c43daff59baaa09ed58378df8a7606306ea0c4bb40b6f309fe36d2cc4e8807be,94.78723,96.85381,564,success_build,True,True,False,unit fuzzy loss,True
737,0 1 2 3 4 5 6 7 8 9 10 11 12 13 14 15 16 17 21 18 19 20 22 23,8a79e847c9469ebb212db4b098652f6b44ed82af707b016cfee75bdac6fdc69e,32f6106508938908e5112ebbd31be2e0a8ceec64d6c7a475d0bd7ccadf5243b9,94.858154,96.86028,564,success_build,True,True,False,unit fuzzy loss,True
738,0 1 2 3 4 5 6 7 8 9 10 11 12 13 14 15 16 17 18 21 19 20 22 23,dfc02f5cddfe9d0dc95572f4428aa91578c2ef2399d5c89a42244e1ae3f0781d,32f6106508938908e5112ebbd31be2e0a8ceec64d6c7a475d0bd7ccadf5243b9,94.858154,96.86028,564,success_build,True,True,False,unit fuzzy loss,True
739,0 1 2 3 4 5 6 7 8 9 10 11 12 13 14 15 16 17 18 19 20 22 23 21,4da9ceaf400747eadf6547c5ddf13de11e880b1676fac5998c617ff903e3ce61,de691febfdde2db43da14ecca22ecdbd5e0c7fbb416ca2580ffaa4991e8a1bbc,95.17731,96.88939,564,success_build,True,True,True,,True
740,22 0 1 2 3 4 5 6 7 8 9 10 11 12 13 14 15 16 17 18 19 20 21 23,c818b9df1821f245387dde62557ddf2c642df3ad04a7df0a8f4c80cbb46b57fb,de691febfdde2db43da14ecca22ecdbd5e0c7fbb416ca2580ffaa4991e8a1bbc,95.17731,96.88939,564,success_build,True,True,True,,True
741,0 22 1 2 3 4 5 6 7 8 9 10 11 12 13 14 15 16 17 18 19 20 21 23,3635d73a895365228f39e50f12449158c08f90897e011c69efcce9a75409cf84,de691febfdde2db43da14ecca22ecdbd5e0c7fbb416ca2580ffaa4991e8a1bbc,95.17731,96.88939,564,success_build,True,True,True,,True
742,0 1 22 2 3 4 5 6 7 8 9 10 11 12 13 14 15 16 17 18 19 20 21 23,9243687aac513f9279525145e72f1ada3ce20e8877d50e8e16b178194dd339c6,de691febfdde2db43da14ecca22ecdbd5e0c7fbb416ca2580ffaa4991e8a1bbc,95.17731,96.88939,564,success_build,True,True,True,,True
743,0 1 2 22 3 4 5 6 7 8 9 10 11 12 13 14 15 16 17 18 19 20 21 23,240b80fb4f805ee8577657bc3974415157ebe77fea2b8f2e024cc75c3ac670c1,de691febfdde2db43da14ecca22ecdbd5e0c7fbb416ca2580ffaa4991e8a1bbc,95.17731,96.88939,564,success_build,True,True,True,,True
744,0 1 2 3 22 4 5 6 7 8 9 10 11 12 13 14 15 16 17 18 19 20 21 23,85f4cc6e00bdbded11966974e6bfc4bfa0a7db74db3e38e72fb068919df7de28,de691febfdde2db43da14ecca22ecdbd5e0c7fbb416ca2580ffaa4991e8a1bbc,95.17731,96.88939,564,success_build,True,True,True,,True
745,0 1 2 3 4 22 5 6 7 8 9 10 11 12 13 14 15 16 17 18 19 20 21 23,90c96c051d88de9a8f4d28fc5ff41bede57d88e776e7146002834a28af3325ee,de691febfdde2db43da14ecca22ecdbd5e0c7fbb416ca2580ffaa4991e8a1bbc,95.17731,96.88939,564,success_build,True,True,True,,True
746,0 1 2 3 4 5 22 6 7 8 9 10 11 12 13 14 15 16 17 18 19 20 21 23,57273da4cfd71842a83a9bef662aa3dbdcaf9da288b4848d638a822348bedd53,de691febfdde2db43da14ecca22ecdbd5e0c7fbb416ca2580ffaa4991e8a1bbc,95.17731,96.88939,564,success_build,True,True,True,,True
747,0 1 2 3 4 5 6 22 7 8 9 10 11 12 13 14 15 16 17 18 19 20 21 23,3fc6719de98540249be9295ec1a4717540c4ddf18c55062ede493d2de817dbba,de691febfdde2db43da14ecca22ecdbd5e0c7fbb416ca2580ffaa4991e8a1bbc,95.17731,96.88939,564,success_build,True,True,True,,True
748,0 1 2 3 4 5 6 7 22 8 9 10 11 12 13 14 15 16 17 18 19 20 21 23,ebdad64109ca3333f28fd9123a70f680c58c2e2de22a216b2bb9ccce1c8db43b,de691febfdde2db43da14ecca22ecdbd5e0c7fbb416ca2580ffaa4991e8a1bbc,95.17731,96.88939,564,success_build,True,True,True,,True
749,0 1 2 3 4 5 6 7 8 22 9 10 11 12 13 14 15 16 17 18 19 20 21 23,d1f09dee0a2e60720bcfaa60f075db10d8d3eb1993adfdba853ada059ae46fcf,de691febfdde2db43da14ecca22ecdbd5e0c7fbb416ca2580ffaa4991e8a1bbc,95.17731,96.88939,564,success_build,True,True,True,,True
750,0 1 2 3 4 5 6 7 8 9 22 10 11 12 13 14 15 16 17 18 19 20 21 23,38ce35411ad5f0bc7384576dc7f07225dee320dc9600e2ef6b0f9fb7c4fde432,de691febfdde2db43da14ecca22ecdbd5e0c7fbb416ca2580ffaa4991e8a1bbc,95.17731,96.88939,564,success_build,True,True,True,,True
751,0 1 2 3 4 5 6 7 8 9 10 22 11 12 13 14 15 16 17 18 19 20 21 23,c249526946d2457512b66af466ca7c2c6c5c9d717d4eb3541c7809a3ba00bc73,de691febfdde2db43da14ecca22ecdbd5e0c7fbb416ca2580ffaa4991e8a1bbc,95.17731,96.88939,564,success_build,True,True,True,,True
752,0 1 2 3 4 5 6 7 8 9 10 11 22 12 13 14 15 16 17 18 19 20 21 23,b7915fdf7ed714a9d921d94713aef7702fb50bdc1f408333047d95dee696bbd8,de691febfdde2db43da14ecca22ecdbd5e0c7fbb416ca2580ffaa4991e8a1bbc,95.17731,96.88939,564,success_build,True,True,True,,True
753,0 1 2 3 4 5 6 7 8 9 10 11 12 22 13 14 15 16 17 18 19 20 21 23,075d3ef810b5197a34b9310465b47bb0868bdfc7476fd604fed73450c61da074,de691febfdde2db43da14ecca22ecdbd5e0c7fbb416ca2580ffaa4991e8a1bbc,95.17731,96.88939,564,success_build,True,True,True,,True
754,0 1 2 3 4 5 6 7 8 9 10 11 12 13 22 14 15 16 17 18 19 20 21 23,79f9b334764a09a96c2dc5eb72f2eb7f36bacf0ca30cd5131b1b1f4589832191,de691febfdde2db43da14ecca22ecdbd5e0c7fbb416ca2580ffaa4991e8a1bbc,95.17731,96.88939,564,success_build,True,True,True,,True
755,0 1 2 3 4 5 6 7 8 9 10 11 12 13 14 22 15 16 17 18 19 20 21 23,8eca7786653f566d0c4ba1f3e5f1932a56300fb1564adeb084ebd585383c5920,de691febfdde2db43da14ecca22ecdbd5e0c7fbb416ca2580ffaa4991e8a1bbc,95.17731,96.88939,564,success_build,True,True,True,,True
756,0 1 2 3 4 5 6 7 8 9 10 11 12 13 14 15 22 16 17 18 19 20 21 23,566b3131bd252ab5bb8ae036a25ae95cdacc41c342dccad639b5c5c9f539f34a,de691febfdde2db43da14ecca22ecdbd5e0c7fbb416ca2580ffaa4991e8a1bbc,95.17731,96.88939,564,success_build,True,True,True,,True
757,0 1 2 3 4 5 6 7 8 9 10 11 12 13 14 15 16 22 17 18 19 20 21 23,ccd79a5fa3578e0d647f045ea565426b45d96944973fa85d1616388f5d46a95f,de691febfdde2db43da14ecca22ecdbd5e0c7fbb416ca2580ffaa4991e8a1bbc,95.17731,96.88939,564,success_build,True,True,True,,True
758,0 1 2 3 4 5 6 7 8 9 10 11 12 13 14 15 16 17 22 18 19 20 21 23,3f3c3063ec271e496869d02f6af48480204ba7d6fffc6da6490e67bf817a721c,de691febfdde2db43da14ecca22ecdbd5e0c7fbb416ca2580ffaa4991e8a1bbc,95.17731,96.88939,564,success_build,True,True,True,,True
759,0 1 2 3 4 5 6 7 8 9 10 11 12 13 14 15 16 17 18 22 19 20 21 23,b8e3c6b9b761f6a4c1ba6a4bf377071c7abc261cc57d2327a2ee766e9ca2b6f9,de691febfdde2db43da14ecca22ecdbd5e0c7fbb416ca2580ffaa4991e8a1bbc,95.17731,96.88939,564,success_build,True,True,True,,True
760,0 1 2 3 4 5 6 7 8 9 10 11 12 13 14 15 16 17 18 19 22 20 21 23,225db109e9f2ce2f25073299346f744d4eb321d364490ac97f4190d1cbe88ca7,de691febfdde2db43da14ecca22ecdbd5e0c7fbb416ca2580ffaa4991e8a1bbc,95.17731,96.88939,564,success_build,True,True,True,,True
761,23 0 1 2 3 4 5 6 7 8 9 10 11 12 13 14 15 16 17 18 19 20 21 22,7f6f0bb0ddf4d8a5846b8253297792531d9222af8ad4205a8a2877ddb612d485,de691febfdde2db43da14ecca22ecdbd5e0c7fbb416ca2580ffaa4991e8a1bbc,95.17731,96.88939,564,success_build,True,True,True,,True
762,0 23 1 2 3 4 5 6 7 8 9 10 11 12 13 14 15 16 17 18 19 20 21 22,055a4065cb34774efab69f72dbb3adcc52f450a2134e8a59b8d7e55e2cc96ca4,de691febfdde2db43da14ecca22ecdbd5e0c7fbb416ca2580ffaa4991e8a1bbc,95.17731,96.88939,564,success_build,True,True,True,,True
763,0 1 23 2 3 4 5 6 7 8 9 10 11 12 13 14 15 16 17 18 19 20 21 22,934ba8bd55567955a7e9c2f5801d33fb54302da56ded91d9054aa238c54346d0,de691febfdde2db43da14ecca22ecdbd5e0c7fbb416ca2580ffaa4991e8a1bbc,95.17731,96.88939,564,success_build,True,True,True,,True
764,0 1 2 23 3 4 5 6 7 8 9 10 11 12 13 14 15 16 17 18 19 20 21 22,509e6ac86a4a8f0d18a7bd1484500c119053c37eda370d769a09b3324e07ec84,de691febfdde2db43da14ecca22ecdbd5e0c7fbb416ca2580ffaa4991e8a1bbc,95.17731,96.88939,564,success_build,True,True,True,,True
765,0 1 2 3 23 4 5 6 7 8 9 10 11 12 13 14 15 16 17 18 19 20 21 22,a18ad3d92eb28dabb6d98553f41432416a6ce7f7a79f7226f2fa6670c6c86d43,de691febfdde2db43da14ecca22ecdbd5e0c7fbb416ca2580ffaa4991e8a1bbc,95.17731,96.88939,564,success_build,True,True,True,,True
766,0 1 2 3 4 23 5 6 7 8 9 10 11 12 13 14 15 16 17 18 19 20 21 22,f83abb35be7ee71627b34482e3ff3fc412aaefe858fb6f1902e469fc471ba02b,de691febfdde2db43da14ecca22ecdbd5e0c7fbb416ca2580ffaa4991e8a1bbc,95.17731,96.88939,564,success_build,True,True,True,,True
767,0 1 2 3 4 5 23 6 7 8 9 10 11 12 13 14 15 16 17 18 19 20 21 22,2656e165ec4553503c05a3c96a221121dfda8bed21bebf1ef925a725e81b17d7,de691febfdde2db43da14ecca22ecdbd5e0c7fbb416ca2580ffaa4991e8a1bbc,95.17731,96.88939,564,success_build,True,True,True,,True
768,0 1 2 3 4 5 6 23 7 8 9 10 11 12 13 14 15 16 17 18 19 20 21 22,8400a2655d19d2ac58cd14eb40a9aee2ccfa82be3272991701c3fef61999259a,de691febfdde2db43da14ecca22ecdbd5e0c7fbb416ca2580ffaa4991e8a1bbc,95.17731,96.88939,564,success_build,True,True,True,,True
769,0 1 2 3 4 5 6 7 23 8 9 10 11 12 13 14 15 16 17 18 19 20 21 22,1a38460b6610c71630d50a1901f2f62d135353aaaefeddff0e9025c6ea81e04c,de691febfdde2db43da14ecca22ecdbd5e0c7fbb416ca2580ffaa4991e8a1bbc,95.17731,96.88939,564,success_build,True,True,True,,True
770,0 1 2 3 4 5 6 7 8 23 9 10 11 12 13 14 15 16 17 18 19 20 21 22,6a567dc81f57a07aa8d2a02d6deab3a46bb9262bfbce8d370581ff29ff5e7bf0,de691febfdde2db43da14ecca22ecdbd5e0c7fbb416ca2580ffaa4991e8a1bbc,95.17731,96.88939,564,success_build,True,True,True,,True
771,0 1 2 3 4 5 6 7 8 9 23 10 11 12 13 14 15 16 17 18 19 20 21 22,8e85bb8e40b7829758e6ae129f384c32a0f1024d100a5d91df37a87cd9f0dfc0,de691febfdde2db43da14ecca22ecdbd5e0c7fbb416ca2580ffaa4991e8a1bbc,95.17731,96.88939,564,success_build,True,True,True,,True
772,0 1 2 3 4 5 6 7 8 9 10 23 11 12 13 14 15 16 17 18 19 20 21 22,2e1e17c954344bab365c0129b6d2f05da257ca38c93c5d018bcaf5c848a98f0d,de691febfdde2db43da14ecca22ecdbd5e0c7fbb416ca2580ffaa4991e8a1bbc,95.17731,96.88939,564,success_build,True,True,True,,True
773,0 1 2 3 4 5 6 7 8 9 10 11 23 12 13 14 15 16 17 18 19 20 21 22,a92401eaed0b91a1bcb017ce25f23c47aecbeb1ec2a8148c71f19d4b59d915b2,de691febfdde2db43da14ecca22ecdbd5e0c7fbb416ca2580ffaa4991e8a1bbc,95.17731,96.88939,564,success_build,True,True,True,,True
774,0 1 2 3 4 5 6 7 8 9 10 11 12 23 13 14 15 16 17 18 19 20 21 22,ef4189e812761243b688265506e92836617233f9ca8482fcdce49ac7e3c5a506,de691febfdde2db43da14ecca22ecdbd5e0c7fbb416ca2580ffaa4991e8a1bbc,95.17731,96.88939,564,success_build,True,True,True,,True
775,0 1 2 3 4 5 6 7 8 9 10 11 12 13 23 14 15 16 17 18 19 20 21 22,e794a4a4c2374763af437d8de83e7db03a78767712a6482a6d51e4d684afdc2a,de691febfdde2db43da14ecca22ecdbd5e0c7fbb416ca2580ffaa4991e8a1bbc,95.17731,96.88939,564,success_build,True,True,True,,True
776,0 1 2 3 4 5 6 7 8 9 10 11 12 13 14 23 15 16 17 18 19 20 21 22,23fc4b465fd7a31c960c8617be7722d6d6d45d701de81e00886485f621676e6a,de691febfdde2db43da14ecca22ecdbd5e0c7fbb416ca2580ffaa4991e8a1bbc,95.17731,96.88939,564,success_build,True,True,True,,True
777,0 1 2 3 4 5 6 7 8 9 10 11 12 13 14 15 23 16 17 18 19 20 21 22,d6ed502583f9c26e4bb5c1aef27909a7f498bb9c611e8cb9cae6afc9f1719f76,de691febfdde2db43da14ecca22ecdbd5e0c7fbb416ca2580ffaa4991e8a1bbc,95.17731,96.88939,564,success_build,True,True,True,,True
778,0 1 2 3 4 5 6 7 8 9 10 11 12 13 14 15 16 23 17 18 19 20 21 22,b574d104d1c46204d79a8092dc0cf9c7019420dd1024752b3717a1a37ed2be04,de691febfdde2db43da14ecca22ecdbd5e0c7fbb416ca2580ffaa4991e8a1bbc,95.17731,96.88939,564,success_build,True,True,True,,True
779,0 1 2 3 4 5 6 7 8 9 10 11 12 13 14 15 16 17 23 18 19 20 21 22,7456b23cf4770c25f197eebdd5771c9d2d14af9667dbe4eac53e604985cd35da,de691febfdde2db43da14ecca22ecdbd5e0c7fbb416ca2580ffaa4991e8a1bbc,95.17731,96.88939,564,success_build,True,True,True,,True
780,0 1 2 3 4 5 6 7 8 9 10 11 12 13 14 15 16 17 18 23 19 20 21 22,ea4f9224a96437ac6ca5aec8cea1a43bde5e43050c377ea4fa2201279a77e46f,de691febfdde2db43da14ecca22ecdbd5e0c7fbb416ca2580ffaa4991e8a1bbc,95.17731,96.88939,564,success_build,True,True,True,,True
781,0 1 2 3 4 5 6 7 8 9 10 11 12 13 14 15 16 17 18 19 23 20 21 22,307c349f8d7036b66d9ae4115c5d6277fef1e48ab82de4da70b52f5a6d8a237f,de691febfdde2db43da14ecca22ecdbd5e0c7fbb416ca2580ffaa4991e8a1bbc,95.17731,96.88939,564,success_build,True,True,True,,True
782,0 1 2 3 4 5 6 7 8 9 10 11 12 13 14 15 16 17 18 19 20 23 21 22,d9e9bc78d4eb46c29f88ba680969fb1176a4d6af65661ddd6757706ec8167767,de691febfdde2db43da14ecca22ecdbd5e0c7fbb416ca2580ffaa4991e8a1bbc,95.17731,96.88939,564,success_build,True,True,True,,True
