call,role,order,source_sha256,object_sha256,fuzzy,unit_fuzzy,function_bytes,admissible,gate_failures,compile_status,source_stable,object_build_message,outside_target_sha256,entire_file_outside_target_equal,section_headers_equal,relocation_vectors_equal,historical_proxy_repeat,historical_exact_snapshot_overlap
0,baseline,"0,1,2,3,4,5,6,7,8,9,10,11,12,13,14,15,16,17,18,19,20,21,22",20c9842ef4db199729007ee1c647ae1fedf70a476431dabafca1ed14121ba6ea,ec16b52bfcd4b132b90d9d879ebc73ee652d4337202f371609c9a18c12120c89,96.69118,96.91203,544,True,,success_build,True,True,aa62853a494a59a3b49a0803a5ed4d4d5e7bd2ca2a7a19f46a2873cb5965e68e,True,True,True,True,unverifiable: historical snapshots lost
1,neighbor,"1,0,2,3,4,5,6,7,8,9,10,11,12,13,14,15,16,17,18,19,20,21,22",3d0d511226ac46455ca7e79ec0a38125f255fde0c404d630f8504082326cdab6,ec16b52bfcd4b132b90d9d879ebc73ee652d4337202f371609c9a18c12120c89,96.69118,96.91203,544,True,,success_build,True,True,aa62853a494a59a3b49a0803a5ed4d4d5e7bd2ca2a7a19f46a2873cb5965e68e,True,True,True,True,unverifiable: historical snapshots lost
2,neighbor,"2,1,0,3,4,5,6,7,8,9,10,11,12,13,14,15,16,17,18,19,20,21,22",6401a647d0cee02e866b4e0144604d1c0d77b512b586bb210bd7ec2ddf79c528,ec16b52bfcd4b132b90d9d879ebc73ee652d4337202f371609c9a18c12120c89,96.69118,96.91203,544,True,,success_build,True,True,aa62853a494a59a3b49a0803a5ed4d4d5e7bd2ca2a7a19f46a2873cb5965e68e,True,True,True,True,unverifiable: historical snapshots lost
3,neighbor,"3,1,2,0,4,5,6,7,8,9,10,11,12,13,14,15,16,17,18,19,20,21,22",8fe01b86f0b9e415414e5718433934e62bfd43f22362b411ca8801bb010ebee5,d327a2534d034ec0441dcac2e9851830c1a11f80bba2d8d292817e7945ab7a5c,96.47059,96.892624,544,False,unit fuzzy loss,success_build,True,True,aa62853a494a59a3b49a0803a5ed4d4d5e7bd2ca2a7a19f46a2873cb5965e68e,True,True,True,True,unverifiable: historical snapshots lost
4,neighbor,"4,1,2,3,0,5,6,7,8,9,10,11,12,13,14,15,16,17,18,19,20,21,22",c47e2457482edb1ffec85ff60af95f4ef2706e60af3f03bdf6b34fd4021e16ce,d327a2534d034ec0441dcac2e9851830c1a11f80bba2d8d292817e7945ab7a5c,96.47059,96.892624,544,False,unit fuzzy loss,success_build,True,True,aa62853a494a59a3b49a0803a5ed4d4d5e7bd2ca2a7a19f46a2873cb5965e68e,True,True,True,True,unverifiable: historical snapshots lost
5,neighbor,"5,1,2,3,4,0,6,7,8,9,10,11,12,13,14,15,16,17,18,19,20,21,22",7063c99ec909168e8d13d2f7f6d02cba118c1d5daad270820ce9e3dc914418e8,43689ac031d4ebdd2d3a384dc5d6df76ba2fe8083eabf2b29e13a4b9b5158bd5,96.47059,96.892624,544,False,unit fuzzy loss,success_build,True,True,aa62853a494a59a3b49a0803a5ed4d4d5e7bd2ca2a7a19f46a2873cb5965e68e,True,True,True,True,unverifiable: historical snapshots lost
6,neighbor,"6,1,2,3,4,5,0,7,8,9,10,11,12,13,14,15,16,17,18,19,20,21,22",c2a0eb754e4c47f73c094728b3c9c294d96c4bc1dff976e433b4db61610db675,12b2f061278a732c106bc4c6389e9757f2389dd7d02a3ee37bd512931f045d18,96.58088,96.90233,544,False,unit fuzzy loss,success_build,True,True,aa62853a494a59a3b49a0803a5ed4d4d5e7bd2ca2a7a19f46a2873cb5965e68e,True,True,True,True,unverifiable: historical snapshots lost
7,neighbor,"7,1,2,3,4,5,6,0,8,9,10,11,12,13,14,15,16,17,18,19,20,21,22",93df6fe455187b0cd24555da680149b9bf2470a0a1bcb5ae568061ab2d72b786,d63ff0e19c00e7e6da06720d8c8b2cd979115864d008c94171e61411bb600c81,96.32353,96.87969,544,False,unit fuzzy loss,success_build,True,True,aa62853a494a59a3b49a0803a5ed4d4d5e7bd2ca2a7a19f46a2873cb5965e68e,True,True,True,True,unverifiable: historical snapshots lost
8,neighbor,"8,1,2,3,4,5,6,7,0,9,10,11,12,13,14,15,16,17,18,19,20,21,22",647f19f9b57b9146f0455f5b8c5d31e015086a3307f4793d4ba15c6ccbc6da1c,5b0dbfbf6c7cf1f50f03d80811e4c70a80b7dcbfdf1df04df5be1669936c8a45,96.39706,96.886154,544,False,unit fuzzy loss,success_build,True,True,aa62853a494a59a3b49a0803a5ed4d4d5e7bd2ca2a7a19f46a2873cb5965e68e,True,True,True,True,unverifiable: historical snapshots lost
9,neighbor,"9,1,2,3,4,5,6,7,8,0,10,11,12,13,14,15,16,17,18,19,20,21,22",42eda113862b6f783e9b4d3bd87acf868b716e1407177b1c5c7b97200d9a2b2d,9081b4c56b59a38ae9b47d42d4d263b440442fdc6977abe47c68c9656922431c,96.10294,96.86028,544,False,unit fuzzy loss,success_build,True,True,aa62853a494a59a3b49a0803a5ed4d4d5e7bd2ca2a7a19f46a2873cb5965e68e,True,True,True,True,unverifiable: historical snapshots lost
10,neighbor,"10,1,2,3,4,5,6,7,8,9,0,11,12,13,14,15,16,17,18,19,20,21,22",1483c106d64374f60036389b40b080b28cca1584491443c0fb0bfdb8bbe9119e,9081b4c56b59a38ae9b47d42d4d263b440442fdc6977abe47c68c9656922431c,96.10294,96.86028,544,False,unit fuzzy loss,success_build,True,True,aa62853a494a59a3b49a0803a5ed4d4d5e7bd2ca2a7a19f46a2873cb5965e68e,True,True,True,True,unverifiable: historical snapshots lost
11,neighbor,"11,1,2,3,4,5,6,7,8,9,10,0,12,13,14,15,16,17,18,19,20,21,22",03483d8a791b843d69bb02c95752ef342d98ca765f35e44f3b0ce60a670d18c6,58112d4a3f98f2151c0c112b44a337766ad3fbc4a7e0f6090cd2b1590f10088e,95.95588,96.84735,544,False,unit fuzzy loss,success_build,True,True,aa62853a494a59a3b49a0803a5ed4d4d5e7bd2ca2a7a19f46a2873cb5965e68e,True,True,True,True,unverifiable: historical snapshots lost
12,neighbor,"12,1,2,3,4,5,6,7,8,9,10,11,0,13,14,15,16,17,18,19,20,21,22",cb6ffb3593313dc8d95d15de3cccecb4ca8a85cb3a3dc3a97440a4d931ac96de,1a1b0933bf565e5deb3f9e2b1ff11af75556ea23a035dd4246083dcb48042332,94.77206,96.74321,544,False,unit fuzzy loss,success_build,True,True,aa62853a494a59a3b49a0803a5ed4d4d5e7bd2ca2a7a19f46a2873cb5965e68e,True,True,True,True,unverifiable: historical snapshots lost
13,neighbor,"13,1,2,3,4,5,6,7,8,9,10,11,12,0,14,15,16,17,18,19,20,21,22",c5a5816f9f44d2e816aedcb03f37752ee17b404c88d05bb1546ee62bb3bdc5ec,da888a02669113dc69000f741ee1cce3eb497372569e69ce7007a27e542b49de,94.88971,96.753555,544,False,unit fuzzy loss,success_build,True,True,aa62853a494a59a3b49a0803a5ed4d4d5e7bd2ca2a7a19f46a2873cb5965e68e,True,True,True,True,unverifiable: historical snapshots lost
14,neighbor,"14,1,2,3,4,5,6,7,8,9,10,11,12,13,0,15,16,17,18,19,20,21,22",5d21fefdb77ea6df6c3c9c84254b492a6088f4296bebb7bc47917e9b27585b64,2ff543abff4bb8afefb778c655f7bbce204f7d884a65ba22d40652e5f81b2f6e,95.40441,96.798836,544,False,unit fuzzy loss,success_build,True,True,aa62853a494a59a3b49a0803a5ed4d4d5e7bd2ca2a7a19f46a2873cb5965e68e,True,True,True,True,unverifiable: historical snapshots lost
15,neighbor,"15,1,2,3,4,5,6,7,8,9,10,11,12,13,14,0,16,17,18,19,20,21,22",07a664c18ab2e9d72500a4f3fb3248558998f963162c1e0b0ace5c94b31cdf28,818d2b83557e1246d87eb6aee37ff3ee3a997de55ce120e22a174e80add000fb,96.36029,96.88293,544,False,unit fuzzy loss,success_build,True,True,aa62853a494a59a3b49a0803a5ed4d4d5e7bd2ca2a7a19f46a2873cb5965e68e,True,True,True,True,unverifiable: historical snapshots lost
16,neighbor,"16,1,2,3,4,5,6,7,8,9,10,11,12,13,14,15,0,17,18,19,20,21,22",be9cf49935455639424ee390c924022be378b90c2025afd2fc412b3b97542ca4,63a243a524b1a12445bb2d6e97b1e29518156ed81fa3b1bc14d74504f1a96f1b,95.18382,96.779434,544,False,unit fuzzy loss,success_build,True,True,aa62853a494a59a3b49a0803a5ed4d4d5e7bd2ca2a7a19f46a2873cb5965e68e,True,True,True,True,unverifiable: historical snapshots lost
17,neighbor,"17,1,2,3,4,5,6,7,8,9,10,11,12,13,14,15,16,0,18,19,20,21,22",8dc4c949d119d82cd3231ae6eef8d047804d2fbbc5aa6e37f467dbdd3bd81c46,2def7735ccf0aa0db13813350044d85ab403f130bfdac23f2605e1a3eb6c1a35,96.47059,96.892624,544,False,unit fuzzy loss,success_build,True,True,aa62853a494a59a3b49a0803a5ed4d4d5e7bd2ca2a7a19f46a2873cb5965e68e,True,True,True,True,unverifiable: historical snapshots lost
18,neighbor,"18,1,2,3,4,5,6,7,8,9,10,11,12,13,14,15,16,17,0,19,20,21,22",b9abcebaabb10ef6c99c59a19987061f3cc9a8136186a54dfac14c0d751058d5,636c03e4a38b230536bf712bb11fc8f19d8c6758efa50c5d6f4974bc187c00ec,96.507355,96.89586,544,False,unit fuzzy loss,success_build,True,True,aa62853a494a59a3b49a0803a5ed4d4d5e7bd2ca2a7a19f46a2873cb5965e68e,True,True,True,True,unverifiable: historical snapshots lost
19,neighbor,"19,1,2,3,4,5,6,7,8,9,10,11,12,13,14,15,16,17,18,0,20,21,22",bd8c56ddcead0fd22158a1041ae24844e435d29bbb642278cf2f53f32c10ff8a,a9e5b2af0e23a59623fdce17fbf3266563e2053df50f7d7fc56f84debf9aeb4f,96.43382,96.88939,544,False,unit fuzzy loss,success_build,True,True,aa62853a494a59a3b49a0803a5ed4d4d5e7bd2ca2a7a19f46a2873cb5965e68e,True,True,True,True,unverifiable: historical snapshots lost
20,neighbor,"20,1,2,3,4,5,6,7,8,9,10,11,12,13,14,15,16,17,18,19,0,21,22",4ba7371f21a0f29bb79e596734ceb6fce1d081e130c04dca4694faa618c0ffbc,806c621d3bae805c047084e9512f6931a244a87fb42ca28d91da1f303f570c76,94.04412,96.67917,544,False,unit fuzzy loss,success_build,True,True,aa62853a494a59a3b49a0803a5ed4d4d5e7bd2ca2a7a19f46a2873cb5965e68e,True,True,True,True,unverifiable: historical snapshots lost
21,neighbor,"21,1,2,3,4,5,6,7,8,9,10,11,12,13,14,15,16,17,18,19,20,0,22",22c9cdb9946d6d6e0e1da20ac883929bb1d4c72dba635b672f6f6841a77d4e67,e46ae4326bf92e5a8398bcbed84d037e84d37998dbc975cbe8155d0b6916ee6c,95.588234,96.81501,544,False,unit fuzzy loss,success_build,True,True,aa62853a494a59a3b49a0803a5ed4d4d5e7bd2ca2a7a19f46a2873cb5965e68e,True,True,True,True,unverifiable: historical snapshots lost
22,neighbor,"22,1,2,3,4,5,6,7,8,9,10,11,12,13,14,15,16,17,18,19,20,21,0",556788ce5ff40c6c0885f99720e6c134892f0346efc19fb42c86b3733388169e,695a31fadf1d7a68712658f7a744c01eb8e62e6a386298191da95f0f56e96a86,92.05882,96.504524,544,False,unit fuzzy loss,success_build,True,True,aa62853a494a59a3b49a0803a5ed4d4d5e7bd2ca2a7a19f46a2873cb5965e68e,True,True,True,True,unverifiable: historical snapshots lost
23,neighbor,"0,2,1,3,4,5,6,7,8,9,10,11,12,13,14,15,16,17,18,19,20,21,22",0d3be2afda30e0d9a2699d5240006687f51a53862cf3e10b654cc75119968e23,ec16b52bfcd4b132b90d9d879ebc73ee652d4337202f371609c9a18c12120c89,96.69118,96.91203,544,True,,success_build,True,True,aa62853a494a59a3b49a0803a5ed4d4d5e7bd2ca2a7a19f46a2873cb5965e68e,True,True,True,True,unverifiable: historical snapshots lost
24,neighbor,"0,3,2,1,4,5,6,7,8,9,10,11,12,13,14,15,16,17,18,19,20,21,22",c9dcb330d0f7a36351e4839fe80b2108f098d13023bae3e84386387c7ce8daff,ec16b52bfcd4b132b90d9d879ebc73ee652d4337202f371609c9a18c12120c89,96.69118,96.91203,544,True,,success_build,True,True,aa62853a494a59a3b49a0803a5ed4d4d5e7bd2ca2a7a19f46a2873cb5965e68e,True,True,True,True,unverifiable: historical snapshots lost
25,neighbor,"0,4,2,3,1,5,6,7,8,9,10,11,12,13,14,15,16,17,18,19,20,21,22",89c478a686f9844e387c656ab42e160ddb7b393f62c0885ad8ad055b36247ba3,ec16b52bfcd4b132b90d9d879ebc73ee652d4337202f371609c9a18c12120c89,96.69118,96.91203,544,True,,success_build,True,True,aa62853a494a59a3b49a0803a5ed4d4d5e7bd2ca2a7a19f46a2873cb5965e68e,True,True,True,True,unverifiable: historical snapshots lost
26,neighbor,"0,5,2,3,4,1,6,7,8,9,10,11,12,13,14,15,16,17,18,19,20,21,22",fc9f2a0f4d4151853e18180b17a00c3050514a7105cab22e407d541aeb010bd1,f1fad7c2b69f9de0e57dfcdedf1576e24c2c3ad310417661b1e56f42b53fb432,96.54412,96.89909,544,False,unit fuzzy loss,success_build,True,True,aa62853a494a59a3b49a0803a5ed4d4d5e7bd2ca2a7a19f46a2873cb5965e68e,True,True,True,True,unverifiable: historical snapshots lost
27,neighbor,"0,6,2,3,4,5,1,7,8,9,10,11,12,13,14,15,16,17,18,19,20,21,22",bd270bf297b1ee7f61a2caae2439c25955779a02c6d7c29fe514986b5c5fc93d,03e583cdf32fe5e67c101151a60e9c0a61050ddfa2ce5d8cc271aeea7860f447,96.65441,96.9088,544,False,unit fuzzy loss,success_build,True,True,aa62853a494a59a3b49a0803a5ed4d4d5e7bd2ca2a7a19f46a2873cb5965e68e,True,True,True,True,unverifiable: historical snapshots lost
28,neighbor,"0,7,2,3,4,5,6,1,8,9,10,11,12,13,14,15,16,17,18,19,20,21,22",40dc9758023f84ab3361608548bee42815c960e0a57ebaf46533c0ac59f50e3e,a422bf18e45f8831db55179cdb47a6fcb6eabbd75029336591ad9ba459258698,96.39706,96.886154,544,False,unit fuzzy loss,success_build,True,True,aa62853a494a59a3b49a0803a5ed4d4d5e7bd2ca2a7a19f46a2873cb5965e68e,True,True,True,True,unverifiable: historical snapshots lost
29,neighbor,"0,8,2,3,4,5,6,7,1,9,10,11,12,13,14,15,16,17,18,19,20,21,22",18d033d067e8ee809bfeb4e16e54dcabd2cba04d9650d6cee0d2db8b0a5784ad,15b96d4e06c410370748ac2db6d938e56d00b7ba9bffcb3f226589ff3beaea54,96.32353,96.87969,544,False,unit fuzzy loss,success_build,True,True,aa62853a494a59a3b49a0803a5ed4d4d5e7bd2ca2a7a19f46a2873cb5965e68e,True,True,True,True,unverifiable: historical snapshots lost
30,neighbor,"0,9,2,3,4,5,6,7,8,1,10,11,12,13,14,15,16,17,18,19,20,21,22",a86b4909c81099a5ed461b3e80659a3e897c1625abbd0a6c8dac1e3f37a1f142,ec16b52bfcd4b132b90d9d879ebc73ee652d4337202f371609c9a18c12120c89,96.69118,96.91203,544,True,,success_build,True,True,aa62853a494a59a3b49a0803a5ed4d4d5e7bd2ca2a7a19f46a2873cb5965e68e,True,True,True,True,unverifiable: historical snapshots lost
31,neighbor,"0,10,2,3,4,5,6,7,8,9,1,11,12,13,14,15,16,17,18,19,20,21,22",3ac076075677eea5c36360466c3f2e6c8a57f6a892d5b533937a4ded2fda2305,ec16b52bfcd4b132b90d9d879ebc73ee652d4337202f371609c9a18c12120c89,96.69118,96.91203,544,True,,success_build,True,True,aa62853a494a59a3b49a0803a5ed4d4d5e7bd2ca2a7a19f46a2873cb5965e68e,True,True,True,True,unverifiable: historical snapshots lost
32,neighbor,"0,11,2,3,4,5,6,7,8,9,10,1,12,13,14,15,16,17,18,19,20,21,22",9f493ccec2373b085e516af315bc8a3f0753c63a1d2ae69c3cadecd3944116e1,7b09bba999d5cd923c32dbecd3e52ffdde18560833cb3e6b1b91e5310c08cbb0,95.91912,96.84412,544,False,unit fuzzy loss,success_build,True,True,aa62853a494a59a3b49a0803a5ed4d4d5e7bd2ca2a7a19f46a2873cb5965e68e,True,True,True,True,unverifiable: historical snapshots lost
33,neighbor,"0,12,2,3,4,5,6,7,8,9,10,11,1,13,14,15,16,17,18,19,20,21,22",844d6553841aa69fb94022cf6564e77d626d80d1de481e4fd23d3525fc49b62c,aee0fa61f904a9b64cdf6c9d1d5a5ed2b35f4f1a741a67eaf6bff16c378674ae,94.625,96.73027,544,False,unit fuzzy loss,success_build,True,True,aa62853a494a59a3b49a0803a5ed4d4d5e7bd2ca2a7a19f46a2873cb5965e68e,True,True,True,True,unverifiable: historical snapshots lost
34,neighbor,"0,13,2,3,4,5,6,7,8,9,10,11,12,1,14,15,16,17,18,19,20,21,22",d0472f0b62830b6070cca050e076962cfbff83aed25d10d53c74f289437d792a,e5abc47d13c4cc3f1c4f6931aef0922ea5a7861e2bfef27c1cc4e951a36ec8a2,94.44853,96.714745,544,False,unit fuzzy loss,success_build,True,True,aa62853a494a59a3b49a0803a5ed4d4d5e7bd2ca2a7a19f46a2873cb5965e68e,True,True,True,True,unverifiable: historical snapshots lost
35,neighbor,"0,14,2,3,4,5,6,7,8,9,10,11,12,13,1,15,16,17,18,19,20,21,22",fc659aa53e4d1141f90f1a7a4c7dee06ddefd0bcdcb5624a6bc1b62ee6028e61,ec16b52bfcd4b132b90d9d879ebc73ee652d4337202f371609c9a18c12120c89,96.69118,96.91203,544,True,,success_build,True,True,aa62853a494a59a3b49a0803a5ed4d4d5e7bd2ca2a7a19f46a2873cb5965e68e,True,True,True,True,unverifiable: historical snapshots lost
36,neighbor,"0,15,2,3,4,5,6,7,8,9,10,11,12,13,14,1,16,17,18,19,20,21,22",bf18216806adbfd3cf5b803438d6821accb1fd97eeda0a85056782507c1de41c,385f7eb5a1de28c5118d8deb34fddf1759f795b1292bfed4540b4025a1e13249,95.625,96.81824,544,False,unit fuzzy loss,success_build,True,True,aa62853a494a59a3b49a0803a5ed4d4d5e7bd2ca2a7a19f46a2873cb5965e68e,True,True,True,True,unverifiable: historical snapshots lost
37,neighbor,"0,16,2,3,4,5,6,7,8,9,10,11,12,13,14,15,1,17,18,19,20,21,22",1b7dfdf572acd5bdd84f0abb6d8bc948726340f205015f7808574d9772ec1883,ec16b52bfcd4b132b90d9d879ebc73ee652d4337202f371609c9a18c12120c89,96.69118,96.91203,544,True,,success_build,True,True,aa62853a494a59a3b49a0803a5ed4d4d5e7bd2ca2a7a19f46a2873cb5965e68e,True,True,True,True,unverifiable: historical snapshots lost
38,neighbor,"0,17,2,3,4,5,6,7,8,9,10,11,12,13,14,15,16,1,18,19,20,21,22",3a80a74f95294c749111af53ee8ca279e5d20b1dfa917b048bc745e77db98b99,6f56a51ce70d9c8e60f149975d6dabe59f8395de9ac1b4ac4bf178d82b520fa4,94.007355,96.67594,544,False,unit fuzzy loss,success_build,True,True,aa62853a494a59a3b49a0803a5ed4d4d5e7bd2ca2a7a19f46a2873cb5965e68e,True,True,True,True,unverifiable: historical snapshots lost
39,neighbor,"0,18,2,3,4,5,6,7,8,9,10,11,12,13,14,15,16,17,1,19,20,21,22",c3257dfd26623a53fb63d55456cb243cb628dad4f315648a4a4f5d42ad58af44,b8e208c7e0f2ad7953ddc3b4e4206e033d25a33dba71bae9b0204f6b1a141f9d,93.93382,96.66947,544,False,unit fuzzy loss,success_build,True,True,aa62853a494a59a3b49a0803a5ed4d4d5e7bd2ca2a7a19f46a2873cb5965e68e,True,True,True,True,unverifiable: historical snapshots lost
40,neighbor,"0,19,2,3,4,5,6,7,8,9,10,11,12,13,14,15,16,17,18,1,20,21,22",25e6f2a570305da46a010d059476bd3d319ad57cf9e15c0cd440c12ada97df3d,3be4917740452065b6aeab2d46f6fb42dea38266869c584d2cc2fe55abaebc3d,95.29412,96.78913,544,False,unit fuzzy loss,success_build,True,True,aa62853a494a59a3b49a0803a5ed4d4d5e7bd2ca2a7a19f46a2873cb5965e68e,True,True,True,True,unverifiable: historical snapshots lost
41,neighbor,"0,20,2,3,4,5,6,7,8,9,10,11,12,13,14,15,16,17,18,19,1,21,22",9bcb8adba7f61a78bc7ed84958e64b406e760322866559ada1c88ce91c2bd60d,847cd9e90092f963a9b5bfeb96ba5eb79737848b76b08c2373928b2910284759,93.41912,96.62419,544,False,unit fuzzy loss,success_build,True,True,aa62853a494a59a3b49a0803a5ed4d4d5e7bd2ca2a7a19f46a2873cb5965e68e,True,True,True,True,unverifiable: historical snapshots lost
42,neighbor,"0,21,2,3,4,5,6,7,8,9,10,11,12,13,14,15,16,17,18,19,20,1,22",8a4f12844448e1a4d1018d3eb60da4837a46fa55093b261250437e93dd745e60,4ec6ef505f83a46254d843932cef67267acc17168dd953c8bd59fddb19ce8b47,94.55882,96.72445,544,False,unit fuzzy loss,success_build,True,True,aa62853a494a59a3b49a0803a5ed4d4d5e7bd2ca2a7a19f46a2873cb5965e68e,True,True,True,True,unverifiable: historical snapshots lost
43,neighbor,"0,22,2,3,4,5,6,7,8,9,10,11,12,13,14,15,16,17,18,19,20,21,1",dca411c39878e2c4961ba09b018ac4796cf5cf2ccd738d0e413da88a0db20ea5,219ca974cff052c5fcbd7a240289f051145df224b9713c35963e8f23f892a4b2,91.507355,96.45602,544,False,unit fuzzy loss,success_build,True,True,aa62853a494a59a3b49a0803a5ed4d4d5e7bd2ca2a7a19f46a2873cb5965e68e,True,True,True,True,unverifiable: historical snapshots lost
44,neighbor,"0,1,3,2,4,5,6,7,8,9,10,11,12,13,14,15,16,17,18,19,20,21,22",d170e694a41506f5ef3401273ef1def4b5d5c8007a63b4becd468e83386638b8,ec16b52bfcd4b132b90d9d879ebc73ee652d4337202f371609c9a18c12120c89,96.69118,96.91203,544,True,,success_build,True,True,aa62853a494a59a3b49a0803a5ed4d4d5e7bd2ca2a7a19f46a2873cb5965e68e,True,True,True,True,unverifiable: historical snapshots lost
45,neighbor,"0,1,4,3,2,5,6,7,8,9,10,11,12,13,14,15,16,17,18,19,20,21,22",b53f0bc56df6baa19d2f4d28d05aec61036d69d0d0502351497852b2b5c844e7,ec16b52bfcd4b132b90d9d879ebc73ee652d4337202f371609c9a18c12120c89,96.69118,96.91203,544,True,,success_build,True,True,aa62853a494a59a3b49a0803a5ed4d4d5e7bd2ca2a7a19f46a2873cb5965e68e,True,True,True,True,unverifiable: historical snapshots lost
46,neighbor,"0,1,5,3,4,2,6,7,8,9,10,11,12,13,14,15,16,17,18,19,20,21,22",e44a22f89f3abe6e2b39d470488d2ff82b9d6433b1fc733a91aa4587c4783324,f1fad7c2b69f9de0e57dfcdedf1576e24c2c3ad310417661b1e56f42b53fb432,96.54412,96.89909,544,False,unit fuzzy loss,success_build,True,True,aa62853a494a59a3b49a0803a5ed4d4d5e7bd2ca2a7a19f46a2873cb5965e68e,True,True,True,True,unverifiable: historical snapshots lost
47,neighbor,"0,1,6,3,4,5,2,7,8,9,10,11,12,13,14,15,16,17,18,19,20,21,22",1c317299959c8c1bd0366176d1ec02b086328e860a35549f6b52a9c8beddb744,03e583cdf32fe5e67c101151a60e9c0a61050ddfa2ce5d8cc271aeea7860f447,96.65441,96.9088,544,False,unit fuzzy loss,success_build,True,True,aa62853a494a59a3b49a0803a5ed4d4d5e7bd2ca2a7a19f46a2873cb5965e68e,True,True,True,True,unverifiable: historical snapshots lost
48,neighbor,"0,1,7,3,4,5,6,2,8,9,10,11,12,13,14,15,16,17,18,19,20,21,22",7128eeb0f39ba391c0ae6ccbf5be6f5a633b8b3d32592775adf584410bb8c9ca,a422bf18e45f8831db55179cdb47a6fcb6eabbd75029336591ad9ba459258698,96.39706,96.886154,544,False,unit fuzzy loss,success_build,True,True,aa62853a494a59a3b49a0803a5ed4d4d5e7bd2ca2a7a19f46a2873cb5965e68e,True,True,True,True,unverifiable: historical snapshots lost
49,neighbor,"0,1,8,3,4,5,6,7,2,9,10,11,12,13,14,15,16,17,18,19,20,21,22",2046b9d2240eeeff8df2f2d6e914c36c19dd6e0708a9d81dbb5640ccf0346dea,15b96d4e06c410370748ac2db6d938e56d00b7ba9bffcb3f226589ff3beaea54,96.32353,96.87969,544,False,unit fuzzy loss,success_build,True,True,aa62853a494a59a3b49a0803a5ed4d4d5e7bd2ca2a7a19f46a2873cb5965e68e,True,True,True,True,unverifiable: historical snapshots lost
50,neighbor,"0,1,9,3,4,5,6,7,8,2,10,11,12,13,14,15,16,17,18,19,20,21,22",9b85bb76a314fbac3c5bd9de0c117463bd73e5b6c8f30abd9f6bc4fd05d367a6,ec16b52bfcd4b132b90d9d879ebc73ee652d4337202f371609c9a18c12120c89,96.69118,96.91203,544,True,,success_build,True,True,aa62853a494a59a3b49a0803a5ed4d4d5e7bd2ca2a7a19f46a2873cb5965e68e,True,True,True,True,unverifiable: historical snapshots lost
51,neighbor,"0,1,10,3,4,5,6,7,8,9,2,11,12,13,14,15,16,17,18,19,20,21,22",8eba0e3362f0bce5066cf84edf48d03e11082513532b8c173ecebc931dc8e3fb,ec16b52bfcd4b132b90d9d879ebc73ee652d4337202f371609c9a18c12120c89,96.69118,96.91203,544,True,,success_build,True,True,aa62853a494a59a3b49a0803a5ed4d4d5e7bd2ca2a7a19f46a2873cb5965e68e,True,True,True,True,unverifiable: historical snapshots lost
52,neighbor,"0,1,11,3,4,5,6,7,8,9,10,2,12,13,14,15,16,17,18,19,20,21,22",fcc7eb09a52dcd0471e1ccca4aa15ce3ec3c50963397c015a02458584fbb1c19,7b09bba999d5cd923c32dbecd3e52ffdde18560833cb3e6b1b91e5310c08cbb0,95.91912,96.84412,544,False,unit fuzzy loss,success_build,True,True,aa62853a494a59a3b49a0803a5ed4d4d5e7bd2ca2a7a19f46a2873cb5965e68e,True,True,True,True,unverifiable: historical snapshots lost
53,neighbor,"0,1,12,3,4,5,6,7,8,9,10,11,2,13,14,15,16,17,18,19,20,21,22",54bbd6c5f9ce6aae221390a3a3d786a559a5e53a7e748a8e3522938b9d33d859,551089546d50c4a01773873361f00142ab476e0f42474f2c0502e47dccdaae61,94.367645,96.707634,544,False,unit fuzzy loss,success_build,True,True,aa62853a494a59a3b49a0803a5ed4d4d5e7bd2ca2a7a19f46a2873cb5965e68e,True,True,True,True,unverifiable: historical snapshots lost
54,neighbor,"0,1,13,3,4,5,6,7,8,9,10,11,12,2,14,15,16,17,18,19,20,21,22",9b2191a06e51c6a5810e8cfd3881c981ec67c0456fb1e49b7567f08b9cf2a9cc,100e715dc7ff900199a12c1e17c763ba2340fcf0dbcc6b91cae85d1fa4683b8d,94.19118,96.69211,544,False,unit fuzzy loss,success_build,True,True,aa62853a494a59a3b49a0803a5ed4d4d5e7bd2ca2a7a19f46a2873cb5965e68e,True,True,True,True,unverifiable: historical snapshots lost
55,neighbor,"0,1,14,3,4,5,6,7,8,9,10,11,12,13,2,15,16,17,18,19,20,21,22",a36f541c0415360d16dd11d0471835ed4a9f618c0ced5acc959dbcbea5930253,ec16b52bfcd4b132b90d9d879ebc73ee652d4337202f371609c9a18c12120c89,96.69118,96.91203,544,True,,success_build,True,True,aa62853a494a59a3b49a0803a5ed4d4d5e7bd2ca2a7a19f46a2873cb5965e68e,True,True,True,True,unverifiable: historical snapshots lost
56,neighbor,"0,1,15,3,4,5,6,7,8,9,10,11,12,13,14,2,16,17,18,19,20,21,22",2bb2c2a5966d69e1a846b095298d6558ba96b642eb639f39056c75ad39451d75,385f7eb5a1de28c5118d8deb34fddf1759f795b1292bfed4540b4025a1e13249,95.625,96.81824,544,False,unit fuzzy loss,success_build,True,True,aa62853a494a59a3b49a0803a5ed4d4d5e7bd2ca2a7a19f46a2873cb5965e68e,True,True,True,True,unverifiable: historical snapshots lost
57,neighbor,"0,1,16,3,4,5,6,7,8,9,10,11,12,13,14,15,2,17,18,19,20,21,22",86f2a2933a9e5ca36cafae533065ecf58ddedea67e5682b1611cf0135d1d35f0,ec16b52bfcd4b132b90d9d879ebc73ee652d4337202f371609c9a18c12120c89,96.69118,96.91203,544,True,,success_build,True,True,aa62853a494a59a3b49a0803a5ed4d4d5e7bd2ca2a7a19f46a2873cb5965e68e,True,True,True,True,unverifiable: historical snapshots lost
58,neighbor,"0,1,17,3,4,5,6,7,8,9,10,11,12,13,14,15,16,2,18,19,20,21,22",22e395594a9aeefbeef6aa822110fa8ada02f9aa2be656cf03a1c7efc5c02d7a,6f56a51ce70d9c8e60f149975d6dabe59f8395de9ac1b4ac4bf178d82b520fa4,94.007355,96.67594,544,False,unit fuzzy loss,success_build,True,True,aa62853a494a59a3b49a0803a5ed4d4d5e7bd2ca2a7a19f46a2873cb5965e68e,True,True,True,True,unverifiable: historical snapshots lost
59,neighbor,"0,1,18,3,4,5,6,7,8,9,10,11,12,13,14,15,16,17,2,19,20,21,22",d6e087513f648627f16f4ac84a30171eae1d10c91120d6406a68a3dfb033a281,b8e208c7e0f2ad7953ddc3b4e4206e033d25a33dba71bae9b0204f6b1a141f9d,93.93382,96.66947,544,False,unit fuzzy loss,success_build,True,True,aa62853a494a59a3b49a0803a5ed4d4d5e7bd2ca2a7a19f46a2873cb5965e68e,True,True,True,True,unverifiable: historical snapshots lost
60,neighbor,"0,1,19,3,4,5,6,7,8,9,10,11,12,13,14,15,16,17,18,2,20,21,22",2d9a66f6604dc2e4ffc672862f8bd2c6d7909326123a3f2ccf6ff88b5254fb05,3be4917740452065b6aeab2d46f6fb42dea38266869c584d2cc2fe55abaebc3d,95.29412,96.78913,544,False,unit fuzzy loss,success_build,True,True,aa62853a494a59a3b49a0803a5ed4d4d5e7bd2ca2a7a19f46a2873cb5965e68e,True,True,True,True,unverifiable: historical snapshots lost
61,neighbor,"0,1,20,3,4,5,6,7,8,9,10,11,12,13,14,15,16,17,18,19,2,21,22",3742da91041771b3bb4675577fd789ed845e4682c0c1a7e927823c2060d3fabb,1dd5fcbe4d2bbfd29182395c7b2cb51c342b08503ce51736713f4b0587a5d9cd,93.161766,96.601555,544,False,unit fuzzy loss,success_build,True,True,aa62853a494a59a3b49a0803a5ed4d4d5e7bd2ca2a7a19f46a2873cb5965e68e,True,True,True,True,unverifiable: historical snapshots lost
62,neighbor,"0,1,21,3,4,5,6,7,8,9,10,11,12,13,14,15,16,17,18,19,20,2,22",04eac364f3af0d3afb10fddc7bfe6611e577c7be3b7802d7f1b8bc36f336cd95,4ec6ef505f83a46254d843932cef67267acc17168dd953c8bd59fddb19ce8b47,94.55882,96.72445,544,False,unit fuzzy loss,success_build,True,True,aa62853a494a59a3b49a0803a5ed4d4d5e7bd2ca2a7a19f46a2873cb5965e68e,True,True,True,True,unverifiable: historical snapshots lost
63,neighbor,"0,1,22,3,4,5,6,7,8,9,10,11,12,13,14,15,16,17,18,19,20,21,2",d07b6f074b2079654eba3b6478763ea17a37ddac2ce4f0efff77e3c73d6d7109,9209e305be198c941a29494f5313beff97969b5ee20904bbe9cf33c442db43ee,91.25,96.43338,544,False,unit fuzzy loss,success_build,True,True,aa62853a494a59a3b49a0803a5ed4d4d5e7bd2ca2a7a19f46a2873cb5965e68e,True,True,True,True,unverifiable: historical snapshots lost
64,neighbor,"0,1,2,4,3,5,6,7,8,9,10,11,12,13,14,15,16,17,18,19,20,21,22",492594b9ed24d183d469c322da8eb0195dd4150dd90df65d605e6b7d4b31e7cf,ec16b52bfcd4b132b90d9d879ebc73ee652d4337202f371609c9a18c12120c89,96.69118,96.91203,544,True,,success_build,True,True,aa62853a494a59a3b49a0803a5ed4d4d5e7bd2ca2a7a19f46a2873cb5965e68e,True,True,True,True,unverifiable: historical snapshots lost
65,neighbor,"0,1,2,5,4,3,6,7,8,9,10,11,12,13,14,15,16,17,18,19,20,21,22",9b988de18cae0ed2ef2919c33445caf2b679bde0bbc7a14c57c11f0a00217c04,f1fad7c2b69f9de0e57dfcdedf1576e24c2c3ad310417661b1e56f42b53fb432,96.54412,96.89909,544,False,unit fuzzy loss,success_build,True,True,aa62853a494a59a3b49a0803a5ed4d4d5e7bd2ca2a7a19f46a2873cb5965e68e,True,True,True,True,unverifiable: historical snapshots lost
66,neighbor,"0,1,2,6,4,5,3,7,8,9,10,11,12,13,14,15,16,17,18,19,20,21,22",43f8cefddb56ef5c1515ffba853fe6038be9c6b651ed241da30b9533ce2001ed,b8d1bdc306c9c60b9786f96913716812ae9721bb95753969821df5fa7f3d3a7c,96.76471,96.9185,544,True,,success_build,True,True,aa62853a494a59a3b49a0803a5ed4d4d5e7bd2ca2a7a19f46a2873cb5965e68e,True,True,True,True,unverifiable: historical snapshots lost
67,neighbor,"0,1,2,7,4,5,6,3,8,9,10,11,12,13,14,15,16,17,18,19,20,21,22",13e668b3cb3aa5fe61a867f9b6b36c2f302e219e85193e98fe96ea6293e8c75d,03e982502fd048b99d0b5f350e87a625d4a5cb0a5c5c07c564d303b05345894a,96.69118,96.91203,544,True,,success_build,True,True,aa62853a494a59a3b49a0803a5ed4d4d5e7bd2ca2a7a19f46a2873cb5965e68e,True,True,True,True,unverifiable: historical snapshots lost
68,neighbor,"0,1,2,8,4,5,6,7,3,9,10,11,12,13,14,15,16,17,18,19,20,21,22",e502717e6b6c5154854196c9246630f187622766f8defcfaf0a51944b53d9ce5,f0b3dd15017c83968c7590f5a2a5c5d73046a7e8dfc465523183dd84a9e1dad0,96.617645,96.90556,544,False,unit fuzzy loss,success_build,True,True,aa62853a494a59a3b49a0803a5ed4d4d5e7bd2ca2a7a19f46a2873cb5965e68e,True,True,True,True,unverifiable: historical snapshots lost
69,neighbor,"0,1,2,9,4,5,6,7,8,3,10,11,12,13,14,15,16,17,18,19,20,21,22",0c45f6a0b1c170c5a2aee901dd58d2fac4d142c8c5ea10aa0201c05dfa8896dd,c30ee157392af89f4cf851609a8c1255e2abb62578f0e1b6c14792998e761cbf,96.213234,96.86999,544,False,unit fuzzy loss,success_build,True,True,aa62853a494a59a3b49a0803a5ed4d4d5e7bd2ca2a7a19f46a2873cb5965e68e,True,True,True,True,unverifiable: historical snapshots lost
70,neighbor,"0,1,2,10,4,5,6,7,8,9,3,11,12,13,14,15,16,17,18,19,20,21,22",0cd071b38caa9131f42277ac51f9ddb89b74d68ed190c742ddc70abd61fa227b,c30ee157392af89f4cf851609a8c1255e2abb62578f0e1b6c14792998e761cbf,96.213234,96.86999,544,False,unit fuzzy loss,success_build,True,True,aa62853a494a59a3b49a0803a5ed4d4d5e7bd2ca2a7a19f46a2873cb5965e68e,True,True,True,True,unverifiable: historical snapshots lost
71,neighbor,"0,1,2,11,4,5,6,7,8,9,10,3,12,13,14,15,16,17,18,19,20,21,22",f9a28b74b42c7bfe8a9a6a83267a00126ccc6b4bdd623cfdb6fb2b0e37686bf3,8228d42adcdab4f4280a267dede216af46a6fa878ca2db3512af81fe1ba6dda5,96.06618,96.85705,544,False,unit fuzzy loss,success_build,True,True,aa62853a494a59a3b49a0803a5ed4d4d5e7bd2ca2a7a19f46a2873cb5965e68e,True,True,True,True,unverifiable: historical snapshots lost
72,neighbor,"0,1,2,12,4,5,6,7,8,9,10,11,3,13,14,15,16,17,18,19,20,21,22",b7736355cde43710cf34a5f91445e04d30f874a27de7c8d9a3f5ade274a9ec9b,cb1a4d72989426a83771af94c330964c00a3fd5c57e4e77d1ee88c63660cf7c9,94.992645,96.76261,544,False,unit fuzzy loss,success_build,True,True,aa62853a494a59a3b49a0803a5ed4d4d5e7bd2ca2a7a19f46a2873cb5965e68e,True,True,True,True,unverifiable: historical snapshots lost
73,neighbor,"0,1,2,13,4,5,6,7,8,9,10,11,12,3,14,15,16,17,18,19,20,21,22",988d85272b57a29e82eca1e986837d648f74f67801f8cb35436cd45f9593a7d7,ba510d947a602f9491dfaaafa5c0ec8de375904257eeb6ded51825a3df02dfbc,95.036766,96.766495,544,False,unit fuzzy loss,success_build,True,True,aa62853a494a59a3b49a0803a5ed4d4d5e7bd2ca2a7a19f46a2873cb5965e68e,True,True,True,True,unverifiable: historical snapshots lost
74,neighbor,"0,1,2,14,4,5,6,7,8,9,10,11,12,13,3,15,16,17,18,19,20,21,22",28553e64c4312dc1eea5c3632a31747b1a1755acee7291509b66915386b17395,cd56aacca2da32221506451b6c30b67049c0efbcf306738e6b76cbf10432840d,95.51471,96.80854,544,False,unit fuzzy loss,success_build,True,True,aa62853a494a59a3b49a0803a5ed4d4d5e7bd2ca2a7a19f46a2873cb5965e68e,True,True,True,True,unverifiable: historical snapshots lost
75,neighbor,"0,1,2,15,4,5,6,7,8,9,10,11,12,13,14,3,16,17,18,19,20,21,22",7b9c012034042e1031948fc74332a3c9e409bb92d0a07424484deabfa807f707,d20993e3c074e0fda481a59db6ddf9e2444b753efdc4473df47fd30d6f8c63f4,96.43382,96.88939,544,False,unit fuzzy loss,success_build,True,True,aa62853a494a59a3b49a0803a5ed4d4d5e7bd2ca2a7a19f46a2873cb5965e68e,True,True,True,True,unverifiable: historical snapshots lost
76,neighbor,"0,1,2,16,4,5,6,7,8,9,10,11,12,13,14,15,3,17,18,19,20,21,22",5922059e6604b46398867864b88e6f298760f91892ddfda2b18bf47c30c81432,8ef4c9f8924bbcc31a3c162fbe2b5b0e972ff09d595671d81f96613e8981998c,95.29412,96.78913,544,False,unit fuzzy loss,success_build,True,True,aa62853a494a59a3b49a0803a5ed4d4d5e7bd2ca2a7a19f46a2873cb5965e68e,True,True,True,True,unverifiable: historical snapshots lost
77,neighbor,"0,1,2,17,4,5,6,7,8,9,10,11,12,13,14,15,16,3,18,19,20,21,22",754f66e6cba37d8a22cd7777a1eb0904bc3f7894c1b25f45f1a1eca8ad2f8d2a,ab0356ee031838e852a80e175d61e2196e84f097b689ecd91357199a43bed7dd,95.036766,96.766495,544,False,unit fuzzy loss,success_build,True,True,aa62853a494a59a3b49a0803a5ed4d4d5e7bd2ca2a7a19f46a2873cb5965e68e,True,True,True,True,unverifiable: historical snapshots lost
78,neighbor,"0,1,2,18,4,5,6,7,8,9,10,11,12,13,14,15,16,17,3,19,20,21,22",86bc88dafb995c5856b569ad19a1f3cc926540bfe807978f724d718b342b7654,ac037ba0fe6e9c934bc3943d76ffdc9823d0a8393936de74cb9cfce04c5bebe6,95.07353,96.76973,544,False,unit fuzzy loss,success_build,True,True,aa62853a494a59a3b49a0803a5ed4d4d5e7bd2ca2a7a19f46a2873cb5965e68e,True,True,True,True,unverifiable: historical snapshots lost
79,neighbor,"0,1,2,19,4,5,6,7,8,9,10,11,12,13,14,15,16,17,18,3,20,21,22",9aeebea7911bbc905a7f1102e9542f69b1ee48ca00839c59106409463259f2f1,214a5538c669bda2b22a79b4756cf1306831560bea100ea3d414fc7efcb58da0,96.507355,96.89586,544,False,unit fuzzy loss,success_build,True,True,aa62853a494a59a3b49a0803a5ed4d4d5e7bd2ca2a7a19f46a2873cb5965e68e,True,True,True,True,unverifiable: historical snapshots lost
80,neighbor,"0,1,2,20,4,5,6,7,8,9,10,11,12,13,14,15,16,17,18,19,3,21,22",988a24a471d11ec800a6f6d52210b4b9d7aa3d0556e476739ec46ce45d1df7c8,8b3449e8ebaadf3a6509a6e58d22cc8cf675cd3eea6fb736e08eef4f1b352452,94.15441,96.68887,544,False,unit fuzzy loss,success_build,True,True,aa62853a494a59a3b49a0803a5ed4d4d5e7bd2ca2a7a19f46a2873cb5965e68e,True,True,True,True,unverifiable: historical snapshots lost
81,neighbor,"0,1,2,21,4,5,6,7,8,9,10,11,12,13,14,15,16,17,18,19,20,3,22",4d33e89ad52be95d9836b3c1d9462a1e1cc9f20f1044f75e7617c5797facace2,4d9d3ce8b2657e89a3109954c441ed520293a0f527cbe38898835eb99dd702c8,95.661766,96.82147,544,False,unit fuzzy loss,success_build,True,True,aa62853a494a59a3b49a0803a5ed4d4d5e7bd2ca2a7a19f46a2873cb5965e68e,True,True,True,True,unverifiable: historical snapshots lost
82,neighbor,"0,1,2,22,4,5,6,7,8,9,10,11,12,13,14,15,16,17,18,19,20,21,3",243a3c4f0ca435582ca6da355986f8146e33e6a383e7e2816e355dc94a98ae69,1f3b8033de43ce8bd1da9a761d00323471192a5eaff7a5ac16d770b4d966e99b,92.16912,96.51423,544,False,unit fuzzy loss,success_build,True,True,aa62853a494a59a3b49a0803a5ed4d4d5e7bd2ca2a7a19f46a2873cb5965e68e,True,True,True,True,unverifiable: historical snapshots lost
83,neighbor,"0,1,2,3,5,4,6,7,8,9,10,11,12,13,14,15,16,17,18,19,20,21,22",e41ae457d79d0d34203eaeb917c966b564c4f1c814f78b187d796a905426d083,ec16b52bfcd4b132b90d9d879ebc73ee652d4337202f371609c9a18c12120c89,96.69118,96.91203,544,True,,success_build,True,True,aa62853a494a59a3b49a0803a5ed4d4d5e7bd2ca2a7a19f46a2873cb5965e68e,True,True,True,True,unverifiable: historical snapshots lost
84,neighbor,"0,1,2,3,6,5,4,7,8,9,10,11,12,13,14,15,16,17,18,19,20,21,22",a067f4b9188f8f18c85b5cd966b0d6bea60f089e1d52d23410ba0b28359021c1,7ef6572cc23c155744130d2fc4a81e3f879c344e4dc513dfb2d643385c1d7784,96.58088,96.90233,544,False,unit fuzzy loss,success_build,True,True,aa62853a494a59a3b49a0803a5ed4d4d5e7bd2ca2a7a19f46a2873cb5965e68e,True,True,True,True,unverifiable: historical snapshots lost
85,neighbor,"0,1,2,3,7,5,6,4,8,9,10,11,12,13,14,15,16,17,18,19,20,21,22",439e42d0a83d7803d59b0e48a318691e697d72ef64a6850e525d84d7d863a5e7,b03075e23eec03adb5931a030dfa5597bbd3081249a8eb28de62ad13bc5e651f,96.39706,96.886154,544,False,unit fuzzy loss,success_build,True,True,aa62853a494a59a3b49a0803a5ed4d4d5e7bd2ca2a7a19f46a2873cb5965e68e,True,True,True,True,unverifiable: historical snapshots lost
86,neighbor,"0,1,2,3,8,5,6,7,4,9,10,11,12,13,14,15,16,17,18,19,20,21,22",7b6e145285a20b38df1e76a488555302123fe845e3d1556baed9800ea375aeec,d19b59e809f0978bc18e16482dfe688359d74e1fbda250a0e3ab1b75397245d7,96.25,96.87322,544,False,unit fuzzy loss,success_build,True,True,aa62853a494a59a3b49a0803a5ed4d4d5e7bd2ca2a7a19f46a2873cb5965e68e,True,True,True,True,unverifiable: historical snapshots lost
87,neighbor,"0,1,2,3,9,5,6,7,8,4,10,11,12,13,14,15,16,17,18,19,20,21,22",fc9a33afef1e96d06827b5c18995c66679d3671208c7cc521fdbcb50e43d27dd,ec16b52bfcd4b132b90d9d879ebc73ee652d4337202f371609c9a18c12120c89,96.69118,96.91203,544,True,,success_build,True,True,aa62853a494a59a3b49a0803a5ed4d4d5e7bd2ca2a7a19f46a2873cb5965e68e,True,True,True,True,unverifiable: historical snapshots lost
88,neighbor,"0,1,2,3,10,5,6,7,8,9,4,11,12,13,14,15,16,17,18,19,20,21,22",992dda5bf12f7941134e7adc0f090157de73aff0849194223006e214f68dd223,ec16b52bfcd4b132b90d9d879ebc73ee652d4337202f371609c9a18c12120c89,96.69118,96.91203,544,True,,success_build,True,True,aa62853a494a59a3b49a0803a5ed4d4d5e7bd2ca2a7a19f46a2873cb5965e68e,True,True,True,True,unverifiable: historical snapshots lost
89,neighbor,"0,1,2,3,11,5,6,7,8,9,10,4,12,13,14,15,16,17,18,19,20,21,22",c74cbde31e60adac74d16bb44186d32b0803d28ba2c8aad286cdf11c34c65585,1bbdf9e66d30bbbbce176ab602769354374f582fbdb3a5e2ea43a3968f3274a2,95.992645,96.850586,544,False,unit fuzzy loss,success_build,True,True,aa62853a494a59a3b49a0803a5ed4d4d5e7bd2ca2a7a19f46a2873cb5965e68e,True,True,True,True,unverifiable: historical snapshots lost
90,neighbor,"0,1,2,3,12,5,6,7,8,9,10,11,4,13,14,15,16,17,18,19,20,21,22",792f3507b909457e5018fb4e4f510329ea3354ca1a829a0a3d35179a879f8798,c46d93b9e28be8708605096df77943d49af08bd6f9e4a71e3ef1a9098d8ec116,94.29412,96.701164,544,False,unit fuzzy loss,success_build,True,True,aa62853a494a59a3b49a0803a5ed4d4d5e7bd2ca2a7a19f46a2873cb5965e68e,True,True,True,True,unverifiable: historical snapshots lost
91,neighbor,"0,1,2,3,13,5,6,7,8,9,10,11,12,4,14,15,16,17,18,19,20,21,22",4864cdbaa8a08c447eb4af6c02e7c4aee0b6a1e6e1cad01a07787793c4d7fa4b,1fdc1edff816241053991bcaf3571ae9ff549cacf6547b706a2b95778672b996,94.117645,96.68564,544,False,unit fuzzy loss,success_build,True,True,aa62853a494a59a3b49a0803a5ed4d4d5e7bd2ca2a7a19f46a2873cb5965e68e,True,True,True,True,unverifiable: historical snapshots lost
92,neighbor,"0,1,2,3,14,5,6,7,8,9,10,11,12,13,4,15,16,17,18,19,20,21,22",a1508391d44cc8ec8f0a9cc8b7ccb40fa986e1f8d09e6ad9a754e1c00286ff80,ec16b52bfcd4b132b90d9d879ebc73ee652d4337202f371609c9a18c12120c89,96.69118,96.91203,544,True,,success_build,True,True,aa62853a494a59a3b49a0803a5ed4d4d5e7bd2ca2a7a19f46a2873cb5965e68e,True,True,True,True,unverifiable: historical snapshots lost
93,neighbor,"0,1,2,3,15,5,6,7,8,9,10,11,12,13,14,4,16,17,18,19,20,21,22",091c9336338b92b0c9d87954577fb264abb640a7a2433f79585ac7b73c310d77,a85fc7a97d73f0fa65de7d2e58728629f07b86d6b198be67f8b0d64b418f45fe,95.40441,96.798836,544,False,unit fuzzy loss,success_build,True,True,aa62853a494a59a3b49a0803a5ed4d4d5e7bd2ca2a7a19f46a2873cb5965e68e,True,True,True,True,unverifiable: historical snapshots lost
94,neighbor,"0,1,2,3,16,5,6,7,8,9,10,11,12,13,14,15,4,17,18,19,20,21,22",e58400beb95f7c1084990765dc952f39cc9896751700db7560f0b77e9796c4b3,ec16b52bfcd4b132b90d9d879ebc73ee652d4337202f371609c9a18c12120c89,96.69118,96.91203,544,True,,success_build,True,True,aa62853a494a59a3b49a0803a5ed4d4d5e7bd2ca2a7a19f46a2873cb5965e68e,True,True,True,True,unverifiable: historical snapshots lost
95,neighbor,"0,1,2,3,17,5,6,7,8,9,10,11,12,13,14,15,16,4,18,19,20,21,22",609b95eaa8454132913b8cdcf402b5db1d352c459540cb0c3cd1ed0d0d2247c8,0d52c477c236f5d9de7b887d701f4b851379804a5e663c09f57f65597f52ec06,95.29412,96.78913,544,False,unit fuzzy loss,success_build,True,True,aa62853a494a59a3b49a0803a5ed4d4d5e7bd2ca2a7a19f46a2873cb5965e68e,True,True,True,True,unverifiable: historical snapshots lost
96,neighbor,"0,1,2,3,18,5,6,7,8,9,10,11,12,13,14,15,16,17,4,19,20,21,22",31bfb6ac4a80e187598d088e06912b5259fe0e4344c2d7d3ec7de394e382adfd,ef0402e2bb4f2ffa1b886b1398dab81952251b0d64e2f975fb213538bdf26dbb,95.22059,96.78266,544,False,unit fuzzy loss,success_build,True,True,aa62853a494a59a3b49a0803a5ed4d4d5e7bd2ca2a7a19f46a2873cb5965e68e,True,True,True,True,unverifiable: historical snapshots lost
97,neighbor,"0,1,2,3,19,5,6,7,8,9,10,11,12,13,14,15,16,17,18,4,20,21,22",b4129e09e4131dbb56251dabcf749dfce7ad0452db4abd782045016db5b44c36,bfaee302c1ea8a9e2fee8d8d534d1845a180ea5ba273dcb05489c204b8563394,95.07353,96.76973,544,False,unit fuzzy loss,success_build,True,True,aa62853a494a59a3b49a0803a5ed4d4d5e7bd2ca2a7a19f46a2873cb5965e68e,True,True,True,True,unverifiable: historical snapshots lost
98,neighbor,"0,1,2,3,20,5,6,7,8,9,10,11,12,13,14,15,16,17,18,19,4,21,22",143c6a04a16dd80e6f2460d8afff42444651370bc452d0577083ec28a95b2088,c226bcf22f7072ad95e15989a3ad24e4ec26eb848a9d256949a6d180cf6bb2fe,93.01471,96.588615,544,False,unit fuzzy loss,success_build,True,True,aa62853a494a59a3b49a0803a5ed4d4d5e7bd2ca2a7a19f46a2873cb5965e68e,True,True,True,True,unverifiable: historical snapshots lost
99,neighbor,"0,1,2,3,21,5,6,7,8,9,10,11,12,13,14,15,16,17,18,19,20,4,22",77645097347bdc1be831d33c08e0f781610c30380c8221b5920d2e3a5b114e4b,7e39625a6398016d74b50aa7b4290c956f534aa86aab4dd19516592fa9c37418,92.94118,96.582146,544,False,unit fuzzy loss,success_build,True,True,aa62853a494a59a3b49a0803a5ed4d4d5e7bd2ca2a7a19f46a2873cb5965e68e,True,True,True,True,unverifiable: historical snapshots lost
100,neighbor,"0,1,2,3,22,5,6,7,8,9,10,11,12,13,14,15,16,17,18,19,20,21,4",ad0895016aa7e1dd56a64321b3f56c66eb07911f45b16a3c16f94f08440e8ce9,841b8a7469968b2337756656f4e08ce6fc708bfa245f36f564601479124baf2c,91.47059,96.45278,544,False,unit fuzzy loss,success_build,True,True,aa62853a494a59a3b49a0803a5ed4d4d5e7bd2ca2a7a19f46a2873cb5965e68e,True,True,True,True,unverifiable: historical snapshots lost
101,neighbor,"0,1,2,3,4,6,5,7,8,9,10,11,12,13,14,15,16,17,18,19,20,21,22",2f78b82321aeb6cebed8f6a24466a5ec9834a53e516f44c7c12f14dc1c269dc0,7ef6572cc23c155744130d2fc4a81e3f879c344e4dc513dfb2d643385c1d7784,96.58088,96.90233,544,False,unit fuzzy loss,success_build,True,True,aa62853a494a59a3b49a0803a5ed4d4d5e7bd2ca2a7a19f46a2873cb5965e68e,True,True,True,True,unverifiable: historical snapshots lost
102,neighbor,"0,1,2,3,4,7,6,5,8,9,10,11,12,13,14,15,16,17,18,19,20,21,22",f8f68f74e4f2964d4b4d3a80f0ccbb99932c8cbbe1e586394408a537961e3f9f,f79b8baa07e105b191fe654488a003ecac4c3af2993266566b0456eba16ebb16,96.32353,96.87969,544,False,unit fuzzy loss,success_build,True,True,aa62853a494a59a3b49a0803a5ed4d4d5e7bd2ca2a7a19f46a2873cb5965e68e,True,True,True,True,unverifiable: historical snapshots lost
103,neighbor,"0,1,2,3,4,8,6,7,5,9,10,11,12,13,14,15,16,17,18,19,20,21,22",fb9f0c42105566e800c96ff81c5874915f58695b992133b674abdf8439972f03,26a60892a3d2df59e5849473d08972d31abcb0242d5ec69ebd68dfe0b36a95fc,96.17647,96.86675,544,False,unit fuzzy loss,success_build,True,True,aa62853a494a59a3b49a0803a5ed4d4d5e7bd2ca2a7a19f46a2873cb5965e68e,True,True,True,True,unverifiable: historical snapshots lost
104,neighbor,"0,1,2,3,4,9,6,7,8,5,10,11,12,13,14,15,16,17,18,19,20,21,22",7ba4ff9ab7c2908896ad59b47975e83f004796479ac3c9b78e325bb608e71646,36208043cc7e42187c7ea4bba71d85ba31b3430148e3c396e51549eb83898918,96.25,96.87322,544,False,unit fuzzy loss,success_build,True,True,aa62853a494a59a3b49a0803a5ed4d4d5e7bd2ca2a7a19f46a2873cb5965e68e,True,True,True,True,unverifiable: historical snapshots lost
105,neighbor,"0,1,2,3,4,10,6,7,8,9,5,11,12,13,14,15,16,17,18,19,20,21,22",2d5ea9449ec4f9d2f3839b703d26b79bf8a708ba1e60862b8c659405e99e3100,36208043cc7e42187c7ea4bba71d85ba31b3430148e3c396e51549eb83898918,96.25,96.87322,544,False,unit fuzzy loss,success_build,True,True,aa62853a494a59a3b49a0803a5ed4d4d5e7bd2ca2a7a19f46a2873cb5965e68e,True,True,True,True,unverifiable: historical snapshots lost
106,neighbor,"0,1,2,3,4,11,6,7,8,9,10,5,12,13,14,15,16,17,18,19,20,21,22",f55124450730b0caf8483898775d76a9ded4eeab74ebe01537e6521978641b14,158e4d1afc9260db5161c0773d1495cc025462e2901c029527c6cc6874f2cad6,96.13971,96.86352,544,False,unit fuzzy loss,success_build,True,True,aa62853a494a59a3b49a0803a5ed4d4d5e7bd2ca2a7a19f46a2873cb5965e68e,True,True,True,True,unverifiable: historical snapshots lost
107,neighbor,"0,1,2,3,4,12,6,7,8,9,10,11,5,13,14,15,16,17,18,19,20,21,22",dd715b8f4c13337e61a5b2764c46d3f44fc956e40e387c9e0f3df3afc1956b12,243156d39e175f1b0ef27a8e4cc413156a078aee1e95b7938c622eb7d9682deb,94.55147,96.7238,544,False,unit fuzzy loss,success_build,True,True,aa62853a494a59a3b49a0803a5ed4d4d5e7bd2ca2a7a19f46a2873cb5965e68e,True,True,True,True,unverifiable: historical snapshots lost
108,neighbor,"0,1,2,3,4,13,6,7,8,9,10,11,12,5,14,15,16,17,18,19,20,21,22",bd9d1b39992a17321ce86acbc6efa9a57dfccd3d33e03cbaf09296ae78452d74,e28a59b40ede06a4a6503ef612c45fa8dbb12bf5640d0bdeed9b80cb9f54bf4a,94.48529,96.71798,544,False,unit fuzzy loss,success_build,True,True,aa62853a494a59a3b49a0803a5ed4d4d5e7bd2ca2a7a19f46a2873cb5965e68e,True,True,True,True,unverifiable: historical snapshots lost
109,neighbor,"0,1,2,3,4,14,6,7,8,9,10,11,12,13,5,15,16,17,18,19,20,21,22",0c0cb533f61d15363574cee41e30986f13958a7224dd002fe9b1938e18ae5028,12dc58b2f883d63136651fc6109f3f410089af6cf60079211096c2216ea68fcd,95.44118,96.80207,544,False,unit fuzzy loss,success_build,True,True,aa62853a494a59a3b49a0803a5ed4d4d5e7bd2ca2a7a19f46a2873cb5965e68e,True,True,True,True,unverifiable: historical snapshots lost
110,neighbor,"0,1,2,3,4,15,6,7,8,9,10,11,12,13,14,5,16,17,18,19,20,21,22",f1949ab7ac0554513d1ce91660b1caffb0a92b65cd2091295274093cafea3e29,81323dd3b354f5e8518d3f5cce7b3ef2dbe30cbc45f77c5695e615d107b5bb54,96.36029,96.88293,544,False,unit fuzzy loss,success_build,True,True,aa62853a494a59a3b49a0803a5ed4d4d5e7bd2ca2a7a19f46a2873cb5965e68e,True,True,True,True,unverifiable: historical snapshots lost
111,neighbor,"0,1,2,3,4,16,6,7,8,9,10,11,12,13,14,15,5,17,18,19,20,21,22",b2536111eeaad327a6c94cf9c6d2190e56faaed022af452d18c6d7be411221a4,ef78655bb2d62d623cf38937bc8941a511d4445159d504ca32084c77e82ef7d1,95.22059,96.78266,544,False,unit fuzzy loss,success_build,True,True,aa62853a494a59a3b49a0803a5ed4d4d5e7bd2ca2a7a19f46a2873cb5965e68e,True,True,True,True,unverifiable: historical snapshots lost
112,neighbor,"0,1,2,3,4,17,6,7,8,9,10,11,12,13,14,15,16,5,18,19,20,21,22",a5c17a6254564125e38e538bd378bc1366416b5eef6c55bd8bd65a6625d362d1,732bacb89192916669ae601e993899d195f5c5abc3cca76a08cc7d6ed59afbd7,96.47059,96.892624,544,False,unit fuzzy loss,success_build,True,True,aa62853a494a59a3b49a0803a5ed4d4d5e7bd2ca2a7a19f46a2873cb5965e68e,True,True,True,True,unverifiable: historical snapshots lost
113,neighbor,"0,1,2,3,4,18,6,7,8,9,10,11,12,13,14,15,16,17,5,19,20,21,22",117304419cda288db3776b7bb6c861cb96c9c884a0717ed9d410fd47c31b89af,506be9408e715cea1431a3736ddb9645aaddb035ec0809acb19f2923df07fbb6,96.507355,96.89586,544,False,unit fuzzy loss,success_build,True,True,aa62853a494a59a3b49a0803a5ed4d4d5e7bd2ca2a7a19f46a2873cb5965e68e,True,True,True,True,unverifiable: historical snapshots lost
114,neighbor,"0,1,2,3,4,19,6,7,8,9,10,11,12,13,14,15,16,17,18,5,20,21,22",dcefdc36d595244bfea1b468bd7d85d3f020c0711ffe3e8a3bb87f930e2f84c1,c64bef825c81d9d288a7a7b92f34612c4fa8458884b8a3025e1733d56f4cafee,96.43382,96.88939,544,False,unit fuzzy loss,success_build,True,True,aa62853a494a59a3b49a0803a5ed4d4d5e7bd2ca2a7a19f46a2873cb5965e68e,True,True,True,True,unverifiable: historical snapshots lost
115,neighbor,"0,1,2,3,4,20,6,7,8,9,10,11,12,13,14,15,16,17,18,19,5,21,22",50862b31334710cd24d71beccf2b5702a50d6a907dcf3dd23515ced39c049804,c44673502c3bb6e5ab666f83b8d2365c6f4c3b360d7a386c1045407609f1b8f3,95.77206,96.83118,544,False,unit fuzzy loss,success_build,True,True,aa62853a494a59a3b49a0803a5ed4d4d5e7bd2ca2a7a19f46a2873cb5965e68e,True,True,True,True,unverifiable: historical snapshots lost
116,neighbor,"0,1,2,3,4,21,6,7,8,9,10,11,12,13,14,15,16,17,18,19,20,5,22",1b62d445015b5171a92a7cad085de80def6a51dcc0c983f631bee4732755eca0,76c41f4e772918b6673cd23475dc6ce13f42fd7c0e6015d383411e4699b37409,95.588234,96.81501,544,False,unit fuzzy loss,success_build,True,True,aa62853a494a59a3b49a0803a5ed4d4d5e7bd2ca2a7a19f46a2873cb5965e68e,True,True,True,True,unverifiable: historical snapshots lost
117,neighbor,"0,1,2,3,4,22,6,7,8,9,10,11,12,13,14,15,16,17,18,19,20,21,5",76cd0d27fce908eca877e9875274552347d578467b66e4e31cab606c707b5154,06a64e6e079be4162f2bb0481a4e4f94b6ea5990ec52eded3bdfe992d4778ab5,95.036766,96.766495,544,False,unit fuzzy loss,success_build,True,True,aa62853a494a59a3b49a0803a5ed4d4d5e7bd2ca2a7a19f46a2873cb5965e68e,True,True,True,True,unverifiable: historical snapshots lost
118,neighbor,"0,1,2,3,4,5,7,6,8,9,10,11,12,13,14,15,16,17,18,19,20,21,22",5cace6491f6cfd1a625e8a99859bf6904e733d539c7edecb94f768c90098837f,4ddd097da583c0dbd53c6c09a40a5c1012eb0b89e0fea70ad574df044698b614,96.507355,96.89586,544,False,unit fuzzy loss,success_build,True,True,aa62853a494a59a3b49a0803a5ed4d4d5e7bd2ca2a7a19f46a2873cb5965e68e,True,True,True,True,unverifiable: historical snapshots lost
119,neighbor,"0,1,2,3,4,5,8,7,6,9,10,11,12,13,14,15,16,17,18,19,20,21,22",e81778fc0b44ad1554993b764249316c069f6dc3099d733a5d2fc835871dceb4,de2142e0a69f96243b831f98ecda8166975f43d72e9cc959eec727f0e6c6ebde,96.36029,96.88293,544,False,unit fuzzy loss,success_build,True,True,aa62853a494a59a3b49a0803a5ed4d4d5e7bd2ca2a7a19f46a2873cb5965e68e,True,True,True,True,unverifiable: historical snapshots lost
120,neighbor,"0,1,2,3,4,5,9,7,8,6,10,11,12,13,14,15,16,17,18,19,20,21,22",fd5e3162934c9db4e6e70613f2176988d3f28484bb63b726eb520c6fa854bc9a,69be3a106a3bc069c1fb5f2225e14d2e0e5cfcd77deef53fdd5218a5a44ff58c,96.36029,96.88293,544,False,unit fuzzy loss,success_build,True,True,aa62853a494a59a3b49a0803a5ed4d4d5e7bd2ca2a7a19f46a2873cb5965e68e,True,True,True,True,unverifiable: historical snapshots lost
121,neighbor,"0,1,2,3,4,5,10,7,8,9,6,11,12,13,14,15,16,17,18,19,20,21,22",a5ae00633824fec919c65c91f392ef156a408b638db7ec7282361b7ede01b9c4,69be3a106a3bc069c1fb5f2225e14d2e0e5cfcd77deef53fdd5218a5a44ff58c,96.36029,96.88293,544,False,unit fuzzy loss,success_build,True,True,aa62853a494a59a3b49a0803a5ed4d4d5e7bd2ca2a7a19f46a2873cb5965e68e,True,True,True,True,unverifiable: historical snapshots lost
122,neighbor,"0,1,2,3,4,5,11,7,8,9,10,6,12,13,14,15,16,17,18,19,20,21,22",85028bba522eeccd26835fa8ffe61fda9f5d76d36275639931917597c0b3546f,880236551445d3d146916427787c5baab960034da9c2b691e5822991d2c58dff,96.32353,96.87969,544,False,unit fuzzy loss,success_build,True,True,aa62853a494a59a3b49a0803a5ed4d4d5e7bd2ca2a7a19f46a2873cb5965e68e,True,True,True,True,unverifiable: historical snapshots lost
123,neighbor,"0,1,2,3,4,5,12,7,8,9,10,11,6,13,14,15,16,17,18,19,20,21,22",5a85f3235479adcf038f51137583af82006af6e8929c158a61ac94228c4de241,c3713fe90a6adcb68d73d5a4216358c717be0014b344547cbed47086be892e06,94.73529,96.739975,544,False,unit fuzzy loss,success_build,True,True,aa62853a494a59a3b49a0803a5ed4d4d5e7bd2ca2a7a19f46a2873cb5965e68e,True,True,True,True,unverifiable: historical snapshots lost
124,neighbor,"0,1,2,3,4,5,13,7,8,9,10,11,12,6,14,15,16,17,18,19,20,21,22",2aef92bd807b99c685c1becd3d341104b7f7bcf6f1be5b4346a08d83e3be16ec,b3390ca356d74d049dcba998b086902b16508cbcb078af5fc7377db3265d84fa,94.66912,96.73415,544,False,unit fuzzy loss,success_build,True,True,aa62853a494a59a3b49a0803a5ed4d4d5e7bd2ca2a7a19f46a2873cb5965e68e,True,True,True,True,unverifiable: historical snapshots lost
125,neighbor,"0,1,2,3,4,5,14,7,8,9,10,11,12,13,6,15,16,17,18,19,20,21,22",d0ea453fc70ddfa0f9f5795dcef9dc8bae01bbde72c15dd8e5a2f7571c408198,3691b7f1838c04d3e26bad91fbee476b213888f4c6b5297e4454bd269911a189,95.55147,96.811775,544,False,unit fuzzy loss,success_build,True,True,aa62853a494a59a3b49a0803a5ed4d4d5e7bd2ca2a7a19f46a2873cb5965e68e,True,True,True,True,unverifiable: historical snapshots lost
126,neighbor,"0,1,2,3,4,5,15,7,8,9,10,11,12,13,14,6,16,17,18,19,20,21,22",e8ba1ed77f67ff1c60d5ee57572d7845dd6ed3d3c1c36aca8742df4d94c4e484,da1ab6eb6db757f600271efa7fabd61a68f5eb6501a6aa58cbead29b4f80191a,96.47059,96.892624,544,False,unit fuzzy loss,success_build,True,True,aa62853a494a59a3b49a0803a5ed4d4d5e7bd2ca2a7a19f46a2873cb5965e68e,True,True,True,True,unverifiable: historical snapshots lost
127,neighbor,"0,1,2,3,4,5,16,7,8,9,10,11,12,13,14,15,6,17,18,19,20,21,22",f5f524a88c84202bea292e2af5827e239770c62884358cb78abe87cc5233797b,61b98a76ad5993a3254830886f7337153889eb74fd857241b5f27942f49c98f3,95.33088,96.792366,544,False,unit fuzzy loss,success_build,True,True,aa62853a494a59a3b49a0803a5ed4d4d5e7bd2ca2a7a19f46a2873cb5965e68e,True,True,True,True,unverifiable: historical snapshots lost
128,neighbor,"0,1,2,3,4,5,17,7,8,9,10,11,12,13,14,15,16,6,18,19,20,21,22",4044dea3ed15e3ce1f92188da30003e94aa91263885c8286f7154e1711c52d7c,c7cd86318c6f946d028c69e61b214806a8ad2321d8043f0600665d671b5b2e4d,96.58088,96.90233,544,False,unit fuzzy loss,success_build,True,True,aa62853a494a59a3b49a0803a5ed4d4d5e7bd2ca2a7a19f46a2873cb5965e68e,True,True,True,True,unverifiable: historical snapshots lost
129,neighbor,"0,1,2,3,4,5,18,7,8,9,10,11,12,13,14,15,16,17,6,19,20,21,22",05bfc1418d4e680d11ef0987ddec9542b83f7cf40682e6584fb19a6baed70ebd,2809a30bba99ba4884fbed78d71c2cbf1647e36974d5f2a2ed27706cf6c61fc6,96.617645,96.90556,544,False,unit fuzzy loss,success_build,True,True,aa62853a494a59a3b49a0803a5ed4d4d5e7bd2ca2a7a19f46a2873cb5965e68e,True,True,True,True,unverifiable: historical snapshots lost
130,neighbor,"0,1,2,3,4,5,19,7,8,9,10,11,12,13,14,15,16,17,18,6,20,21,22",70a930cf0f1a13968a4d48fbc10014ad3ba0f3f043e9aa4b8f7a45c800b53957,c623a265caa5b0f0b8f7fdcfcc95a9fa810c20b852b0706bc3d2fedc15f9cdbb,96.617645,96.90556,544,False,unit fuzzy loss,success_build,True,True,aa62853a494a59a3b49a0803a5ed4d4d5e7bd2ca2a7a19f46a2873cb5965e68e,True,True,True,True,unverifiable: historical snapshots lost
131,neighbor,"0,1,2,3,4,5,20,7,8,9,10,11,12,13,14,15,16,17,18,19,6,21,22",8dcba7562acd69dd604d2a6cfc7c5330816c057d7260fa5810bf6c0d9509775d,1c3cc3b004c875bff7894b3138eb8448297a212dcc80dfc9002a886324e89b81,95.91912,96.84412,544,False,unit fuzzy loss,success_build,True,True,aa62853a494a59a3b49a0803a5ed4d4d5e7bd2ca2a7a19f46a2873cb5965e68e,True,True,True,True,unverifiable: historical snapshots lost
132,neighbor,"0,1,2,3,4,5,21,7,8,9,10,11,12,13,14,15,16,17,18,19,20,6,22",e2314ed8a0f12b676d6009f0798efce0cd873d1ef4ec02a4f07608c9e3116099,981ced846c2bd5a2becb3ebad3abb8766ebe84f10362b6b0f1d14cb0cc22d094,95.69853,96.82471,544,False,unit fuzzy loss,success_build,True,True,aa62853a494a59a3b49a0803a5ed4d4d5e7bd2ca2a7a19f46a2873cb5965e68e,True,True,True,True,unverifiable: historical snapshots lost
133,neighbor,"0,1,2,3,4,5,22,7,8,9,10,11,12,13,14,15,16,17,18,19,20,21,6",a0d084d650e5e6a3d43f9213ff096fee2e446de0deb8dba08eb3e863aa6e4435,4b6dc8cffc41574f69a96579e53be74b9fe01fc2365c3f41650f24c2bde817c4,95.14706,96.7762,544,False,unit fuzzy loss,success_build,True,True,aa62853a494a59a3b49a0803a5ed4d4d5e7bd2ca2a7a19f46a2873cb5965e68e,True,True,True,True,unverifiable: historical snapshots lost
134,neighbor,"0,1,2,3,4,5,6,8,7,9,10,11,12,13,14,15,16,17,18,19,20,21,22",090743b99a740cf0f2544997b48ad43d4e9fc929dec5979400ddc76584c76f3d,22b6967a0971d5bddc2f0954d3722f0c51d37cbe6d970eb9f5d3a29c57a13f5e,96.617645,96.90556,544,False,unit fuzzy loss,success_build,True,True,aa62853a494a59a3b49a0803a5ed4d4d5e7bd2ca2a7a19f46a2873cb5965e68e,True,True,True,True,unverifiable: historical snapshots lost
135,neighbor,"0,1,2,3,4,5,6,9,8,7,10,11,12,13,14,15,16,17,18,19,20,21,22",e3d9ff8bceaadd689ec3af7ce04e78f6dd6b8f81e57cdeed42fdff1045fba2e3,22b6967a0971d5bddc2f0954d3722f0c51d37cbe6d970eb9f5d3a29c57a13f5e,96.617645,96.90556,544,False,unit fuzzy loss,success_build,True,True,aa62853a494a59a3b49a0803a5ed4d4d5e7bd2ca2a7a19f46a2873cb5965e68e,True,True,True,True,unverifiable: historical snapshots lost
136,neighbor,"0,1,2,3,4,5,6,10,8,9,7,11,12,13,14,15,16,17,18,19,20,21,22",bd3963e975d5ca7688fffc61d529786192752a545b3704750c5699cdc03e4d63,22b6967a0971d5bddc2f0954d3722f0c51d37cbe6d970eb9f5d3a29c57a13f5e,96.617645,96.90556,544,False,unit fuzzy loss,success_build,True,True,aa62853a494a59a3b49a0803a5ed4d4d5e7bd2ca2a7a19f46a2873cb5965e68e,True,True,True,True,unverifiable: historical snapshots lost
137,neighbor,"0,1,2,3,4,5,6,11,8,9,10,7,12,13,14,15,16,17,18,19,20,21,22",c484ecd12e25c0bc734d1afb4afa25e8b79b1d2c61270fdb6ee989482c9a03e6,e9ff352db2ccf7cde827cd9fc51c727d1d8370bfb01d6770e0b03c9024e47be2,96.286766,96.87646,544,False,unit fuzzy loss,success_build,True,True,aa62853a494a59a3b49a0803a5ed4d4d5e7bd2ca2a7a19f46a2873cb5965e68e,True,True,True,True,unverifiable: historical snapshots lost
138,neighbor,"0,1,2,3,4,5,6,12,8,9,10,11,7,13,14,15,16,17,18,19,20,21,22",ec36af71a8c17f84e92ab9029674ad2cea7dbd8732ddd57bc6f429a72f5dd9fe,c595b2ad74555b7e40f62cbfd0625541576ebbea43d3a9c957feb1d61fe01f58,94.992645,96.76261,544,False,unit fuzzy loss,success_build,True,True,aa62853a494a59a3b49a0803a5ed4d4d5e7bd2ca2a7a19f46a2873cb5965e68e,True,True,True,True,unverifiable: historical snapshots lost
139,neighbor,"0,1,2,3,4,5,6,13,8,9,10,11,12,7,14,15,16,17,18,19,20,21,22",48b05c9b55fc784881b7814e338a7700f40a58bb77132ca3cab90d0bfa91a93e,3d1b7dd14333b6cb838f347fb05109bdaed8201270d81ffe36af119db2a11d02,95.036766,96.766495,544,False,unit fuzzy loss,success_build,True,True,aa62853a494a59a3b49a0803a5ed4d4d5e7bd2ca2a7a19f46a2873cb5965e68e,True,True,True,True,unverifiable: historical snapshots lost
140,neighbor,"0,1,2,3,4,5,6,14,8,9,10,11,12,13,7,15,16,17,18,19,20,21,22",7f68520f8e7d15e1224de7c73c783f2cfb264458975c65655f75cedb1576f379,4d4a67c1c0817901dd93c5005dde97edb17c36578f7caccb529274e28b5a887c,95.91912,96.84412,544,False,unit fuzzy loss,success_build,True,True,aa62853a494a59a3b49a0803a5ed4d4d5e7bd2ca2a7a19f46a2873cb5965e68e,True,True,True,True,unverifiable: historical snapshots lost
141,neighbor,"0,1,2,3,4,5,6,15,8,9,10,11,12,13,14,7,16,17,18,19,20,21,22",2bddee9d05e747590a698bce20455b6499cc2341af2722096895a053cd84ab61,6840f14ac6364098148040790d7516378dc815241dd2ecb6f03a159af597efc0,96.213234,96.86999,544,False,unit fuzzy loss,success_build,True,True,aa62853a494a59a3b49a0803a5ed4d4d5e7bd2ca2a7a19f46a2873cb5965e68e,True,True,True,True,unverifiable: historical snapshots lost
142,neighbor,"0,1,2,3,4,5,6,16,8,9,10,11,12,13,14,15,7,17,18,19,20,21,22",779b5ff550a5c66bf8ed2ac796733617887552d21e03f297193f9242a1163db9,e394d4fa49a167904b6f5fc228d7b81a570d6be740b1b926602673a0c16ffcd8,95.69853,96.82471,544,False,unit fuzzy loss,success_build,True,True,aa62853a494a59a3b49a0803a5ed4d4d5e7bd2ca2a7a19f46a2873cb5965e68e,True,True,True,True,unverifiable: historical snapshots lost
143,neighbor,"0,1,2,3,4,5,6,17,8,9,10,11,12,13,14,15,16,7,18,19,20,21,22",7858a7a22b28cd994dcef35b03f107e56fe9a13012cdfa08713131db97e7d05e,b6bc73cd925d8f2aadb0396e502c9be3789061014d5189bfd4631ef53b82e129,94.88971,96.753555,544,False,unit fuzzy loss,success_build,True,True,aa62853a494a59a3b49a0803a5ed4d4d5e7bd2ca2a7a19f46a2873cb5965e68e,True,True,True,True,unverifiable: historical snapshots lost
144,neighbor,"0,1,2,3,4,5,6,18,8,9,10,11,12,13,14,15,16,17,7,19,20,21,22",67f22628c58e78e6320059f1c38ad2d229da3172a67bba18d8641c708590872f,94c4a30b4b4a6fb04a130cb603a5a06db9ffb44947b600f3e1818f5824969c0d,94.92647,96.75679,544,False,unit fuzzy loss,success_build,True,True,aa62853a494a59a3b49a0803a5ed4d4d5e7bd2ca2a7a19f46a2873cb5965e68e,True,True,True,True,unverifiable: historical snapshots lost
145,neighbor,"0,1,2,3,4,5,6,19,8,9,10,11,12,13,14,15,16,17,18,7,20,21,22",4e59d1e02fe1776c78633c8f2fc30e8e23a3c41845136ab1533d58c662a42f3b,dc8a37369b73b59208218d7a5549724cb1e746bc794258a8d5e856c2afd039de,96.72794,96.91527,544,True,,success_build,True,True,aa62853a494a59a3b49a0803a5ed4d4d5e7bd2ca2a7a19f46a2873cb5965e68e,True,True,True,True,unverifiable: historical snapshots lost
146,neighbor,"0,1,2,3,4,5,6,20,8,9,10,11,12,13,14,15,16,17,18,19,7,21,22",f2665416e7c153617e2228cc3614a14155ccf2363f0f2eeddb34e9f1410ee3f3,10d765855500bf51e782571a56f233063d239f0723c589ed9dabb05511235839,95.992645,96.850586,544,False,unit fuzzy loss,success_build,True,True,aa62853a494a59a3b49a0803a5ed4d4d5e7bd2ca2a7a19f46a2873cb5965e68e,True,True,True,True,unverifiable: historical snapshots lost
147,neighbor,"0,1,2,3,4,5,6,21,8,9,10,11,12,13,14,15,16,17,18,19,20,7,22",0be6618dd45ef5dbc3e87050ef869a27b46b16681538cba7158a47e6385ce071,c2549112edbd254f18edde85deba881dd968137eaecda91d41e483973b65faa8,95.80882,96.83441,544,False,unit fuzzy loss,success_build,True,True,aa62853a494a59a3b49a0803a5ed4d4d5e7bd2ca2a7a19f46a2873cb5965e68e,True,True,True,True,unverifiable: historical snapshots lost
148,neighbor,"0,1,2,3,4,5,6,22,8,9,10,11,12,13,14,15,16,17,18,19,20,21,7",5d3f8c1b40915abda06ce342834a4a15f9a3fcc68eb63730070a81875caa6805,41975548becf09a8b85da0a8b9452da78ce79343843967d31c952dba1ebf066d,95.257355,96.7859,544,False,unit fuzzy loss,success_build,True,True,aa62853a494a59a3b49a0803a5ed4d4d5e7bd2ca2a7a19f46a2873cb5965e68e,True,True,True,True,unverifiable: historical snapshots lost
149,neighbor,"0,1,2,3,4,5,6,7,9,8,10,11,12,13,14,15,16,17,18,19,20,21,22",9c5d1de72010dcbede0cee22420e9de59fff8a56a8fd770c51640af9c3622062,ec16b52bfcd4b132b90d9d879ebc73ee652d4337202f371609c9a18c12120c89,96.69118,96.91203,544,True,,success_build,True,True,aa62853a494a59a3b49a0803a5ed4d4d5e7bd2ca2a7a19f46a2873cb5965e68e,True,True,True,True,unverifiable: historical snapshots lost
150,neighbor,"0,1,2,3,4,5,6,7,10,9,8,11,12,13,14,15,16,17,18,19,20,21,22",2593fb6fde75eb8c296c444b47d3bc3a59d7a1667c33bca7a4a369ba3fff3266,ec16b52bfcd4b132b90d9d879ebc73ee652d4337202f371609c9a18c12120c89,96.69118,96.91203,544,True,,success_build,True,True,aa62853a494a59a3b49a0803a5ed4d4d5e7bd2ca2a7a19f46a2873cb5965e68e,True,True,True,True,unverifiable: historical snapshots lost
151,neighbor,"0,1,2,3,4,5,6,7,11,9,10,8,12,13,14,15,16,17,18,19,20,21,22",6d311b900f2e657eb7aea678b87880dcfff78c0ea30bcb4fde1822c0b5b8d509,ed126b6678f275ee9b8e89a1b59446cb57e84b3d0992e87b7606e5606fc83389,96.36029,96.88293,544,False,unit fuzzy loss,success_build,True,True,aa62853a494a59a3b49a0803a5ed4d4d5e7bd2ca2a7a19f46a2873cb5965e68e,True,True,True,True,unverifiable: historical snapshots lost
152,neighbor,"0,1,2,3,4,5,6,7,12,9,10,11,8,13,14,15,16,17,18,19,20,21,22",c3f3e1e1806b7f14956be7ff8d580c16331cfad5b2f5e807427b885610ca9e67,d32cfe29b955481641ec1b266a96cf0739f584d1cfb12a8e048d8bb1b960f91d,96.39706,96.886154,544,False,unit fuzzy loss,success_build,True,True,aa62853a494a59a3b49a0803a5ed4d4d5e7bd2ca2a7a19f46a2873cb5965e68e,True,True,True,True,unverifiable: historical snapshots lost
153,neighbor,"0,1,2,3,4,5,6,7,13,9,10,11,12,8,14,15,16,17,18,19,20,21,22",b249971ea5f08b7d51155e899ee601ca677ff0f5f7199238ce03961d0e2d223f,72d2f6f57da1e2404521c40839a929d44632ee9affd6a53ecb0eb1e1530a7095,96.39706,96.886154,544,False,unit fuzzy loss,success_build,True,True,aa62853a494a59a3b49a0803a5ed4d4d5e7bd2ca2a7a19f46a2873cb5965e68e,True,True,True,True,unverifiable: historical snapshots lost
154,neighbor,"0,1,2,3,4,5,6,7,14,9,10,11,12,13,8,15,16,17,18,19,20,21,22",96f1e90fb8c9dc59b31020960c446570c8cf6696000aab63dabe8b3273c66560,a3eb808acdbeebec8a05aebf8d13e5666f0d70c736fad90abf177f2f6a4d40ba,95.91912,96.84412,544,False,unit fuzzy loss,success_build,True,True,aa62853a494a59a3b49a0803a5ed4d4d5e7bd2ca2a7a19f46a2873cb5965e68e,True,True,True,True,unverifiable: historical snapshots lost
155,neighbor,"0,1,2,3,4,5,6,7,15,9,10,11,12,13,14,8,16,17,18,19,20,21,22",fc887ad1e7ddc26acb5e2416adcae16d1fbfa30eeecd8f621a8ce33dd5058a4d,6f9aad3be54fec8365ed5e72e853da8410945b60ed01b7535ba671c99b59cf5c,96.286766,96.87646,544,False,unit fuzzy loss,success_build,True,True,aa62853a494a59a3b49a0803a5ed4d4d5e7bd2ca2a7a19f46a2873cb5965e68e,True,True,True,True,unverifiable: historical snapshots lost
156,neighbor,"0,1,2,3,4,5,6,7,16,9,10,11,12,13,14,15,8,17,18,19,20,21,22",400db6fb3b207318f985f61b5370932160a5305ae9a091accb31aa6be4bdb595,709fda8ce1dd06153b106945475098debf5d33cace35fe5f802b112604c2c7b6,95.69853,96.82471,544,False,unit fuzzy loss,success_build,True,True,aa62853a494a59a3b49a0803a5ed4d4d5e7bd2ca2a7a19f46a2873cb5965e68e,True,True,True,True,unverifiable: historical snapshots lost
157,neighbor,"0,1,2,3,4,5,6,7,17,9,10,11,12,13,14,15,16,8,18,19,20,21,22",bb2d4d67166fdd805de5122d0c46db1467ed987e25c31693fcf25b7dde174930,294e015b9943c3fc87fa48c03eaffe7032daa41ff2f926e215385bdd22813255,94.963234,96.760025,544,False,unit fuzzy loss,success_build,True,True,aa62853a494a59a3b49a0803a5ed4d4d5e7bd2ca2a7a19f46a2873cb5965e68e,True,True,True,True,unverifiable: historical snapshots lost
158,neighbor,"0,1,2,3,4,5,6,7,18,9,10,11,12,13,14,15,16,17,8,19,20,21,22",53e0597ca1358859814571cd166045a93e032f684c13571f70a5915ccde984e5,0c45810aafbfecb435a7efee42be7ccfe53dab9d1593f12d90951ac172afeb00,95.0,96.76326,544,False,unit fuzzy loss,success_build,True,True,aa62853a494a59a3b49a0803a5ed4d4d5e7bd2ca2a7a19f46a2873cb5965e68e,True,True,True,True,unverifiable: historical snapshots lost
159,neighbor,"0,1,2,3,4,5,6,7,19,9,10,11,12,13,14,15,16,17,18,8,20,21,22",1b6420147778d9a385270128f1af51e7955d646b2fd25df0f7caa242e3239fee,ac3ec17f4945d7127987eaad95c447b1feca284d062c5ebc9ae86dfcbae0bfe6,96.36029,96.88293,544,False,unit fuzzy loss,success_build,True,True,aa62853a494a59a3b49a0803a5ed4d4d5e7bd2ca2a7a19f46a2873cb5965e68e,True,True,True,True,unverifiable: historical snapshots lost
160,neighbor,"0,1,2,3,4,5,6,7,20,9,10,11,12,13,14,15,16,17,18,19,8,21,22",2a498c8e267de43db54ab23c75a57bdd2e7234481f6b3aa83ffa1b28b4b66b67,a970b56a079fdcfc6e209386c706ae2e67f4659194a1b3c99679f0d5ec0676a0,95.69853,96.82471,544,False,unit fuzzy loss,success_build,True,True,aa62853a494a59a3b49a0803a5ed4d4d5e7bd2ca2a7a19f46a2873cb5965e68e,True,True,True,True,unverifiable: historical snapshots lost
161,neighbor,"0,1,2,3,4,5,6,7,21,9,10,11,12,13,14,15,16,17,18,19,20,8,22",8f4983071ab42f611ec64e0f23cf62436da18a717a0afc04efc43a617b0f3de1,e067536bc9fcf8a66886320647ef6ced50b639dcf3472e3e15a56a8ee8567740,95.51471,96.80854,544,False,unit fuzzy loss,success_build,True,True,aa62853a494a59a3b49a0803a5ed4d4d5e7bd2ca2a7a19f46a2873cb5965e68e,True,True,True,True,unverifiable: historical snapshots lost
162,neighbor,"0,1,2,3,4,5,6,7,22,9,10,11,12,13,14,15,16,17,18,19,20,21,8",1a4b38e683513c71bd09d58e25a96ddb69ad37533bac9be4d4213946be6c1dd4,a32d6a05a9610541d25a9697bc5dd873483781b6952f54c7b0cbde6f2ac4a446,94.963234,96.760025,544,False,unit fuzzy loss,success_build,True,True,aa62853a494a59a3b49a0803a5ed4d4d5e7bd2ca2a7a19f46a2873cb5965e68e,True,True,True,True,unverifiable: historical snapshots lost
163,neighbor,"0,1,2,3,4,5,6,7,8,10,9,11,12,13,14,15,16,17,18,19,20,21,22",d9a311485b2cc936497fa90acc25243b40974932359e0a041fbfb4d95cb98b9f,ec16b52bfcd4b132b90d9d879ebc73ee652d4337202f371609c9a18c12120c89,96.69118,96.91203,544,True,,success_build,True,True,aa62853a494a59a3b49a0803a5ed4d4d5e7bd2ca2a7a19f46a2873cb5965e68e,True,True,True,True,unverifiable: historical snapshots lost
164,neighbor,"0,1,2,3,4,5,6,7,8,11,10,9,12,13,14,15,16,17,18,19,20,21,22",dbde108578fb5248d70a75db92d46a225742b10042870c0b31898425a2670d5f,ec16b52bfcd4b132b90d9d879ebc73ee652d4337202f371609c9a18c12120c89,96.69118,96.91203,544,True,,success_build,True,True,aa62853a494a59a3b49a0803a5ed4d4d5e7bd2ca2a7a19f46a2873cb5965e68e,True,True,True,True,unverifiable: historical snapshots lost
165,neighbor,"0,1,2,3,4,5,6,7,8,12,10,11,9,13,14,15,16,17,18,19,20,21,22",a1777e7f8f4da347d21709d641ac6951e7842a24a79ea0bc303070a393bb7ddf,36a24b42d86b861f8230cdbfbb4de2cc66d2ed1d1dad17fec7ddec9b7372f054,96.213234,96.86999,544,False,unit fuzzy loss,success_build,True,True,aa62853a494a59a3b49a0803a5ed4d4d5e7bd2ca2a7a19f46a2873cb5965e68e,True,True,True,True,unverifiable: historical snapshots lost
166,neighbor,"0,1,2,3,4,5,6,7,8,13,10,11,12,9,14,15,16,17,18,19,20,21,22",a631445de8c302161bed561198b56656a6e13d99171e6ae5ada6d01ec7bd7d8a,b5bd52e461a08cc318622d6d8f0ec4c8cb93bd060e860c3503e6d6e089aa3414,95.992645,96.850586,544,False,unit fuzzy loss,success_build,True,True,aa62853a494a59a3b49a0803a5ed4d4d5e7bd2ca2a7a19f46a2873cb5965e68e,True,True,True,True,unverifiable: historical snapshots lost
167,neighbor,"0,1,2,3,4,5,6,7,8,14,10,11,12,13,9,15,16,17,18,19,20,21,22",fa4350a1da3f02d8e08943250f3d6d3eaeba86d6ce0cf0768c18d10e078dc72c,ec16b52bfcd4b132b90d9d879ebc73ee652d4337202f371609c9a18c12120c89,96.69118,96.91203,544,True,,success_build,True,True,aa62853a494a59a3b49a0803a5ed4d4d5e7bd2ca2a7a19f46a2873cb5965e68e,True,True,True,True,unverifiable: historical snapshots lost
168,neighbor,"0,1,2,3,4,5,6,7,8,15,10,11,12,13,14,9,16,17,18,19,20,21,22",6f8c1e5c2f885f42d6d80d7360474c222daa52792a87c23d07a24db80d415cc7,1a63971c3578de818141a68244257597497e0fef85a02a99aaaee6038e058a80,95.661766,96.82147,544,False,unit fuzzy loss,success_build,True,True,aa62853a494a59a3b49a0803a5ed4d4d5e7bd2ca2a7a19f46a2873cb5965e68e,True,True,True,True,unverifiable: historical snapshots lost
169,neighbor,"0,1,2,3,4,5,6,7,8,16,10,11,12,13,14,15,9,17,18,19,20,21,22",a0e1251661d43c36bf4ac2353b4f5ba5f3e0352d8d4ba9d35e1ee2bfe9b8087e,ec16b52bfcd4b132b90d9d879ebc73ee652d4337202f371609c9a18c12120c89,96.69118,96.91203,544,True,,success_build,True,True,aa62853a494a59a3b49a0803a5ed4d4d5e7bd2ca2a7a19f46a2873cb5965e68e,True,True,True,True,unverifiable: historical snapshots lost
170,neighbor,"0,1,2,3,4,5,6,7,8,17,10,11,12,13,14,15,16,9,18,19,20,21,22",ff9d762ff29eb21cce5c83959aa3e4ac2e4c3bf8aa467bb71691605e09253baf,29b4c1273113a320547f15893ca99ff2398a560159c27a893701054a94d6681c,94.117645,96.68564,544,False,unit fuzzy loss,success_build,True,True,aa62853a494a59a3b49a0803a5ed4d4d5e7bd2ca2a7a19f46a2873cb5965e68e,True,True,True,True,unverifiable: historical snapshots lost
171,neighbor,"0,1,2,3,4,5,6,7,8,18,10,11,12,13,14,15,16,17,9,19,20,21,22",86a820ff8a81b2c6ccd8a7762ebd665c5ccae44a2b574a4fb5630ffa20f4c8cf,3fee07c555ec508a089f636c71c3451c110166db1ac214b05197aadae2c95320,94.04412,96.67917,544,False,unit fuzzy loss,success_build,True,True,aa62853a494a59a3b49a0803a5ed4d4d5e7bd2ca2a7a19f46a2873cb5965e68e,True,True,True,True,unverifiable: historical snapshots lost
172,neighbor,"0,1,2,3,4,5,6,7,8,19,10,11,12,13,14,15,16,17,18,9,20,21,22",05ea2130203b5b4506a27a7078828268c779c2b96e5196fdec27d3696b21f7ba,943430e5d13486679653963da31a78e6a3c84383bf94adac699b943b9b60e010,95.33088,96.792366,544,False,unit fuzzy loss,success_build,True,True,aa62853a494a59a3b49a0803a5ed4d4d5e7bd2ca2a7a19f46a2873cb5965e68e,True,True,True,True,unverifiable: historical snapshots lost
173,neighbor,"0,1,2,3,4,5,6,7,8,20,10,11,12,13,14,15,16,17,18,19,9,21,22",74f9723180d6f072cdb49d8fa74e14c4f0db564169c1844d2e495c324888dc13,a6b9e91a1892673559f67281fbb31ba9f908d3548cc4720495de2292b36b4f0a,94.77941,96.74386,544,False,unit fuzzy loss,success_build,True,True,aa62853a494a59a3b49a0803a5ed4d4d5e7bd2ca2a7a19f46a2873cb5965e68e,True,True,True,True,unverifiable: historical snapshots lost
174,neighbor,"0,1,2,3,4,5,6,7,8,21,10,11,12,13,14,15,16,17,18,19,20,9,22",3020a3fa45567265e7033976e13f02f8e6173008c0e9f815d971cdcd606a8af3,6a6be673133aba6e76854685fdb59ba9125fa8c55cd7f4dd2a9c879196671a25,94.59559,96.727684,544,False,unit fuzzy loss,success_build,True,True,aa62853a494a59a3b49a0803a5ed4d4d5e7bd2ca2a7a19f46a2873cb5965e68e,True,True,True,True,unverifiable: historical snapshots lost
175,neighbor,"0,1,2,3,4,5,6,7,8,22,10,11,12,13,14,15,16,17,18,19,20,21,9",b3bd265bb3655f1437cec4eb0b83f0978a09cd1f889ee3bcdbda76e90703da0b,25b7a68bbadc337c2b952d1cec5cc53a101ed44f1f7c335be1f38050053e17a5,94.117645,96.68564,544,False,unit fuzzy loss,success_build,True,True,aa62853a494a59a3b49a0803a5ed4d4d5e7bd2ca2a7a19f46a2873cb5965e68e,True,True,True,True,unverifiable: historical snapshots lost
176,neighbor,"0,1,2,3,4,5,6,7,8,9,11,10,12,13,14,15,16,17,18,19,20,21,22",f5b9f9eddba9a4b8726ef1942a5a6ab33ecc971846f496457a51a2758bb726e7,ec16b52bfcd4b132b90d9d879ebc73ee652d4337202f371609c9a18c12120c89,96.69118,96.91203,544,True,,success_build,True,True,aa62853a494a59a3b49a0803a5ed4d4d5e7bd2ca2a7a19f46a2873cb5965e68e,True,True,True,True,unverifiable: historical snapshots lost
177,neighbor,"0,1,2,3,4,5,6,7,8,9,12,11,10,13,14,15,16,17,18,19,20,21,22",6c00548fb9578a40dfb4614debc70107ea2329a15676ce50ac31442d8915aeab,36a24b42d86b861f8230cdbfbb4de2cc66d2ed1d1dad17fec7ddec9b7372f054,96.213234,96.86999,544,False,unit fuzzy loss,success_build,True,True,aa62853a494a59a3b49a0803a5ed4d4d5e7bd2ca2a7a19f46a2873cb5965e68e,True,True,True,True,unverifiable: historical snapshots lost
178,neighbor,"0,1,2,3,4,5,6,7,8,9,13,11,12,10,14,15,16,17,18,19,20,21,22",4bdc1d60463896f5d419afe1ec2e3420b3995e66ab4456bdcfd10a6f826ac367,b5bd52e461a08cc318622d6d8f0ec4c8cb93bd060e860c3503e6d6e089aa3414,95.992645,96.850586,544,False,unit fuzzy loss,success_build,True,True,aa62853a494a59a3b49a0803a5ed4d4d5e7bd2ca2a7a19f46a2873cb5965e68e,True,True,True,True,unverifiable: historical snapshots lost
179,neighbor,"0,1,2,3,4,5,6,7,8,9,14,11,12,13,10,15,16,17,18,19,20,21,22",cb552c26e290d7f1634aba7da460f5bfe81cee18a47bb58c11f48c30ebd1e118,ec16b52bfcd4b132b90d9d879ebc73ee652d4337202f371609c9a18c12120c89,96.69118,96.91203,544,True,,success_build,True,True,aa62853a494a59a3b49a0803a5ed4d4d5e7bd2ca2a7a19f46a2873cb5965e68e,True,True,True,True,unverifiable: historical snapshots lost
180,neighbor,"0,1,2,3,4,5,6,7,8,9,15,11,12,13,14,10,16,17,18,19,20,21,22",edceb1b94a5e065b3fdd39f55994149ae17a13c5987b53768e125389706e28af,1a63971c3578de818141a68244257597497e0fef85a02a99aaaee6038e058a80,95.661766,96.82147,544,False,unit fuzzy loss,success_build,True,True,aa62853a494a59a3b49a0803a5ed4d4d5e7bd2ca2a7a19f46a2873cb5965e68e,True,True,True,True,unverifiable: historical snapshots lost
181,neighbor,"0,1,2,3,4,5,6,7,8,9,16,11,12,13,14,15,10,17,18,19,20,21,22",086c3607cfc540c825f0a550bc7b18b4d8e6caa0cc886e7dddc039bcf08db844,ec16b52bfcd4b132b90d9d879ebc73ee652d4337202f371609c9a18c12120c89,96.69118,96.91203,544,True,,success_build,True,True,aa62853a494a59a3b49a0803a5ed4d4d5e7bd2ca2a7a19f46a2873cb5965e68e,True,True,True,True,unverifiable: historical snapshots lost
182,neighbor,"0,1,2,3,4,5,6,7,8,9,17,11,12,13,14,15,16,10,18,19,20,21,22",d334304bbc809211a80fffdb3c85c74bff7ff7cf4fd15f6fc8f9c00c8691d96f,29b4c1273113a320547f15893ca99ff2398a560159c27a893701054a94d6681c,94.117645,96.68564,544,False,unit fuzzy loss,success_build,True,True,aa62853a494a59a3b49a0803a5ed4d4d5e7bd2ca2a7a19f46a2873cb5965e68e,True,True,True,True,unverifiable: historical snapshots lost
183,neighbor,"0,1,2,3,4,5,6,7,8,9,18,11,12,13,14,15,16,17,10,19,20,21,22",79dcd6cb995f01286ef5d86da59a0fedadae9e09f4583e403a52e31a699f1b7e,3fee07c555ec508a089f636c71c3451c110166db1ac214b05197aadae2c95320,94.04412,96.67917,544,False,unit fuzzy loss,success_build,True,True,aa62853a494a59a3b49a0803a5ed4d4d5e7bd2ca2a7a19f46a2873cb5965e68e,True,True,True,True,unverifiable: historical snapshots lost
184,neighbor,"0,1,2,3,4,5,6,7,8,9,19,11,12,13,14,15,16,17,18,10,20,21,22",5189129ee2434c576ccba0274c59d10de090e5e87ae579cb82f948b05b24936e,943430e5d13486679653963da31a78e6a3c84383bf94adac699b943b9b60e010,95.33088,96.792366,544,False,unit fuzzy loss,success_build,True,True,aa62853a494a59a3b49a0803a5ed4d4d5e7bd2ca2a7a19f46a2873cb5965e68e,True,True,True,True,unverifiable: historical snapshots lost
185,neighbor,"0,1,2,3,4,5,6,7,8,9,20,11,12,13,14,15,16,17,18,19,10,21,22",dfe37fea5ae8fe024c3d0a6545035c8ca3a79a39a4f09009feed8f8b012423aa,a6b9e91a1892673559f67281fbb31ba9f908d3548cc4720495de2292b36b4f0a,94.77941,96.74386,544,False,unit fuzzy loss,success_build,True,True,aa62853a494a59a3b49a0803a5ed4d4d5e7bd2ca2a7a19f46a2873cb5965e68e,True,True,True,True,unverifiable: historical snapshots lost
186,neighbor,"0,1,2,3,4,5,6,7,8,9,21,11,12,13,14,15,16,17,18,19,20,10,22",a4dbf0664ff7b0219ef475358f56491c2274b832d0dab323279dd68102c4cc9c,6a6be673133aba6e76854685fdb59ba9125fa8c55cd7f4dd2a9c879196671a25,94.59559,96.727684,544,False,unit fuzzy loss,success_build,True,True,aa62853a494a59a3b49a0803a5ed4d4d5e7bd2ca2a7a19f46a2873cb5965e68e,True,True,True,True,unverifiable: historical snapshots lost
187,neighbor,"0,1,2,3,4,5,6,7,8,9,22,11,12,13,14,15,16,17,18,19,20,21,10",5e5f795906ae817102653fa9684ece13f7e71f5f5c86e0bbd38a30fca34ba0d3,25b7a68bbadc337c2b952d1cec5cc53a101ed44f1f7c335be1f38050053e17a5,94.117645,96.68564,544,False,unit fuzzy loss,success_build,True,True,aa62853a494a59a3b49a0803a5ed4d4d5e7bd2ca2a7a19f46a2873cb5965e68e,True,True,True,True,unverifiable: historical snapshots lost
188,neighbor,"0,1,2,3,4,5,6,7,8,9,10,12,11,13,14,15,16,17,18,19,20,21,22",9370b32e7a96835412c97400f9002b2163577340b0dffd6bebbbc6c455bba352,36a24b42d86b861f8230cdbfbb4de2cc66d2ed1d1dad17fec7ddec9b7372f054,96.213234,96.86999,544,False,unit fuzzy loss,success_build,True,True,aa62853a494a59a3b49a0803a5ed4d4d5e7bd2ca2a7a19f46a2873cb5965e68e,True,True,True,True,unverifiable: historical snapshots lost
189,neighbor,"0,1,2,3,4,5,6,7,8,9,10,13,12,11,14,15,16,17,18,19,20,21,22",0f32ea2cf4b15dfbc87229d7819c15c23adfd629ef9595b96ddcba2080c6411a,7d4b275d4f4ced78d920a0a52bdd87b1fe609940aca664fa0e98e3d2cda540e2,96.161766,96.865456,544,False,unit fuzzy loss,success_build,True,True,aa62853a494a59a3b49a0803a5ed4d4d5e7bd2ca2a7a19f46a2873cb5965e68e,True,True,True,True,unverifiable: historical snapshots lost
190,neighbor,"0,1,2,3,4,5,6,7,8,9,10,14,12,13,11,15,16,17,18,19,20,21,22",66b2e6d8a4314a7da9c8134b9a4b28d3a2843e418b4bde3b96dea96311efbcce,03576338b3a58918995cbc3a4db3aa40e4a4b70f2e93d329695991554a553789,96.01471,96.85252,544,False,unit fuzzy loss,success_build,True,True,aa62853a494a59a3b49a0803a5ed4d4d5e7bd2ca2a7a19f46a2873cb5965e68e,True,True,True,True,unverifiable: historical snapshots lost
191,neighbor,"0,1,2,3,4,5,6,7,8,9,10,15,12,13,14,11,16,17,18,19,20,21,22",23e08400b54dec078c463eb809f3b6c97a103744b6a9c4f0eb7a5b45581dbb1c,b4124fac8fbefa09e9aafa19d736ec834d3cdf8121d0bffdb226f2bfec088ce5,96.05147,96.85576,544,False,unit fuzzy loss,success_build,True,True,aa62853a494a59a3b49a0803a5ed4d4d5e7bd2ca2a7a19f46a2873cb5965e68e,True,True,True,True,unverifiable: historical snapshots lost
192,neighbor,"0,1,2,3,4,5,6,7,8,9,10,16,12,13,14,15,11,17,18,19,20,21,22",634cda23cc92b0752037af404731a570b09e0bcad4c463536e744b2cd6693630,845c0436c90984256a336750784f3072c675db70bbe86663db64361b270fc899,95.79412,96.833115,544,False,unit fuzzy loss,success_build,True,True,aa62853a494a59a3b49a0803a5ed4d4d5e7bd2ca2a7a19f46a2873cb5965e68e,True,True,True,True,unverifiable: historical snapshots lost
193,neighbor,"0,1,2,3,4,5,6,7,8,9,10,17,12,13,14,15,16,11,18,19,20,21,22",94b08f22ca903dfbd3e59fab6c1300308e726a784181d80505244f28c6bd5f8c,4adeaa8d364b3658eef2ffccc51270b45168fd5af7712efba0446d29a15a5e1a,94.72794,96.73933,544,False,unit fuzzy loss,success_build,True,True,aa62853a494a59a3b49a0803a5ed4d4d5e7bd2ca2a7a19f46a2873cb5965e68e,True,True,True,True,unverifiable: historical snapshots lost
194,neighbor,"0,1,2,3,4,5,6,7,8,9,10,18,12,13,14,15,16,17,11,19,20,21,22",104ddc438abeaa79e056ac43be56f808f80a72feef11340db3f17df9600f63ae,72e81979b057bc7d366c1f549f4d555b2304159c720d32203444b52380392463,94.76471,96.74256,544,False,unit fuzzy loss,success_build,True,True,aa62853a494a59a3b49a0803a5ed4d4d5e7bd2ca2a7a19f46a2873cb5965e68e,True,True,True,True,unverifiable: historical snapshots lost
195,neighbor,"0,1,2,3,4,5,6,7,8,9,10,19,12,13,14,15,16,17,18,11,20,21,22",f1793274b90d89300eedd5b76243dee4a3ab22fdeaaae40c567ffd986f8ee7c7,08a134e2b832e338223267a821be6a9382fe185737fc1cde58add05918055906,96.125,96.86223,544,False,unit fuzzy loss,success_build,True,True,aa62853a494a59a3b49a0803a5ed4d4d5e7bd2ca2a7a19f46a2873cb5965e68e,True,True,True,True,unverifiable: historical snapshots lost
196,neighbor,"0,1,2,3,4,5,6,7,8,9,10,20,12,13,14,15,16,17,18,19,11,21,22",937b18018427dfd27c7cf63e01c767bc295e23a71611f821b4b6941ced033f72,74781d9484af8e6b2eb24b28ee513f2a7d90387ff9fa33a4e62577695bfe5840,95.463234,96.80401,544,False,unit fuzzy loss,success_build,True,True,aa62853a494a59a3b49a0803a5ed4d4d5e7bd2ca2a7a19f46a2873cb5965e68e,True,True,True,True,unverifiable: historical snapshots lost
197,neighbor,"0,1,2,3,4,5,6,7,8,9,10,21,12,13,14,15,16,17,18,19,20,11,22",277e3fc750d2b729b8a3f0f815e34e5dd844039ec99a27aaffee3f36396fa47d,7895e22ab5d3f5c4585b21abfc73d255ee98619b043e07bdb988bc6ee7dfed6d,95.27941,96.78784,544,False,unit fuzzy loss,success_build,True,True,aa62853a494a59a3b49a0803a5ed4d4d5e7bd2ca2a7a19f46a2873cb5965e68e,True,True,True,True,unverifiable: historical snapshots lost
198,neighbor,"0,1,2,3,4,5,6,7,8,9,10,22,12,13,14,15,16,17,18,19,20,21,11",d706971e73ec4f25430f5534bbd2ab5b9d1528a5ccd5b3340fba71d64c76892f,02a78ae84c043f1b816a9af5be2ef21ccff5631975277d1698a9edaf4685cf65,94.72794,96.73933,544,False,unit fuzzy loss,success_build,True,True,aa62853a494a59a3b49a0803a5ed4d4d5e7bd2ca2a7a19f46a2873cb5965e68e,True,True,True,True,unverifiable: historical snapshots lost
199,neighbor,"0,1,2,3,4,5,6,7,8,9,10,11,13,12,14,15,16,17,18,19,20,21,22",ca8492e582fdc20a778e5221ae32a015740727bd644fc19b22fde8da204344e6,af9e36418022493bde287864b60c25222dd267275eb57cde740460800dc5f90a,96.25,96.87322,544,False,unit fuzzy loss,success_build,True,True,aa62853a494a59a3b49a0803a5ed4d4d5e7bd2ca2a7a19f46a2873cb5965e68e,True,True,True,True,unverifiable: historical snapshots lost
200,neighbor,"0,1,2,3,4,5,6,7,8,9,10,11,14,13,12,15,16,17,18,19,20,21,22",1e71444692de39b2f612e7bce78885a200370bdf374f1ecdb8d3a214b037c6c1,af9e36418022493bde287864b60c25222dd267275eb57cde740460800dc5f90a,96.25,96.87322,544,False,unit fuzzy loss,success_build,True,True,aa62853a494a59a3b49a0803a5ed4d4d5e7bd2ca2a7a19f46a2873cb5965e68e,True,True,True,True,unverifiable: historical snapshots lost
201,neighbor,"0,1,2,3,4,5,6,7,8,9,10,11,15,13,14,12,16,17,18,19,20,21,22",a54f2c54a371a9ae8e0d504b40435309433a1cf80f0274c5657e49d580dc6636,b0ae8146d787dcd50f9e6a2cb39269098f6bbe4064b820cc1a8c20cede396526,96.13971,96.86352,544,False,unit fuzzy loss,success_build,True,True,aa62853a494a59a3b49a0803a5ed4d4d5e7bd2ca2a7a19f46a2873cb5965e68e,True,True,True,True,unverifiable: historical snapshots lost
202,neighbor,"0,1,2,3,4,5,6,7,8,9,10,11,16,13,14,15,12,17,18,19,20,21,22",87a6686bb3e3c0fa49af9649cd0f8ff5b83dac2f6b08924ebdafd0d612eb36e5,2a61f395a071fb189b2bbdbc46998ffb6418419a64b5ef3aa55ffef4e1418ad7,96.02941,96.85381,544,False,unit fuzzy loss,success_build,True,True,aa62853a494a59a3b49a0803a5ed4d4d5e7bd2ca2a7a19f46a2873cb5965e68e,True,True,True,True,unverifiable: historical snapshots lost
203,neighbor,"0,1,2,3,4,5,6,7,8,9,10,11,17,13,14,15,16,12,18,19,20,21,22",bf1c2a459efa352066f6ea01be4e9c99730ff0c1845806b0f3be4ba2d94be380,2c333c3d4e96e2090f0bd5b897ea0c876a44b6e21c314b837424bc8380ce0d81,94.81618,96.747086,544,False,unit fuzzy loss,success_build,True,True,aa62853a494a59a3b49a0803a5ed4d4d5e7bd2ca2a7a19f46a2873cb5965e68e,True,True,True,True,unverifiable: historical snapshots lost
204,neighbor,"0,1,2,3,4,5,6,7,8,9,10,11,18,13,14,15,16,17,12,19,20,21,22",4b648ef0e5c4786203f1107f4ec20fd35ab360825960c0f2c4e1414147b66709,1afab8ae2b2c739905c0b238bd75b9c872ef0566647f9c53a19451684d607ddd,94.85294,96.75032,544,False,unit fuzzy loss,success_build,True,True,aa62853a494a59a3b49a0803a5ed4d4d5e7bd2ca2a7a19f46a2873cb5965e68e,True,True,True,True,unverifiable: historical snapshots lost
205,neighbor,"0,1,2,3,4,5,6,7,8,9,10,11,19,13,14,15,16,17,18,12,20,21,22",c9e59065cc6c5ffa4a08284c065cc4c7f6227f4d3dc6a7cdaa432f8a431b8af2,747a8a8473c771e77066e6daf2e5b16b9aa9f652943a8f09aae3b359dbed0c37,96.213234,96.86999,544,False,unit fuzzy loss,success_build,True,True,aa62853a494a59a3b49a0803a5ed4d4d5e7bd2ca2a7a19f46a2873cb5965e68e,True,True,True,True,unverifiable: historical snapshots lost
206,neighbor,"0,1,2,3,4,5,6,7,8,9,10,11,20,13,14,15,16,17,18,19,12,21,22",f7e6c44f83b079c2ae2bc96ec841548b5e018b1e5d5be0662942e636f1ef4889,591c063401c52db1777739cbddcae486a6cd4b0b430e5c193a9a0d530833fb4d,95.55147,96.811775,544,False,unit fuzzy loss,success_build,True,True,aa62853a494a59a3b49a0803a5ed4d4d5e7bd2ca2a7a19f46a2873cb5965e68e,True,True,True,True,unverifiable: historical snapshots lost
207,neighbor,"0,1,2,3,4,5,6,7,8,9,10,11,21,13,14,15,16,17,18,19,20,12,22",db1d0b2a51abc76b27b4482fc39d4196bffb4ee7db4989b220c3656f972a02af,5259e16b78d5216d5a280f761917e4d5ae33e5bac75895e4122a417b86a61753,95.367645,96.7956,544,False,unit fuzzy loss,success_build,True,True,aa62853a494a59a3b49a0803a5ed4d4d5e7bd2ca2a7a19f46a2873cb5965e68e,True,True,True,True,unverifiable: historical snapshots lost
208,neighbor,"0,1,2,3,4,5,6,7,8,9,10,11,22,13,14,15,16,17,18,19,20,21,12",a45a814faa9632df9723063e76246a20b7548b3bab0d66e752ca732fffcd1a8e,2110bb16cd9ec06ccc045ffc63029374a03a058bd6b7b7c5a6ea258d79740951,94.81618,96.747086,544,False,unit fuzzy loss,success_build,True,True,aa62853a494a59a3b49a0803a5ed4d4d5e7bd2ca2a7a19f46a2873cb5965e68e,True,True,True,True,unverifiable: historical snapshots lost
209,neighbor,"0,1,2,3,4,5,6,7,8,9,10,11,12,14,13,15,16,17,18,19,20,21,22",3a67ee758029fdf5656191bdd7425604b14a0f5f3664d2779ed39e7686ea42ae,ec16b52bfcd4b132b90d9d879ebc73ee652d4337202f371609c9a18c12120c89,96.69118,96.91203,544,True,,success_build,True,True,aa62853a494a59a3b49a0803a5ed4d4d5e7bd2ca2a7a19f46a2873cb5965e68e,True,True,True,True,unverifiable: historical snapshots lost
210,neighbor,"0,1,2,3,4,5,6,7,8,9,10,11,12,15,14,13,16,17,18,19,20,21,22",74ed0ee419454207699c544a0d6992414e58d093f98f742a03bc54e7c62bfa69,a9d8eb09cd0492e190b8f391d768a632c84e862fd8066c73d17d4e80388f5836,96.25,96.87322,544,False,unit fuzzy loss,success_build,True,True,aa62853a494a59a3b49a0803a5ed4d4d5e7bd2ca2a7a19f46a2873cb5965e68e,True,True,True,True,unverifiable: historical snapshots lost
211,neighbor,"0,1,2,3,4,5,6,7,8,9,10,11,12,16,14,15,13,17,18,19,20,21,22",7a63e5dd34963f979f4cae4190dda2fac7e7674cf6bf0acd9c1aec0807cd4c5b,a9d8eb09cd0492e190b8f391d768a632c84e862fd8066c73d17d4e80388f5836,96.25,96.87322,544,False,unit fuzzy loss,success_build,True,True,aa62853a494a59a3b49a0803a5ed4d4d5e7bd2ca2a7a19f46a2873cb5965e68e,True,True,True,True,unverifiable: historical snapshots lost
212,neighbor,"0,1,2,3,4,5,6,7,8,9,10,11,12,17,14,15,16,13,18,19,20,21,22",aa2fdc6ce7f27830ef112a770a78cb2f849748b0cc2bdfbe3e1a1eaa412ab348,9ea486590221edbe5f136eff72f2e9fed8acf5a5782c9a537c444bd969f65ddb,96.36029,96.88293,544,False,unit fuzzy loss,success_build,True,True,aa62853a494a59a3b49a0803a5ed4d4d5e7bd2ca2a7a19f46a2873cb5965e68e,True,True,True,True,unverifiable: historical snapshots lost
213,neighbor,"0,1,2,3,4,5,6,7,8,9,10,11,12,18,14,15,16,17,13,19,20,21,22",1562cf6eaa6a12bfea5c1d95ba372c54083535261e64190cd26400cdfd6266ad,7950783e4de1707fbb659cf3c5973c3cc53e31d26ebc2c3ca890b28ef2015e70,96.39706,96.886154,544,False,unit fuzzy loss,success_build,True,True,aa62853a494a59a3b49a0803a5ed4d4d5e7bd2ca2a7a19f46a2873cb5965e68e,True,True,True,True,unverifiable: historical snapshots lost
214,neighbor,"0,1,2,3,4,5,6,7,8,9,10,11,12,19,14,15,16,17,18,13,20,21,22",0355f96bd875c459c3752e608d3a8b9e4e2ed403e79e21f9f1d1821bc3eb2b93,042d288a840aa250c79135c3da387ce91e64b909c2609715de336555bf20389f,96.47059,96.892624,544,False,unit fuzzy loss,success_build,True,True,aa62853a494a59a3b49a0803a5ed4d4d5e7bd2ca2a7a19f46a2873cb5965e68e,True,True,True,True,unverifiable: historical snapshots lost
215,neighbor,"0,1,2,3,4,5,6,7,8,9,10,11,12,20,14,15,16,17,18,19,13,21,22",2862c5d9416ca28a83fce1f71574444ac8bbf3b0123e872bbaa58861218a68f6,3feb547f8a3179a637f10e094f028594c9f85e445662f335bde07b8f62567142,96.39706,96.886154,544,False,unit fuzzy loss,success_build,True,True,aa62853a494a59a3b49a0803a5ed4d4d5e7bd2ca2a7a19f46a2873cb5965e68e,True,True,True,True,unverifiable: historical snapshots lost
216,neighbor,"0,1,2,3,4,5,6,7,8,9,10,11,12,21,14,15,16,17,18,19,20,13,22",8f34a7d76fce042b68d4527d3c8f1964834af4b4a60ce0e1614e43eb9e5dfa6c,0661e22feb989fed5cd1185bb9eda1fbe821478731370a66ba10d5c7a7460cc0,96.36029,96.88293,544,False,unit fuzzy loss,success_build,True,True,aa62853a494a59a3b49a0803a5ed4d4d5e7bd2ca2a7a19f46a2873cb5965e68e,True,True,True,True,unverifiable: historical snapshots lost
217,neighbor,"0,1,2,3,4,5,6,7,8,9,10,11,12,22,14,15,16,17,18,19,20,21,13",599193aa01c2e602a657eb2b06ba47b9e8c7d270d1217dd7fe8ad4b9cfd78cb3,ac1035325ad5c93b0f110552562d5c7a25ef39402877a512f82d0cd572ffde7f,96.13971,96.86352,544,False,unit fuzzy loss,success_build,True,True,aa62853a494a59a3b49a0803a5ed4d4d5e7bd2ca2a7a19f46a2873cb5965e68e,True,True,True,True,unverifiable: historical snapshots lost
218,neighbor,"0,1,2,3,4,5,6,7,8,9,10,11,12,13,15,14,16,17,18,19,20,21,22",b43b67de3622cf275da5e522418c41724680a8a4fa0ee59b68faf3efd0e103f5,ec16b52bfcd4b132b90d9d879ebc73ee652d4337202f371609c9a18c12120c89,96.69118,96.91203,544,True,,success_build,True,True,aa62853a494a59a3b49a0803a5ed4d4d5e7bd2ca2a7a19f46a2873cb5965e68e,True,True,True,True,unverifiable: historical snapshots lost
219,neighbor,"0,1,2,3,4,5,6,7,8,9,10,11,12,13,16,15,14,17,18,19,20,21,22",72f05083b6ae7958e50dbd62d0bffaf5894531cbd3af2db4d24d5ff869695b2f,ec16b52bfcd4b132b90d9d879ebc73ee652d4337202f371609c9a18c12120c89,96.69118,96.91203,544,True,,success_build,True,True,aa62853a494a59a3b49a0803a5ed4d4d5e7bd2ca2a7a19f46a2873cb5965e68e,True,True,True,True,unverifiable: historical snapshots lost
220,neighbor,"0,1,2,3,4,5,6,7,8,9,10,11,12,13,17,15,16,14,18,19,20,21,22",40923a9f1aa3ec56cae24a6c440dcf223aa5a5f8d8564c24bdbc12dd8d301291,42e914ab2fab74899f5664f29e7fe149763d7cc7b90cc11998bb18658e975e2e,96.36029,96.88293,544,False,unit fuzzy loss,success_build,True,True,aa62853a494a59a3b49a0803a5ed4d4d5e7bd2ca2a7a19f46a2873cb5965e68e,True,True,True,True,unverifiable: historical snapshots lost
221,neighbor,"0,1,2,3,4,5,6,7,8,9,10,11,12,13,18,15,16,17,14,19,20,21,22",af708a192d8b9406e8a5b63e110f5aef70ec5baafe6cf59b40814728d23dd623,9e5863e5c04d44da4e2d6e2e25a8c8fb461e122ff0f9c3c940f45114bc7b93cd,96.286766,96.87646,544,False,unit fuzzy loss,success_build,True,True,aa62853a494a59a3b49a0803a5ed4d4d5e7bd2ca2a7a19f46a2873cb5965e68e,True,True,True,True,unverifiable: historical snapshots lost
222,neighbor,"0,1,2,3,4,5,6,7,8,9,10,11,12,13,19,15,16,17,18,14,20,21,22",c819755e1ccccd8009e8447f3606df051bed730a7c3e5b3298facc9a74c45619,c160b2da57b463f3aece71e79b8af845e200fedc7d967d0df446476187c2b821,96.286766,96.87646,544,False,unit fuzzy loss,success_build,True,True,aa62853a494a59a3b49a0803a5ed4d4d5e7bd2ca2a7a19f46a2873cb5965e68e,True,True,True,True,unverifiable: historical snapshots lost
223,neighbor,"0,1,2,3,4,5,6,7,8,9,10,11,12,13,20,15,16,17,18,19,14,21,22",03307631b0f0dd88e4cb6f16913880507cb1e89622799dabc64fe5b0d5bf81cc,765b24d8da3a07eda397b91772f5772fae9d080a61dd19bf233e47f4e24ef1c7,96.25,96.87322,544,False,unit fuzzy loss,success_build,True,True,aa62853a494a59a3b49a0803a5ed4d4d5e7bd2ca2a7a19f46a2873cb5965e68e,True,True,True,True,unverifiable: historical snapshots lost
224,neighbor,"0,1,2,3,4,5,6,7,8,9,10,11,12,13,21,15,16,17,18,19,20,14,22",ded456c742084dc623e917c019e05b2ef2553ddbaebd77c7f0d369ef750c5b6a,d0ce7ee45112c95b1c45b095652d46e34bf98e0e6764bac6f7638efc5a15ff0a,96.13971,96.86352,544,False,unit fuzzy loss,success_build,True,True,aa62853a494a59a3b49a0803a5ed4d4d5e7bd2ca2a7a19f46a2873cb5965e68e,True,True,True,True,unverifiable: historical snapshots lost
225,neighbor,"0,1,2,3,4,5,6,7,8,9,10,11,12,13,22,15,16,17,18,19,20,21,14",1474fa4df49023f657f50280c4ff83e0f98be933bf2ce6c1d769bbbbc5d325cc,a2b386c1fc08fdd35d3178f7a4712836b3f5bb3dae355ac0e429dd58075e266d,95.80882,96.83441,544,False,unit fuzzy loss,success_build,True,True,aa62853a494a59a3b49a0803a5ed4d4d5e7bd2ca2a7a19f46a2873cb5965e68e,True,True,True,True,unverifiable: historical snapshots lost
226,neighbor,"0,1,2,3,4,5,6,7,8,9,10,11,12,13,14,16,15,17,18,19,20,21,22",e983538df3d317252008a9d3b6ad0abe3b0bab24d5b73f3d98bfb63e4f5deab6,ec16b52bfcd4b132b90d9d879ebc73ee652d4337202f371609c9a18c12120c89,96.69118,96.91203,544,True,,success_build,True,True,aa62853a494a59a3b49a0803a5ed4d4d5e7bd2ca2a7a19f46a2873cb5965e68e,True,True,True,True,unverifiable: historical snapshots lost
227,neighbor,"0,1,2,3,4,5,6,7,8,9,10,11,12,13,14,17,16,15,18,19,20,21,22",a2ecc31b012167998f77fbef78dac2751545911fda46e0d2532ab9c4d1838d4f,42e914ab2fab74899f5664f29e7fe149763d7cc7b90cc11998bb18658e975e2e,96.36029,96.88293,544,False,unit fuzzy loss,success_build,True,True,aa62853a494a59a3b49a0803a5ed4d4d5e7bd2ca2a7a19f46a2873cb5965e68e,True,True,True,True,unverifiable: historical snapshots lost
228,neighbor,"0,1,2,3,4,5,6,7,8,9,10,11,12,13,14,18,16,17,15,19,20,21,22",e6a7958e28d66f3b54f77b860e5b89b98412fb1337f326388c8b01c8bf56cca7,381f750f28b2a2689fdefe542e9627d2ecbf97f4cfee7abfcb6b99d7b30706e6,96.39706,96.886154,544,False,unit fuzzy loss,success_build,True,True,aa62853a494a59a3b49a0803a5ed4d4d5e7bd2ca2a7a19f46a2873cb5965e68e,True,True,True,True,unverifiable: historical snapshots lost
229,neighbor,"0,1,2,3,4,5,6,7,8,9,10,11,12,13,14,19,16,17,18,15,20,21,22",3a779cbc99540d0604933e32958bfebf385f98db267474c9b7d8c3f2658869b1,9deb6e0ccd0b338a0ef1ade35a71e4420589ec51e04bf2d518f6352896caa8e4,96.47059,96.892624,544,False,unit fuzzy loss,success_build,True,True,aa62853a494a59a3b49a0803a5ed4d4d5e7bd2ca2a7a19f46a2873cb5965e68e,True,True,True,True,unverifiable: historical snapshots lost
230,neighbor,"0,1,2,3,4,5,6,7,8,9,10,11,12,13,14,20,16,17,18,19,15,21,22",df4b0961658df6ddac4b029f7470cc40bfe27cf81ffe79597fa8805351817dbf,a71921406eea84b68885e2c5ce7949491e5e6c3198e0ccc9b744378b23ed3b90,96.39706,96.886154,544,False,unit fuzzy loss,success_build,True,True,aa62853a494a59a3b49a0803a5ed4d4d5e7bd2ca2a7a19f46a2873cb5965e68e,True,True,True,True,unverifiable: historical snapshots lost
231,neighbor,"0,1,2,3,4,5,6,7,8,9,10,11,12,13,14,21,16,17,18,19,20,15,22",f164293e90dd2664edca244617adb4fbb5837383fd619adc2abadff50630887e,c7b44ff686e4d533a36674e80153d24c36ecb122d1a923f55f222a7e790c3b6b,96.36029,96.88293,544,False,unit fuzzy loss,success_build,True,True,aa62853a494a59a3b49a0803a5ed4d4d5e7bd2ca2a7a19f46a2873cb5965e68e,True,True,True,True,unverifiable: historical snapshots lost
232,neighbor,"0,1,2,3,4,5,6,7,8,9,10,11,12,13,14,22,16,17,18,19,20,21,15",5132a930d72f3fd7b5d597fc8d36caca53039ba43d6a155bfe4e66a94f70d142,b28e3c065f323ca25fc1ae6ca75c83a9c4d30d8165f6148b9adb6cc389b814ab,96.13971,96.86352,544,False,unit fuzzy loss,success_build,True,True,aa62853a494a59a3b49a0803a5ed4d4d5e7bd2ca2a7a19f46a2873cb5965e68e,True,True,True,True,unverifiable: historical snapshots lost
233,neighbor,"0,1,2,3,4,5,6,7,8,9,10,11,12,13,14,15,17,16,18,19,20,21,22",096276d4fc073d135f6020132c93a36d99cdcccc5e319ff6daf5af5b08ffb562,ec16b52bfcd4b132b90d9d879ebc73ee652d4337202f371609c9a18c12120c89,96.69118,96.91203,544,True,,success_build,True,True,aa62853a494a59a3b49a0803a5ed4d4d5e7bd2ca2a7a19f46a2873cb5965e68e,True,True,True,True,unverifiable: historical snapshots lost
234,neighbor,"0,1,2,3,4,5,6,7,8,9,10,11,12,13,14,15,18,17,16,19,20,21,22",863145159ca332bbf19cfbce0e8f903f67737676c2429a10aea7417d0c71c61e,9043d6f317427e203d78a56946add05744ffa65f38d6217772dd00cf4621206f,96.507355,96.89586,544,False,unit fuzzy loss,success_build,True,True,aa62853a494a59a3b49a0803a5ed4d4d5e7bd2ca2a7a19f46a2873cb5965e68e,True,True,True,True,unverifiable: historical snapshots lost
235,neighbor,"0,1,2,3,4,5,6,7,8,9,10,11,12,13,14,15,19,17,18,16,20,21,22",1ccd5b2cc8db3ccac827659f8f0d09f32ab58da58223c9a187d1c96dbfe736fc,cdb2745c593263c28cea7733fd061dc7e704c32ffe295f6d13d919ac63d5ecd1,96.507355,96.89586,544,False,unit fuzzy loss,success_build,True,True,aa62853a494a59a3b49a0803a5ed4d4d5e7bd2ca2a7a19f46a2873cb5965e68e,True,True,True,True,unverifiable: historical snapshots lost
236,neighbor,"0,1,2,3,4,5,6,7,8,9,10,11,12,13,14,15,20,17,18,19,16,21,22",56a3f85288d01a7a7cf2fcd1c15327ffba05565227ee87817d2a0dbb02d85835,317ad57cd94ce225ffa066ca11ec4226784d5f06a0eb7d1f00ed3d61092769a2,96.47059,96.892624,544,False,unit fuzzy loss,success_build,True,True,aa62853a494a59a3b49a0803a5ed4d4d5e7bd2ca2a7a19f46a2873cb5965e68e,True,True,True,True,unverifiable: historical snapshots lost
237,neighbor,"0,1,2,3,4,5,6,7,8,9,10,11,12,13,14,15,21,17,18,19,20,16,22",eafa1a2879ac937b46b0d3e54244d1ad8b25f10cf0c83b0f54027d9b01ca8e30,c1148ecd90fea95e9864cd4afb8ad4b1bea60b9fca04d5b31d7a7f864de7b7eb,96.36029,96.88293,544,False,unit fuzzy loss,success_build,True,True,aa62853a494a59a3b49a0803a5ed4d4d5e7bd2ca2a7a19f46a2873cb5965e68e,True,True,True,True,unverifiable: historical snapshots lost
238,neighbor,"0,1,2,3,4,5,6,7,8,9,10,11,12,13,14,15,22,17,18,19,20,21,16",6c09bf266face6e7a55bb414ce50223a68e27c804a6b2f9cd06a32bd3ce6ed58,e38913745616dff027cc64020335c303fdcae912cb47964223962cdc328ed30e,96.02941,96.85381,544,False,unit fuzzy loss,success_build,True,True,aa62853a494a59a3b49a0803a5ed4d4d5e7bd2ca2a7a19f46a2873cb5965e68e,True,True,True,True,unverifiable: historical snapshots lost
239,neighbor,"0,1,2,3,4,5,6,7,8,9,10,11,12,13,14,15,16,18,17,19,20,21,22",ff70643d7723e647d1a6d3ab4406313f0d5d65c7002d651db451cb542efec5a3,9043d6f317427e203d78a56946add05744ffa65f38d6217772dd00cf4621206f,96.507355,96.89586,544,False,unit fuzzy loss,success_build,True,True,aa62853a494a59a3b49a0803a5ed4d4d5e7bd2ca2a7a19f46a2873cb5965e68e,True,True,True,True,unverifiable: historical snapshots lost
240,neighbor,"0,1,2,3,4,5,6,7,8,9,10,11,12,13,14,15,16,19,18,17,20,21,22",ce9d98dd5f3dfc6ef6263eb0be5264792078fb1844398d3bffd15810866334d9,7102f3996eced96cebdc6db2e222595386fe6fc46d85df7e6fdd05bd61a07670,96.58088,96.90233,544,False,unit fuzzy loss,success_build,True,True,aa62853a494a59a3b49a0803a5ed4d4d5e7bd2ca2a7a19f46a2873cb5965e68e,True,True,True,True,unverifiable: historical snapshots lost
241,neighbor,"0,1,2,3,4,5,6,7,8,9,10,11,12,13,14,15,16,20,18,19,17,21,22",e7bb4384c366e316db5b4efe155273284a0908f848e01057f3b6fa95fe65f6bc,4c675ed2465008bd473225f4f2ce13738644e06d7260eb6305ea9f5f9d2cc7cc,96.507355,96.89586,544,False,unit fuzzy loss,success_build,True,True,aa62853a494a59a3b49a0803a5ed4d4d5e7bd2ca2a7a19f46a2873cb5965e68e,True,True,True,True,unverifiable: historical snapshots lost
242,neighbor,"0,1,2,3,4,5,6,7,8,9,10,11,12,13,14,15,16,21,18,19,20,17,22",13985241593eb6e6865644d08d6e397cbd2dc33e63766178f220aae472a1578d,34b3840ab70176ee5483a8dc8addd064485356992d659ae3731a18ea6b98a4ea,96.47059,96.892624,544,False,unit fuzzy loss,success_build,True,True,aa62853a494a59a3b49a0803a5ed4d4d5e7bd2ca2a7a19f46a2873cb5965e68e,True,True,True,True,unverifiable: historical snapshots lost
243,neighbor,"0,1,2,3,4,5,6,7,8,9,10,11,12,13,14,15,16,22,18,19,20,21,17",3098a76c7bdac75957c3167cd32928eb28a725b23b170b232d5e0bb0e793fe5f,e2f670aa6f13b8b675b376f2b0003bc02a66ed0f92d1f07dc8ffc4d1766702ca,96.25,96.87322,544,False,unit fuzzy loss,success_build,True,True,aa62853a494a59a3b49a0803a5ed4d4d5e7bd2ca2a7a19f46a2873cb5965e68e,True,True,True,True,unverifiable: historical snapshots lost
244,neighbor,"0,1,2,3,4,5,6,7,8,9,10,11,12,13,14,15,16,17,19,18,20,21,22",6a4837989def07c6318335916d5945b457d792dff1871928caac30e0755173b2,0b1d1935851aca59509a653e181eb155f973c98194f9e47a83610d7e12251a91,96.617645,96.90556,544,False,unit fuzzy loss,success_build,True,True,aa62853a494a59a3b49a0803a5ed4d4d5e7bd2ca2a7a19f46a2873cb5965e68e,True,True,True,True,unverifiable: historical snapshots lost
245,neighbor,"0,1,2,3,4,5,6,7,8,9,10,11,12,13,14,15,16,17,20,19,18,21,22",a102de219154f0789f9fc59b2607ae85b71350240322c3e235c32b35c755264a,5dbb316be72b504950d85784c4b8a1db7c86a83f7810f873472aa48c0580854c,96.54412,96.89909,544,False,unit fuzzy loss,success_build,True,True,aa62853a494a59a3b49a0803a5ed4d4d5e7bd2ca2a7a19f46a2873cb5965e68e,True,True,True,True,unverifiable: historical snapshots lost
246,neighbor,"0,1,2,3,4,5,6,7,8,9,10,11,12,13,14,15,16,17,21,19,20,18,22",caa606e0098558fdcd82115540bab0629222d76aabf258f0e21bce0aaf2095e2,b012e1a51541eac47abd8d85ec87a26077288931d4268155d84b0ed496caccd0,96.507355,96.89586,544,False,unit fuzzy loss,success_build,True,True,aa62853a494a59a3b49a0803a5ed4d4d5e7bd2ca2a7a19f46a2873cb5965e68e,True,True,True,True,unverifiable: historical snapshots lost
247,neighbor,"0,1,2,3,4,5,6,7,8,9,10,11,12,13,14,15,16,17,22,19,20,21,18",4854d9b0eea23794b9f903653fc70221d940deecd74538075a7c415602d84180,bab02de029a39c5fa24ca9adc6d63d10856a04a41ca7e190975de83cf81886b1,96.286766,96.87646,544,False,unit fuzzy loss,success_build,True,True,aa62853a494a59a3b49a0803a5ed4d4d5e7bd2ca2a7a19f46a2873cb5965e68e,True,True,True,True,unverifiable: historical snapshots lost
248,neighbor,"0,1,2,3,4,5,6,7,8,9,10,11,12,13,14,15,16,17,18,20,19,21,22",153e8dd354f4b56f6f32059f1202d9854094e16803200e0c884551b2434ebb15,4fee8263b52a8df73351c4e19d216a3748c6f273cb9b10c42b6b94228f9626e0,96.65441,96.9088,544,False,unit fuzzy loss,success_build,True,True,aa62853a494a59a3b49a0803a5ed4d4d5e7bd2ca2a7a19f46a2873cb5965e68e,True,True,True,True,unverifiable: historical snapshots lost
249,neighbor,"0,1,2,3,4,5,6,7,8,9,10,11,12,13,14,15,16,17,18,21,20,19,22",f51ade0fb5eacc5ebf0c5fd49856ab262575f399f4b8adb219ccd5c8789d416a,c42046846731efd64966a079bb0cb91d4512b8c09b208d373245e9776fc206bf,96.58088,96.90233,544,False,unit fuzzy loss,success_build,True,True,aa62853a494a59a3b49a0803a5ed4d4d5e7bd2ca2a7a19f46a2873cb5965e68e,True,True,True,True,unverifiable: historical snapshots lost
250,neighbor,"0,1,2,3,4,5,6,7,8,9,10,11,12,13,14,15,16,17,18,22,20,21,19",5deced8c168ae9ccbbb7cd75c55555d48cdaafd2380d35370ce22f01f96520e5,6b282939068e9887619ad1eeaef4d38c7805b852ed51d63a9637f8d273d27615,96.36029,96.88293,544,False,unit fuzzy loss,success_build,True,True,aa62853a494a59a3b49a0803a5ed4d4d5e7bd2ca2a7a19f46a2873cb5965e68e,True,True,True,True,unverifiable: historical snapshots lost
251,neighbor,"0,1,2,3,4,5,6,7,8,9,10,11,12,13,14,15,16,17,18,19,21,20,22",27301caf15fc1bff5a80f8f54f0964dfe80c3d61c66f30a18ba82a7fe563aa6c,dd480e92bc05c01fa89d699e091f80319040e42e7df252eb46c71ff19f9e329f,96.507355,96.89586,544,False,unit fuzzy loss,success_build,True,True,aa62853a494a59a3b49a0803a5ed4d4d5e7bd2ca2a7a19f46a2873cb5965e68e,True,True,True,True,unverifiable: historical snapshots lost
252,neighbor,"0,1,2,3,4,5,6,7,8,9,10,11,12,13,14,15,16,17,18,19,22,21,20",393cde67a240adcf1441d40437e1b0f0750d794f64ae84bd14bbb34113bfe22d,510899ef4fe983412433e22aa4be10f31ac9ea539b84efc3c991cf53449cf05c,96.286766,96.87646,544,False,unit fuzzy loss,success_build,True,True,aa62853a494a59a3b49a0803a5ed4d4d5e7bd2ca2a7a19f46a2873cb5965e68e,True,True,True,True,unverifiable: historical snapshots lost
253,neighbor,"0,1,2,3,4,5,6,7,8,9,10,11,12,13,14,15,16,17,18,19,20,22,21",24b01ea567c21ced8b73ca4adef40c90565508d4a94488655c599607e422373a,4e6ef25f39326f59fd0b1d935ef2cc18200ede00f4ab830c25121176398c4ff5,96.25,96.87322,544,False,unit fuzzy loss,success_build,True,True,aa62853a494a59a3b49a0803a5ed4d4d5e7bd2ca2a7a19f46a2873cb5965e68e,True,True,True,True,unverifiable: historical snapshots lost
254,neighbor,"1,2,0,3,4,5,6,7,8,9,10,11,12,13,14,15,16,17,18,19,20,21,22",f8abcd658c90cb359e29a1640427d483d5f548e739565ecadf1c0a1e6ce87f1c,ec16b52bfcd4b132b90d9d879ebc73ee652d4337202f371609c9a18c12120c89,96.69118,96.91203,544,True,,success_build,True,True,aa62853a494a59a3b49a0803a5ed4d4d5e7bd2ca2a7a19f46a2873cb5965e68e,True,True,True,True,unverifiable: historical snapshots lost
255,neighbor,"1,2,3,0,4,5,6,7,8,9,10,11,12,13,14,15,16,17,18,19,20,21,22",582907633d3e2ebfed36171bc34e12031f3319ffa68878406ebe32920dfe4831,d327a2534d034ec0441dcac2e9851830c1a11f80bba2d8d292817e7945ab7a5c,96.47059,96.892624,544,False,unit fuzzy loss,success_build,True,True,aa62853a494a59a3b49a0803a5ed4d4d5e7bd2ca2a7a19f46a2873cb5965e68e,True,True,True,True,unverifiable: historical snapshots lost
256,neighbor,"1,2,3,4,0,5,6,7,8,9,10,11,12,13,14,15,16,17,18,19,20,21,22",c436de05dbd5aea3eefef55275f712596f66bd6fe17900cdfad49a2d1af45716,d327a2534d034ec0441dcac2e9851830c1a11f80bba2d8d292817e7945ab7a5c,96.47059,96.892624,544,False,unit fuzzy loss,success_build,True,True,aa62853a494a59a3b49a0803a5ed4d4d5e7bd2ca2a7a19f46a2873cb5965e68e,True,True,True,True,unverifiable: historical snapshots lost
257,neighbor,"1,2,3,4,5,0,6,7,8,9,10,11,12,13,14,15,16,17,18,19,20,21,22",848cbe2ec6bafd517f5124461c8a016c210eded6b19eeb894d78ca297fb150c0,0d9eeff9702113ab5974c748a6468d21699b1124b0dd865bfa34e240299f6c99,96.43382,96.88939,544,False,unit fuzzy loss,success_build,True,True,aa62853a494a59a3b49a0803a5ed4d4d5e7bd2ca2a7a19f46a2873cb5965e68e,True,True,True,True,unverifiable: historical snapshots lost
258,neighbor,"1,2,3,4,5,6,0,7,8,9,10,11,12,13,14,15,16,17,18,19,20,21,22",4f3d34f435c2919d9e6059d4925f4745866500ca9cac06b982bd6e7b4811894e,bc985b406a33a35b38187df1371becef955c979f162bbc6f5c3e6ed4525571e6,96.43382,96.88939,544,False,unit fuzzy loss,success_build,True,True,aa62853a494a59a3b49a0803a5ed4d4d5e7bd2ca2a7a19f46a2873cb5965e68e,True,True,True,True,unverifiable: historical snapshots lost
259,neighbor,"1,2,3,4,5,6,7,0,8,9,10,11,12,13,14,15,16,17,18,19,20,21,22",997978d381118d512ae811d30910b916b177ec6469864d93a3c1763c6be31886,802591b01d5e0ee3c991ac0a91a200b501c6f7928dd1a71782fca14459c32e7a,96.17647,96.86675,544,False,unit fuzzy loss,success_build,True,True,aa62853a494a59a3b49a0803a5ed4d4d5e7bd2ca2a7a19f46a2873cb5965e68e,True,True,True,True,unverifiable: historical snapshots lost
260,neighbor,"1,2,3,4,5,6,7,8,0,9,10,11,12,13,14,15,16,17,18,19,20,21,22",2e3eddbff365ed9e2e41a559d544e7441de24c960e91fef920d9196e46ea00f3,9081b4c56b59a38ae9b47d42d4d263b440442fdc6977abe47c68c9656922431c,96.10294,96.86028,544,False,unit fuzzy loss,success_build,True,True,aa62853a494a59a3b49a0803a5ed4d4d5e7bd2ca2a7a19f46a2873cb5965e68e,True,True,True,True,unverifiable: historical snapshots lost
261,neighbor,"1,2,3,4,5,6,7,8,9,0,10,11,12,13,14,15,16,17,18,19,20,21,22",7d74dd54205af24468c5f2c0db5c73af9382c2bb2f0c13d2b30456358f0cf60a,9081b4c56b59a38ae9b47d42d4d263b440442fdc6977abe47c68c9656922431c,96.10294,96.86028,544,False,unit fuzzy loss,success_build,True,True,aa62853a494a59a3b49a0803a5ed4d4d5e7bd2ca2a7a19f46a2873cb5965e68e,True,True,True,True,unverifiable: historical snapshots lost
262,neighbor,"1,2,3,4,5,6,7,8,9,10,0,11,12,13,14,15,16,17,18,19,20,21,22",3a0874fba915f1d0b8919ad021f4556265a0876baf6c38516b2dde03c638f71b,9081b4c56b59a38ae9b47d42d4d263b440442fdc6977abe47c68c9656922431c,96.10294,96.86028,544,False,unit fuzzy loss,success_build,True,True,aa62853a494a59a3b49a0803a5ed4d4d5e7bd2ca2a7a19f46a2873cb5965e68e,True,True,True,True,unverifiable: historical snapshots lost
263,neighbor,"1,2,3,4,5,6,7,8,9,10,11,0,12,13,14,15,16,17,18,19,20,21,22",05e52480f67386d1d65bd1efdc5beb2cb2756a160f9632866f92d96875e6eb45,8873b7e94c0420ef694d887f3defc7e95fa2126c888b3e14a06cc4b9a38539ca,95.84559,96.83765,544,False,unit fuzzy loss,success_build,True,True,aa62853a494a59a3b49a0803a5ed4d4d5e7bd2ca2a7a19f46a2873cb5965e68e,True,True,True,True,unverifiable: historical snapshots lost
264,neighbor,"1,2,3,4,5,6,7,8,9,10,11,12,0,13,14,15,16,17,18,19,20,21,22",f1e66a5eee7e51cf5f67337059d45db5e193de2a5ab515248165b7172d00ac9a,e8bf088f0b5691a5dfb0189ec203f4ed9863f76ca88cf5a828b92d8ee83c8930,95.625,96.81824,544,False,unit fuzzy loss,success_build,True,True,aa62853a494a59a3b49a0803a5ed4d4d5e7bd2ca2a7a19f46a2873cb5965e68e,True,True,True,True,unverifiable: historical snapshots lost
265,neighbor,"1,2,3,4,5,6,7,8,9,10,11,12,13,0,14,15,16,17,18,19,20,21,22",2bfdaa4559acf5c5320852564704c6236b1e7ee117a07e45340b8c9d88672fd5,2ff543abff4bb8afefb778c655f7bbce204f7d884a65ba22d40652e5f81b2f6e,95.40441,96.798836,544,False,unit fuzzy loss,success_build,True,True,aa62853a494a59a3b49a0803a5ed4d4d5e7bd2ca2a7a19f46a2873cb5965e68e,True,True,True,True,unverifiable: historical snapshots lost
266,neighbor,"1,2,3,4,5,6,7,8,9,10,11,12,13,14,0,15,16,17,18,19,20,21,22",ac2e7905bb5f8a542aacc01cd7ba186e376eebaf2fb7ae2f3ca7a87644b0f37f,2ff543abff4bb8afefb778c655f7bbce204f7d884a65ba22d40652e5f81b2f6e,95.40441,96.798836,544,False,unit fuzzy loss,success_build,True,True,aa62853a494a59a3b49a0803a5ed4d4d5e7bd2ca2a7a19f46a2873cb5965e68e,True,True,True,True,unverifiable: historical snapshots lost
267,neighbor,"1,2,3,4,5,6,7,8,9,10,11,12,13,14,15,0,16,17,18,19,20,21,22",5f877ab058f21ae970de8b193dfd6eceb5fb8a9182b54e907650ad0addeffef2,63a243a524b1a12445bb2d6e97b1e29518156ed81fa3b1bc14d74504f1a96f1b,95.18382,96.779434,544,False,unit fuzzy loss,success_build,True,True,aa62853a494a59a3b49a0803a5ed4d4d5e7bd2ca2a7a19f46a2873cb5965e68e,True,True,True,True,unverifiable: historical snapshots lost
268,neighbor,"1,2,3,4,5,6,7,8,9,10,11,12,13,14,15,16,0,17,18,19,20,21,22",2ae890029b781932028e13362a246a45d2e1cd8aa4addbff9b2537d74dfc8e1a,63a243a524b1a12445bb2d6e97b1e29518156ed81fa3b1bc14d74504f1a96f1b,95.18382,96.779434,544,False,unit fuzzy loss,success_build,True,True,aa62853a494a59a3b49a0803a5ed4d4d5e7bd2ca2a7a19f46a2873cb5965e68e,True,True,True,True,unverifiable: historical snapshots lost
269,neighbor,"1,2,3,4,5,6,7,8,9,10,11,12,13,14,15,16,17,0,18,19,20,21,22",2af85718d4d0d07704017fcaf683e6ffaa6d8f1878c23b3ebcbb4df4d9ec3ed8,765e2f0f3c5f608c1eebfa300e4639478d40a106609794bbcb3ded7f0ec4a3a1,95.07353,96.76973,544,False,unit fuzzy loss,success_build,True,True,aa62853a494a59a3b49a0803a5ed4d4d5e7bd2ca2a7a19f46a2873cb5965e68e,True,True,True,True,unverifiable: historical snapshots lost
270,neighbor,"1,2,3,4,5,6,7,8,9,10,11,12,13,14,15,16,17,18,0,19,20,21,22",882f6009b06e740e7d615c42084ac1ae31fc79f4961b6c9af70403fa12d8fc8e,2df6410dd7d7ca291c263347576352af685e45f498f83d2b6aa8d3557d72b48e,95.0,96.76326,544,False,unit fuzzy loss,success_build,True,True,aa62853a494a59a3b49a0803a5ed4d4d5e7bd2ca2a7a19f46a2873cb5965e68e,True,True,True,True,unverifiable: historical snapshots lost
271,neighbor,"1,2,3,4,5,6,7,8,9,10,11,12,13,14,15,16,17,18,19,0,20,21,22",74bfb9b998014923b9f6d5f74b23a65bc11e6f34a7c416d21b8f1af905993a0c,1d2fc3ba1ae4c91a2af19f33fbe1ec9cdeb3b7e3fc4ed81f723a22d69578dea9,95.0,96.76326,544,False,unit fuzzy loss,success_build,True,True,aa62853a494a59a3b49a0803a5ed4d4d5e7bd2ca2a7a19f46a2873cb5965e68e,True,True,True,True,unverifiable: historical snapshots lost
272,neighbor,"1,2,3,4,5,6,7,8,9,10,11,12,13,14,15,16,17,18,19,20,0,21,22",a9e4ae9ad8df1ec5348b43de48eae048ac7097a72a7fa5cad3e1edae62ad0683,b2c45fddbb437393c72f22e838ef922d763fb990295245aa1dca2e295309dade,94.92647,96.75679,544,False,unit fuzzy loss,success_build,True,True,aa62853a494a59a3b49a0803a5ed4d4d5e7bd2ca2a7a19f46a2873cb5965e68e,True,True,True,True,unverifiable: historical snapshots lost
273,neighbor,"1,2,3,4,5,6,7,8,9,10,11,12,13,14,15,16,17,18,19,20,21,0,22",19e8bd2d1697cbd360c7f32eff40e5ea374f22c9197ddb4eba66d96530b398b1,40dd824f53ccaad9575de4d6574186354b3ef79c70bbf3db7a3468ad99fc5e65,94.81618,96.747086,544,False,unit fuzzy loss,success_build,True,True,aa62853a494a59a3b49a0803a5ed4d4d5e7bd2ca2a7a19f46a2873cb5965e68e,True,True,True,True,unverifiable: historical snapshots lost
274,neighbor,"1,2,3,4,5,6,7,8,9,10,11,12,13,14,15,16,17,18,19,20,21,22,0",e4c9b0eed5497b4e29bcb03e57a9978e3dbf05c5d9c6c31120710125cb8578a6,b871a607d0d42e4f36499f754e4f2cbb4127c49fb0e3d66b5826a3584f494dc2,94.48529,96.71798,544,False,unit fuzzy loss,success_build,True,True,aa62853a494a59a3b49a0803a5ed4d4d5e7bd2ca2a7a19f46a2873cb5965e68e,True,True,True,True,unverifiable: historical snapshots lost
275,neighbor,"0,2,3,1,4,5,6,7,8,9,10,11,12,13,14,15,16,17,18,19,20,21,22",1bea2d3ea17023a8dcd90ad358f81569495fb5bd11d829e05b3199c48405c0b5,ec16b52bfcd4b132b90d9d879ebc73ee652d4337202f371609c9a18c12120c89,96.69118,96.91203,544,True,,success_build,True,True,aa62853a494a59a3b49a0803a5ed4d4d5e7bd2ca2a7a19f46a2873cb5965e68e,True,True,True,True,unverifiable: historical snapshots lost
276,neighbor,"0,2,3,4,1,5,6,7,8,9,10,11,12,13,14,15,16,17,18,19,20,21,22",1bc2a18df9a0ed7119659798d2ebb6e775bce88023c4a43330ecf4bc10056530,ec16b52bfcd4b132b90d9d879ebc73ee652d4337202f371609c9a18c12120c89,96.69118,96.91203,544,True,,success_build,True,True,aa62853a494a59a3b49a0803a5ed4d4d5e7bd2ca2a7a19f46a2873cb5965e68e,True,True,True,True,unverifiable: historical snapshots lost
277,neighbor,"0,2,3,4,5,1,6,7,8,9,10,11,12,13,14,15,16,17,18,19,20,21,22",ab454f0f62c31ec0a4ebe6f97549f856e1c44899133a5be082861122b84179fd,ec16b52bfcd4b132b90d9d879ebc73ee652d4337202f371609c9a18c12120c89,96.69118,96.91203,544,True,,success_build,True,True,aa62853a494a59a3b49a0803a5ed4d4d5e7bd2ca2a7a19f46a2873cb5965e68e,True,True,True,True,unverifiable: historical snapshots lost
278,neighbor,"0,2,3,4,5,6,1,7,8,9,10,11,12,13,14,15,16,17,18,19,20,21,22",5dfcc73174a2f1a9d7b5869cfc3ee9f91122d4dccfca898a7abd6237d9feaed5,ec16b52bfcd4b132b90d9d879ebc73ee652d4337202f371609c9a18c12120c89,96.69118,96.91203,544,True,,success_build,True,True,aa62853a494a59a3b49a0803a5ed4d4d5e7bd2ca2a7a19f46a2873cb5965e68e,True,True,True,True,unverifiable: historical snapshots lost
279,neighbor,"0,2,3,4,5,6,7,1,8,9,10,11,12,13,14,15,16,17,18,19,20,21,22",d0df2ad2bca3f1cf420567c5d89c861a3413695554f301ab12b01b566d17ec16,ec16b52bfcd4b132b90d9d879ebc73ee652d4337202f371609c9a18c12120c89,96.69118,96.91203,544,True,,success_build,True,True,aa62853a494a59a3b49a0803a5ed4d4d5e7bd2ca2a7a19f46a2873cb5965e68e,True,True,True,True,unverifiable: historical snapshots lost
280,neighbor,"0,2,3,4,5,6,7,8,1,9,10,11,12,13,14,15,16,17,18,19,20,21,22",69984641ba7d81501edd59ac9c682c50a3e933d497f7fd9af87c46cae9593379,ec16b52bfcd4b132b90d9d879ebc73ee652d4337202f371609c9a18c12120c89,96.69118,96.91203,544,True,,success_build,True,True,aa62853a494a59a3b49a0803a5ed4d4d5e7bd2ca2a7a19f46a2873cb5965e68e,True,True,True,True,unverifiable: historical snapshots lost
281,neighbor,"0,2,3,4,5,6,7,8,9,1,10,11,12,13,14,15,16,17,18,19,20,21,22",7c56aeb30626b4eba8da563480b3a4fbfc3c8d4b8fd58eaf540115706af267d3,ec16b52bfcd4b132b90d9d879ebc73ee652d4337202f371609c9a18c12120c89,96.69118,96.91203,544,True,,success_build,True,True,aa62853a494a59a3b49a0803a5ed4d4d5e7bd2ca2a7a19f46a2873cb5965e68e,True,True,True,True,unverifiable: historical snapshots lost
282,neighbor,"0,2,3,4,5,6,7,8,9,10,1,11,12,13,14,15,16,17,18,19,20,21,22",47cd8802f6057333f4c43c9659fdea203a25734a83c7c7c8bf8472f1ebba3ab9,ec16b52bfcd4b132b90d9d879ebc73ee652d4337202f371609c9a18c12120c89,96.69118,96.91203,544,True,,success_build,True,True,aa62853a494a59a3b49a0803a5ed4d4d5e7bd2ca2a7a19f46a2873cb5965e68e,True,True,True,True,unverifiable: historical snapshots lost
283,neighbor,"0,2,3,4,5,6,7,8,9,10,11,1,12,13,14,15,16,17,18,19,20,21,22",d1b2939fd8479df13a3c609cbdb042bfb34ea62b7f8496c737d221c6edc367db,ec16b52bfcd4b132b90d9d879ebc73ee652d4337202f371609c9a18c12120c89,96.69118,96.91203,544,True,,success_build,True,True,aa62853a494a59a3b49a0803a5ed4d4d5e7bd2ca2a7a19f46a2873cb5965e68e,True,True,True,True,unverifiable: historical snapshots lost
284,neighbor,"0,2,3,4,5,6,7,8,9,10,11,12,1,13,14,15,16,17,18,19,20,21,22",4f8e49ca3d29d38491d45332a3cacc9d36edaf06675e33144b8cdbf6d027a577,ec16b52bfcd4b132b90d9d879ebc73ee652d4337202f371609c9a18c12120c89,96.69118,96.91203,544,True,,success_build,True,True,aa62853a494a59a3b49a0803a5ed4d4d5e7bd2ca2a7a19f46a2873cb5965e68e,True,True,True,True,unverifiable: historical snapshots lost
285,neighbor,"0,2,3,4,5,6,7,8,9,10,11,12,13,1,14,15,16,17,18,19,20,21,22",31fba0fe8adda6f505bc430870269ad9c37c693fc15db22ba78cc751b5479d33,ec16b52bfcd4b132b90d9d879ebc73ee652d4337202f371609c9a18c12120c89,96.69118,96.91203,544,True,,success_build,True,True,aa62853a494a59a3b49a0803a5ed4d4d5e7bd2ca2a7a19f46a2873cb5965e68e,True,True,True,True,unverifiable: historical snapshots lost
286,neighbor,"0,2,3,4,5,6,7,8,9,10,11,12,13,14,1,15,16,17,18,19,20,21,22",53a2fca9e9597b4b2362ccee69b315e189fc953fe336dcd6a9621686a5cdcdfb,ec16b52bfcd4b132b90d9d879ebc73ee652d4337202f371609c9a18c12120c89,96.69118,96.91203,544,True,,success_build,True,True,aa62853a494a59a3b49a0803a5ed4d4d5e7bd2ca2a7a19f46a2873cb5965e68e,True,True,True,True,unverifiable: historical snapshots lost
287,neighbor,"0,2,3,4,5,6,7,8,9,10,11,12,13,14,15,1,16,17,18,19,20,21,22",6f0635bb8012f8781bdcbe8b199f8abd20dd456bbe958bebdfc78d4d80951bd7,ec16b52bfcd4b132b90d9d879ebc73ee652d4337202f371609c9a18c12120c89,96.69118,96.91203,544,True,,success_build,True,True,aa62853a494a59a3b49a0803a5ed4d4d5e7bd2ca2a7a19f46a2873cb5965e68e,True,True,True,True,unverifiable: historical snapshots lost
288,neighbor,"0,2,3,4,5,6,7,8,9,10,11,12,13,14,15,16,1,17,18,19,20,21,22",d3c6b75174e0a6a2a041ebb36e403f0bc1a72ffa1f78a55157af2989c29bbbfc,ec16b52bfcd4b132b90d9d879ebc73ee652d4337202f371609c9a18c12120c89,96.69118,96.91203,544,True,,success_build,True,True,aa62853a494a59a3b49a0803a5ed4d4d5e7bd2ca2a7a19f46a2873cb5965e68e,True,True,True,True,unverifiable: historical snapshots lost
289,neighbor,"0,2,3,4,5,6,7,8,9,10,11,12,13,14,15,16,17,1,18,19,20,21,22",6ecabe44d7e2798ce8a2348a7e33009d67e5ba96fed02061b7c12aae71ce2ae7,ec16b52bfcd4b132b90d9d879ebc73ee652d4337202f371609c9a18c12120c89,96.69118,96.91203,544,True,,success_build,True,True,aa62853a494a59a3b49a0803a5ed4d4d5e7bd2ca2a7a19f46a2873cb5965e68e,True,True,True,True,unverifiable: historical snapshots lost
290,neighbor,"0,2,3,4,5,6,7,8,9,10,11,12,13,14,15,16,17,18,1,19,20,21,22",1aaff8a5ea8db4771963fa18d957119562c1f60327ee6fd554281458e431d6f1,ec16b52bfcd4b132b90d9d879ebc73ee652d4337202f371609c9a18c12120c89,96.69118,96.91203,544,True,,success_build,True,True,aa62853a494a59a3b49a0803a5ed4d4d5e7bd2ca2a7a19f46a2873cb5965e68e,True,True,True,True,unverifiable: historical snapshots lost
291,neighbor,"0,2,3,4,5,6,7,8,9,10,11,12,13,14,15,16,17,18,19,1,20,21,22",ed3df8a96f564d4489b3eac07d70d6fd56b8fbd905a6747b32133d394b10b846,ec16b52bfcd4b132b90d9d879ebc73ee652d4337202f371609c9a18c12120c89,96.69118,96.91203,544,True,,success_build,True,True,aa62853a494a59a3b49a0803a5ed4d4d5e7bd2ca2a7a19f46a2873cb5965e68e,True,True,True,True,unverifiable: historical snapshots lost
292,neighbor,"0,2,3,4,5,6,7,8,9,10,11,12,13,14,15,16,17,18,19,20,1,21,22",fc25c4296c4d1d622373e1b8a98fdfc472eb5bb96e7c7f858ed0167f2f16c708,ec16b52bfcd4b132b90d9d879ebc73ee652d4337202f371609c9a18c12120c89,96.69118,96.91203,544,True,,success_build,True,True,aa62853a494a59a3b49a0803a5ed4d4d5e7bd2ca2a7a19f46a2873cb5965e68e,True,True,True,True,unverifiable: historical snapshots lost
293,neighbor,"0,2,3,4,5,6,7,8,9,10,11,12,13,14,15,16,17,18,19,20,21,1,22",89d82435c39be12aaa2ae275bd0bfaa5b97ea6bc218b5614542b2b2f12d1e67d,ec16b52bfcd4b132b90d9d879ebc73ee652d4337202f371609c9a18c12120c89,96.69118,96.91203,544,True,,success_build,True,True,aa62853a494a59a3b49a0803a5ed4d4d5e7bd2ca2a7a19f46a2873cb5965e68e,True,True,True,True,unverifiable: historical snapshots lost
294,neighbor,"0,2,3,4,5,6,7,8,9,10,11,12,13,14,15,16,17,18,19,20,21,22,1",7a5189249a59ae2d62f34ac23481cb126997e7164c4d63fc3d594f9bbf350e9d,ec16b52bfcd4b132b90d9d879ebc73ee652d4337202f371609c9a18c12120c89,96.69118,96.91203,544,True,,success_build,True,True,aa62853a494a59a3b49a0803a5ed4d4d5e7bd2ca2a7a19f46a2873cb5965e68e,True,True,True,True,unverifiable: historical snapshots lost
295,neighbor,"2,0,1,3,4,5,6,7,8,9,10,11,12,13,14,15,16,17,18,19,20,21,22",d981ebc38122c8160fce4bf7fb5a073fa302a8b12e5fa52fe7dfad0c3dfd365f,ec16b52bfcd4b132b90d9d879ebc73ee652d4337202f371609c9a18c12120c89,96.69118,96.91203,544,True,,success_build,True,True,aa62853a494a59a3b49a0803a5ed4d4d5e7bd2ca2a7a19f46a2873cb5965e68e,True,True,True,True,unverifiable: historical snapshots lost
296,neighbor,"0,1,3,4,2,5,6,7,8,9,10,11,12,13,14,15,16,17,18,19,20,21,22",76de2a89e675887e77f689fb4ede60e025446082aea150975eef11305e8efc10,ec16b52bfcd4b132b90d9d879ebc73ee652d4337202f371609c9a18c12120c89,96.69118,96.91203,544,True,,success_build,True,True,aa62853a494a59a3b49a0803a5ed4d4d5e7bd2ca2a7a19f46a2873cb5965e68e,True,True,True,True,unverifiable: historical snapshots lost
297,neighbor,"0,1,3,4,5,2,6,7,8,9,10,11,12,13,14,15,16,17,18,19,20,21,22",af2a8bd04406bfc0f4148f4dedecebe3340569035055a29999f9b363757f72f6,ec16b52bfcd4b132b90d9d879ebc73ee652d4337202f371609c9a18c12120c89,96.69118,96.91203,544,True,,success_build,True,True,aa62853a494a59a3b49a0803a5ed4d4d5e7bd2ca2a7a19f46a2873cb5965e68e,True,True,True,True,unverifiable: historical snapshots lost
298,neighbor,"0,1,3,4,5,6,2,7,8,9,10,11,12,13,14,15,16,17,18,19,20,21,22",f56de6de4dc1c5aed0f710f3acca206eb4937fc08955ba60eae1ac132cafe8d4,ec16b52bfcd4b132b90d9d879ebc73ee652d4337202f371609c9a18c12120c89,96.69118,96.91203,544,True,,success_build,True,True,aa62853a494a59a3b49a0803a5ed4d4d5e7bd2ca2a7a19f46a2873cb5965e68e,True,True,True,True,unverifiable: historical snapshots lost
299,neighbor,"0,1,3,4,5,6,7,2,8,9,10,11,12,13,14,15,16,17,18,19,20,21,22",c975d8e7b2822121bfdaccd0c4ec5a6b5cd47d00ff3ecd36f9e723ca56317689,ec16b52bfcd4b132b90d9d879ebc73ee652d4337202f371609c9a18c12120c89,96.69118,96.91203,544,True,,success_build,True,True,aa62853a494a59a3b49a0803a5ed4d4d5e7bd2ca2a7a19f46a2873cb5965e68e,True,True,True,True,unverifiable: historical snapshots lost
300,neighbor,"0,1,3,4,5,6,7,8,2,9,10,11,12,13,14,15,16,17,18,19,20,21,22",992efd5428533d04362eee337f3c2e9d751e604892b8fc8d46a8ac84b4c79194,ec16b52bfcd4b132b90d9d879ebc73ee652d4337202f371609c9a18c12120c89,96.69118,96.91203,544,True,,success_build,True,True,aa62853a494a59a3b49a0803a5ed4d4d5e7bd2ca2a7a19f46a2873cb5965e68e,True,True,True,True,unverifiable: historical snapshots lost
301,neighbor,"0,1,3,4,5,6,7,8,9,2,10,11,12,13,14,15,16,17,18,19,20,21,22",7b04621f1509eb5b5c774e318db0d697827e37fa91058a277f918d930b287b66,ec16b52bfcd4b132b90d9d879ebc73ee652d4337202f371609c9a18c12120c89,96.69118,96.91203,544,True,,success_build,True,True,aa62853a494a59a3b49a0803a5ed4d4d5e7bd2ca2a7a19f46a2873cb5965e68e,True,True,True,True,unverifiable: historical snapshots lost
302,neighbor,"0,1,3,4,5,6,7,8,9,10,2,11,12,13,14,15,16,17,18,19,20,21,22",15cd7a9f996ee288f148949c21643b76d4490bda03b9068bc3764786e9f14f81,ec16b52bfcd4b132b90d9d879ebc73ee652d4337202f371609c9a18c12120c89,96.69118,96.91203,544,True,,success_build,True,True,aa62853a494a59a3b49a0803a5ed4d4d5e7bd2ca2a7a19f46a2873cb5965e68e,True,True,True,True,unverifiable: historical snapshots lost
303,neighbor,"0,1,3,4,5,6,7,8,9,10,11,2,12,13,14,15,16,17,18,19,20,21,22",0ba4c0fe6e78f0051810628093432fae83690e3dc3934527d52e9d5ce53cfba2,ec16b52bfcd4b132b90d9d879ebc73ee652d4337202f371609c9a18c12120c89,96.69118,96.91203,544,True,,success_build,True,True,aa62853a494a59a3b49a0803a5ed4d4d5e7bd2ca2a7a19f46a2873cb5965e68e,True,True,True,True,unverifiable: historical snapshots lost
304,neighbor,"0,1,3,4,5,6,7,8,9,10,11,12,2,13,14,15,16,17,18,19,20,21,22",8db777cbe1117e27ff9a0d08694a1f380d2e5a00c60981249a193626e55a0cac,ec16b52bfcd4b132b90d9d879ebc73ee652d4337202f371609c9a18c12120c89,96.69118,96.91203,544,True,,success_build,True,True,aa62853a494a59a3b49a0803a5ed4d4d5e7bd2ca2a7a19f46a2873cb5965e68e,True,True,True,True,unverifiable: historical snapshots lost
305,neighbor,"0,1,3,4,5,6,7,8,9,10,11,12,13,2,14,15,16,17,18,19,20,21,22",8f60e1ba1783588a64a449bf897077757c6d8d7f1b080fe3def408c093c38136,ec16b52bfcd4b132b90d9d879ebc73ee652d4337202f371609c9a18c12120c89,96.69118,96.91203,544,True,,success_build,True,True,aa62853a494a59a3b49a0803a5ed4d4d5e7bd2ca2a7a19f46a2873cb5965e68e,True,True,True,True,unverifiable: historical snapshots lost
306,neighbor,"0,1,3,4,5,6,7,8,9,10,11,12,13,14,2,15,16,17,18,19,20,21,22",d56a7208616e8f0486eb1267c576a08120973a2630c037d3af54230ed0920219,ec16b52bfcd4b132b90d9d879ebc73ee652d4337202f371609c9a18c12120c89,96.69118,96.91203,544,True,,success_build,True,True,aa62853a494a59a3b49a0803a5ed4d4d5e7bd2ca2a7a19f46a2873cb5965e68e,True,True,True,True,unverifiable: historical snapshots lost
307,neighbor,"0,1,3,4,5,6,7,8,9,10,11,12,13,14,15,2,16,17,18,19,20,21,22",e8b426830370539f9c90bbbb5e10998fd150212c4750bdbc0d223a5d9c65e79f,ec16b52bfcd4b132b90d9d879ebc73ee652d4337202f371609c9a18c12120c89,96.69118,96.91203,544,True,,success_build,True,True,aa62853a494a59a3b49a0803a5ed4d4d5e7bd2ca2a7a19f46a2873cb5965e68e,True,True,True,True,unverifiable: historical snapshots lost
308,neighbor,"0,1,3,4,5,6,7,8,9,10,11,12,13,14,15,16,2,17,18,19,20,21,22",71f18c3606c5bcca551ec74d7a63d0d104d8e34797c44a3d0a014b8981238567,ec16b52bfcd4b132b90d9d879ebc73ee652d4337202f371609c9a18c12120c89,96.69118,96.91203,544,True,,success_build,True,True,aa62853a494a59a3b49a0803a5ed4d4d5e7bd2ca2a7a19f46a2873cb5965e68e,True,True,True,True,unverifiable: historical snapshots lost
309,neighbor,"0,1,3,4,5,6,7,8,9,10,11,12,13,14,15,16,17,2,18,19,20,21,22",869da60a32438ebda21580ae44b796628d9d7bc8ea5c68cbf8829252d3b3146a,ec16b52bfcd4b132b90d9d879ebc73ee652d4337202f371609c9a18c12120c89,96.69118,96.91203,544,True,,success_build,True,True,aa62853a494a59a3b49a0803a5ed4d4d5e7bd2ca2a7a19f46a2873cb5965e68e,True,True,True,True,unverifiable: historical snapshots lost
310,neighbor,"0,1,3,4,5,6,7,8,9,10,11,12,13,14,15,16,17,18,2,19,20,21,22",33ef7c303b53e01df1b6a6d115437aa074bef92d10321b1e43f90b0e78af46a1,ec16b52bfcd4b132b90d9d879ebc73ee652d4337202f371609c9a18c12120c89,96.69118,96.91203,544,True,,success_build,True,True,aa62853a494a59a3b49a0803a5ed4d4d5e7bd2ca2a7a19f46a2873cb5965e68e,True,True,True,True,unverifiable: historical snapshots lost
311,neighbor,"0,1,3,4,5,6,7,8,9,10,11,12,13,14,15,16,17,18,19,2,20,21,22",4d7fc8123fc213b73e68121ec3bcd4eb07d0258b2eeda4edfc28a5a6f69fa939,ec16b52bfcd4b132b90d9d879ebc73ee652d4337202f371609c9a18c12120c89,96.69118,96.91203,544,True,,success_build,True,True,aa62853a494a59a3b49a0803a5ed4d4d5e7bd2ca2a7a19f46a2873cb5965e68e,True,True,True,True,unverifiable: historical snapshots lost
312,neighbor,"0,1,3,4,5,6,7,8,9,10,11,12,13,14,15,16,17,18,19,20,2,21,22",d275fb8228133754b32feb21efbd3460cee47efaec080a9ed5da0e2b84621d54,ec16b52bfcd4b132b90d9d879ebc73ee652d4337202f371609c9a18c12120c89,96.69118,96.91203,544,True,,success_build,True,True,aa62853a494a59a3b49a0803a5ed4d4d5e7bd2ca2a7a19f46a2873cb5965e68e,True,True,True,True,unverifiable: historical snapshots lost
313,neighbor,"0,1,3,4,5,6,7,8,9,10,11,12,13,14,15,16,17,18,19,20,21,2,22",84337a86668d0838717392ed759bd4edeee63f0d05e222345e3118dbd127b75f,ec16b52bfcd4b132b90d9d879ebc73ee652d4337202f371609c9a18c12120c89,96.69118,96.91203,544,True,,success_build,True,True,aa62853a494a59a3b49a0803a5ed4d4d5e7bd2ca2a7a19f46a2873cb5965e68e,True,True,True,True,unverifiable: historical snapshots lost
314,neighbor,"0,1,3,4,5,6,7,8,9,10,11,12,13,14,15,16,17,18,19,20,21,22,2",1f27fc9c9b27c892c33151f6c695b416f1d9fe88a400ad1c54261300c7f5df02,ec16b52bfcd4b132b90d9d879ebc73ee652d4337202f371609c9a18c12120c89,96.69118,96.91203,544,True,,success_build,True,True,aa62853a494a59a3b49a0803a5ed4d4d5e7bd2ca2a7a19f46a2873cb5965e68e,True,True,True,True,unverifiable: historical snapshots lost
315,neighbor,"3,0,1,2,4,5,6,7,8,9,10,11,12,13,14,15,16,17,18,19,20,21,22",5454201a1acc8a36ee350b4ca0ff0b5a1aa675eda691e255ce4a53fc726d8d42,d327a2534d034ec0441dcac2e9851830c1a11f80bba2d8d292817e7945ab7a5c,96.47059,96.892624,544,False,unit fuzzy loss,success_build,True,True,aa62853a494a59a3b49a0803a5ed4d4d5e7bd2ca2a7a19f46a2873cb5965e68e,True,True,True,True,unverifiable: historical snapshots lost
316,neighbor,"0,3,1,2,4,5,6,7,8,9,10,11,12,13,14,15,16,17,18,19,20,21,22",e2535b77961b1de02d5e152d12c199305eb0804522d76294217cbbbdf727b26d,ec16b52bfcd4b132b90d9d879ebc73ee652d4337202f371609c9a18c12120c89,96.69118,96.91203,544,True,,success_build,True,True,aa62853a494a59a3b49a0803a5ed4d4d5e7bd2ca2a7a19f46a2873cb5965e68e,True,True,True,True,unverifiable: historical snapshots lost
317,neighbor,"0,1,2,4,5,3,6,7,8,9,10,11,12,13,14,15,16,17,18,19,20,21,22",3ae7a185fda958518b657d6e8734e7663ad7f203e98876aca1d9ac67dbcf2ea9,f1fad7c2b69f9de0e57dfcdedf1576e24c2c3ad310417661b1e56f42b53fb432,96.54412,96.89909,544,False,unit fuzzy loss,success_build,True,True,aa62853a494a59a3b49a0803a5ed4d4d5e7bd2ca2a7a19f46a2873cb5965e68e,True,True,True,True,unverifiable: historical snapshots lost
318,neighbor,"0,1,2,4,5,6,3,7,8,9,10,11,12,13,14,15,16,17,18,19,20,21,22",0abee8486e19790598b1e8c296947775a080d955f09ea3b66431fbb00ad497f5,d92fc34bcacd35b228d45bd45d17b776060a59698fad823c9bcc650cf4eb07aa,96.54412,96.89909,544,False,unit fuzzy loss,success_build,True,True,aa62853a494a59a3b49a0803a5ed4d4d5e7bd2ca2a7a19f46a2873cb5965e68e,True,True,True,True,unverifiable: historical snapshots lost
319,neighbor,"0,1,2,4,5,6,7,3,8,9,10,11,12,13,14,15,16,17,18,19,20,21,22",399386dea0885b9d791dde003ee067d2e56b2c22277f0e1d0606c45bc34d1913,d0232a8ddab57d3d9537d4e8b63d6fe77a56161a751c8ba3819466a166842655,96.286766,96.87646,544,False,unit fuzzy loss,success_build,True,True,aa62853a494a59a3b49a0803a5ed4d4d5e7bd2ca2a7a19f46a2873cb5965e68e,True,True,True,True,unverifiable: historical snapshots lost
320,neighbor,"0,1,2,4,5,6,7,8,3,9,10,11,12,13,14,15,16,17,18,19,20,21,22",2e73438d6e363a77678fb2e2d4ce194769f25112988dfe27892751ebf4aa1e69,c30ee157392af89f4cf851609a8c1255e2abb62578f0e1b6c14792998e761cbf,96.213234,96.86999,544,False,unit fuzzy loss,success_build,True,True,aa62853a494a59a3b49a0803a5ed4d4d5e7bd2ca2a7a19f46a2873cb5965e68e,True,True,True,True,unverifiable: historical snapshots lost
321,neighbor,"0,1,2,4,5,6,7,8,9,3,10,11,12,13,14,15,16,17,18,19,20,21,22",f4834f59b8a22365f2d82707ae054dfaf502009ed62e222e42eb33b234391ce8,c30ee157392af89f4cf851609a8c1255e2abb62578f0e1b6c14792998e761cbf,96.213234,96.86999,544,False,unit fuzzy loss,success_build,True,True,aa62853a494a59a3b49a0803a5ed4d4d5e7bd2ca2a7a19f46a2873cb5965e68e,True,True,True,True,unverifiable: historical snapshots lost
322,neighbor,"0,1,2,4,5,6,7,8,9,10,3,11,12,13,14,15,16,17,18,19,20,21,22",1cdf54aee43fbced254ff5a0e68a9cadd2a258de4ff22e32ddacd9ed31b622b7,c30ee157392af89f4cf851609a8c1255e2abb62578f0e1b6c14792998e761cbf,96.213234,96.86999,544,False,unit fuzzy loss,success_build,True,True,aa62853a494a59a3b49a0803a5ed4d4d5e7bd2ca2a7a19f46a2873cb5965e68e,True,True,True,True,unverifiable: historical snapshots lost
323,neighbor,"0,1,2,4,5,6,7,8,9,10,11,3,12,13,14,15,16,17,18,19,20,21,22",15a37770c661f5d1a6a5b7c50bca5861970381f9cfb185222cb32a71a09b2225,442da3058c07878572530a0747778321b32b74b2ab145d5130385cda3668c444,95.95588,96.84735,544,False,unit fuzzy loss,success_build,True,True,aa62853a494a59a3b49a0803a5ed4d4d5e7bd2ca2a7a19f46a2873cb5965e68e,True,True,True,True,unverifiable: historical snapshots lost
324,neighbor,"0,1,2,4,5,6,7,8,9,10,11,12,3,13,14,15,16,17,18,19,20,21,22",42d7832bae33bd64842a964374314d4f7ef2430e8ee8a1d92cd4d37fdd672252,930edee90669243f1a29e8c4a777eab5d86666a4ee9a3727663eaaefd2fd2d0f,95.73529,96.82794,544,False,unit fuzzy loss,success_build,True,True,aa62853a494a59a3b49a0803a5ed4d4d5e7bd2ca2a7a19f46a2873cb5965e68e,True,True,True,True,unverifiable: historical snapshots lost
325,neighbor,"0,1,2,4,5,6,7,8,9,10,11,12,13,3,14,15,16,17,18,19,20,21,22",9812afdce6a8073616c3bb2fa3fd42088f35be5e23b1a8bc69084cec8335a2e9,cd56aacca2da32221506451b6c30b67049c0efbcf306738e6b76cbf10432840d,95.51471,96.80854,544,False,unit fuzzy loss,success_build,True,True,aa62853a494a59a3b49a0803a5ed4d4d5e7bd2ca2a7a19f46a2873cb5965e68e,True,True,True,True,unverifiable: historical snapshots lost
326,neighbor,"0,1,2,4,5,6,7,8,9,10,11,12,13,14,3,15,16,17,18,19,20,21,22",95108b67c1bb3cb187cefdb71178c4108e47733b8d2203ef871d4e002905f915,cd56aacca2da32221506451b6c30b67049c0efbcf306738e6b76cbf10432840d,95.51471,96.80854,544,False,unit fuzzy loss,success_build,True,True,aa62853a494a59a3b49a0803a5ed4d4d5e7bd2ca2a7a19f46a2873cb5965e68e,True,True,True,True,unverifiable: historical snapshots lost
327,neighbor,"0,1,2,4,5,6,7,8,9,10,11,12,13,14,15,3,16,17,18,19,20,21,22",c8d5a0e26c0e6e16759fb70d5ef82392a32125fe34f08de274303c9aa674947b,8ef4c9f8924bbcc31a3c162fbe2b5b0e972ff09d595671d81f96613e8981998c,95.29412,96.78913,544,False,unit fuzzy loss,success_build,True,True,aa62853a494a59a3b49a0803a5ed4d4d5e7bd2ca2a7a19f46a2873cb5965e68e,True,True,True,True,unverifiable: historical snapshots lost
328,neighbor,"0,1,2,4,5,6,7,8,9,10,11,12,13,14,15,16,3,17,18,19,20,21,22",b935dd593ed81552c51a50d163dc3d2734357dc4051a856818761c944a33b174,8ef4c9f8924bbcc31a3c162fbe2b5b0e972ff09d595671d81f96613e8981998c,95.29412,96.78913,544,False,unit fuzzy loss,success_build,True,True,aa62853a494a59a3b49a0803a5ed4d4d5e7bd2ca2a7a19f46a2873cb5965e68e,True,True,True,True,unverifiable: historical snapshots lost
329,neighbor,"0,1,2,4,5,6,7,8,9,10,11,12,13,14,15,16,17,3,18,19,20,21,22",1720d1e8e5239c490111f87152263521f85f9c137327bcdcd551a316aa9e9221,1058a95b2c78c3410bf0e0ef1aeb35488b05e1ba8b348c04b3d2d3fc338bd393,95.18382,96.779434,544,False,unit fuzzy loss,success_build,True,True,aa62853a494a59a3b49a0803a5ed4d4d5e7bd2ca2a7a19f46a2873cb5965e68e,True,True,True,True,unverifiable: historical snapshots lost
330,neighbor,"0,1,2,4,5,6,7,8,9,10,11,12,13,14,15,16,17,18,3,19,20,21,22",8aeaeca12c82c8c8ed13d710818171b83b8b8e105569dc9409938fb58396b311,9d59a7664c794d551d23486394894d2b1d82d00583b0b22e12cdac50a503fb38,95.11029,96.772964,544,False,unit fuzzy loss,success_build,True,True,aa62853a494a59a3b49a0803a5ed4d4d5e7bd2ca2a7a19f46a2873cb5965e68e,True,True,True,True,unverifiable: historical snapshots lost
331,neighbor,"0,1,2,4,5,6,7,8,9,10,11,12,13,14,15,16,17,18,19,3,20,21,22",a1a2b3f631ff806635978c03149dcf62b5bf18f28454b48d5fac6b10c9f024ff,25aad62b1eb8f6f661cf40cfb03f03407d5beff927db5c66d159523861800553,95.11029,96.772964,544,False,unit fuzzy loss,success_build,True,True,aa62853a494a59a3b49a0803a5ed4d4d5e7bd2ca2a7a19f46a2873cb5965e68e,True,True,True,True,unverifiable: historical snapshots lost
332,neighbor,"0,1,2,4,5,6,7,8,9,10,11,12,13,14,15,16,17,18,19,20,3,21,22",db2e390203a04171d65e1b74bf5a9423f0507279c8853fc656edc1e3b71b61c7,b288e4e3fcfac39891f4f28f509aa7fa8f360fb7df0d7f6953e83cba389d4418,95.036766,96.766495,544,False,unit fuzzy loss,success_build,True,True,aa62853a494a59a3b49a0803a5ed4d4d5e7bd2ca2a7a19f46a2873cb5965e68e,True,True,True,True,unverifiable: historical snapshots lost
333,neighbor,"0,1,2,4,5,6,7,8,9,10,11,12,13,14,15,16,17,18,19,20,21,3,22",8e6c6f5da9745aa1cff654cee959f8e496ff4810b93cf1b401cc2771d2f6818b,acced99f4dae8dd367d9bbf821039a9f3c5dc8bcc76496be18024b7bc6cf7f3f,94.92647,96.75679,544,False,unit fuzzy loss,success_build,True,True,aa62853a494a59a3b49a0803a5ed4d4d5e7bd2ca2a7a19f46a2873cb5965e68e,True,True,True,True,unverifiable: historical snapshots lost
334,neighbor,"0,1,2,4,5,6,7,8,9,10,11,12,13,14,15,16,17,18,19,20,21,22,3",cb9f14e80572f3c34e9706ff02a37e19476d4ad9450809910d8fe88efe6c4971,fc383e77ad0c86693da3cdbaf9719f3cb30e0c59352a054f2f75b2b8f04e1c5e,94.59559,96.727684,544,False,unit fuzzy loss,success_build,True,True,aa62853a494a59a3b49a0803a5ed4d4d5e7bd2ca2a7a19f46a2873cb5965e68e,True,True,True,True,unverifiable: historical snapshots lost
335,neighbor,"4,0,1,2,3,5,6,7,8,9,10,11,12,13,14,15,16,17,18,19,20,21,22",904943a7cf0f672abfe7e369705b385da0c707edf55e886d59b41e92e79e4405,ec16b52bfcd4b132b90d9d879ebc73ee652d4337202f371609c9a18c12120c89,96.69118,96.91203,544,True,,success_build,True,True,aa62853a494a59a3b49a0803a5ed4d4d5e7bd2ca2a7a19f46a2873cb5965e68e,True,True,True,True,unverifiable: historical snapshots lost
336,neighbor,"0,4,1,2,3,5,6,7,8,9,10,11,12,13,14,15,16,17,18,19,20,21,22",e2c1721e1529b05ea4879fe9351b2d6993a84802ad3621ed7a4316ad5aef5d03,ec16b52bfcd4b132b90d9d879ebc73ee652d4337202f371609c9a18c12120c89,96.69118,96.91203,544,True,,success_build,True,True,aa62853a494a59a3b49a0803a5ed4d4d5e7bd2ca2a7a19f46a2873cb5965e68e,True,True,True,True,unverifiable: historical snapshots lost
337,neighbor,"0,1,4,2,3,5,6,7,8,9,10,11,12,13,14,15,16,17,18,19,20,21,22",6c757eff49f47d097d5847fd0c5c9daf90c6633b01a9e29ce1c3deff4e729231,ec16b52bfcd4b132b90d9d879ebc73ee652d4337202f371609c9a18c12120c89,96.69118,96.91203,544,True,,success_build,True,True,aa62853a494a59a3b49a0803a5ed4d4d5e7bd2ca2a7a19f46a2873cb5965e68e,True,True,True,True,unverifiable: historical snapshots lost
338,neighbor,"0,1,2,3,5,6,4,7,8,9,10,11,12,13,14,15,16,17,18,19,20,21,22",c56238fc1ba466cab9da685f161875f57c6396b4f4040fe86b3d2e01889eab2a,ec16b52bfcd4b132b90d9d879ebc73ee652d4337202f371609c9a18c12120c89,96.69118,96.91203,544,True,,success_build,True,True,aa62853a494a59a3b49a0803a5ed4d4d5e7bd2ca2a7a19f46a2873cb5965e68e,True,True,True,True,unverifiable: historical snapshots lost
339,neighbor,"0,1,2,3,5,6,7,4,8,9,10,11,12,13,14,15,16,17,18,19,20,21,22",1efb11463c76bb868b21a2d8a394f3acdc800a7091e0873e7ee55fe86d362cef,ec16b52bfcd4b132b90d9d879ebc73ee652d4337202f371609c9a18c12120c89,96.69118,96.91203,544,True,,success_build,True,True,aa62853a494a59a3b49a0803a5ed4d4d5e7bd2ca2a7a19f46a2873cb5965e68e,True,True,True,True,unverifiable: historical snapshots lost
340,neighbor,"0,1,2,3,5,6,7,8,4,9,10,11,12,13,14,15,16,17,18,19,20,21,22",7c892396b302906cbda253bc816308d85fcc16ef990b510c25b159c401bd7925,ec16b52bfcd4b132b90d9d879ebc73ee652d4337202f371609c9a18c12120c89,96.69118,96.91203,544,True,,success_build,True,True,aa62853a494a59a3b49a0803a5ed4d4d5e7bd2ca2a7a19f46a2873cb5965e68e,True,True,True,True,unverifiable: historical snapshots lost
341,neighbor,"0,1,2,3,5,6,7,8,9,4,10,11,12,13,14,15,16,17,18,19,20,21,22",4ff43e814eda28c529591858b0469c46a7b1a8ce34c764216372a532e10c6e8b,ec16b52bfcd4b132b90d9d879ebc73ee652d4337202f371609c9a18c12120c89,96.69118,96.91203,544,True,,success_build,True,True,aa62853a494a59a3b49a0803a5ed4d4d5e7bd2ca2a7a19f46a2873cb5965e68e,True,True,True,True,unverifiable: historical snapshots lost
342,neighbor,"0,1,2,3,5,6,7,8,9,10,4,11,12,13,14,15,16,17,18,19,20,21,22",a2ef94c5bdc853c23a81e1112db1f9bd23ee9bda934ac3c83fdc9961185bbb12,ec16b52bfcd4b132b90d9d879ebc73ee652d4337202f371609c9a18c12120c89,96.69118,96.91203,544,True,,success_build,True,True,aa62853a494a59a3b49a0803a5ed4d4d5e7bd2ca2a7a19f46a2873cb5965e68e,True,True,True,True,unverifiable: historical snapshots lost
343,neighbor,"0,1,2,3,5,6,7,8,9,10,11,4,12,13,14,15,16,17,18,19,20,21,22",0968cb23808043bc18fd11636a3bd86ba5928c5a762743b94e89ea91c3fd231d,ec16b52bfcd4b132b90d9d879ebc73ee652d4337202f371609c9a18c12120c89,96.69118,96.91203,544,True,,success_build,True,True,aa62853a494a59a3b49a0803a5ed4d4d5e7bd2ca2a7a19f46a2873cb5965e68e,True,True,True,True,unverifiable: historical snapshots lost
344,neighbor,"0,1,2,3,5,6,7,8,9,10,11,12,4,13,14,15,16,17,18,19,20,21,22",9c42d15aeaacb0e5db58af21a1e3b08d55da84925e59a7ea9be7a4be1889e157,ec16b52bfcd4b132b90d9d879ebc73ee652d4337202f371609c9a18c12120c89,96.69118,96.91203,544,True,,success_build,True,True,aa62853a494a59a3b49a0803a5ed4d4d5e7bd2ca2a7a19f46a2873cb5965e68e,True,True,True,True,unverifiable: historical snapshots lost
345,neighbor,"0,1,2,3,5,6,7,8,9,10,11,12,13,4,14,15,16,17,18,19,20,21,22",41f54d51e61f191df11e8bae8b28478f183254681d2a0f63d2b2f898a8db6fca,ec16b52bfcd4b132b90d9d879ebc73ee652d4337202f371609c9a18c12120c89,96.69118,96.91203,544,True,,success_build,True,True,aa62853a494a59a3b49a0803a5ed4d4d5e7bd2ca2a7a19f46a2873cb5965e68e,True,True,True,True,unverifiable: historical snapshots lost
346,neighbor,"0,1,2,3,5,6,7,8,9,10,11,12,13,14,4,15,16,17,18,19,20,21,22",6bca4a2b89741701f0967211295e7d8da73efe1efee4d1ac2566f3e3f78897dc,ec16b52bfcd4b132b90d9d879ebc73ee652d4337202f371609c9a18c12120c89,96.69118,96.91203,544,True,,success_build,True,True,aa62853a494a59a3b49a0803a5ed4d4d5e7bd2ca2a7a19f46a2873cb5965e68e,True,True,True,True,unverifiable: historical snapshots lost
347,neighbor,"0,1,2,3,5,6,7,8,9,10,11,12,13,14,15,4,16,17,18,19,20,21,22",95bb63702adc95b71ca1a5f0f3653ea0257acc79bd6fb1282f4c8dcadd365325,ec16b52bfcd4b132b90d9d879ebc73ee652d4337202f371609c9a18c12120c89,96.69118,96.91203,544,True,,success_build,True,True,aa62853a494a59a3b49a0803a5ed4d4d5e7bd2ca2a7a19f46a2873cb5965e68e,True,True,True,True,unverifiable: historical snapshots lost
348,neighbor,"0,1,2,3,5,6,7,8,9,10,11,12,13,14,15,16,4,17,18,19,20,21,22",4b5f337757543375a0fd1d4d312ba8790dd6e7062fe67ef27b60c442f77b644f,ec16b52bfcd4b132b90d9d879ebc73ee652d4337202f371609c9a18c12120c89,96.69118,96.91203,544,True,,success_build,True,True,aa62853a494a59a3b49a0803a5ed4d4d5e7bd2ca2a7a19f46a2873cb5965e68e,True,True,True,True,unverifiable: historical snapshots lost
349,neighbor,"0,1,2,3,5,6,7,8,9,10,11,12,13,14,15,16,17,4,18,19,20,21,22",6aa92394409152910dba7a338921389f64b872e3647ead1ea37feb41f6605959,ec16b52bfcd4b132b90d9d879ebc73ee652d4337202f371609c9a18c12120c89,96.69118,96.91203,544,True,,success_build,True,True,aa62853a494a59a3b49a0803a5ed4d4d5e7bd2ca2a7a19f46a2873cb5965e68e,True,True,True,True,unverifiable: historical snapshots lost
350,neighbor,"0,1,2,3,5,6,7,8,9,10,11,12,13,14,15,16,17,18,4,19,20,21,22",8c40bd6234b0e72735129994e5424577917822e4cc577683024e6ffaa41f8561,ec16b52bfcd4b132b90d9d879ebc73ee652d4337202f371609c9a18c12120c89,96.69118,96.91203,544,True,,success_build,True,True,aa62853a494a59a3b49a0803a5ed4d4d5e7bd2ca2a7a19f46a2873cb5965e68e,True,True,True,True,unverifiable: historical snapshots lost
351,neighbor,"0,1,2,3,5,6,7,8,9,10,11,12,13,14,15,16,17,18,19,4,20,21,22",2149e63857a3ac4fdcba49ba2c5dcc183599d5e1416ab7f489c2552c13dd2dc4,ec16b52bfcd4b132b90d9d879ebc73ee652d4337202f371609c9a18c12120c89,96.69118,96.91203,544,True,,success_build,True,True,aa62853a494a59a3b49a0803a5ed4d4d5e7bd2ca2a7a19f46a2873cb5965e68e,True,True,True,True,unverifiable: historical snapshots lost
352,neighbor,"0,1,2,3,5,6,7,8,9,10,11,12,13,14,15,16,17,18,19,20,4,21,22",25e5a586c49f314030ac21f175afc16ab27bdfdd397316464c45233755404375,c226bcf22f7072ad95e15989a3ad24e4ec26eb848a9d256949a6d180cf6bb2fe,93.01471,96.588615,544,False,unit fuzzy loss,success_build,True,True,aa62853a494a59a3b49a0803a5ed4d4d5e7bd2ca2a7a19f46a2873cb5965e68e,True,True,True,True,unverifiable: historical snapshots lost
353,neighbor,"0,1,2,3,5,6,7,8,9,10,11,12,13,14,15,16,17,18,19,20,21,4,22",ac6beee6219a603697f9217c4644b3a1db26b7b920424cd768a2e1b0b3392c12,4e24a56e0fe3fdc3a61ae97485126719c8949169ba669ef343ef995bea738897,92.90441,96.57891,544,False,unit fuzzy loss,success_build,True,True,aa62853a494a59a3b49a0803a5ed4d4d5e7bd2ca2a7a19f46a2873cb5965e68e,True,True,True,True,unverifiable: historical snapshots lost
354,neighbor,"0,1,2,3,5,6,7,8,9,10,11,12,13,14,15,16,17,18,19,20,21,22,4",8f0369386ebbb1e1c3b525e61457b95e7d3ffb0633185359b7c5e163d906685b,6242f96365a158859717549e06a63b554ac9308ab05ceea04a383ff1a16f0d3e,92.61029,96.55304,544,False,unit fuzzy loss,success_build,True,True,aa62853a494a59a3b49a0803a5ed4d4d5e7bd2ca2a7a19f46a2873cb5965e68e,True,True,True,True,unverifiable: historical snapshots lost
355,neighbor,"5,0,1,2,3,4,6,7,8,9,10,11,12,13,14,15,16,17,18,19,20,21,22",38c8854cb0a96e19cad2a2752522d2824b147b33abf43093025efb300069efbe,ebe63903d8e950bc924411e300cba5f789e4d9c724a3946f8bb6059804a19195,96.36029,96.88293,544,False,unit fuzzy loss,success_build,True,True,aa62853a494a59a3b49a0803a5ed4d4d5e7bd2ca2a7a19f46a2873cb5965e68e,True,True,True,True,unverifiable: historical snapshots lost
356,neighbor,"0,5,1,2,3,4,6,7,8,9,10,11,12,13,14,15,16,17,18,19,20,21,22",da7134a3ee8a52748af4dd0f5ec4a6ad89a3d52bcd459f49927988d0255a52a0,f1fad7c2b69f9de0e57dfcdedf1576e24c2c3ad310417661b1e56f42b53fb432,96.54412,96.89909,544,False,unit fuzzy loss,success_build,True,True,aa62853a494a59a3b49a0803a5ed4d4d5e7bd2ca2a7a19f46a2873cb5965e68e,True,True,True,True,unverifiable: historical snapshots lost
357,neighbor,"0,1,5,2,3,4,6,7,8,9,10,11,12,13,14,15,16,17,18,19,20,21,22",3fc8ed962d78d71249e8cf3d62c092eb185ffef48e18198ffbbb9280aa751e43,f1fad7c2b69f9de0e57dfcdedf1576e24c2c3ad310417661b1e56f42b53fb432,96.54412,96.89909,544,False,unit fuzzy loss,success_build,True,True,aa62853a494a59a3b49a0803a5ed4d4d5e7bd2ca2a7a19f46a2873cb5965e68e,True,True,True,True,unverifiable: historical snapshots lost
358,neighbor,"0,1,2,5,3,4,6,7,8,9,10,11,12,13,14,15,16,17,18,19,20,21,22",3d582dfc0f2d4c6da44cc671045eeac870bc070916b0628dd417fd8dd479c940,f1fad7c2b69f9de0e57dfcdedf1576e24c2c3ad310417661b1e56f42b53fb432,96.54412,96.89909,544,False,unit fuzzy loss,success_build,True,True,aa62853a494a59a3b49a0803a5ed4d4d5e7bd2ca2a7a19f46a2873cb5965e68e,True,True,True,True,unverifiable: historical snapshots lost
359,neighbor,"0,1,2,3,4,6,7,5,8,9,10,11,12,13,14,15,16,17,18,19,20,21,22",050c8da3e6381c398a0f0026fc5ae3dacb6fa16ba0c428ad17a206565e3085a7,280f1242b8ded254e368115a2442f06ce1f4e0a4b26f9dd3d17af4f3cd6a8ecb,96.32353,96.87969,544,False,unit fuzzy loss,success_build,True,True,aa62853a494a59a3b49a0803a5ed4d4d5e7bd2ca2a7a19f46a2873cb5965e68e,True,True,True,True,unverifiable: historical snapshots lost
360,neighbor,"0,1,2,3,4,6,7,8,5,9,10,11,12,13,14,15,16,17,18,19,20,21,22",6417b44fa684fa7981711f5c4bdb2c182f1fc1e0c2b5df0e991cc27796a7d464,36208043cc7e42187c7ea4bba71d85ba31b3430148e3c396e51549eb83898918,96.25,96.87322,544,False,unit fuzzy loss,success_build,True,True,aa62853a494a59a3b49a0803a5ed4d4d5e7bd2ca2a7a19f46a2873cb5965e68e,True,True,True,True,unverifiable: historical snapshots lost
361,neighbor,"0,1,2,3,4,6,7,8,9,5,10,11,12,13,14,15,16,17,18,19,20,21,22",f513f7a4dde07624a75d4360f3ff4505e7407316cccc667e23fa241ab232e2c9,36208043cc7e42187c7ea4bba71d85ba31b3430148e3c396e51549eb83898918,96.25,96.87322,544,False,unit fuzzy loss,success_build,True,True,aa62853a494a59a3b49a0803a5ed4d4d5e7bd2ca2a7a19f46a2873cb5965e68e,True,True,True,True,unverifiable: historical snapshots lost
362,neighbor,"0,1,2,3,4,6,7,8,9,10,5,11,12,13,14,15,16,17,18,19,20,21,22",5a1ca70433b5c3cf0f8cbc54c33afaffda449582c0de97b8b57df691cb2ec7d3,36208043cc7e42187c7ea4bba71d85ba31b3430148e3c396e51549eb83898918,96.25,96.87322,544,False,unit fuzzy loss,success_build,True,True,aa62853a494a59a3b49a0803a5ed4d4d5e7bd2ca2a7a19f46a2873cb5965e68e,True,True,True,True,unverifiable: historical snapshots lost
363,neighbor,"0,1,2,3,4,6,7,8,9,10,11,5,12,13,14,15,16,17,18,19,20,21,22",fb8427f0db3cedd76d8d1be7dd1ef3ab175be160b95c9f548302edd5c00c13c9,8234862cfd523aa25d4053f598db4610a3f98e44deb7839192d2ea07d4afc468,95.992645,96.850586,544,False,unit fuzzy loss,success_build,True,True,aa62853a494a59a3b49a0803a5ed4d4d5e7bd2ca2a7a19f46a2873cb5965e68e,True,True,True,True,unverifiable: historical snapshots lost
364,neighbor,"0,1,2,3,4,6,7,8,9,10,11,12,5,13,14,15,16,17,18,19,20,21,22",e5e42dfacdf5ec8229f15592dcd3df416f02adee4309acc3ed9263d4930fb3cd,d55f926e9a9a3e4201f22377c37a5b55a2e884ab31065c992b58c377f20ca81c,95.77206,96.83118,544,False,unit fuzzy loss,success_build,True,True,aa62853a494a59a3b49a0803a5ed4d4d5e7bd2ca2a7a19f46a2873cb5965e68e,True,True,True,True,unverifiable: historical snapshots lost
365,neighbor,"0,1,2,3,4,6,7,8,9,10,11,12,13,5,14,15,16,17,18,19,20,21,22",2b15a13e0f0db04c0720d3898c2ad75aa8fa487b3c4fe2f01e1054215d11a7ca,12dc58b2f883d63136651fc6109f3f410089af6cf60079211096c2216ea68fcd,95.44118,96.80207,544,False,unit fuzzy loss,success_build,True,True,aa62853a494a59a3b49a0803a5ed4d4d5e7bd2ca2a7a19f46a2873cb5965e68e,True,True,True,True,unverifiable: historical snapshots lost
366,neighbor,"0,1,2,3,4,6,7,8,9,10,11,12,13,14,5,15,16,17,18,19,20,21,22",8f67aed956ec0e002bbd5837063e5ca20a4d492cbee1239e22a0ad60efd71dce,12dc58b2f883d63136651fc6109f3f410089af6cf60079211096c2216ea68fcd,95.44118,96.80207,544,False,unit fuzzy loss,success_build,True,True,aa62853a494a59a3b49a0803a5ed4d4d5e7bd2ca2a7a19f46a2873cb5965e68e,True,True,True,True,unverifiable: historical snapshots lost
367,neighbor,"0,1,2,3,4,6,7,8,9,10,11,12,13,14,15,5,16,17,18,19,20,21,22",5867acf47efed1e2111b6c02c4d851988eef635030775548291a73efa6cdf841,ef78655bb2d62d623cf38937bc8941a511d4445159d504ca32084c77e82ef7d1,95.22059,96.78266,544,False,unit fuzzy loss,success_build,True,True,aa62853a494a59a3b49a0803a5ed4d4d5e7bd2ca2a7a19f46a2873cb5965e68e,True,True,True,True,unverifiable: historical snapshots lost
368,neighbor,"0,1,2,3,4,6,7,8,9,10,11,12,13,14,15,16,5,17,18,19,20,21,22",ee555911bf7a38ea8c0f1cf8c2e60dba07a8173572e450890b3a1a07a9d05cc2,ef78655bb2d62d623cf38937bc8941a511d4445159d504ca32084c77e82ef7d1,95.22059,96.78266,544,False,unit fuzzy loss,success_build,True,True,aa62853a494a59a3b49a0803a5ed4d4d5e7bd2ca2a7a19f46a2873cb5965e68e,True,True,True,True,unverifiable: historical snapshots lost
369,neighbor,"0,1,2,3,4,6,7,8,9,10,11,12,13,14,15,16,17,5,18,19,20,21,22",556343fc5e681d2b9e4cc9fc0b6dc3594a719c1a61b7a3f5491f3f13e8c82ac1,5ec5a72701dbcf956ca5c984eb8ea002fe0612cee47e6a68ba0fc5913ddbf5d5,95.11029,96.772964,544,False,unit fuzzy loss,success_build,True,True,aa62853a494a59a3b49a0803a5ed4d4d5e7bd2ca2a7a19f46a2873cb5965e68e,True,True,True,True,unverifiable: historical snapshots lost
370,neighbor,"0,1,2,3,4,6,7,8,9,10,11,12,13,14,15,16,17,18,5,19,20,21,22",20862bac3e494e2bba2c9452429ac54b305d538dac47b51702fc28adc3060524,ac39365eeb1acb95ea107e5395709bf44a858018a6c807b838ae2d026cef0154,95.036766,96.766495,544,False,unit fuzzy loss,success_build,True,True,aa62853a494a59a3b49a0803a5ed4d4d5e7bd2ca2a7a19f46a2873cb5965e68e,True,True,True,True,unverifiable: historical snapshots lost
371,neighbor,"0,1,2,3,4,6,7,8,9,10,11,12,13,14,15,16,17,18,19,5,20,21,22",2a89486276a5b60011d883af1a6702b4bc881b4301718b97a63d5c824e11f27f,2bb810898c09cf1129e65658bfe492de3d77a7692216444c9ea22166f0625163,95.036766,96.766495,544,False,unit fuzzy loss,success_build,True,True,aa62853a494a59a3b49a0803a5ed4d4d5e7bd2ca2a7a19f46a2873cb5965e68e,True,True,True,True,unverifiable: historical snapshots lost
372,neighbor,"0,1,2,3,4,6,7,8,9,10,11,12,13,14,15,16,17,18,19,20,5,21,22",83793e0ae61419fff72beb8629307604bf1517c7134b696ec59886e672e2556d,7b25cde8f8281954d4d72cc066fd67183ed0fbd43770c2994cddf363994985d8,94.963234,96.760025,544,False,unit fuzzy loss,success_build,True,True,aa62853a494a59a3b49a0803a5ed4d4d5e7bd2ca2a7a19f46a2873cb5965e68e,True,True,True,True,unverifiable: historical snapshots lost
373,neighbor,"0,1,2,3,4,6,7,8,9,10,11,12,13,14,15,16,17,18,19,20,21,5,22",ccf997f155cd5f07b92b595bed033593aebea2bf928575314cdbb97bf5850504,33723c41ebf05069a83d1d14251c862978ab5fac31581247950f129a41ee3760,94.85294,96.75032,544,False,unit fuzzy loss,success_build,True,True,aa62853a494a59a3b49a0803a5ed4d4d5e7bd2ca2a7a19f46a2873cb5965e68e,True,True,True,True,unverifiable: historical snapshots lost
374,neighbor,"0,1,2,3,4,6,7,8,9,10,11,12,13,14,15,16,17,18,19,20,21,22,5",0d27b33b8a948abebc0ad14277d74a2acd3d993730147146d61065068c9d29db,f149f9b8b849482df4c2048b5fcd9c85ecc47539d94ff942519d4837c22c4ae2,94.52206,96.721214,544,False,unit fuzzy loss,success_build,True,True,aa62853a494a59a3b49a0803a5ed4d4d5e7bd2ca2a7a19f46a2873cb5965e68e,True,True,True,True,unverifiable: historical snapshots lost
375,neighbor,"6,0,1,2,3,4,5,7,8,9,10,11,12,13,14,15,16,17,18,19,20,21,22",ea59caef93a3408bf3ed2f60114f8fd4dc6957aa1797316c6fea1fae4b2afbc1,22049c812e2da59bdab4361eb69bbb127c8e515e89f078dc791f74fc53e8ce49,96.36029,96.88293,544,False,unit fuzzy loss,success_build,True,True,aa62853a494a59a3b49a0803a5ed4d4d5e7bd2ca2a7a19f46a2873cb5965e68e,True,True,True,True,unverifiable: historical snapshots lost
376,neighbor,"0,6,1,2,3,4,5,7,8,9,10,11,12,13,14,15,16,17,18,19,20,21,22",fe20d9dd5d96cca50e710ec18a31143b71910cc5a5f02040a05f99d1c36b661c,03e583cdf32fe5e67c101151a60e9c0a61050ddfa2ce5d8cc271aeea7860f447,96.65441,96.9088,544,False,unit fuzzy loss,success_build,True,True,aa62853a494a59a3b49a0803a5ed4d4d5e7bd2ca2a7a19f46a2873cb5965e68e,True,True,True,True,unverifiable: historical snapshots lost
377,neighbor,"0,1,6,2,3,4,5,7,8,9,10,11,12,13,14,15,16,17,18,19,20,21,22",cd1c3ec5c8dd7660abdd231f4058fbbb118382ff2352769ca23d788d0b4871b7,03e583cdf32fe5e67c101151a60e9c0a61050ddfa2ce5d8cc271aeea7860f447,96.65441,96.9088,544,False,unit fuzzy loss,success_build,True,True,aa62853a494a59a3b49a0803a5ed4d4d5e7bd2ca2a7a19f46a2873cb5965e68e,True,True,True,True,unverifiable: historical snapshots lost
378,neighbor,"0,1,2,6,3,4,5,7,8,9,10,11,12,13,14,15,16,17,18,19,20,21,22",cc859081da862453fff2086a585bb3491010473019c0380aee538f0b872efc76,03e583cdf32fe5e67c101151a60e9c0a61050ddfa2ce5d8cc271aeea7860f447,96.65441,96.9088,544,False,unit fuzzy loss,success_build,True,True,aa62853a494a59a3b49a0803a5ed4d4d5e7bd2ca2a7a19f46a2873cb5965e68e,True,True,True,True,unverifiable: historical snapshots lost
379,neighbor,"0,1,2,3,6,4,5,7,8,9,10,11,12,13,14,15,16,17,18,19,20,21,22",2f6d4d95cae059ff766fa70c84cbe289dd60cb806469fade60e806942d24a54b,7ef6572cc23c155744130d2fc4a81e3f879c344e4dc513dfb2d643385c1d7784,96.58088,96.90233,544,False,unit fuzzy loss,success_build,True,True,aa62853a494a59a3b49a0803a5ed4d4d5e7bd2ca2a7a19f46a2873cb5965e68e,True,True,True,True,unverifiable: historical snapshots lost
380,neighbor,"0,1,2,3,4,5,7,8,6,9,10,11,12,13,14,15,16,17,18,19,20,21,22",6b5c79b991d5b057cbccf7674562fe48d5a3d32c06a6dbdc4e2d549e08aea97c,69be3a106a3bc069c1fb5f2225e14d2e0e5cfcd77deef53fdd5218a5a44ff58c,96.36029,96.88293,544,False,unit fuzzy loss,success_build,True,True,aa62853a494a59a3b49a0803a5ed4d4d5e7bd2ca2a7a19f46a2873cb5965e68e,True,True,True,True,unverifiable: historical snapshots lost
381,neighbor,"0,1,2,3,4,5,7,8,9,6,10,11,12,13,14,15,16,17,18,19,20,21,22",2ccfe221e0c47ce10824b4a44bdc72b77b3f8d5e4a79da0841329dee5b798713,69be3a106a3bc069c1fb5f2225e14d2e0e5cfcd77deef53fdd5218a5a44ff58c,96.36029,96.88293,544,False,unit fuzzy loss,success_build,True,True,aa62853a494a59a3b49a0803a5ed4d4d5e7bd2ca2a7a19f46a2873cb5965e68e,True,True,True,True,unverifiable: historical snapshots lost
382,neighbor,"0,1,2,3,4,5,7,8,9,10,6,11,12,13,14,15,16,17,18,19,20,21,22",5737a7fe29cb3c658d8d26a8366dbf10551d4adb5af17565caa013535934f1e4,69be3a106a3bc069c1fb5f2225e14d2e0e5cfcd77deef53fdd5218a5a44ff58c,96.36029,96.88293,544,False,unit fuzzy loss,success_build,True,True,aa62853a494a59a3b49a0803a5ed4d4d5e7bd2ca2a7a19f46a2873cb5965e68e,True,True,True,True,unverifiable: historical snapshots lost
383,neighbor,"0,1,2,3,4,5,7,8,9,10,11,6,12,13,14,15,16,17,18,19,20,21,22",741a6a8fb60a04bd305fe929420745a1a5b6783e63b9ca56aeac506d50125f50,0bbcbfb2c1c6ff135df497de25d68dbe6dff44e2c1b1e7aa86aefb06439962a3,96.10294,96.86028,544,False,unit fuzzy loss,success_build,True,True,aa62853a494a59a3b49a0803a5ed4d4d5e7bd2ca2a7a19f46a2873cb5965e68e,True,True,True,True,unverifiable: historical snapshots lost
384,neighbor,"0,1,2,3,4,5,7,8,9,10,11,12,6,13,14,15,16,17,18,19,20,21,22",251a9e43beb328f17d02e687080da3baee3669b2321d9a1a7eb7fb21a44407fb,9d45d6502820fd39a0c46341d7f1674fc11b04cc904b3dea85eb5b7e199e1321,95.882355,96.84088,544,False,unit fuzzy loss,success_build,True,True,aa62853a494a59a3b49a0803a5ed4d4d5e7bd2ca2a7a19f46a2873cb5965e68e,True,True,True,True,unverifiable: historical snapshots lost
385,neighbor,"0,1,2,3,4,5,7,8,9,10,11,12,13,6,14,15,16,17,18,19,20,21,22",94b39537b82f13a71984455819fa1a360ad3d098cb4a3f27df497e93cb427e2e,3691b7f1838c04d3e26bad91fbee476b213888f4c6b5297e4454bd269911a189,95.55147,96.811775,544,False,unit fuzzy loss,success_build,True,True,aa62853a494a59a3b49a0803a5ed4d4d5e7bd2ca2a7a19f46a2873cb5965e68e,True,True,True,True,unverifiable: historical snapshots lost
386,neighbor,"0,1,2,3,4,5,7,8,9,10,11,12,13,14,6,15,16,17,18,19,20,21,22",23831e07eab0184b0db590a7ea94da77676dffe8801e475c5011c932cf6aba7b,3691b7f1838c04d3e26bad91fbee476b213888f4c6b5297e4454bd269911a189,95.55147,96.811775,544,False,unit fuzzy loss,success_build,True,True,aa62853a494a59a3b49a0803a5ed4d4d5e7bd2ca2a7a19f46a2873cb5965e68e,True,True,True,True,unverifiable: historical snapshots lost
387,neighbor,"0,1,2,3,4,5,7,8,9,10,11,12,13,14,15,6,16,17,18,19,20,21,22",f65bfab500398f19e503d41f79ba41054a0b1b2c733dbc72ce76e8cc834acf6a,61b98a76ad5993a3254830886f7337153889eb74fd857241b5f27942f49c98f3,95.33088,96.792366,544,False,unit fuzzy loss,success_build,True,True,aa62853a494a59a3b49a0803a5ed4d4d5e7bd2ca2a7a19f46a2873cb5965e68e,True,True,True,True,unverifiable: historical snapshots lost
388,neighbor,"0,1,2,3,4,5,7,8,9,10,11,12,13,14,15,16,6,17,18,19,20,21,22",5ceed446e87d1bd37f399eadea531ea33ac0cae9f70878c835ad157731d245d1,61b98a76ad5993a3254830886f7337153889eb74fd857241b5f27942f49c98f3,95.33088,96.792366,544,False,unit fuzzy loss,success_build,True,True,aa62853a494a59a3b49a0803a5ed4d4d5e7bd2ca2a7a19f46a2873cb5965e68e,True,True,True,True,unverifiable: historical snapshots lost
389,neighbor,"0,1,2,3,4,5,7,8,9,10,11,12,13,14,15,16,17,6,18,19,20,21,22",d2daa7cd73ffa534236e9707fb4beb0c0f73e43bfe36d4a91468bf1d867781d6,96f1d98f6eb05132bc12018f5a4a25c8be38909d87848b6c10b406e334123ba0,95.22059,96.78266,544,False,unit fuzzy loss,success_build,True,True,aa62853a494a59a3b49a0803a5ed4d4d5e7bd2ca2a7a19f46a2873cb5965e68e,True,True,True,True,unverifiable: historical snapshots lost
390,neighbor,"0,1,2,3,4,5,7,8,9,10,11,12,13,14,15,16,17,18,6,19,20,21,22",93b01aef87aeba39ef3b782f6f19e6c3abc6e4e418a484bec869fbe6ec34d610,5f9ec9246902343e4674714ddf77bf4db519adf01e7ce84e5fc736e473de16ce,95.14706,96.7762,544,False,unit fuzzy loss,success_build,True,True,aa62853a494a59a3b49a0803a5ed4d4d5e7bd2ca2a7a19f46a2873cb5965e68e,True,True,True,True,unverifiable: historical snapshots lost
391,neighbor,"0,1,2,3,4,5,7,8,9,10,11,12,13,14,15,16,17,18,19,6,20,21,22",918ee80e9803eb63b24603b4689dc45d61ffc9ee69098e1bf7f5ebf37e289fac,28b7982a143c92aee2a7e25ed4a962736192197499221c0f00e89bdd19357c5b,95.14706,96.7762,544,False,unit fuzzy loss,success_build,True,True,aa62853a494a59a3b49a0803a5ed4d4d5e7bd2ca2a7a19f46a2873cb5965e68e,True,True,True,True,unverifiable: historical snapshots lost
392,neighbor,"0,1,2,3,4,5,7,8,9,10,11,12,13,14,15,16,17,18,19,20,6,21,22",a6fc461332629ef5c2cbd1ac0de932048362e54cf8bb07f4f8f7cd0c6f9fe5db,ad57d519d7892ee7f5adb096927985511cc34d5ac6380e1c0e6280c1c6cfb217,95.07353,96.76973,544,False,unit fuzzy loss,success_build,True,True,aa62853a494a59a3b49a0803a5ed4d4d5e7bd2ca2a7a19f46a2873cb5965e68e,True,True,True,True,unverifiable: historical snapshots lost
393,neighbor,"0,1,2,3,4,5,7,8,9,10,11,12,13,14,15,16,17,18,19,20,21,6,22",e6edeaafd46a2dcf7f451613480c20204cb86456cf3d6fd98591c17c7d6337e9,ada826803155155675fa7d39bf24cacc78b4f6a13f2d9a81a6896483b096bee4,94.963234,96.760025,544,False,unit fuzzy loss,success_build,True,True,aa62853a494a59a3b49a0803a5ed4d4d5e7bd2ca2a7a19f46a2873cb5965e68e,True,True,True,True,unverifiable: historical snapshots lost
394,neighbor,"0,1,2,3,4,5,7,8,9,10,11,12,13,14,15,16,17,18,19,20,21,22,6",2393df72abb5236e3abd22341de1a8955db1d407f9af02b7c1172b55f1a26db4,d38f86ce63a02b7d80e7f5f5cbf4d3e3449a4873c62add0ab4d1cc66988d0cad,94.632355,96.73092,544,False,unit fuzzy loss,success_build,True,True,aa62853a494a59a3b49a0803a5ed4d4d5e7bd2ca2a7a19f46a2873cb5965e68e,True,True,True,True,unverifiable: historical snapshots lost
395,neighbor,"7,0,1,2,3,4,5,6,8,9,10,11,12,13,14,15,16,17,18,19,20,21,22",ff4f99e4afd35e5388144bae2b04d445de2247c29751f36a699b88f751f3f79b,812edb44ca6f1aeed3d5fcebe6a2f55b2a2b422e58786d69b7073498167c320a,96.43382,96.88939,544,False,unit fuzzy loss,success_build,True,True,aa62853a494a59a3b49a0803a5ed4d4d5e7bd2ca2a7a19f46a2873cb5965e68e,True,True,True,True,unverifiable: historical snapshots lost
396,neighbor,"0,7,1,2,3,4,5,6,8,9,10,11,12,13,14,15,16,17,18,19,20,21,22",10d9ba3a4aec1f3396be9808955e03974493928d385d2089fc9ae0466a464232,a422bf18e45f8831db55179cdb47a6fcb6eabbd75029336591ad9ba459258698,96.39706,96.886154,544,False,unit fuzzy loss,success_build,True,True,aa62853a494a59a3b49a0803a5ed4d4d5e7bd2ca2a7a19f46a2873cb5965e68e,True,True,True,True,unverifiable: historical snapshots lost
397,neighbor,"0,1,7,2,3,4,5,6,8,9,10,11,12,13,14,15,16,17,18,19,20,21,22",8fee7c6994eace2f92d850cbc18f1284c43cff80ccbfaa6bb2147696260f7a56,a422bf18e45f8831db55179cdb47a6fcb6eabbd75029336591ad9ba459258698,96.39706,96.886154,544,False,unit fuzzy loss,success_build,True,True,aa62853a494a59a3b49a0803a5ed4d4d5e7bd2ca2a7a19f46a2873cb5965e68e,True,True,True,True,unverifiable: historical snapshots lost
398,neighbor,"0,1,2,7,3,4,5,6,8,9,10,11,12,13,14,15,16,17,18,19,20,21,22",91ec82b3e62fa50422f183a39500cacf1a94217db02172e01fbf0145f76f292a,a422bf18e45f8831db55179cdb47a6fcb6eabbd75029336591ad9ba459258698,96.39706,96.886154,544,False,unit fuzzy loss,success_build,True,True,aa62853a494a59a3b49a0803a5ed4d4d5e7bd2ca2a7a19f46a2873cb5965e68e,True,True,True,True,unverifiable: historical snapshots lost
399,neighbor,"0,1,2,3,7,4,5,6,8,9,10,11,12,13,14,15,16,17,18,19,20,21,22",47612dd682f276a594908803b4a1de511588b3409648e6b50f382d3ae44466e2,b03075e23eec03adb5931a030dfa5597bbd3081249a8eb28de62ad13bc5e651f,96.39706,96.886154,544,False,unit fuzzy loss,success_build,True,True,aa62853a494a59a3b49a0803a5ed4d4d5e7bd2ca2a7a19f46a2873cb5965e68e,True,True,True,True,unverifiable: historical snapshots lost
400,neighbor,"0,1,2,3,4,7,5,6,8,9,10,11,12,13,14,15,16,17,18,19,20,21,22",2028307f4f191774a8ee699111509bea250f49e7270bda1a1da52fccd6675cd9,b03075e23eec03adb5931a030dfa5597bbd3081249a8eb28de62ad13bc5e651f,96.39706,96.886154,544,False,unit fuzzy loss,success_build,True,True,aa62853a494a59a3b49a0803a5ed4d4d5e7bd2ca2a7a19f46a2873cb5965e68e,True,True,True,True,unverifiable: historical snapshots lost
401,neighbor,"0,1,2,3,4,5,6,8,9,7,10,11,12,13,14,15,16,17,18,19,20,21,22",971a4d3139b5f8a6d8883a20bb6b043fbae716b2b3ac53f2f6c48c206ad57610,22b6967a0971d5bddc2f0954d3722f0c51d37cbe6d970eb9f5d3a29c57a13f5e,96.617645,96.90556,544,False,unit fuzzy loss,success_build,True,True,aa62853a494a59a3b49a0803a5ed4d4d5e7bd2ca2a7a19f46a2873cb5965e68e,True,True,True,True,unverifiable: historical snapshots lost
402,neighbor,"0,1,2,3,4,5,6,8,9,10,7,11,12,13,14,15,16,17,18,19,20,21,22",1118741da458b8d2c3206c02e72a6cc91053b2a7317f8a228a382b06f0e4cd7d,22b6967a0971d5bddc2f0954d3722f0c51d37cbe6d970eb9f5d3a29c57a13f5e,96.617645,96.90556,544,False,unit fuzzy loss,success_build,True,True,aa62853a494a59a3b49a0803a5ed4d4d5e7bd2ca2a7a19f46a2873cb5965e68e,True,True,True,True,unverifiable: historical snapshots lost
403,neighbor,"0,1,2,3,4,5,6,8,9,10,11,7,12,13,14,15,16,17,18,19,20,21,22",d71a0119f915443f254164f37b2de4f0b6e7f964368b669e6ecf25c1582ff91c,15cdee189b4409d05e73ebb3a5f9326764e634eadcdc9ac68d58c476e7956d24,96.36029,96.88293,544,False,unit fuzzy loss,success_build,True,True,aa62853a494a59a3b49a0803a5ed4d4d5e7bd2ca2a7a19f46a2873cb5965e68e,True,True,True,True,unverifiable: historical snapshots lost
404,neighbor,"0,1,2,3,4,5,6,8,9,10,11,12,7,13,14,15,16,17,18,19,20,21,22",b1d463c468bfd095f1fcc9517fc4c18e493cbd04a683fe28020db9b228358443,c853fcbdcae928338a58485f2f1ece52ebf7ec3c9ea8f5be701fb2b514c7e15e,96.13971,96.86352,544,False,unit fuzzy loss,success_build,True,True,aa62853a494a59a3b49a0803a5ed4d4d5e7bd2ca2a7a19f46a2873cb5965e68e,True,True,True,True,unverifiable: historical snapshots lost
405,neighbor,"0,1,2,3,4,5,6,8,9,10,11,12,13,7,14,15,16,17,18,19,20,21,22",a649018ba8172244851fc0781950b60930dbe6199595d7aa30bc1299b598f37a,4d4a67c1c0817901dd93c5005dde97edb17c36578f7caccb529274e28b5a887c,95.91912,96.84412,544,False,unit fuzzy loss,success_build,True,True,aa62853a494a59a3b49a0803a5ed4d4d5e7bd2ca2a7a19f46a2873cb5965e68e,True,True,True,True,unverifiable: historical snapshots lost
406,neighbor,"0,1,2,3,4,5,6,8,9,10,11,12,13,14,7,15,16,17,18,19,20,21,22",8acb43229538aedfea1403b54763fa93a7eda6db65cbdbe891cc031deba1d38b,4d4a67c1c0817901dd93c5005dde97edb17c36578f7caccb529274e28b5a887c,95.91912,96.84412,544,False,unit fuzzy loss,success_build,True,True,aa62853a494a59a3b49a0803a5ed4d4d5e7bd2ca2a7a19f46a2873cb5965e68e,True,True,True,True,unverifiable: historical snapshots lost
407,neighbor,"0,1,2,3,4,5,6,8,9,10,11,12,13,14,15,7,16,17,18,19,20,21,22",31bd764efaba7bfef66c6d860bff69fa2b45bf99685089748ec9f1dfd466b4fd,e394d4fa49a167904b6f5fc228d7b81a570d6be740b1b926602673a0c16ffcd8,95.69853,96.82471,544,False,unit fuzzy loss,success_build,True,True,aa62853a494a59a3b49a0803a5ed4d4d5e7bd2ca2a7a19f46a2873cb5965e68e,True,True,True,True,unverifiable: historical snapshots lost
408,neighbor,"0,1,2,3,4,5,6,8,9,10,11,12,13,14,15,16,7,17,18,19,20,21,22",2977151ec2e05a6f6669a13c5869c83a96bdf8b5d01ec06ac1e7c45a1fb05f05,e394d4fa49a167904b6f5fc228d7b81a570d6be740b1b926602673a0c16ffcd8,95.69853,96.82471,544,False,unit fuzzy loss,success_build,True,True,aa62853a494a59a3b49a0803a5ed4d4d5e7bd2ca2a7a19f46a2873cb5965e68e,True,True,True,True,unverifiable: historical snapshots lost
409,neighbor,"0,1,2,3,4,5,6,8,9,10,11,12,13,14,15,16,17,7,18,19,20,21,22",f4b4dda0c53ea8c788a4a89e774ce3b3054ba60f0df9c7c313c471f932acc438,6758e919bb07ca4158defcfa030ace99b199e472012fd45038b3d1c92d871142,95.588234,96.81501,544,False,unit fuzzy loss,success_build,True,True,aa62853a494a59a3b49a0803a5ed4d4d5e7bd2ca2a7a19f46a2873cb5965e68e,True,True,True,True,unverifiable: historical snapshots lost
410,neighbor,"0,1,2,3,4,5,6,8,9,10,11,12,13,14,15,16,17,18,7,19,20,21,22",4f18f877e9ea648ef6005ea0112cf9357a09fd56abb910223cd4528a7d871d85,7a5c6f7a210d6c8747bf4e078a7559ad9a01a57ef136bf03c5f664806e56cd8f,95.51471,96.80854,544,False,unit fuzzy loss,success_build,True,True,aa62853a494a59a3b49a0803a5ed4d4d5e7bd2ca2a7a19f46a2873cb5965e68e,True,True,True,True,unverifiable: historical snapshots lost
411,neighbor,"0,1,2,3,4,5,6,8,9,10,11,12,13,14,15,16,17,18,19,7,20,21,22",4d69cf1caf4370dc4c043ccbfdcf16f2e9733ec81a47befad65833eaabcc3687,24253d9eb8cfc3ef839c00a8fb36fac55ed58cf2ddc09aebc41a930ba7bcca86,95.588234,96.81501,544,False,unit fuzzy loss,success_build,True,True,aa62853a494a59a3b49a0803a5ed4d4d5e7bd2ca2a7a19f46a2873cb5965e68e,True,True,True,True,unverifiable: historical snapshots lost
412,neighbor,"0,1,2,3,4,5,6,8,9,10,11,12,13,14,15,16,17,18,19,20,7,21,22",deb146fd41a840f96f88dbd4c33772a30aa15ae851cc4ea29e8867c8a25e6a01,35a0e59081028fba507da4a0bc284ba86f5f2224e450beda1d258dcd0a8e6c80,95.44118,96.80207,544,False,unit fuzzy loss,success_build,True,True,aa62853a494a59a3b49a0803a5ed4d4d5e7bd2ca2a7a19f46a2873cb5965e68e,True,True,True,True,unverifiable: historical snapshots lost
413,neighbor,"0,1,2,3,4,5,6,8,9,10,11,12,13,14,15,16,17,18,19,20,21,7,22",f50638d09d3451a23fdeb91aef200af97e5072ada52df4196c5a408f9bcf94b8,ca2e42dc993c9d654e675cc205d45bd51c1d17e7ce8aeb7e590587dc01fe86e8,95.33088,96.792366,544,False,unit fuzzy loss,success_build,True,True,aa62853a494a59a3b49a0803a5ed4d4d5e7bd2ca2a7a19f46a2873cb5965e68e,True,True,True,True,unverifiable: historical snapshots lost
414,neighbor,"0,1,2,3,4,5,6,8,9,10,11,12,13,14,15,16,17,18,19,20,21,22,7",7e4593d45cd245241fcebae214695ee41a3aa80187072d6fe21855f4c711b4fb,e18ccdfe1dface66d2b47e9fee3a82e7bd5486bd5a18ddc72a09cb4eb8546fd1,95.0,96.76326,544,False,unit fuzzy loss,success_build,True,True,aa62853a494a59a3b49a0803a5ed4d4d5e7bd2ca2a7a19f46a2873cb5965e68e,True,True,True,True,unverifiable: historical snapshots lost
415,neighbor,"8,0,1,2,3,4,5,6,7,9,10,11,12,13,14,15,16,17,18,19,20,21,22",721b1d956dfe5e756c3cef3c3a649f9a9305bbcade4650f589ea57703b74a95d,15b96d4e06c410370748ac2db6d938e56d00b7ba9bffcb3f226589ff3beaea54,96.32353,96.87969,544,False,unit fuzzy loss,success_build,True,True,aa62853a494a59a3b49a0803a5ed4d4d5e7bd2ca2a7a19f46a2873cb5965e68e,True,True,True,True,unverifiable: historical snapshots lost
416,neighbor,"0,8,1,2,3,4,5,6,7,9,10,11,12,13,14,15,16,17,18,19,20,21,22",54613722e9c3cc856914aa1880d251f00057ccc6b5fa580a2cd6c02d66772579,15b96d4e06c410370748ac2db6d938e56d00b7ba9bffcb3f226589ff3beaea54,96.32353,96.87969,544,False,unit fuzzy loss,success_build,True,True,aa62853a494a59a3b49a0803a5ed4d4d5e7bd2ca2a7a19f46a2873cb5965e68e,True,True,True,True,unverifiable: historical snapshots lost
417,neighbor,"0,1,8,2,3,4,5,6,7,9,10,11,12,13,14,15,16,17,18,19,20,21,22",494f72941da02b7f47cbca0e2c2b9c24f293ad90e419e0c53ca2c1f80b604fbb,15b96d4e06c410370748ac2db6d938e56d00b7ba9bffcb3f226589ff3beaea54,96.32353,96.87969,544,False,unit fuzzy loss,success_build,True,True,aa62853a494a59a3b49a0803a5ed4d4d5e7bd2ca2a7a19f46a2873cb5965e68e,True,True,True,True,unverifiable: historical snapshots lost
418,neighbor,"0,1,2,8,3,4,5,6,7,9,10,11,12,13,14,15,16,17,18,19,20,21,22",6ceebedc9ce67bf403c45df46e450652656346b593ca59d805425e84d322adc2,15b96d4e06c410370748ac2db6d938e56d00b7ba9bffcb3f226589ff3beaea54,96.32353,96.87969,544,False,unit fuzzy loss,success_build,True,True,aa62853a494a59a3b49a0803a5ed4d4d5e7bd2ca2a7a19f46a2873cb5965e68e,True,True,True,True,unverifiable: historical snapshots lost
419,neighbor,"0,1,2,3,8,4,5,6,7,9,10,11,12,13,14,15,16,17,18,19,20,21,22",f3817c2ea926228ff7f43bce75553ae74ebd085f0be9e519e2d1fb9ce5787288,d19b59e809f0978bc18e16482dfe688359d74e1fbda250a0e3ab1b75397245d7,96.25,96.87322,544,False,unit fuzzy loss,success_build,True,True,aa62853a494a59a3b49a0803a5ed4d4d5e7bd2ca2a7a19f46a2873cb5965e68e,True,True,True,True,unverifiable: historical snapshots lost
420,neighbor,"0,1,2,3,4,8,5,6,7,9,10,11,12,13,14,15,16,17,18,19,20,21,22",8fac44abed5fc9db50903e037ea6890c76a55759c86dacc88c4543cb5e765f33,d19b59e809f0978bc18e16482dfe688359d74e1fbda250a0e3ab1b75397245d7,96.25,96.87322,544,False,unit fuzzy loss,success_build,True,True,aa62853a494a59a3b49a0803a5ed4d4d5e7bd2ca2a7a19f46a2873cb5965e68e,True,True,True,True,unverifiable: historical snapshots lost
421,neighbor,"0,1,2,3,4,5,8,6,7,9,10,11,12,13,14,15,16,17,18,19,20,21,22",d559ff25018566b9ff9d56939d4d1d582c323bc0ca499a274c9ae76ee2359fb7,10af2be34d0e365413105e2422195cc8a37e56e7933dae6f518928ea76235708,96.43382,96.88939,544,False,unit fuzzy loss,success_build,True,True,aa62853a494a59a3b49a0803a5ed4d4d5e7bd2ca2a7a19f46a2873cb5965e68e,True,True,True,True,unverifiable: historical snapshots lost
422,neighbor,"0,1,2,3,4,5,6,7,9,10,8,11,12,13,14,15,16,17,18,19,20,21,22",2f232d5d0d833844ce8543d6ad98ee6d4767bbfd2987812205a51318ac97a4ad,ec16b52bfcd4b132b90d9d879ebc73ee652d4337202f371609c9a18c12120c89,96.69118,96.91203,544,True,,success_build,True,True,aa62853a494a59a3b49a0803a5ed4d4d5e7bd2ca2a7a19f46a2873cb5965e68e,True,True,True,True,unverifiable: historical snapshots lost
423,neighbor,"0,1,2,3,4,5,6,7,9,10,11,8,12,13,14,15,16,17,18,19,20,21,22",771e4415dae1fd6ae620f08749fd3c2258d5e89876221460795b22bee4832e23,ed126b6678f275ee9b8e89a1b59446cb57e84b3d0992e87b7606e5606fc83389,96.36029,96.88293,544,False,unit fuzzy loss,success_build,True,True,aa62853a494a59a3b49a0803a5ed4d4d5e7bd2ca2a7a19f46a2873cb5965e68e,True,True,True,True,unverifiable: historical snapshots lost
424,neighbor,"0,1,2,3,4,5,6,7,9,10,11,12,8,13,14,15,16,17,18,19,20,21,22",87144431fd2c8a9443a220007342b1f637269cf3260cf4075aa4a623bd821b45,bf61d8f4316bc10454478e9d0abfaaa1dcddfe09c0d03bef5b4b0ea6981a4de8,96.13971,96.86352,544,False,unit fuzzy loss,success_build,True,True,aa62853a494a59a3b49a0803a5ed4d4d5e7bd2ca2a7a19f46a2873cb5965e68e,True,True,True,True,unverifiable: historical snapshots lost
425,neighbor,"0,1,2,3,4,5,6,7,9,10,11,12,13,8,14,15,16,17,18,19,20,21,22",2594ce456ba7c0c025106d04b71e913d90db0d7d707cf7e0a8837b86b7bded36,a3eb808acdbeebec8a05aebf8d13e5666f0d70c736fad90abf177f2f6a4d40ba,95.91912,96.84412,544,False,unit fuzzy loss,success_build,True,True,aa62853a494a59a3b49a0803a5ed4d4d5e7bd2ca2a7a19f46a2873cb5965e68e,True,True,True,True,unverifiable: historical snapshots lost
426,neighbor,"0,1,2,3,4,5,6,7,9,10,11,12,13,14,8,15,16,17,18,19,20,21,22",f07f9e0787d2b36166539abe76ed7676d25aa5c63c4d409d70cf12d7e7ed46f9,a3eb808acdbeebec8a05aebf8d13e5666f0d70c736fad90abf177f2f6a4d40ba,95.91912,96.84412,544,False,unit fuzzy loss,success_build,True,True,aa62853a494a59a3b49a0803a5ed4d4d5e7bd2ca2a7a19f46a2873cb5965e68e,True,True,True,True,unverifiable: historical snapshots lost
427,neighbor,"0,1,2,3,4,5,6,7,9,10,11,12,13,14,15,8,16,17,18,19,20,21,22",941ee7f735a86b3ddc24e12502f43a3bd13c09eb91cd27df225bdf53c3c8e6bc,709fda8ce1dd06153b106945475098debf5d33cace35fe5f802b112604c2c7b6,95.69853,96.82471,544,False,unit fuzzy loss,success_build,True,True,aa62853a494a59a3b49a0803a5ed4d4d5e7bd2ca2a7a19f46a2873cb5965e68e,True,True,True,True,unverifiable: historical snapshots lost
428,neighbor,"0,1,2,3,4,5,6,7,9,10,11,12,13,14,15,16,8,17,18,19,20,21,22",24a5fc46167bca28c4cf4656650b9e56c5eb47bbb6cc9e633884671fa55a0421,709fda8ce1dd06153b106945475098debf5d33cace35fe5f802b112604c2c7b6,95.69853,96.82471,544,False,unit fuzzy loss,success_build,True,True,aa62853a494a59a3b49a0803a5ed4d4d5e7bd2ca2a7a19f46a2873cb5965e68e,True,True,True,True,unverifiable: historical snapshots lost
429,neighbor,"0,1,2,3,4,5,6,7,9,10,11,12,13,14,15,16,17,8,18,19,20,21,22",ced5082de22633e81b95d58d79d408f2b263ba44fc2dda7a5968a8d49e284cee,2c61daa9f76c00fec6d059070aecbf95c9e7be266e4dc687ffbb5ad1013230c4,95.588234,96.81501,544,False,unit fuzzy loss,success_build,True,True,aa62853a494a59a3b49a0803a5ed4d4d5e7bd2ca2a7a19f46a2873cb5965e68e,True,True,True,True,unverifiable: historical snapshots lost
430,neighbor,"0,1,2,3,4,5,6,7,9,10,11,12,13,14,15,16,17,18,8,19,20,21,22",8d496476e4c30fd65e5c7efcf2601231b5c6e815af83ba5a2c97ef193c7ded25,5228f0f4a0fbc44eac443528f1d60c5f251f0b7011147bf972abc8c8dcdcafef,95.51471,96.80854,544,False,unit fuzzy loss,success_build,True,True,aa62853a494a59a3b49a0803a5ed4d4d5e7bd2ca2a7a19f46a2873cb5965e68e,True,True,True,True,unverifiable: historical snapshots lost
431,neighbor,"0,1,2,3,4,5,6,7,9,10,11,12,13,14,15,16,17,18,19,8,20,21,22",26d04dd3ad5d035910f819bcb71284fd49d13e80290c0ce08a9d8a2c5a61a00d,481081233362cc05d53c945c2851c64dd8280fadd11f56c345759c5436f442e5,95.51471,96.80854,544,False,unit fuzzy loss,success_build,True,True,aa62853a494a59a3b49a0803a5ed4d4d5e7bd2ca2a7a19f46a2873cb5965e68e,True,True,True,True,unverifiable: historical snapshots lost
432,neighbor,"0,1,2,3,4,5,6,7,9,10,11,12,13,14,15,16,17,18,19,20,8,21,22",02241cfec8b60d9e8b9eb7e1e69be01b3ef1f23aee67d8e71eb1990bb7865143,56243206d0c065a30887396ad26fb7c427445f17779122f47441fe2f223fe503,95.44118,96.80207,544,False,unit fuzzy loss,success_build,True,True,aa62853a494a59a3b49a0803a5ed4d4d5e7bd2ca2a7a19f46a2873cb5965e68e,True,True,True,True,unverifiable: historical snapshots lost
433,neighbor,"0,1,2,3,4,5,6,7,9,10,11,12,13,14,15,16,17,18,19,20,21,8,22",69fe7c89982c85af5f782fff148e84f48d8ba9d4d78c4e24e26b59f3a3e1f22c,d6e2dc494e1ff8a8837129d93bfdd09438d0af39143fe18d6ec35bdf3e071216,95.33088,96.792366,544,False,unit fuzzy loss,success_build,True,True,aa62853a494a59a3b49a0803a5ed4d4d5e7bd2ca2a7a19f46a2873cb5965e68e,True,True,True,True,unverifiable: historical snapshots lost
434,neighbor,"0,1,2,3,4,5,6,7,9,10,11,12,13,14,15,16,17,18,19,20,21,22,8",09cb560a89351e3462f7a164b1229c1fe914c9ce968b69f3372b1115b7458783,14763b13e3cc01ff6d3d633a12a420bcc63cac623b6c3252ff6ea9f8daf3732b,95.0,96.76326,544,False,unit fuzzy loss,success_build,True,True,aa62853a494a59a3b49a0803a5ed4d4d5e7bd2ca2a7a19f46a2873cb5965e68e,True,True,True,True,unverifiable: historical snapshots lost
435,neighbor,"9,0,1,2,3,4,5,6,7,8,10,11,12,13,14,15,16,17,18,19,20,21,22",f24ab257316d7b06930d3fe28c40ed54171849b5ca0431b9364dbd422444e14d,ec16b52bfcd4b132b90d9d879ebc73ee652d4337202f371609c9a18c12120c89,96.69118,96.91203,544,True,,success_build,True,True,aa62853a494a59a3b49a0803a5ed4d4d5e7bd2ca2a7a19f46a2873cb5965e68e,True,True,True,True,unverifiable: historical snapshots lost
436,neighbor,"0,9,1,2,3,4,5,6,7,8,10,11,12,13,14,15,16,17,18,19,20,21,22",33ec57a0bbf83c8508e46f27ff422bcb000869246a8f7a0c8d49824c8d8a59f3,ec16b52bfcd4b132b90d9d879ebc73ee652d4337202f371609c9a18c12120c89,96.69118,96.91203,544,True,,success_build,True,True,aa62853a494a59a3b49a0803a5ed4d4d5e7bd2ca2a7a19f46a2873cb5965e68e,True,True,True,True,unverifiable: historical snapshots lost
437,neighbor,"0,1,9,2,3,4,5,6,7,8,10,11,12,13,14,15,16,17,18,19,20,21,22",b4f2519ea12747e5fa853940fc1c5ef68020ba3d12f09dc3d177f72e1f8bfe47,ec16b52bfcd4b132b90d9d879ebc73ee652d4337202f371609c9a18c12120c89,96.69118,96.91203,544,True,,success_build,True,True,aa62853a494a59a3b49a0803a5ed4d4d5e7bd2ca2a7a19f46a2873cb5965e68e,True,True,True,True,unverifiable: historical snapshots lost
438,neighbor,"0,1,2,9,3,4,5,6,7,8,10,11,12,13,14,15,16,17,18,19,20,21,22",399368025139a9af6c68a0bcbc79c411454043e2930b3f3d4e2177eacfa107dd,ec16b52bfcd4b132b90d9d879ebc73ee652d4337202f371609c9a18c12120c89,96.69118,96.91203,544,True,,success_build,True,True,aa62853a494a59a3b49a0803a5ed4d4d5e7bd2ca2a7a19f46a2873cb5965e68e,True,True,True,True,unverifiable: historical snapshots lost
439,neighbor,"0,1,2,3,9,4,5,6,7,8,10,11,12,13,14,15,16,17,18,19,20,21,22",3ace78b7e571a753d1c30d54b59f4f627eb172115c81f2983005858da4f1904d,ec16b52bfcd4b132b90d9d879ebc73ee652d4337202f371609c9a18c12120c89,96.69118,96.91203,544,True,,success_build,True,True,aa62853a494a59a3b49a0803a5ed4d4d5e7bd2ca2a7a19f46a2873cb5965e68e,True,True,True,True,unverifiable: historical snapshots lost
440,neighbor,"0,1,2,3,4,9,5,6,7,8,10,11,12,13,14,15,16,17,18,19,20,21,22",9eeaf19238360df58bdb48bbea285671a12a9685670405d742356a86529604d4,ec16b52bfcd4b132b90d9d879ebc73ee652d4337202f371609c9a18c12120c89,96.69118,96.91203,544,True,,success_build,True,True,aa62853a494a59a3b49a0803a5ed4d4d5e7bd2ca2a7a19f46a2873cb5965e68e,True,True,True,True,unverifiable: historical snapshots lost
441,neighbor,"0,1,2,3,4,5,9,6,7,8,10,11,12,13,14,15,16,17,18,19,20,21,22",78d66a629ec87f052ec0f3e0edfed3fed46f73afb4a0821aaec4163aa18f3a5e,ec16b52bfcd4b132b90d9d879ebc73ee652d4337202f371609c9a18c12120c89,96.69118,96.91203,544,True,,success_build,True,True,aa62853a494a59a3b49a0803a5ed4d4d5e7bd2ca2a7a19f46a2873cb5965e68e,True,True,True,True,unverifiable: historical snapshots lost
442,neighbor,"0,1,2,3,4,5,6,9,7,8,10,11,12,13,14,15,16,17,18,19,20,21,22",9fe69837c07b3967e7e852174a7c5a14347053394ca520fc668099e64a70afd0,ec16b52bfcd4b132b90d9d879ebc73ee652d4337202f371609c9a18c12120c89,96.69118,96.91203,544,True,,success_build,True,True,aa62853a494a59a3b49a0803a5ed4d4d5e7bd2ca2a7a19f46a2873cb5965e68e,True,True,True,True,unverifiable: historical snapshots lost
443,neighbor,"0,1,2,3,4,5,6,7,8,10,11,9,12,13,14,15,16,17,18,19,20,21,22",e07e44b92e1ef44e6b626c83ca261af7d940ecaeb7394bd1ec814adda78156dd,ec16b52bfcd4b132b90d9d879ebc73ee652d4337202f371609c9a18c12120c89,96.69118,96.91203,544,True,,success_build,True,True,aa62853a494a59a3b49a0803a5ed4d4d5e7bd2ca2a7a19f46a2873cb5965e68e,True,True,True,True,unverifiable: historical snapshots lost
444,neighbor,"0,1,2,3,4,5,6,7,8,10,11,12,9,13,14,15,16,17,18,19,20,21,22",2b1c478e5b58e895b52177d6e9706c97212f9586ec3c89aec133daf74e4ae5fc,ec16b52bfcd4b132b90d9d879ebc73ee652d4337202f371609c9a18c12120c89,96.69118,96.91203,544,True,,success_build,True,True,aa62853a494a59a3b49a0803a5ed4d4d5e7bd2ca2a7a19f46a2873cb5965e68e,True,True,True,True,unverifiable: historical snapshots lost
445,neighbor,"0,1,2,3,4,5,6,7,8,10,11,12,13,9,14,15,16,17,18,19,20,21,22",fa71ee5fc263a36cb298d4de12428ad2a0103681119e65f6c23e1ca697d4b0d1,ec16b52bfcd4b132b90d9d879ebc73ee652d4337202f371609c9a18c12120c89,96.69118,96.91203,544,True,,success_build,True,True,aa62853a494a59a3b49a0803a5ed4d4d5e7bd2ca2a7a19f46a2873cb5965e68e,True,True,True,True,unverifiable: historical snapshots lost
446,neighbor,"0,1,2,3,4,5,6,7,8,10,11,12,13,14,9,15,16,17,18,19,20,21,22",15b5bd54921c7854e3b5d43f613fa7a867df5f0c5f3d24d71c064eedc25aeb96,ec16b52bfcd4b132b90d9d879ebc73ee652d4337202f371609c9a18c12120c89,96.69118,96.91203,544,True,,success_build,True,True,aa62853a494a59a3b49a0803a5ed4d4d5e7bd2ca2a7a19f46a2873cb5965e68e,True,True,True,True,unverifiable: historical snapshots lost
447,neighbor,"0,1,2,3,4,5,6,7,8,10,11,12,13,14,15,9,16,17,18,19,20,21,22",ab864d8720e28327c5fea38df2bd0c28836742eb0b08f7b05d851baa0a56a7bb,ec16b52bfcd4b132b90d9d879ebc73ee652d4337202f371609c9a18c12120c89,96.69118,96.91203,544,True,,success_build,True,True,aa62853a494a59a3b49a0803a5ed4d4d5e7bd2ca2a7a19f46a2873cb5965e68e,True,True,True,True,unverifiable: historical snapshots lost
448,neighbor,"0,1,2,3,4,5,6,7,8,10,11,12,13,14,15,16,9,17,18,19,20,21,22",8f9ddd000564aa175aaa7efb912a4820e30eb982c6ebbd5e55078bc1cfe70d40,ec16b52bfcd4b132b90d9d879ebc73ee652d4337202f371609c9a18c12120c89,96.69118,96.91203,544,True,,success_build,True,True,aa62853a494a59a3b49a0803a5ed4d4d5e7bd2ca2a7a19f46a2873cb5965e68e,True,True,True,True,unverifiable: historical snapshots lost
449,neighbor,"0,1,2,3,4,5,6,7,8,10,11,12,13,14,15,16,17,9,18,19,20,21,22",b6f1d46698f30256b0fcda71581f5b9a50713b2426c5503bdd735b5e91ec7718,ec16b52bfcd4b132b90d9d879ebc73ee652d4337202f371609c9a18c12120c89,96.69118,96.91203,544,True,,success_build,True,True,aa62853a494a59a3b49a0803a5ed4d4d5e7bd2ca2a7a19f46a2873cb5965e68e,True,True,True,True,unverifiable: historical snapshots lost
450,neighbor,"0,1,2,3,4,5,6,7,8,10,11,12,13,14,15,16,17,18,9,19,20,21,22",18e79b126e35a37a58458f405f11484ed185b3885190a40b551b6cb99862e69c,ec16b52bfcd4b132b90d9d879ebc73ee652d4337202f371609c9a18c12120c89,96.69118,96.91203,544,True,,success_build,True,True,aa62853a494a59a3b49a0803a5ed4d4d5e7bd2ca2a7a19f46a2873cb5965e68e,True,True,True,True,unverifiable: historical snapshots lost
451,neighbor,"0,1,2,3,4,5,6,7,8,10,11,12,13,14,15,16,17,18,19,9,20,21,22",fe273c5a635ee1bf9e1149fbca3a76e8589ab8e252489fc29583476e812ced52,ec16b52bfcd4b132b90d9d879ebc73ee652d4337202f371609c9a18c12120c89,96.69118,96.91203,544,True,,success_build,True,True,aa62853a494a59a3b49a0803a5ed4d4d5e7bd2ca2a7a19f46a2873cb5965e68e,True,True,True,True,unverifiable: historical snapshots lost
452,neighbor,"0,1,2,3,4,5,6,7,8,10,11,12,13,14,15,16,17,18,19,20,9,21,22",eeefa8864fdd61bcd31a5e70b485b618be6e9cc20a07bb54bd8b4a6fdc8271c2,ec16b52bfcd4b132b90d9d879ebc73ee652d4337202f371609c9a18c12120c89,96.69118,96.91203,544,True,,success_build,True,True,aa62853a494a59a3b49a0803a5ed4d4d5e7bd2ca2a7a19f46a2873cb5965e68e,True,True,True,True,unverifiable: historical snapshots lost
453,neighbor,"0,1,2,3,4,5,6,7,8,10,11,12,13,14,15,16,17,18,19,20,21,9,22",978650c42b108a91e53e8e2411f9c21542aebcc568be24a3ff20569866e228bb,ec16b52bfcd4b132b90d9d879ebc73ee652d4337202f371609c9a18c12120c89,96.69118,96.91203,544,True,,success_build,True,True,aa62853a494a59a3b49a0803a5ed4d4d5e7bd2ca2a7a19f46a2873cb5965e68e,True,True,True,True,unverifiable: historical snapshots lost
454,neighbor,"0,1,2,3,4,5,6,7,8,10,11,12,13,14,15,16,17,18,19,20,21,22,9",66bdb57c39d287fdf58fe9aa83b737e21345aac47a91ced82e8167a8b23e74ec,ec16b52bfcd4b132b90d9d879ebc73ee652d4337202f371609c9a18c12120c89,96.69118,96.91203,544,True,,success_build,True,True,aa62853a494a59a3b49a0803a5ed4d4d5e7bd2ca2a7a19f46a2873cb5965e68e,True,True,True,True,unverifiable: historical snapshots lost
455,neighbor,"10,0,1,2,3,4,5,6,7,8,9,11,12,13,14,15,16,17,18,19,20,21,22",ab1953c490149454e6134cfb4b5bce1edb3a00f1babde8b89ec893f0f9a1887b,ec16b52bfcd4b132b90d9d879ebc73ee652d4337202f371609c9a18c12120c89,96.69118,96.91203,544,True,,success_build,True,True,aa62853a494a59a3b49a0803a5ed4d4d5e7bd2ca2a7a19f46a2873cb5965e68e,True,True,True,True,unverifiable: historical snapshots lost
456,neighbor,"0,10,1,2,3,4,5,6,7,8,9,11,12,13,14,15,16,17,18,19,20,21,22",4a94e6d944226e9d40b7e699d976039afb573f4aa21654eecd19c6caa72ebfa5,ec16b52bfcd4b132b90d9d879ebc73ee652d4337202f371609c9a18c12120c89,96.69118,96.91203,544,True,,success_build,True,True,aa62853a494a59a3b49a0803a5ed4d4d5e7bd2ca2a7a19f46a2873cb5965e68e,True,True,True,True,unverifiable: historical snapshots lost
457,neighbor,"0,1,10,2,3,4,5,6,7,8,9,11,12,13,14,15,16,17,18,19,20,21,22",f4914ef4386e5339d4a3325a889f63dca34228afe3bcd3fa656f915003858a6b,ec16b52bfcd4b132b90d9d879ebc73ee652d4337202f371609c9a18c12120c89,96.69118,96.91203,544,True,,success_build,True,True,aa62853a494a59a3b49a0803a5ed4d4d5e7bd2ca2a7a19f46a2873cb5965e68e,True,True,True,True,unverifiable: historical snapshots lost
458,neighbor,"0,1,2,10,3,4,5,6,7,8,9,11,12,13,14,15,16,17,18,19,20,21,22",d5b59dd9dcf2e3d2a3e8f006a684981edff4c72cb03c491be430f5929ca02095,ec16b52bfcd4b132b90d9d879ebc73ee652d4337202f371609c9a18c12120c89,96.69118,96.91203,544,True,,success_build,True,True,aa62853a494a59a3b49a0803a5ed4d4d5e7bd2ca2a7a19f46a2873cb5965e68e,True,True,True,True,unverifiable: historical snapshots lost
459,neighbor,"0,1,2,3,10,4,5,6,7,8,9,11,12,13,14,15,16,17,18,19,20,21,22",938632fbe7af1459edbd6552c2a3f884225b0ca3c4b5638b84abe75a7fe4b107,ec16b52bfcd4b132b90d9d879ebc73ee652d4337202f371609c9a18c12120c89,96.69118,96.91203,544,True,,success_build,True,True,aa62853a494a59a3b49a0803a5ed4d4d5e7bd2ca2a7a19f46a2873cb5965e68e,True,True,True,True,unverifiable: historical snapshots lost
460,neighbor,"0,1,2,3,4,10,5,6,7,8,9,11,12,13,14,15,16,17,18,19,20,21,22",66ee12379da459171c91848479c1a7cd35ba624e3e293e65f44cb3266b97c8ba,ec16b52bfcd4b132b90d9d879ebc73ee652d4337202f371609c9a18c12120c89,96.69118,96.91203,544,True,,success_build,True,True,aa62853a494a59a3b49a0803a5ed4d4d5e7bd2ca2a7a19f46a2873cb5965e68e,True,True,True,True,unverifiable: historical snapshots lost
461,neighbor,"0,1,2,3,4,5,10,6,7,8,9,11,12,13,14,15,16,17,18,19,20,21,22",ff6c9001d4879d76701ce6d59b3e97dab9a5e18a28bb6e4b3d9e36dd1154e7bd,ec16b52bfcd4b132b90d9d879ebc73ee652d4337202f371609c9a18c12120c89,96.69118,96.91203,544,True,,success_build,True,True,aa62853a494a59a3b49a0803a5ed4d4d5e7bd2ca2a7a19f46a2873cb5965e68e,True,True,True,True,unverifiable: historical snapshots lost
462,neighbor,"0,1,2,3,4,5,6,10,7,8,9,11,12,13,14,15,16,17,18,19,20,21,22",16cd51c9794a789a5c0ebb8f1cda19aff24626013056f23b63164c991e6e1a75,ec16b52bfcd4b132b90d9d879ebc73ee652d4337202f371609c9a18c12120c89,96.69118,96.91203,544,True,,success_build,True,True,aa62853a494a59a3b49a0803a5ed4d4d5e7bd2ca2a7a19f46a2873cb5965e68e,True,True,True,True,unverifiable: historical snapshots lost
463,neighbor,"0,1,2,3,4,5,6,7,10,8,9,11,12,13,14,15,16,17,18,19,20,21,22",5bf18e4ffbaa0308e73bd3724c3bc5f9621e7cf43c779a0966cdf5d48185b570,ec16b52bfcd4b132b90d9d879ebc73ee652d4337202f371609c9a18c12120c89,96.69118,96.91203,544,True,,success_build,True,True,aa62853a494a59a3b49a0803a5ed4d4d5e7bd2ca2a7a19f46a2873cb5965e68e,True,True,True,True,unverifiable: historical snapshots lost
464,neighbor,"0,1,2,3,4,5,6,7,8,9,11,12,10,13,14,15,16,17,18,19,20,21,22",9d0ad51bbd499b6bd4284c607e387433f3a1e616b1fa295090425730308fb232,ec16b52bfcd4b132b90d9d879ebc73ee652d4337202f371609c9a18c12120c89,96.69118,96.91203,544,True,,success_build,True,True,aa62853a494a59a3b49a0803a5ed4d4d5e7bd2ca2a7a19f46a2873cb5965e68e,True,True,True,True,unverifiable: historical snapshots lost
465,neighbor,"0,1,2,3,4,5,6,7,8,9,11,12,13,10,14,15,16,17,18,19,20,21,22",a880221c791cc3e9f0ff95da6ae25bd595269c8e29d90d6d249a866f9907026c,ec16b52bfcd4b132b90d9d879ebc73ee652d4337202f371609c9a18c12120c89,96.69118,96.91203,544,True,,success_build,True,True,aa62853a494a59a3b49a0803a5ed4d4d5e7bd2ca2a7a19f46a2873cb5965e68e,True,True,True,True,unverifiable: historical snapshots lost
466,neighbor,"0,1,2,3,4,5,6,7,8,9,11,12,13,14,10,15,16,17,18,19,20,21,22",6029b4999e6ddd0a9b7c74121ef77630038f068667c21f31a91dd940badc2427,ec16b52bfcd4b132b90d9d879ebc73ee652d4337202f371609c9a18c12120c89,96.69118,96.91203,544,True,,success_build,True,True,aa62853a494a59a3b49a0803a5ed4d4d5e7bd2ca2a7a19f46a2873cb5965e68e,True,True,True,True,unverifiable: historical snapshots lost
467,neighbor,"0,1,2,3,4,5,6,7,8,9,11,12,13,14,15,10,16,17,18,19,20,21,22",3d1d75e6f6f4e14c19a6c155d0da7a2bd6487a6cc3bb5e860e21749e9ce2f3b8,ec16b52bfcd4b132b90d9d879ebc73ee652d4337202f371609c9a18c12120c89,96.69118,96.91203,544,True,,success_build,True,True,aa62853a494a59a3b49a0803a5ed4d4d5e7bd2ca2a7a19f46a2873cb5965e68e,True,True,True,True,unverifiable: historical snapshots lost
468,neighbor,"0,1,2,3,4,5,6,7,8,9,11,12,13,14,15,16,10,17,18,19,20,21,22",1591eabfa1f38b27eabde01df0fc4a18cf1e60d1f1d3240039d1be3e93701916,ec16b52bfcd4b132b90d9d879ebc73ee652d4337202f371609c9a18c12120c89,96.69118,96.91203,544,True,,success_build,True,True,aa62853a494a59a3b49a0803a5ed4d4d5e7bd2ca2a7a19f46a2873cb5965e68e,True,True,True,True,unverifiable: historical snapshots lost
469,neighbor,"0,1,2,3,4,5,6,7,8,9,11,12,13,14,15,16,17,10,18,19,20,21,22",96f37c217229edad6695ce33c181d1ec16c394143e0e9f271ecd2c949058d716,ec16b52bfcd4b132b90d9d879ebc73ee652d4337202f371609c9a18c12120c89,96.69118,96.91203,544,True,,success_build,True,True,aa62853a494a59a3b49a0803a5ed4d4d5e7bd2ca2a7a19f46a2873cb5965e68e,True,True,True,True,unverifiable: historical snapshots lost
470,neighbor,"0,1,2,3,4,5,6,7,8,9,11,12,13,14,15,16,17,18,10,19,20,21,22",57fc818ac828d7a7aedab0c4bac963e241ba736d2a50df091e43c605e86411d8,ec16b52bfcd4b132b90d9d879ebc73ee652d4337202f371609c9a18c12120c89,96.69118,96.91203,544,True,,success_build,True,True,aa62853a494a59a3b49a0803a5ed4d4d5e7bd2ca2a7a19f46a2873cb5965e68e,True,True,True,True,unverifiable: historical snapshots lost
471,neighbor,"0,1,2,3,4,5,6,7,8,9,11,12,13,14,15,16,17,18,19,10,20,21,22",99784793b6eda04ad3f237183f3200d30244073235ad9aecded4f17a6840817e,ec16b52bfcd4b132b90d9d879ebc73ee652d4337202f371609c9a18c12120c89,96.69118,96.91203,544,True,,success_build,True,True,aa62853a494a59a3b49a0803a5ed4d4d5e7bd2ca2a7a19f46a2873cb5965e68e,True,True,True,True,unverifiable: historical snapshots lost
472,neighbor,"0,1,2,3,4,5,6,7,8,9,11,12,13,14,15,16,17,18,19,20,10,21,22",64fbc26c3078d2bd75693653078801797b1fa5cbd2eb17e0cb45937315a6f8a8,ec16b52bfcd4b132b90d9d879ebc73ee652d4337202f371609c9a18c12120c89,96.69118,96.91203,544,True,,success_build,True,True,aa62853a494a59a3b49a0803a5ed4d4d5e7bd2ca2a7a19f46a2873cb5965e68e,True,True,True,True,unverifiable: historical snapshots lost
473,neighbor,"0,1,2,3,4,5,6,7,8,9,11,12,13,14,15,16,17,18,19,20,21,10,22",6a2048bb4defaf85daaa23fb469b632f496b9d28e75f52af2c08ff220396efd7,ec16b52bfcd4b132b90d9d879ebc73ee652d4337202f371609c9a18c12120c89,96.69118,96.91203,544,True,,success_build,True,True,aa62853a494a59a3b49a0803a5ed4d4d5e7bd2ca2a7a19f46a2873cb5965e68e,True,True,True,True,unverifiable: historical snapshots lost
474,neighbor,"0,1,2,3,4,5,6,7,8,9,11,12,13,14,15,16,17,18,19,20,21,22,10",ae8c982b8a7467194cdba4fd06398c52ab254dcbd594a876052b3d5b4ed81465,ec16b52bfcd4b132b90d9d879ebc73ee652d4337202f371609c9a18c12120c89,96.69118,96.91203,544,True,,success_build,True,True,aa62853a494a59a3b49a0803a5ed4d4d5e7bd2ca2a7a19f46a2873cb5965e68e,True,True,True,True,unverifiable: historical snapshots lost
475,neighbor,"11,0,1,2,3,4,5,6,7,8,9,10,12,13,14,15,16,17,18,19,20,21,22",f2062824ba6bfddd7dbff555d4fc59477ef1c91e7459c4f328c6db87d8eabe88,7b09bba999d5cd923c32dbecd3e52ffdde18560833cb3e6b1b91e5310c08cbb0,95.91912,96.84412,544,False,unit fuzzy loss,success_build,True,True,aa62853a494a59a3b49a0803a5ed4d4d5e7bd2ca2a7a19f46a2873cb5965e68e,True,True,True,True,unverifiable: historical snapshots lost
476,neighbor,"0,11,1,2,3,4,5,6,7,8,9,10,12,13,14,15,16,17,18,19,20,21,22",780e1310fd22b48212132e79a5e1bf539857e5f36c4a4b699d6946487fa0c241,7b09bba999d5cd923c32dbecd3e52ffdde18560833cb3e6b1b91e5310c08cbb0,95.91912,96.84412,544,False,unit fuzzy loss,success_build,True,True,aa62853a494a59a3b49a0803a5ed4d4d5e7bd2ca2a7a19f46a2873cb5965e68e,True,True,True,True,unverifiable: historical snapshots lost
477,neighbor,"0,1,11,2,3,4,5,6,7,8,9,10,12,13,14,15,16,17,18,19,20,21,22",132d713a8e7d8fe21f46bb267eb2834a8f13893f8e12b520df5759538a26002e,7b09bba999d5cd923c32dbecd3e52ffdde18560833cb3e6b1b91e5310c08cbb0,95.91912,96.84412,544,False,unit fuzzy loss,success_build,True,True,aa62853a494a59a3b49a0803a5ed4d4d5e7bd2ca2a7a19f46a2873cb5965e68e,True,True,True,True,unverifiable: historical snapshots lost
478,neighbor,"0,1,2,11,3,4,5,6,7,8,9,10,12,13,14,15,16,17,18,19,20,21,22",7707dac4a3192d162f3910f407a7e3d68f46b9d0c74950fb165cec9ab0726c56,7b09bba999d5cd923c32dbecd3e52ffdde18560833cb3e6b1b91e5310c08cbb0,95.91912,96.84412,544,False,unit fuzzy loss,success_build,True,True,aa62853a494a59a3b49a0803a5ed4d4d5e7bd2ca2a7a19f46a2873cb5965e68e,True,True,True,True,unverifiable: historical snapshots lost
479,neighbor,"0,1,2,3,11,4,5,6,7,8,9,10,12,13,14,15,16,17,18,19,20,21,22",cf9a74f7eb6d0327566301bb5d43b11c9acc7819418a9c8ed59dfdb2e2ef01fa,1bbdf9e66d30bbbbce176ab602769354374f582fbdb3a5e2ea43a3968f3274a2,95.992645,96.850586,544,False,unit fuzzy loss,success_build,True,True,aa62853a494a59a3b49a0803a5ed4d4d5e7bd2ca2a7a19f46a2873cb5965e68e,True,True,True,True,unverifiable: historical snapshots lost
480,neighbor,"0,1,2,3,4,11,5,6,7,8,9,10,12,13,14,15,16,17,18,19,20,21,22",e01789a68d8b823549f1fe2ca4e8b7fa7a81a84efe70038c4f28982cd6b5340e,1bbdf9e66d30bbbbce176ab602769354374f582fbdb3a5e2ea43a3968f3274a2,95.992645,96.850586,544,False,unit fuzzy loss,success_build,True,True,aa62853a494a59a3b49a0803a5ed4d4d5e7bd2ca2a7a19f46a2873cb5965e68e,True,True,True,True,unverifiable: historical snapshots lost
481,neighbor,"0,1,2,3,4,5,11,6,7,8,9,10,12,13,14,15,16,17,18,19,20,21,22",5d8467adf181a65b93619ac3783605b5cdc209075b876d8ee83defd5c3852655,195d7ffb4fb6c249c0b60b5d6fc27f847716f36dd1b725bb18e5c76f2b0f3306,96.17647,96.86675,544,False,unit fuzzy loss,success_build,True,True,aa62853a494a59a3b49a0803a5ed4d4d5e7bd2ca2a7a19f46a2873cb5965e68e,True,True,True,True,unverifiable: historical snapshots lost
482,neighbor,"0,1,2,3,4,5,6,11,7,8,9,10,12,13,14,15,16,17,18,19,20,21,22",dc4d7581c027549cfc5c84d2ed615f35cfec9243f896a2fe45234204aa7f9bc7,2a61a0d11787b16df4c725ec3f52a189f698192ec9b86acad807baa611493638,96.213234,96.86999,544,False,unit fuzzy loss,success_build,True,True,aa62853a494a59a3b49a0803a5ed4d4d5e7bd2ca2a7a19f46a2873cb5965e68e,True,True,True,True,unverifiable: historical snapshots lost
483,neighbor,"0,1,2,3,4,5,6,7,11,8,9,10,12,13,14,15,16,17,18,19,20,21,22",760ee44e8bf6e42420d72b4c11f027fcd97a92373ba7a67fe4a705f51c58adfb,ed126b6678f275ee9b8e89a1b59446cb57e84b3d0992e87b7606e5606fc83389,96.36029,96.88293,544,False,unit fuzzy loss,success_build,True,True,aa62853a494a59a3b49a0803a5ed4d4d5e7bd2ca2a7a19f46a2873cb5965e68e,True,True,True,True,unverifiable: historical snapshots lost
484,neighbor,"0,1,2,3,4,5,6,7,8,11,9,10,12,13,14,15,16,17,18,19,20,21,22",6298f3888f69b3751f74716b6fa609b76d7a7c45950ac0172cff9af3a37f74be,ec16b52bfcd4b132b90d9d879ebc73ee652d4337202f371609c9a18c12120c89,96.69118,96.91203,544,True,,success_build,True,True,aa62853a494a59a3b49a0803a5ed4d4d5e7bd2ca2a7a19f46a2873cb5965e68e,True,True,True,True,unverifiable: historical snapshots lost
485,neighbor,"0,1,2,3,4,5,6,7,8,9,10,12,13,11,14,15,16,17,18,19,20,21,22",c1f1d67769610a6824f0a4d91b1bdd7cd7da9dc6c5b102a3094bc76beb894050,03576338b3a58918995cbc3a4db3aa40e4a4b70f2e93d329695991554a553789,96.01471,96.85252,544,False,unit fuzzy loss,success_build,True,True,aa62853a494a59a3b49a0803a5ed4d4d5e7bd2ca2a7a19f46a2873cb5965e68e,True,True,True,True,unverifiable: historical snapshots lost
486,neighbor,"0,1,2,3,4,5,6,7,8,9,10,12,13,14,11,15,16,17,18,19,20,21,22",f20b6ff4cfbc2a895ed7bde8790097507c920f415a2caed00506dbb9536b93c6,03576338b3a58918995cbc3a4db3aa40e4a4b70f2e93d329695991554a553789,96.01471,96.85252,544,False,unit fuzzy loss,success_build,True,True,aa62853a494a59a3b49a0803a5ed4d4d5e7bd2ca2a7a19f46a2873cb5965e68e,True,True,True,True,unverifiable: historical snapshots lost
487,neighbor,"0,1,2,3,4,5,6,7,8,9,10,12,13,14,15,11,16,17,18,19,20,21,22",49c4a8498d16fa62a597f81c8cc50d21e6d0bdf265e65214a0d0123dbdcfc1f3,845c0436c90984256a336750784f3072c675db70bbe86663db64361b270fc899,95.79412,96.833115,544,False,unit fuzzy loss,success_build,True,True,aa62853a494a59a3b49a0803a5ed4d4d5e7bd2ca2a7a19f46a2873cb5965e68e,True,True,True,True,unverifiable: historical snapshots lost
488,neighbor,"0,1,2,3,4,5,6,7,8,9,10,12,13,14,15,16,11,17,18,19,20,21,22",aab09582454dc22f6482dae42053244d987c79ca580192f7d2c8d3b43c6addeb,845c0436c90984256a336750784f3072c675db70bbe86663db64361b270fc899,95.79412,96.833115,544,False,unit fuzzy loss,success_build,True,True,aa62853a494a59a3b49a0803a5ed4d4d5e7bd2ca2a7a19f46a2873cb5965e68e,True,True,True,True,unverifiable: historical snapshots lost
489,neighbor,"0,1,2,3,4,5,6,7,8,9,10,12,13,14,15,16,17,11,18,19,20,21,22",c55b6dc7c4d9eacdb43b689a062c655c8174caeb007b07828ddd92721ff2af18,69889871f019a0554ba4b8efbe7992a477c97e7fcbf34075a376bca5f99c301a,95.68382,96.82342,544,False,unit fuzzy loss,success_build,True,True,aa62853a494a59a3b49a0803a5ed4d4d5e7bd2ca2a7a19f46a2873cb5965e68e,True,True,True,True,unverifiable: historical snapshots lost
490,neighbor,"0,1,2,3,4,5,6,7,8,9,10,12,13,14,15,16,17,18,11,19,20,21,22",2c6d5461e38bffdb094f118221b01e4d99deece8e4a7cecacd65c1c06b962d9b,3a2157fd51f6e9142aa2bd073a6376a63ecbe0a40f532d3c57d16257e8992cbd,95.61029,96.81695,544,False,unit fuzzy loss,success_build,True,True,aa62853a494a59a3b49a0803a5ed4d4d5e7bd2ca2a7a19f46a2873cb5965e68e,True,True,True,True,unverifiable: historical snapshots lost
491,neighbor,"0,1,2,3,4,5,6,7,8,9,10,12,13,14,15,16,17,18,19,11,20,21,22",2857dea666345d3ae29f00918fdedbcc2a711a99cd3dc55cc6e962f172082086,6fc9b80d6019994cd32969e71d9662572e1ee12b08774ba49189f92ff9e011db,95.61029,96.81695,544,False,unit fuzzy loss,success_build,True,True,aa62853a494a59a3b49a0803a5ed4d4d5e7bd2ca2a7a19f46a2873cb5965e68e,True,True,True,True,unverifiable: historical snapshots lost
492,neighbor,"0,1,2,3,4,5,6,7,8,9,10,12,13,14,15,16,17,18,19,20,11,21,22",dc5e7f4651ee3722fe20f6fff4f01c31e6ae3bd3a78fa730ba8b522fea419ef2,a9bb2d6818eeeec2ea928ee4114a78e51a1122ce8a3824d2a0350ea28f75634b,95.536766,96.81048,544,False,unit fuzzy loss,success_build,True,True,aa62853a494a59a3b49a0803a5ed4d4d5e7bd2ca2a7a19f46a2873cb5965e68e,True,True,True,True,unverifiable: historical snapshots lost
493,neighbor,"0,1,2,3,4,5,6,7,8,9,10,12,13,14,15,16,17,18,19,20,21,11,22",75a83a140947c7d9a1ed11d6de4a5700fd9ffaa6ca97ae9dafdff090d585df54,935dff1aed72901b0d1297c0d562345059c3303fcf70dbc5bad32d0c5f33f595,95.42647,96.80077,544,False,unit fuzzy loss,success_build,True,True,aa62853a494a59a3b49a0803a5ed4d4d5e7bd2ca2a7a19f46a2873cb5965e68e,True,True,True,True,unverifiable: historical snapshots lost
494,neighbor,"0,1,2,3,4,5,6,7,8,9,10,12,13,14,15,16,17,18,19,20,21,22,11",30f3a68937dceb3419681c618b33923acdd0f05d5990716a3c74b654067f7309,0fafb7bfd9468aa236a2fdd32bd07db9bd30abebc885c9b4b2a07066fb7dca17,95.09559,96.77167,544,False,unit fuzzy loss,success_build,True,True,aa62853a494a59a3b49a0803a5ed4d4d5e7bd2ca2a7a19f46a2873cb5965e68e,True,True,True,True,unverifiable: historical snapshots lost
495,neighbor,"12,0,1,2,3,4,5,6,7,8,9,10,11,13,14,15,16,17,18,19,20,21,22",d2266e0a5e30c500e5d3867ee7bf18dd8ee01ff2c8d5a24af7bd50d301c8c909,551089546d50c4a01773873361f00142ab476e0f42474f2c0502e47dccdaae61,94.367645,96.707634,544,False,unit fuzzy loss,success_build,True,True,aa62853a494a59a3b49a0803a5ed4d4d5e7bd2ca2a7a19f46a2873cb5965e68e,True,True,True,True,unverifiable: historical snapshots lost
496,neighbor,"0,12,1,2,3,4,5,6,7,8,9,10,11,13,14,15,16,17,18,19,20,21,22",b1ee9f1b63ef82d52850bca48c3bbff0dbae57934858a6470a7cc0c9e8f7f769,551089546d50c4a01773873361f00142ab476e0f42474f2c0502e47dccdaae61,94.367645,96.707634,544,False,unit fuzzy loss,success_build,True,True,aa62853a494a59a3b49a0803a5ed4d4d5e7bd2ca2a7a19f46a2873cb5965e68e,True,True,True,True,unverifiable: historical snapshots lost
497,neighbor,"0,1,12,2,3,4,5,6,7,8,9,10,11,13,14,15,16,17,18,19,20,21,22",b5cc4a62888a3703127af2a5604b2e86d755547e1fa2966d96b2281927f93d74,551089546d50c4a01773873361f00142ab476e0f42474f2c0502e47dccdaae61,94.367645,96.707634,544,False,unit fuzzy loss,success_build,True,True,aa62853a494a59a3b49a0803a5ed4d4d5e7bd2ca2a7a19f46a2873cb5965e68e,True,True,True,True,unverifiable: historical snapshots lost
498,neighbor,"0,1,2,12,3,4,5,6,7,8,9,10,11,13,14,15,16,17,18,19,20,21,22",af1813dc21c59beb07876d91af14794bd258e1d72c4afd73294632d18a14f119,551089546d50c4a01773873361f00142ab476e0f42474f2c0502e47dccdaae61,94.367645,96.707634,544,False,unit fuzzy loss,success_build,True,True,aa62853a494a59a3b49a0803a5ed4d4d5e7bd2ca2a7a19f46a2873cb5965e68e,True,True,True,True,unverifiable: historical snapshots lost
499,neighbor,"0,1,2,3,12,4,5,6,7,8,9,10,11,13,14,15,16,17,18,19,20,21,22",d427ec5921592fbcbed9b77d73679d8ced8b10356ee31dcd4dd5a3f2a8f81f79,c46d93b9e28be8708605096df77943d49af08bd6f9e4a71e3ef1a9098d8ec116,94.29412,96.701164,544,False,unit fuzzy loss,success_build,True,True,aa62853a494a59a3b49a0803a5ed4d4d5e7bd2ca2a7a19f46a2873cb5965e68e,True,True,True,True,unverifiable: historical snapshots lost
500,neighbor,"0,1,2,3,4,12,5,6,7,8,9,10,11,13,14,15,16,17,18,19,20,21,22",d74bee5e4ada353dca23f0f934293d4ed94b9c51b077730293034edfaaf80abb,c46d93b9e28be8708605096df77943d49af08bd6f9e4a71e3ef1a9098d8ec116,94.29412,96.701164,544,False,unit fuzzy loss,success_build,True,True,aa62853a494a59a3b49a0803a5ed4d4d5e7bd2ca2a7a19f46a2873cb5965e68e,True,True,True,True,unverifiable: historical snapshots lost
501,neighbor,"0,1,2,3,4,5,12,6,7,8,9,10,11,13,14,15,16,17,18,19,20,21,22",05c3b82bc7cf23bdbffe2f66dc0b741a456ca48b2e517e852ce97df88fb43f92,d0d2fc73695eee4885f52800ae9b67ae7dd113801bc94fcb8d9265f4db22fc63,94.47794,96.71734,544,False,unit fuzzy loss,success_build,True,True,aa62853a494a59a3b49a0803a5ed4d4d5e7bd2ca2a7a19f46a2873cb5965e68e,True,True,True,True,unverifiable: historical snapshots lost
502,neighbor,"0,1,2,3,4,5,6,12,7,8,9,10,11,13,14,15,16,17,18,19,20,21,22",95d30895d90457434497b43bd258c6b3e5d4f3f6141d10f695961b4a9d9b4d23,b1e7f0d97ea2955ae7054081f52288d2064ee4c5cfe334e966a489f5e634d0f8,94.661766,96.733505,544,False,unit fuzzy loss,success_build,True,True,aa62853a494a59a3b49a0803a5ed4d4d5e7bd2ca2a7a19f46a2873cb5965e68e,True,True,True,True,unverifiable: historical snapshots lost
503,neighbor,"0,1,2,3,4,5,6,7,12,8,9,10,11,13,14,15,16,17,18,19,20,21,22",b47c87c8e629ec32aef48724b745785e49677569996013f6fdd61f73bd8bd567,c2d08bed882995df84f271a74343c7f9429b35a9b76b75642dbf116bc22cda09,96.13971,96.86352,544,False,unit fuzzy loss,success_build,True,True,aa62853a494a59a3b49a0803a5ed4d4d5e7bd2ca2a7a19f46a2873cb5965e68e,True,True,True,True,unverifiable: historical snapshots lost
504,neighbor,"0,1,2,3,4,5,6,7,8,12,9,10,11,13,14,15,16,17,18,19,20,21,22",1b948f37661cfd9f6a183a0adb918fcdcc966ec802baf38736ad586c2c74415c,36a24b42d86b861f8230cdbfbb4de2cc66d2ed1d1dad17fec7ddec9b7372f054,96.213234,96.86999,544,False,unit fuzzy loss,success_build,True,True,aa62853a494a59a3b49a0803a5ed4d4d5e7bd2ca2a7a19f46a2873cb5965e68e,True,True,True,True,unverifiable: historical snapshots lost
505,neighbor,"0,1,2,3,4,5,6,7,8,9,12,10,11,13,14,15,16,17,18,19,20,21,22",42481385d279f91a0a5965a9269517e7a4fda440f71fb6f9ff63d5ef2e33aa9d,36a24b42d86b861f8230cdbfbb4de2cc66d2ed1d1dad17fec7ddec9b7372f054,96.213234,96.86999,544,False,unit fuzzy loss,success_build,True,True,aa62853a494a59a3b49a0803a5ed4d4d5e7bd2ca2a7a19f46a2873cb5965e68e,True,True,True,True,unverifiable: historical snapshots lost
506,neighbor,"0,1,2,3,4,5,6,7,8,9,10,11,13,14,12,15,16,17,18,19,20,21,22",eb8b0b6d3c73b56e2088efdb102cc361c0bcb2109f29a3894ed1eeddc7ac1dfc,af9e36418022493bde287864b60c25222dd267275eb57cde740460800dc5f90a,96.25,96.87322,544,False,unit fuzzy loss,success_build,True,True,aa62853a494a59a3b49a0803a5ed4d4d5e7bd2ca2a7a19f46a2873cb5965e68e,True,True,True,True,unverifiable: historical snapshots lost
507,neighbor,"0,1,2,3,4,5,6,7,8,9,10,11,13,14,15,12,16,17,18,19,20,21,22",40804046ea5a419f1e630d5e3a8e554d4361100165be962f96f1fab69ca339cd,2a61f395a071fb189b2bbdbc46998ffb6418419a64b5ef3aa55ffef4e1418ad7,96.02941,96.85381,544,False,unit fuzzy loss,success_build,True,True,aa62853a494a59a3b49a0803a5ed4d4d5e7bd2ca2a7a19f46a2873cb5965e68e,True,True,True,True,unverifiable: historical snapshots lost
508,neighbor,"0,1,2,3,4,5,6,7,8,9,10,11,13,14,15,16,12,17,18,19,20,21,22",d5dc8fcb9139685cfaf162b686db3f477c3bb1e6267db0043d32955dcde86574,2a61f395a071fb189b2bbdbc46998ffb6418419a64b5ef3aa55ffef4e1418ad7,96.02941,96.85381,544,False,unit fuzzy loss,success_build,True,True,aa62853a494a59a3b49a0803a5ed4d4d5e7bd2ca2a7a19f46a2873cb5965e68e,True,True,True,True,unverifiable: historical snapshots lost
509,neighbor,"0,1,2,3,4,5,6,7,8,9,10,11,13,14,15,16,17,12,18,19,20,21,22",f031236efc825ea96d10b2bd915f63c1a2c0bfd8f196d55a25751f0c608053ca,23cd3e4e508f6d1967c03b798e8bb9f018de6d68a9c38f60ce63f6e63199e366,95.91912,96.84412,544,False,unit fuzzy loss,success_build,True,True,aa62853a494a59a3b49a0803a5ed4d4d5e7bd2ca2a7a19f46a2873cb5965e68e,True,True,True,True,unverifiable: historical snapshots lost
510,neighbor,"0,1,2,3,4,5,6,7,8,9,10,11,13,14,15,16,17,18,12,19,20,21,22",5da18dcc9ad4b4dc32749a16adc003279b128323e50700552a9a3383cb76e100,636b6a4ae7d2c1bea42b065c69436e84a0bd0594a8baf011d53090a8c2aae4b0,95.84559,96.83765,544,False,unit fuzzy loss,success_build,True,True,aa62853a494a59a3b49a0803a5ed4d4d5e7bd2ca2a7a19f46a2873cb5965e68e,True,True,True,True,unverifiable: historical snapshots lost
511,neighbor,"0,1,2,3,4,5,6,7,8,9,10,11,13,14,15,16,17,18,19,12,20,21,22",5b4ff2b7c528968d820a974440c54270ce8084a17efb7c6a615d8746c4e60d87,054de48634756fbaa78bcfef850aac69caaea4ee5cd0f3a02cb3dc4fb1de6656,95.84559,96.83765,544,False,unit fuzzy loss,success_build,True,True,aa62853a494a59a3b49a0803a5ed4d4d5e7bd2ca2a7a19f46a2873cb5965e68e,True,True,True,True,unverifiable: historical snapshots lost
512,neighbor,"0,1,2,3,4,5,6,7,8,9,10,11,13,14,15,16,17,18,19,20,12,21,22",73e82f7f7886d1a84806fca812efb8d52117538bd39e838f12b59c3a81006021,9a7155b0a8bea2cadea6f19796fd4c3bb6aa66b340c1ea2bd6c1b8126e8500f4,95.77206,96.83118,544,False,unit fuzzy loss,success_build,True,True,aa62853a494a59a3b49a0803a5ed4d4d5e7bd2ca2a7a19f46a2873cb5965e68e,True,True,True,True,unverifiable: historical snapshots lost
513,neighbor,"0,1,2,3,4,5,6,7,8,9,10,11,13,14,15,16,17,18,19,20,21,12,22",09894087f1a94d0f341e8582c3123c5d2e051950fd0a9efc280732094c64b9e2,352ffa0cfd298589f83536b1211d114c3bb38b7f8223091970853cb014b16f5c,95.661766,96.82147,544,False,unit fuzzy loss,success_build,True,True,aa62853a494a59a3b49a0803a5ed4d4d5e7bd2ca2a7a19f46a2873cb5965e68e,True,True,True,True,unverifiable: historical snapshots lost
514,neighbor,"0,1,2,3,4,5,6,7,8,9,10,11,13,14,15,16,17,18,19,20,21,22,12",d6556551e7a32e4cb4aed4dad2455ec5a44c83f2cbd778ab2253685c7df61f0a,0d3b879e658c3a339fee22a5d15a4afb7447271c034e26f594852183d4897526,95.33088,96.792366,544,False,unit fuzzy loss,success_build,True,True,aa62853a494a59a3b49a0803a5ed4d4d5e7bd2ca2a7a19f46a2873cb5965e68e,True,True,True,True,unverifiable: historical snapshots lost
515,neighbor,"13,0,1,2,3,4,5,6,7,8,9,10,11,12,14,15,16,17,18,19,20,21,22",91c19d73d26c73afa77fbff6d1aa6c4c5242dc7ae437595356b738161cdb134d,2927447f68dff8f0051b705cec62ac391fba691a2cc13b5fd4b254594c6d4795,94.19118,96.69211,544,False,unit fuzzy loss,success_build,True,True,aa62853a494a59a3b49a0803a5ed4d4d5e7bd2ca2a7a19f46a2873cb5965e68e,True,True,True,True,unverifiable: historical snapshots lost
516,neighbor,"0,13,1,2,3,4,5,6,7,8,9,10,11,12,14,15,16,17,18,19,20,21,22",62b9c78d4e5c1a24f8108f2870cf3e686478c54b1beebd59c5a23aa5c341ae15,100e715dc7ff900199a12c1e17c763ba2340fcf0dbcc6b91cae85d1fa4683b8d,94.19118,96.69211,544,False,unit fuzzy loss,success_build,True,True,aa62853a494a59a3b49a0803a5ed4d4d5e7bd2ca2a7a19f46a2873cb5965e68e,True,True,True,True,unverifiable: historical snapshots lost
517,neighbor,"0,1,13,2,3,4,5,6,7,8,9,10,11,12,14,15,16,17,18,19,20,21,22",47fe0a51dd00516ae3dd90ff4b779033fce7cca1d4a1f110813e23951c744d82,100e715dc7ff900199a12c1e17c763ba2340fcf0dbcc6b91cae85d1fa4683b8d,94.19118,96.69211,544,False,unit fuzzy loss,success_build,True,True,aa62853a494a59a3b49a0803a5ed4d4d5e7bd2ca2a7a19f46a2873cb5965e68e,True,True,True,True,unverifiable: historical snapshots lost
518,neighbor,"0,1,2,13,3,4,5,6,7,8,9,10,11,12,14,15,16,17,18,19,20,21,22",0dc901c3395a78bfafac241900bc34567c1ee48cec501cdcca0dc2ce5c6d9fac,100e715dc7ff900199a12c1e17c763ba2340fcf0dbcc6b91cae85d1fa4683b8d,94.19118,96.69211,544,False,unit fuzzy loss,success_build,True,True,aa62853a494a59a3b49a0803a5ed4d4d5e7bd2ca2a7a19f46a2873cb5965e68e,True,True,True,True,unverifiable: historical snapshots lost
519,neighbor,"0,1,2,3,13,4,5,6,7,8,9,10,11,12,14,15,16,17,18,19,20,21,22",e40d56587baf861ddbb589c12a70fd35da3aae1c1cb3b13951a15c36a8c4ac27,1fdc1edff816241053991bcaf3571ae9ff549cacf6547b706a2b95778672b996,94.117645,96.68564,544,False,unit fuzzy loss,success_build,True,True,aa62853a494a59a3b49a0803a5ed4d4d5e7bd2ca2a7a19f46a2873cb5965e68e,True,True,True,True,unverifiable: historical snapshots lost
520,neighbor,"0,1,2,3,4,13,5,6,7,8,9,10,11,12,14,15,16,17,18,19,20,21,22",aa82f625d4540eb3959f3b0b8cea7a731e0b614c6b7901d4213e440ed425b65a,1fdc1edff816241053991bcaf3571ae9ff549cacf6547b706a2b95778672b996,94.117645,96.68564,544,False,unit fuzzy loss,success_build,True,True,aa62853a494a59a3b49a0803a5ed4d4d5e7bd2ca2a7a19f46a2873cb5965e68e,True,True,True,True,unverifiable: historical snapshots lost
521,neighbor,"0,1,2,3,4,5,13,6,7,8,9,10,11,12,14,15,16,17,18,19,20,21,22",d5d129cf4e9b84a3163b6ae5713f40741e5a76379aeb9a3f465b11362589704c,9eab8a62d7c3d0c30e2ce4bb1b59fec83047426757955f108eaf9494c4e540db,94.30147,96.70181,544,False,unit fuzzy loss,success_build,True,True,aa62853a494a59a3b49a0803a5ed4d4d5e7bd2ca2a7a19f46a2873cb5965e68e,True,True,True,True,unverifiable: historical snapshots lost
522,neighbor,"0,1,2,3,4,5,6,13,7,8,9,10,11,12,14,15,16,17,18,19,20,21,22",e51d9753538bafa5686d23452bc10b3ea32e15694287c6996db850b08be29fbe,d7a44894e6b370a8b1d9645fd1da117fefa35a308cdadd62c96dc440fa15ab29,94.48529,96.71798,544,False,unit fuzzy loss,success_build,True,True,aa62853a494a59a3b49a0803a5ed4d4d5e7bd2ca2a7a19f46a2873cb5965e68e,True,True,True,True,unverifiable: historical snapshots lost
523,neighbor,"0,1,2,3,4,5,6,7,13,8,9,10,11,12,14,15,16,17,18,19,20,21,22",db32efa031d060ab4f2209e78b0a421f6b4da8e9dd12b8470da47e18cc1bee39,984f0f047a378c1780f3e0f4fc1b5a67dbdf82390eb104a6064c8ea196899c3e,95.91912,96.84412,544,False,unit fuzzy loss,success_build,True,True,aa62853a494a59a3b49a0803a5ed4d4d5e7bd2ca2a7a19f46a2873cb5965e68e,True,True,True,True,unverifiable: historical snapshots lost
524,neighbor,"0,1,2,3,4,5,6,7,8,13,9,10,11,12,14,15,16,17,18,19,20,21,22",9c0bc48f0f3aac3d35cc7f50235d1eea6e59bab3abe2522b3c67d6f0de484b4e,b5bd52e461a08cc318622d6d8f0ec4c8cb93bd060e860c3503e6d6e089aa3414,95.992645,96.850586,544,False,unit fuzzy loss,success_build,True,True,aa62853a494a59a3b49a0803a5ed4d4d5e7bd2ca2a7a19f46a2873cb5965e68e,True,True,True,True,unverifiable: historical snapshots lost
525,neighbor,"0,1,2,3,4,5,6,7,8,9,13,10,11,12,14,15,16,17,18,19,20,21,22",db8f4ae248802eb9c4da90480f9eeedf487002536dc73660cf37f97e1b83042b,b5bd52e461a08cc318622d6d8f0ec4c8cb93bd060e860c3503e6d6e089aa3414,95.992645,96.850586,544,False,unit fuzzy loss,success_build,True,True,aa62853a494a59a3b49a0803a5ed4d4d5e7bd2ca2a7a19f46a2873cb5965e68e,True,True,True,True,unverifiable: historical snapshots lost
526,neighbor,"0,1,2,3,4,5,6,7,8,9,10,13,11,12,14,15,16,17,18,19,20,21,22",52e24467584f88618f893f47fb2b11734fde3b93e0efd859338210e9c39a99d8,b5bd52e461a08cc318622d6d8f0ec4c8cb93bd060e860c3503e6d6e089aa3414,95.992645,96.850586,544,False,unit fuzzy loss,success_build,True,True,aa62853a494a59a3b49a0803a5ed4d4d5e7bd2ca2a7a19f46a2873cb5965e68e,True,True,True,True,unverifiable: historical snapshots lost
527,neighbor,"0,1,2,3,4,5,6,7,8,9,10,11,12,14,15,13,16,17,18,19,20,21,22",d8c0040cac36be26e4405d81d8a7ed068cdbb83b431fca556d44ee20af9bbad4,a9d8eb09cd0492e190b8f391d768a632c84e862fd8066c73d17d4e80388f5836,96.25,96.87322,544,False,unit fuzzy loss,success_build,True,True,aa62853a494a59a3b49a0803a5ed4d4d5e7bd2ca2a7a19f46a2873cb5965e68e,True,True,True,True,unverifiable: historical snapshots lost
528,neighbor,"0,1,2,3,4,5,6,7,8,9,10,11,12,14,15,16,13,17,18,19,20,21,22",0de5f6f0e90a74671474b33e555b64606a82c7f9db708ce8bc1c869fee9f74c4,a9d8eb09cd0492e190b8f391d768a632c84e862fd8066c73d17d4e80388f5836,96.25,96.87322,544,False,unit fuzzy loss,success_build,True,True,aa62853a494a59a3b49a0803a5ed4d4d5e7bd2ca2a7a19f46a2873cb5965e68e,True,True,True,True,unverifiable: historical snapshots lost
529,neighbor,"0,1,2,3,4,5,6,7,8,9,10,11,12,14,15,16,17,13,18,19,20,21,22",6db24b446bdd219a66d69191abf2d44cf645692b3c896eca1971486e48fe841d,120efe518085215291a5c12c00e57bf0008547a2e3406c449f41b65b3069cff8,96.13971,96.86352,544,False,unit fuzzy loss,success_build,True,True,aa62853a494a59a3b49a0803a5ed4d4d5e7bd2ca2a7a19f46a2873cb5965e68e,True,True,True,True,unverifiable: historical snapshots lost
530,neighbor,"0,1,2,3,4,5,6,7,8,9,10,11,12,14,15,16,17,18,13,19,20,21,22",9cbd9072ff1e09e5e8a33f593c12ac41f305a35fd463b0c0ad26b3acde59c3b4,04912fda3050336670b5185cf6cd2952198f3475c9032bb2b70fecb9a9a172c1,96.06618,96.85705,544,False,unit fuzzy loss,success_build,True,True,aa62853a494a59a3b49a0803a5ed4d4d5e7bd2ca2a7a19f46a2873cb5965e68e,True,True,True,True,unverifiable: historical snapshots lost
531,neighbor,"0,1,2,3,4,5,6,7,8,9,10,11,12,14,15,16,17,18,19,13,20,21,22",a80619d627c1e9dd9fc96511e3782eb69ab3a86ef2b37d6c3cb0aa18b99153a9,550bb223059439ca0b9a120e70a6898cbd2c7d220069bbd5fbe3794c4d800ea3,96.06618,96.85705,544,False,unit fuzzy loss,success_build,True,True,aa62853a494a59a3b49a0803a5ed4d4d5e7bd2ca2a7a19f46a2873cb5965e68e,True,True,True,True,unverifiable: historical snapshots lost
532,neighbor,"0,1,2,3,4,5,6,7,8,9,10,11,12,14,15,16,17,18,19,20,13,21,22",70a11602f2ce3ed501f91b4a085d5bf05573d8a07e89890646d12461444635e5,847e34fbc704cdd66e3b11414bbc9ce971b506ff90dddcb12d4573a59dd4a5b0,95.992645,96.850586,544,False,unit fuzzy loss,success_build,True,True,aa62853a494a59a3b49a0803a5ed4d4d5e7bd2ca2a7a19f46a2873cb5965e68e,True,True,True,True,unverifiable: historical snapshots lost
533,neighbor,"0,1,2,3,4,5,6,7,8,9,10,11,12,14,15,16,17,18,19,20,21,13,22",95d6a78223ebc64e2f81696f6c40c540ff5d7da08d33d81a78602da6e3cb0b91,9e0f1f69d77215620947ee31e432945073c464164601b074291c6b0f639d1a61,95.882355,96.84088,544,False,unit fuzzy loss,success_build,True,True,aa62853a494a59a3b49a0803a5ed4d4d5e7bd2ca2a7a19f46a2873cb5965e68e,True,True,True,True,unverifiable: historical snapshots lost
534,neighbor,"0,1,2,3,4,5,6,7,8,9,10,11,12,14,15,16,17,18,19,20,21,22,13",f03bf6abcf6f521027cecaee4a9c4277113a26d29c80e701917753f2bc9b0216,ff6b2d226ae77f528158a7f8c36c84df955bc867919b03f8ec77a47481c5c0ff,95.55147,96.811775,544,False,unit fuzzy loss,success_build,True,True,aa62853a494a59a3b49a0803a5ed4d4d5e7bd2ca2a7a19f46a2873cb5965e68e,True,True,True,True,unverifiable: historical snapshots lost
535,neighbor,"14,0,1,2,3,4,5,6,7,8,9,10,11,12,13,15,16,17,18,19,20,21,22",e9797431e2b7e973abe502f470b5dce8e2c9c95077c731b6926864415c613294,ec16b52bfcd4b132b90d9d879ebc73ee652d4337202f371609c9a18c12120c89,96.69118,96.91203,544,True,,success_build,True,True,aa62853a494a59a3b49a0803a5ed4d4d5e7bd2ca2a7a19f46a2873cb5965e68e,True,True,True,True,unverifiable: historical snapshots lost
536,neighbor,"0,14,1,2,3,4,5,6,7,8,9,10,11,12,13,15,16,17,18,19,20,21,22",eae1654d6857d3f6765ff730ab45dac84e19bfd75cbb7615cc46956970cbf8f2,ec16b52bfcd4b132b90d9d879ebc73ee652d4337202f371609c9a18c12120c89,96.69118,96.91203,544,True,,success_build,True,True,aa62853a494a59a3b49a0803a5ed4d4d5e7bd2ca2a7a19f46a2873cb5965e68e,True,True,True,True,unverifiable: historical snapshots lost
537,neighbor,"0,1,14,2,3,4,5,6,7,8,9,10,11,12,13,15,16,17,18,19,20,21,22",1dd785401a580d3944ae4838d56f8396159a5ae5073ca0f4368583f0637b2807,ec16b52bfcd4b132b90d9d879ebc73ee652d4337202f371609c9a18c12120c89,96.69118,96.91203,544,True,,success_build,True,True,aa62853a494a59a3b49a0803a5ed4d4d5e7bd2ca2a7a19f46a2873cb5965e68e,True,True,True,True,unverifiable: historical snapshots lost
538,neighbor,"0,1,2,14,3,4,5,6,7,8,9,10,11,12,13,15,16,17,18,19,20,21,22",eb353c000083190ffab6973a0346e8efe72e5b136a62f95fba994d00b91edf04,ec16b52bfcd4b132b90d9d879ebc73ee652d4337202f371609c9a18c12120c89,96.69118,96.91203,544,True,,success_build,True,True,aa62853a494a59a3b49a0803a5ed4d4d5e7bd2ca2a7a19f46a2873cb5965e68e,True,True,True,True,unverifiable: historical snapshots lost
539,neighbor,"0,1,2,3,14,4,5,6,7,8,9,10,11,12,13,15,16,17,18,19,20,21,22",dcd9c2fd56c12208815dc33ffde302ee72a20c717e68fe4a06cb97bf077ead19,ec16b52bfcd4b132b90d9d879ebc73ee652d4337202f371609c9a18c12120c89,96.69118,96.91203,544,True,,success_build,True,True,aa62853a494a59a3b49a0803a5ed4d4d5e7bd2ca2a7a19f46a2873cb5965e68e,True,True,True,True,unverifiable: historical snapshots lost
540,neighbor,"0,1,2,3,4,14,5,6,7,8,9,10,11,12,13,15,16,17,18,19,20,21,22",b6f5bd424a119549aaa8e2270326898965f6f18c79745e8f874be34af2666fb1,ec16b52bfcd4b132b90d9d879ebc73ee652d4337202f371609c9a18c12120c89,96.69118,96.91203,544,True,,success_build,True,True,aa62853a494a59a3b49a0803a5ed4d4d5e7bd2ca2a7a19f46a2873cb5965e68e,True,True,True,True,unverifiable: historical snapshots lost
541,neighbor,"0,1,2,3,4,5,14,6,7,8,9,10,11,12,13,15,16,17,18,19,20,21,22",311e1cdd6f672411ab31d758dc1813f76b26ef54657435b8d457269a9c5eea02,ec16b52bfcd4b132b90d9d879ebc73ee652d4337202f371609c9a18c12120c89,96.69118,96.91203,544,True,,success_build,True,True,aa62853a494a59a3b49a0803a5ed4d4d5e7bd2ca2a7a19f46a2873cb5965e68e,True,True,True,True,unverifiable: historical snapshots lost
542,neighbor,"0,1,2,3,4,5,6,14,7,8,9,10,11,12,13,15,16,17,18,19,20,21,22",24c0ada33a5d1061d9df9aa8abac73885c70f36d0da3db9423ab273084124304,ec16b52bfcd4b132b90d9d879ebc73ee652d4337202f371609c9a18c12120c89,96.69118,96.91203,544,True,,success_build,True,True,aa62853a494a59a3b49a0803a5ed4d4d5e7bd2ca2a7a19f46a2873cb5965e68e,True,True,True,True,unverifiable: historical snapshots lost
543,neighbor,"0,1,2,3,4,5,6,7,14,8,9,10,11,12,13,15,16,17,18,19,20,21,22",cd7af37247b5fb6d4c84fab776429c66e983b1942d0ae1d5f7d094db758acc75,ec16b52bfcd4b132b90d9d879ebc73ee652d4337202f371609c9a18c12120c89,96.69118,96.91203,544,True,,success_build,True,True,aa62853a494a59a3b49a0803a5ed4d4d5e7bd2ca2a7a19f46a2873cb5965e68e,True,True,True,True,unverifiable: historical snapshots lost
544,neighbor,"0,1,2,3,4,5,6,7,8,14,9,10,11,12,13,15,16,17,18,19,20,21,22",81049ab1a36720129c20cdbf9944d60a0f773217bcc4ae61ef26ec38d4300b38,ec16b52bfcd4b132b90d9d879ebc73ee652d4337202f371609c9a18c12120c89,96.69118,96.91203,544,True,,success_build,True,True,aa62853a494a59a3b49a0803a5ed4d4d5e7bd2ca2a7a19f46a2873cb5965e68e,True,True,True,True,unverifiable: historical snapshots lost
545,neighbor,"0,1,2,3,4,5,6,7,8,9,14,10,11,12,13,15,16,17,18,19,20,21,22",d8e0d58f6e2c5d3ef1f602b84abdf64099197e1e1d8941b5e1b63195151b7b53,ec16b52bfcd4b132b90d9d879ebc73ee652d4337202f371609c9a18c12120c89,96.69118,96.91203,544,True,,success_build,True,True,aa62853a494a59a3b49a0803a5ed4d4d5e7bd2ca2a7a19f46a2873cb5965e68e,True,True,True,True,unverifiable: historical snapshots lost
546,neighbor,"0,1,2,3,4,5,6,7,8,9,10,14,11,12,13,15,16,17,18,19,20,21,22",8840e0bd1e21693fda2bbd7458a89cd68944730e443f806225422afc47425229,ec16b52bfcd4b132b90d9d879ebc73ee652d4337202f371609c9a18c12120c89,96.69118,96.91203,544,True,,success_build,True,True,aa62853a494a59a3b49a0803a5ed4d4d5e7bd2ca2a7a19f46a2873cb5965e68e,True,True,True,True,unverifiable: historical snapshots lost
547,neighbor,"0,1,2,3,4,5,6,7,8,9,10,11,14,12,13,15,16,17,18,19,20,21,22",ee402151c2751d396c3d10adde16cda0c7f3fa21cd3ef9c86413b5db5b4e062c,ec16b52bfcd4b132b90d9d879ebc73ee652d4337202f371609c9a18c12120c89,96.69118,96.91203,544,True,,success_build,True,True,aa62853a494a59a3b49a0803a5ed4d4d5e7bd2ca2a7a19f46a2873cb5965e68e,True,True,True,True,unverifiable: historical snapshots lost
548,neighbor,"0,1,2,3,4,5,6,7,8,9,10,11,12,13,15,16,14,17,18,19,20,21,22",241bb00bb4fe7b28bc5feae55bb7acec33671970a8533f1cb85ef354b6ee7fb7,ec16b52bfcd4b132b90d9d879ebc73ee652d4337202f371609c9a18c12120c89,96.69118,96.91203,544,True,,success_build,True,True,aa62853a494a59a3b49a0803a5ed4d4d5e7bd2ca2a7a19f46a2873cb5965e68e,True,True,True,True,unverifiable: historical snapshots lost
549,neighbor,"0,1,2,3,4,5,6,7,8,9,10,11,12,13,15,16,17,14,18,19,20,21,22",00c3f8df293d2b57a89eb75c868d8108e335230e666dce7299bb569cb15a49f4,ec16b52bfcd4b132b90d9d879ebc73ee652d4337202f371609c9a18c12120c89,96.69118,96.91203,544,True,,success_build,True,True,aa62853a494a59a3b49a0803a5ed4d4d5e7bd2ca2a7a19f46a2873cb5965e68e,True,True,True,True,unverifiable: historical snapshots lost
550,neighbor,"0,1,2,3,4,5,6,7,8,9,10,11,12,13,15,16,17,18,14,19,20,21,22",5ca25ed8524f90d9f48b721f90f43452a5df3a33cef0ff1bc193cab007f750e2,ec16b52bfcd4b132b90d9d879ebc73ee652d4337202f371609c9a18c12120c89,96.69118,96.91203,544,True,,success_build,True,True,aa62853a494a59a3b49a0803a5ed4d4d5e7bd2ca2a7a19f46a2873cb5965e68e,True,True,True,True,unverifiable: historical snapshots lost
551,neighbor,"0,1,2,3,4,5,6,7,8,9,10,11,12,13,15,16,17,18,19,14,20,21,22",078b7571304fca9ff38d69b7ffdbe8e40ef4e01fc734b85bfc7d6ca61eed5963,ec16b52bfcd4b132b90d9d879ebc73ee652d4337202f371609c9a18c12120c89,96.69118,96.91203,544,True,,success_build,True,True,aa62853a494a59a3b49a0803a5ed4d4d5e7bd2ca2a7a19f46a2873cb5965e68e,True,True,True,True,unverifiable: historical snapshots lost
552,neighbor,"0,1,2,3,4,5,6,7,8,9,10,11,12,13,15,16,17,18,19,20,14,21,22",cbc7b0095bf1ac6cde443d3bf78756f0d18b8e29bf4f0542e54c36176eeed40a,ec16b52bfcd4b132b90d9d879ebc73ee652d4337202f371609c9a18c12120c89,96.69118,96.91203,544,True,,success_build,True,True,aa62853a494a59a3b49a0803a5ed4d4d5e7bd2ca2a7a19f46a2873cb5965e68e,True,True,True,True,unverifiable: historical snapshots lost
553,neighbor,"0,1,2,3,4,5,6,7,8,9,10,11,12,13,15,16,17,18,19,20,21,14,22",3bb96b946f050e1fea8a30863d8fae3624948baf7c99b5aa9cbb44c8f65322a6,ec16b52bfcd4b132b90d9d879ebc73ee652d4337202f371609c9a18c12120c89,96.69118,96.91203,544,True,,success_build,True,True,aa62853a494a59a3b49a0803a5ed4d4d5e7bd2ca2a7a19f46a2873cb5965e68e,True,True,True,True,unverifiable: historical snapshots lost
554,neighbor,"0,1,2,3,4,5,6,7,8,9,10,11,12,13,15,16,17,18,19,20,21,22,14",df11eb404225cd668b9d77d56b88d518c6c31223446c6898b60d7c708bc80e13,ec16b52bfcd4b132b90d9d879ebc73ee652d4337202f371609c9a18c12120c89,96.69118,96.91203,544,True,,success_build,True,True,aa62853a494a59a3b49a0803a5ed4d4d5e7bd2ca2a7a19f46a2873cb5965e68e,True,True,True,True,unverifiable: historical snapshots lost
555,neighbor,"15,0,1,2,3,4,5,6,7,8,9,10,11,12,13,14,16,17,18,19,20,21,22",25bf27966e389bce4ffb94f13b888e0dd3b865fe2ef8c51115d4d345c6a8c495,83b3666c8a19198bb196e96387a6fd3985025064af9eb37ecad4ca86ede7feef,95.44118,96.80207,544,False,unit fuzzy loss,success_build,True,True,aa62853a494a59a3b49a0803a5ed4d4d5e7bd2ca2a7a19f46a2873cb5965e68e,True,True,True,True,unverifiable: historical snapshots lost
556,neighbor,"0,15,1,2,3,4,5,6,7,8,9,10,11,12,13,14,16,17,18,19,20,21,22",4c32648d11d940f3d03e49360760e9cf50ea4de586e15a9cf95d9997e6f63a42,385f7eb5a1de28c5118d8deb34fddf1759f795b1292bfed4540b4025a1e13249,95.625,96.81824,544,False,unit fuzzy loss,success_build,True,True,aa62853a494a59a3b49a0803a5ed4d4d5e7bd2ca2a7a19f46a2873cb5965e68e,True,True,True,True,unverifiable: historical snapshots lost
557,neighbor,"0,1,15,2,3,4,5,6,7,8,9,10,11,12,13,14,16,17,18,19,20,21,22",11df11e0c774383c8870741066f704ef9d9851ae1cfab652d81e2bb1d66cec0a,385f7eb5a1de28c5118d8deb34fddf1759f795b1292bfed4540b4025a1e13249,95.625,96.81824,544,False,unit fuzzy loss,success_build,True,True,aa62853a494a59a3b49a0803a5ed4d4d5e7bd2ca2a7a19f46a2873cb5965e68e,True,True,True,True,unverifiable: historical snapshots lost
558,neighbor,"0,1,2,15,3,4,5,6,7,8,9,10,11,12,13,14,16,17,18,19,20,21,22",2366d3926621e97188be3bc1edb89751ba6a2e2546587e6d9b2e403e9fa76e48,385f7eb5a1de28c5118d8deb34fddf1759f795b1292bfed4540b4025a1e13249,95.625,96.81824,544,False,unit fuzzy loss,success_build,True,True,aa62853a494a59a3b49a0803a5ed4d4d5e7bd2ca2a7a19f46a2873cb5965e68e,True,True,True,True,unverifiable: historical snapshots lost
559,neighbor,"0,1,2,3,15,4,5,6,7,8,9,10,11,12,13,14,16,17,18,19,20,21,22",e1c9a31854d637fbed8c1eea3f5b158064a79a8ab6cf7ca6645ccd4cc4b683e0,a85fc7a97d73f0fa65de7d2e58728629f07b86d6b198be67f8b0d64b418f45fe,95.40441,96.798836,544,False,unit fuzzy loss,success_build,True,True,aa62853a494a59a3b49a0803a5ed4d4d5e7bd2ca2a7a19f46a2873cb5965e68e,True,True,True,True,unverifiable: historical snapshots lost
560,neighbor,"0,1,2,3,4,15,5,6,7,8,9,10,11,12,13,14,16,17,18,19,20,21,22",5cda824df89fea8b8ab8bdf13d3a8dea820f3f4bb2678d58670ae8b28120460f,a85fc7a97d73f0fa65de7d2e58728629f07b86d6b198be67f8b0d64b418f45fe,95.40441,96.798836,544,False,unit fuzzy loss,success_build,True,True,aa62853a494a59a3b49a0803a5ed4d4d5e7bd2ca2a7a19f46a2873cb5965e68e,True,True,True,True,unverifiable: historical snapshots lost
561,neighbor,"0,1,2,3,4,5,15,6,7,8,9,10,11,12,13,14,16,17,18,19,20,21,22",80980cd9bfd28cb9ed1f9305fe9a599c555e08b58f3d58660255e5ed0cbe6f80,7339ce3d1613a67934ba31f74380bb69069ffbb0f4a82cf5e827200d8e7a379e,95.51471,96.80854,544,False,unit fuzzy loss,success_build,True,True,aa62853a494a59a3b49a0803a5ed4d4d5e7bd2ca2a7a19f46a2873cb5965e68e,True,True,True,True,unverifiable: historical snapshots lost
562,neighbor,"0,1,2,3,4,5,6,15,7,8,9,10,11,12,13,14,16,17,18,19,20,21,22",7ae7865a7a54d4426b3f087b08ddee1811977a9e39b3eb0065a9dc9b38679dd9,1d6edd57bbf60b79db36ada5c40b0c958c1e66b90218bea6cb30119ec844d92b,95.44118,96.80207,544,False,unit fuzzy loss,success_build,True,True,aa62853a494a59a3b49a0803a5ed4d4d5e7bd2ca2a7a19f46a2873cb5965e68e,True,True,True,True,unverifiable: historical snapshots lost
563,neighbor,"0,1,2,3,4,5,6,7,15,8,9,10,11,12,13,14,16,17,18,19,20,21,22",908c86954a6691ace6588103e12eb11752f5cb6444d2efa05ca1976b8b5743f2,e50c89af9561dbb605ea968d1cea1bc17fbb8fca2239c5d002cdefc1c17ffe79,95.588234,96.81501,544,False,unit fuzzy loss,success_build,True,True,aa62853a494a59a3b49a0803a5ed4d4d5e7bd2ca2a7a19f46a2873cb5965e68e,True,True,True,True,unverifiable: historical snapshots lost
564,neighbor,"0,1,2,3,4,5,6,7,8,15,9,10,11,12,13,14,16,17,18,19,20,21,22",9cf647bca7a27defc989c5f1deeb9c0ffe7cf5db013a7fc12c4fd15e37e34d75,1a63971c3578de818141a68244257597497e0fef85a02a99aaaee6038e058a80,95.661766,96.82147,544,False,unit fuzzy loss,success_build,True,True,aa62853a494a59a3b49a0803a5ed4d4d5e7bd2ca2a7a19f46a2873cb5965e68e,True,True,True,True,unverifiable: historical snapshots lost
565,neighbor,"0,1,2,3,4,5,6,7,8,9,15,10,11,12,13,14,16,17,18,19,20,21,22",265b9eca7ee72c11502615fcb39e90a715511d70e3e4df0ab22b8df9c978a617,1a63971c3578de818141a68244257597497e0fef85a02a99aaaee6038e058a80,95.661766,96.82147,544,False,unit fuzzy loss,success_build,True,True,aa62853a494a59a3b49a0803a5ed4d4d5e7bd2ca2a7a19f46a2873cb5965e68e,True,True,True,True,unverifiable: historical snapshots lost
566,neighbor,"0,1,2,3,4,5,6,7,8,9,10,15,11,12,13,14,16,17,18,19,20,21,22",df49480d4a40f33760a8e19e21d7a1c644a6dce8d159a034b1433b7bd249d7fd,1a63971c3578de818141a68244257597497e0fef85a02a99aaaee6038e058a80,95.661766,96.82147,544,False,unit fuzzy loss,success_build,True,True,aa62853a494a59a3b49a0803a5ed4d4d5e7bd2ca2a7a19f46a2873cb5965e68e,True,True,True,True,unverifiable: historical snapshots lost
567,neighbor,"0,1,2,3,4,5,6,7,8,9,10,11,15,12,13,14,16,17,18,19,20,21,22",fc2813cab16e51ff88e610c0d2db3ad7ae196ed9eade6aca5f2627cc5eda57c9,ed3a6fcebb739bbb75af37d13eee63cc5755fff49e4af8768de0fbc7f2fff71d,95.91912,96.84412,544,False,unit fuzzy loss,success_build,True,True,aa62853a494a59a3b49a0803a5ed4d4d5e7bd2ca2a7a19f46a2873cb5965e68e,True,True,True,True,unverifiable: historical snapshots lost
568,neighbor,"0,1,2,3,4,5,6,7,8,9,10,11,12,15,13,14,16,17,18,19,20,21,22",dfa24741f9c01c106b2624601626b9b0b5794134dbd44d1fa5d4c86fbb4d1ae2,a9d8eb09cd0492e190b8f391d768a632c84e862fd8066c73d17d4e80388f5836,96.25,96.87322,544,False,unit fuzzy loss,success_build,True,True,aa62853a494a59a3b49a0803a5ed4d4d5e7bd2ca2a7a19f46a2873cb5965e68e,True,True,True,True,unverifiable: historical snapshots lost
569,neighbor,"0,1,2,3,4,5,6,7,8,9,10,11,12,13,14,16,17,15,18,19,20,21,22",052424275c445a2874c00eca205b78da7eb207f0cd046b2608ea4b84f9affa58,42e914ab2fab74899f5664f29e7fe149763d7cc7b90cc11998bb18658e975e2e,96.36029,96.88293,544,False,unit fuzzy loss,success_build,True,True,aa62853a494a59a3b49a0803a5ed4d4d5e7bd2ca2a7a19f46a2873cb5965e68e,True,True,True,True,unverifiable: historical snapshots lost
570,neighbor,"0,1,2,3,4,5,6,7,8,9,10,11,12,13,14,16,17,18,15,19,20,21,22",9c3621321606529151701af5d2effdba656a29952dfbf40a310c28c666dcaaf1,2564915d4621e00b1908f934f7905bfa054c756e6773f794cb062c042eab3287,96.286766,96.87646,544,False,unit fuzzy loss,success_build,True,True,aa62853a494a59a3b49a0803a5ed4d4d5e7bd2ca2a7a19f46a2873cb5965e68e,True,True,True,True,unverifiable: historical snapshots lost
571,neighbor,"0,1,2,3,4,5,6,7,8,9,10,11,12,13,14,16,17,18,19,15,20,21,22",46b502ad74ad9be90ea7ed135c4591964c3b59cb039bd2b96f21523f271bc9fe,866f655b192687e8df9a4771020e3297fd1e591510694b720148d29bceae36af,96.286766,96.87646,544,False,unit fuzzy loss,success_build,True,True,aa62853a494a59a3b49a0803a5ed4d4d5e7bd2ca2a7a19f46a2873cb5965e68e,True,True,True,True,unverifiable: historical snapshots lost
572,neighbor,"0,1,2,3,4,5,6,7,8,9,10,11,12,13,14,16,17,18,19,20,15,21,22",f8f3463f4eaf361c17b84c3be6f09c384da588052ed1a35b753193c532bef276,037d29776c241c1845e8f9c843d7e83c13f233eca6e53979392278692900c39b,96.213234,96.86999,544,False,unit fuzzy loss,success_build,True,True,aa62853a494a59a3b49a0803a5ed4d4d5e7bd2ca2a7a19f46a2873cb5965e68e,True,True,True,True,unverifiable: historical snapshots lost
573,neighbor,"0,1,2,3,4,5,6,7,8,9,10,11,12,13,14,16,17,18,19,20,21,15,22",efda0b6a88dfe3c1122f3622626c9ab7795c0256d290c8668996fa3b0df6ba27,fe2140f73c41fc7f60bb137fa50730122a8e77817ebed0c69eb8e530e279763b,96.10294,96.86028,544,False,unit fuzzy loss,success_build,True,True,aa62853a494a59a3b49a0803a5ed4d4d5e7bd2ca2a7a19f46a2873cb5965e68e,True,True,True,True,unverifiable: historical snapshots lost
574,neighbor,"0,1,2,3,4,5,6,7,8,9,10,11,12,13,14,16,17,18,19,20,21,22,15",97abb4e9f855cf4305adeeda61bb34966b060ab5497ce3034184338946c5c72f,bd85209e679d699c199e0880d4510fe46d0e7cd297e9c69d37c1cb3b3c505f8b,95.77206,96.83118,544,False,unit fuzzy loss,success_build,True,True,aa62853a494a59a3b49a0803a5ed4d4d5e7bd2ca2a7a19f46a2873cb5965e68e,True,True,True,True,unverifiable: historical snapshots lost
575,neighbor,"16,0,1,2,3,4,5,6,7,8,9,10,11,12,13,14,15,17,18,19,20,21,22",3265a4f7b58d494e151601316889da2978d96a9be9f534eba0bf771f681441f6,ec16b52bfcd4b132b90d9d879ebc73ee652d4337202f371609c9a18c12120c89,96.69118,96.91203,544,True,,success_build,True,True,aa62853a494a59a3b49a0803a5ed4d4d5e7bd2ca2a7a19f46a2873cb5965e68e,True,True,True,True,unverifiable: historical snapshots lost
576,neighbor,"0,16,1,2,3,4,5,6,7,8,9,10,11,12,13,14,15,17,18,19,20,21,22",c233b91fb1087e237944d5afe5935e62cd8d847fe015a5a470e6737a0829edce,ec16b52bfcd4b132b90d9d879ebc73ee652d4337202f371609c9a18c12120c89,96.69118,96.91203,544,True,,success_build,True,True,aa62853a494a59a3b49a0803a5ed4d4d5e7bd2ca2a7a19f46a2873cb5965e68e,True,True,True,True,unverifiable: historical snapshots lost
577,neighbor,"0,1,16,2,3,4,5,6,7,8,9,10,11,12,13,14,15,17,18,19,20,21,22",52b0b558730225643dca80b893e17833b55374568790cff41e02eabfa2b8880f,ec16b52bfcd4b132b90d9d879ebc73ee652d4337202f371609c9a18c12120c89,96.69118,96.91203,544,True,,success_build,True,True,aa62853a494a59a3b49a0803a5ed4d4d5e7bd2ca2a7a19f46a2873cb5965e68e,True,True,True,True,unverifiable: historical snapshots lost
578,neighbor,"0,1,2,16,3,4,5,6,7,8,9,10,11,12,13,14,15,17,18,19,20,21,22",5110bb61ff98dd5a2e841d5b9bf7f0332fc39b4b5419e3c1454e912b39ed6767,ec16b52bfcd4b132b90d9d879ebc73ee652d4337202f371609c9a18c12120c89,96.69118,96.91203,544,True,,success_build,True,True,aa62853a494a59a3b49a0803a5ed4d4d5e7bd2ca2a7a19f46a2873cb5965e68e,True,True,True,True,unverifiable: historical snapshots lost
579,neighbor,"0,1,2,3,16,4,5,6,7,8,9,10,11,12,13,14,15,17,18,19,20,21,22",11457de9f304844bba9be7204f5b8e1dd5730184a5f6a21e75cc855edf521969,ec16b52bfcd4b132b90d9d879ebc73ee652d4337202f371609c9a18c12120c89,96.69118,96.91203,544,True,,success_build,True,True,aa62853a494a59a3b49a0803a5ed4d4d5e7bd2ca2a7a19f46a2873cb5965e68e,True,True,True,True,unverifiable: historical snapshots lost
580,neighbor,"0,1,2,3,4,16,5,6,7,8,9,10,11,12,13,14,15,17,18,19,20,21,22",359db369b3406e0db613d8b3c9398248fc254ce7a4e8d5bd7503fd222f87fc64,ec16b52bfcd4b132b90d9d879ebc73ee652d4337202f371609c9a18c12120c89,96.69118,96.91203,544,True,,success_build,True,True,aa62853a494a59a3b49a0803a5ed4d4d5e7bd2ca2a7a19f46a2873cb5965e68e,True,True,True,True,unverifiable: historical snapshots lost
581,neighbor,"0,1,2,3,4,5,16,6,7,8,9,10,11,12,13,14,15,17,18,19,20,21,22",ffd20a77140e939277d162f56df4a3f9226af392f9ed1da39cc9e5bb248afd28,ec16b52bfcd4b132b90d9d879ebc73ee652d4337202f371609c9a18c12120c89,96.69118,96.91203,544,True,,success_build,True,True,aa62853a494a59a3b49a0803a5ed4d4d5e7bd2ca2a7a19f46a2873cb5965e68e,True,True,True,True,unverifiable: historical snapshots lost
582,neighbor,"0,1,2,3,4,5,6,16,7,8,9,10,11,12,13,14,15,17,18,19,20,21,22",0a0df28917229fbca5719d0a46b6e1273152657b132ee55911a98fce8ac1b9be,ec16b52bfcd4b132b90d9d879ebc73ee652d4337202f371609c9a18c12120c89,96.69118,96.91203,544,True,,success_build,True,True,aa62853a494a59a3b49a0803a5ed4d4d5e7bd2ca2a7a19f46a2873cb5965e68e,True,True,True,True,unverifiable: historical snapshots lost
583,neighbor,"0,1,2,3,4,5,6,7,16,8,9,10,11,12,13,14,15,17,18,19,20,21,22",89c31c52427fff3d86c0e379d87cc088530ecf7e38e3343955040e2667e4d6b2,ec16b52bfcd4b132b90d9d879ebc73ee652d4337202f371609c9a18c12120c89,96.69118,96.91203,544,True,,success_build,True,True,aa62853a494a59a3b49a0803a5ed4d4d5e7bd2ca2a7a19f46a2873cb5965e68e,True,True,True,True,unverifiable: historical snapshots lost
584,neighbor,"0,1,2,3,4,5,6,7,8,16,9,10,11,12,13,14,15,17,18,19,20,21,22",84d9c2a703aaa8299cdc08430851258f52236360c03566024e73cdb87d94ea5d,ec16b52bfcd4b132b90d9d879ebc73ee652d4337202f371609c9a18c12120c89,96.69118,96.91203,544,True,,success_build,True,True,aa62853a494a59a3b49a0803a5ed4d4d5e7bd2ca2a7a19f46a2873cb5965e68e,True,True,True,True,unverifiable: historical snapshots lost
585,neighbor,"0,1,2,3,4,5,6,7,8,9,16,10,11,12,13,14,15,17,18,19,20,21,22",bb9c580a94df9651008f53c70bd63e9f42d5b86967ff1b71ed65626c3d4b4360,ec16b52bfcd4b132b90d9d879ebc73ee652d4337202f371609c9a18c12120c89,96.69118,96.91203,544,True,,success_build,True,True,aa62853a494a59a3b49a0803a5ed4d4d5e7bd2ca2a7a19f46a2873cb5965e68e,True,True,True,True,unverifiable: historical snapshots lost
586,neighbor,"0,1,2,3,4,5,6,7,8,9,10,16,11,12,13,14,15,17,18,19,20,21,22",47a5c0dd545eb666325bbd5e2f389923550b1b11d3c5948f1d7437fbb9b9cb1b,ec16b52bfcd4b132b90d9d879ebc73ee652d4337202f371609c9a18c12120c89,96.69118,96.91203,544,True,,success_build,True,True,aa62853a494a59a3b49a0803a5ed4d4d5e7bd2ca2a7a19f46a2873cb5965e68e,True,True,True,True,unverifiable: historical snapshots lost
587,neighbor,"0,1,2,3,4,5,6,7,8,9,10,11,16,12,13,14,15,17,18,19,20,21,22",ffcec1dce92bfc0454986917f0af7614dac8e2990d41431ae79dbffa594f4d9e,ec16b52bfcd4b132b90d9d879ebc73ee652d4337202f371609c9a18c12120c89,96.69118,96.91203,544,True,,success_build,True,True,aa62853a494a59a3b49a0803a5ed4d4d5e7bd2ca2a7a19f46a2873cb5965e68e,True,True,True,True,unverifiable: historical snapshots lost
588,neighbor,"0,1,2,3,4,5,6,7,8,9,10,11,12,16,13,14,15,17,18,19,20,21,22",57c7a371c24f60735f847e4bb2402ffb608b4e5b8845111ec9d1713ee02090d5,ec16b52bfcd4b132b90d9d879ebc73ee652d4337202f371609c9a18c12120c89,96.69118,96.91203,544,True,,success_build,True,True,aa62853a494a59a3b49a0803a5ed4d4d5e7bd2ca2a7a19f46a2873cb5965e68e,True,True,True,True,unverifiable: historical snapshots lost
589,neighbor,"0,1,2,3,4,5,6,7,8,9,10,11,12,13,16,14,15,17,18,19,20,21,22",f2dcd11e4c9e9588e3266a400eba4e18e99fd3409cec40f64b5cdf7357acf5f1,ec16b52bfcd4b132b90d9d879ebc73ee652d4337202f371609c9a18c12120c89,96.69118,96.91203,544,True,,success_build,True,True,aa62853a494a59a3b49a0803a5ed4d4d5e7bd2ca2a7a19f46a2873cb5965e68e,True,True,True,True,unverifiable: historical snapshots lost
590,neighbor,"0,1,2,3,4,5,6,7,8,9,10,11,12,13,14,15,17,18,16,19,20,21,22",2dc3ba8776b0123c3ba7b3bf17313b30eef4d02f587cf01d278f713fb2b0604b,ec16b52bfcd4b132b90d9d879ebc73ee652d4337202f371609c9a18c12120c89,96.69118,96.91203,544,True,,success_build,True,True,aa62853a494a59a3b49a0803a5ed4d4d5e7bd2ca2a7a19f46a2873cb5965e68e,True,True,True,True,unverifiable: historical snapshots lost
591,neighbor,"0,1,2,3,4,5,6,7,8,9,10,11,12,13,14,15,17,18,19,16,20,21,22",67c1c0f4fe88bd1dc233c827c84606d7fbe9e78beafeceef158b79c9898c7535,ec16b52bfcd4b132b90d9d879ebc73ee652d4337202f371609c9a18c12120c89,96.69118,96.91203,544,True,,success_build,True,True,aa62853a494a59a3b49a0803a5ed4d4d5e7bd2ca2a7a19f46a2873cb5965e68e,True,True,True,True,unverifiable: historical snapshots lost
592,neighbor,"0,1,2,3,4,5,6,7,8,9,10,11,12,13,14,15,17,18,19,20,16,21,22",1f374f782fc4ebb3318c94091415300c0ba3e427598cc24e69dea72970a3e699,ec16b52bfcd4b132b90d9d879ebc73ee652d4337202f371609c9a18c12120c89,96.69118,96.91203,544,True,,success_build,True,True,aa62853a494a59a3b49a0803a5ed4d4d5e7bd2ca2a7a19f46a2873cb5965e68e,True,True,True,True,unverifiable: historical snapshots lost
593,neighbor,"0,1,2,3,4,5,6,7,8,9,10,11,12,13,14,15,17,18,19,20,21,16,22",3fdb4382f2fce26065d7df626e20c73448c67338bde6ba65fbac6c44571a5938,ec16b52bfcd4b132b90d9d879ebc73ee652d4337202f371609c9a18c12120c89,96.69118,96.91203,544,True,,success_build,True,True,aa62853a494a59a3b49a0803a5ed4d4d5e7bd2ca2a7a19f46a2873cb5965e68e,True,True,True,True,unverifiable: historical snapshots lost
594,neighbor,"0,1,2,3,4,5,6,7,8,9,10,11,12,13,14,15,17,18,19,20,21,22,16",8a5fe03b08eade8be1b921b9d3c7c12b4d44161851ba6cfda698b0496b12adfb,ec16b52bfcd4b132b90d9d879ebc73ee652d4337202f371609c9a18c12120c89,96.69118,96.91203,544,True,,success_build,True,True,aa62853a494a59a3b49a0803a5ed4d4d5e7bd2ca2a7a19f46a2873cb5965e68e,True,True,True,True,unverifiable: historical snapshots lost
595,neighbor,"17,0,1,2,3,4,5,6,7,8,9,10,11,12,13,14,15,16,18,19,20,21,22",b603a1ae84014e0a42800c6c6ebe7131164accafe9c1f003943be71dd6bbc35e,cc0afded7f028f017421531caf9007e0bd2ac22fc9ee2ebacbd47875b9323001,95.33088,96.792366,544,False,unit fuzzy loss,success_build,True,True,aa62853a494a59a3b49a0803a5ed4d4d5e7bd2ca2a7a19f46a2873cb5965e68e,True,True,True,True,unverifiable: historical snapshots lost
596,neighbor,"0,17,1,2,3,4,5,6,7,8,9,10,11,12,13,14,15,16,18,19,20,21,22",5f427fe0c55164da590ea386604150f4b3385cca4dfa5a0e6bc519a5f39c74db,6f56a51ce70d9c8e60f149975d6dabe59f8395de9ac1b4ac4bf178d82b520fa4,94.007355,96.67594,544,False,unit fuzzy loss,success_build,True,True,aa62853a494a59a3b49a0803a5ed4d4d5e7bd2ca2a7a19f46a2873cb5965e68e,True,True,True,True,unverifiable: historical snapshots lost
597,neighbor,"0,1,17,2,3,4,5,6,7,8,9,10,11,12,13,14,15,16,18,19,20,21,22",3282e594901a80c136a5c21a5faa141083a962ba81c09ec1d611cb81cb73a035,6f56a51ce70d9c8e60f149975d6dabe59f8395de9ac1b4ac4bf178d82b520fa4,94.007355,96.67594,544,False,unit fuzzy loss,success_build,True,True,aa62853a494a59a3b49a0803a5ed4d4d5e7bd2ca2a7a19f46a2873cb5965e68e,True,True,True,True,unverifiable: historical snapshots lost
598,neighbor,"0,1,2,17,3,4,5,6,7,8,9,10,11,12,13,14,15,16,18,19,20,21,22",e41e1f479edb1acd1b1b3f7e2bf4b1b510f9e3f1c95b58aa359f36560f477e5e,6f56a51ce70d9c8e60f149975d6dabe59f8395de9ac1b4ac4bf178d82b520fa4,94.007355,96.67594,544,False,unit fuzzy loss,success_build,True,True,aa62853a494a59a3b49a0803a5ed4d4d5e7bd2ca2a7a19f46a2873cb5965e68e,True,True,True,True,unverifiable: historical snapshots lost
599,neighbor,"0,1,2,3,17,4,5,6,7,8,9,10,11,12,13,14,15,16,18,19,20,21,22",64b51c39ce2d337887734888e401d3c9847e88db91fa6d970d5d2b4ce09741d4,0d52c477c236f5d9de7b887d701f4b851379804a5e663c09f57f65597f52ec06,95.29412,96.78913,544,False,unit fuzzy loss,success_build,True,True,aa62853a494a59a3b49a0803a5ed4d4d5e7bd2ca2a7a19f46a2873cb5965e68e,True,True,True,True,unverifiable: historical snapshots lost
600,neighbor,"0,1,2,3,4,17,5,6,7,8,9,10,11,12,13,14,15,16,18,19,20,21,22",ba0dcca0e947ab8ac2c81c8b814ada8017bc2d804fcc77e80236ef3cbbb0ba94,0d52c477c236f5d9de7b887d701f4b851379804a5e663c09f57f65597f52ec06,95.29412,96.78913,544,False,unit fuzzy loss,success_build,True,True,aa62853a494a59a3b49a0803a5ed4d4d5e7bd2ca2a7a19f46a2873cb5965e68e,True,True,True,True,unverifiable: historical snapshots lost
601,neighbor,"0,1,2,3,4,5,17,6,7,8,9,10,11,12,13,14,15,16,18,19,20,21,22",94d0927e3ae091f4dd0a893d12912d3c11c677b4930d747b3a3c1b824f02fd09,e2fb4ec4adea1413229db014ef0a184782be5f6fa44d8bc2fb550585361a6b82,95.40441,96.798836,544,False,unit fuzzy loss,success_build,True,True,aa62853a494a59a3b49a0803a5ed4d4d5e7bd2ca2a7a19f46a2873cb5965e68e,True,True,True,True,unverifiable: historical snapshots lost
602,neighbor,"0,1,2,3,4,5,6,17,7,8,9,10,11,12,13,14,15,16,18,19,20,21,22",282821c63095dcb806ff551bdfbfb6ddfe9fdc9ed173536561daa5ef7b6f240c,ec44f6b4dd16c6ea5d91138c9394d7dd16b04db8e342a461c52a8c74086813d0,93.89706,96.66624,544,False,unit fuzzy loss,success_build,True,True,aa62853a494a59a3b49a0803a5ed4d4d5e7bd2ca2a7a19f46a2873cb5965e68e,True,True,True,True,unverifiable: historical snapshots lost
603,neighbor,"0,1,2,3,4,5,6,7,17,8,9,10,11,12,13,14,15,16,18,19,20,21,22",174957119ceba2b764b2072852c796b239081543c722cf887ab9bd3a083d5c81,7dc0cce3bf7581c06f5a6d2721a6bb7f2132637552de30cb0c601d7feaafa270,94.04412,96.67917,544,False,unit fuzzy loss,success_build,True,True,aa62853a494a59a3b49a0803a5ed4d4d5e7bd2ca2a7a19f46a2873cb5965e68e,True,True,True,True,unverifiable: historical snapshots lost
604,neighbor,"0,1,2,3,4,5,6,7,8,17,9,10,11,12,13,14,15,16,18,19,20,21,22",689228490241983a7ac5f277e8e733918cbaa55182f3dbe85a1ec800576c8677,29b4c1273113a320547f15893ca99ff2398a560159c27a893701054a94d6681c,94.117645,96.68564,544,False,unit fuzzy loss,success_build,True,True,aa62853a494a59a3b49a0803a5ed4d4d5e7bd2ca2a7a19f46a2873cb5965e68e,True,True,True,True,unverifiable: historical snapshots lost
605,neighbor,"0,1,2,3,4,5,6,7,8,9,17,10,11,12,13,14,15,16,18,19,20,21,22",53afe955ef9bcd74af88c41a973b4335d8e18c07507c64bedba52bc7dea8c879,29b4c1273113a320547f15893ca99ff2398a560159c27a893701054a94d6681c,94.117645,96.68564,544,False,unit fuzzy loss,success_build,True,True,aa62853a494a59a3b49a0803a5ed4d4d5e7bd2ca2a7a19f46a2873cb5965e68e,True,True,True,True,unverifiable: historical snapshots lost
606,neighbor,"0,1,2,3,4,5,6,7,8,9,10,17,11,12,13,14,15,16,18,19,20,21,22",003d981414b842c439b96a80872af68af90aa8bdc3958ea4b5aed0d056c7a6d4,29b4c1273113a320547f15893ca99ff2398a560159c27a893701054a94d6681c,94.117645,96.68564,544,False,unit fuzzy loss,success_build,True,True,aa62853a494a59a3b49a0803a5ed4d4d5e7bd2ca2a7a19f46a2873cb5965e68e,True,True,True,True,unverifiable: historical snapshots lost
607,neighbor,"0,1,2,3,4,5,6,7,8,9,10,11,17,12,13,14,15,16,18,19,20,21,22",4deb150cc90d5494b0dc103b9180973a3b5672eb25a1579c3da38e88daacfa02,cdb51e86ae4c52a825f13a129b602ee53f7e889156142970e90ec32d3518d51b,94.375,96.70828,544,False,unit fuzzy loss,success_build,True,True,aa62853a494a59a3b49a0803a5ed4d4d5e7bd2ca2a7a19f46a2873cb5965e68e,True,True,True,True,unverifiable: historical snapshots lost
608,neighbor,"0,1,2,3,4,5,6,7,8,9,10,11,12,17,13,14,15,16,18,19,20,21,22",a30541625b901ec68393490488c43f0b14a767a9de0b260f12f9fdd672f1e8cf,4374fe08b1154fae5672e73b4f83b9854c8713c376ef443dac263466ae989f8a,96.13971,96.86352,544,False,unit fuzzy loss,success_build,True,True,aa62853a494a59a3b49a0803a5ed4d4d5e7bd2ca2a7a19f46a2873cb5965e68e,True,True,True,True,unverifiable: historical snapshots lost
609,neighbor,"0,1,2,3,4,5,6,7,8,9,10,11,12,13,17,14,15,16,18,19,20,21,22",970f3cd06ab77e84e958a4aa2f71ee28e5420e70f5a7c2a8d7d58f66a3605f82,42e914ab2fab74899f5664f29e7fe149763d7cc7b90cc11998bb18658e975e2e,96.36029,96.88293,544,False,unit fuzzy loss,success_build,True,True,aa62853a494a59a3b49a0803a5ed4d4d5e7bd2ca2a7a19f46a2873cb5965e68e,True,True,True,True,unverifiable: historical snapshots lost
610,neighbor,"0,1,2,3,4,5,6,7,8,9,10,11,12,13,14,17,15,16,18,19,20,21,22",95184809897f1d7fa13665e035a0c6d4e5b30d1329236d3042bff11a289e339a,42e914ab2fab74899f5664f29e7fe149763d7cc7b90cc11998bb18658e975e2e,96.36029,96.88293,544,False,unit fuzzy loss,success_build,True,True,aa62853a494a59a3b49a0803a5ed4d4d5e7bd2ca2a7a19f46a2873cb5965e68e,True,True,True,True,unverifiable: historical snapshots lost
611,neighbor,"0,1,2,3,4,5,6,7,8,9,10,11,12,13,14,15,16,18,19,17,20,21,22",096afca315ec7936d4a4d0aad831892fa89ce57d08546b70ad2e2d91a9c60c1a,73a2891985aed417071ed00e8c016c44b0f990139fc4a359b3c7967e5268e1f5,96.507355,96.89586,544,False,unit fuzzy loss,success_build,True,True,aa62853a494a59a3b49a0803a5ed4d4d5e7bd2ca2a7a19f46a2873cb5965e68e,True,True,True,True,unverifiable: historical snapshots lost
612,neighbor,"0,1,2,3,4,5,6,7,8,9,10,11,12,13,14,15,16,18,19,20,17,21,22",abb81d1650fa53d42f273d92035d0d0544f213458105c8e963bd4d4f6045bab2,e0c3c76425c201a0dfc033e9e7dfa4d4ebffa4c191a5430ce9cf3caf56aee27d,96.43382,96.88939,544,False,unit fuzzy loss,success_build,True,True,aa62853a494a59a3b49a0803a5ed4d4d5e7bd2ca2a7a19f46a2873cb5965e68e,True,True,True,True,unverifiable: historical snapshots lost
613,neighbor,"0,1,2,3,4,5,6,7,8,9,10,11,12,13,14,15,16,18,19,20,21,17,22",8dd1547e06c3ad1bc048860e440b475bf3cb8e0f59b70502970f5e9880622bc4,8b76efa796a4cae8657c49a2953261f067b790c6899408cf490ec7467dbba7fd,96.32353,96.87969,544,False,unit fuzzy loss,success_build,True,True,aa62853a494a59a3b49a0803a5ed4d4d5e7bd2ca2a7a19f46a2873cb5965e68e,True,True,True,True,unverifiable: historical snapshots lost
614,neighbor,"0,1,2,3,4,5,6,7,8,9,10,11,12,13,14,15,16,18,19,20,21,22,17",594532422017ea6cf3871954e6dbd3e038793d384a1db576db1d2183e0c97469,113a62926625ee1ad82ebdb3813844bf988410acad97f5461c10e429a3356679,95.992645,96.850586,544,False,unit fuzzy loss,success_build,True,True,aa62853a494a59a3b49a0803a5ed4d4d5e7bd2ca2a7a19f46a2873cb5965e68e,True,True,True,True,unverifiable: historical snapshots lost
615,neighbor,"18,0,1,2,3,4,5,6,7,8,9,10,11,12,13,14,15,16,17,19,20,21,22",94193ed89c8746c87073928906c50ff1faa3aa701d0718a963f62523080affdd,9f7d975c16d0b389fe1748d28dd33d331b423a24adec061d67d9f2d4d6398107,95.257355,96.7859,544,False,unit fuzzy loss,success_build,True,True,aa62853a494a59a3b49a0803a5ed4d4d5e7bd2ca2a7a19f46a2873cb5965e68e,True,True,True,True,unverifiable: historical snapshots lost
616,neighbor,"0,18,1,2,3,4,5,6,7,8,9,10,11,12,13,14,15,16,17,19,20,21,22",cb720c4dc5d55730a32590ac5e3ca51b7acbfd79cbeb00b09068604ef06f3fab,b8e208c7e0f2ad7953ddc3b4e4206e033d25a33dba71bae9b0204f6b1a141f9d,93.93382,96.66947,544,False,unit fuzzy loss,success_build,True,True,aa62853a494a59a3b49a0803a5ed4d4d5e7bd2ca2a7a19f46a2873cb5965e68e,True,True,True,True,unverifiable: historical snapshots lost
617,neighbor,"0,1,18,2,3,4,5,6,7,8,9,10,11,12,13,14,15,16,17,19,20,21,22",3031bcf1f0ff474676daf910c60ce16d33f5fe69b9603cb1571bd3e5565c7f55,b8e208c7e0f2ad7953ddc3b4e4206e033d25a33dba71bae9b0204f6b1a141f9d,93.93382,96.66947,544,False,unit fuzzy loss,success_build,True,True,aa62853a494a59a3b49a0803a5ed4d4d5e7bd2ca2a7a19f46a2873cb5965e68e,True,True,True,True,unverifiable: historical snapshots lost
618,neighbor,"0,1,2,18,3,4,5,6,7,8,9,10,11,12,13,14,15,16,17,19,20,21,22",66141de948a2d1170cdfa6586c054c2c991979b6f8e36e85f506122e4e234bc2,b8e208c7e0f2ad7953ddc3b4e4206e033d25a33dba71bae9b0204f6b1a141f9d,93.93382,96.66947,544,False,unit fuzzy loss,success_build,True,True,aa62853a494a59a3b49a0803a5ed4d4d5e7bd2ca2a7a19f46a2873cb5965e68e,True,True,True,True,unverifiable: historical snapshots lost
619,neighbor,"0,1,2,3,18,4,5,6,7,8,9,10,11,12,13,14,15,16,17,19,20,21,22",084c739a0df6b423d17addde83b4ca7609f4059797badcaea5e0f7ac51c93c13,ef0402e2bb4f2ffa1b886b1398dab81952251b0d64e2f975fb213538bdf26dbb,95.22059,96.78266,544,False,unit fuzzy loss,success_build,True,True,aa62853a494a59a3b49a0803a5ed4d4d5e7bd2ca2a7a19f46a2873cb5965e68e,True,True,True,True,unverifiable: historical snapshots lost
620,neighbor,"0,1,2,3,4,18,5,6,7,8,9,10,11,12,13,14,15,16,17,19,20,21,22",c0fa190fbaa38443b760f51eec6f37a5ee210188dba822fefef0a01532575eb6,ef0402e2bb4f2ffa1b886b1398dab81952251b0d64e2f975fb213538bdf26dbb,95.22059,96.78266,544,False,unit fuzzy loss,success_build,True,True,aa62853a494a59a3b49a0803a5ed4d4d5e7bd2ca2a7a19f46a2873cb5965e68e,True,True,True,True,unverifiable: historical snapshots lost
621,neighbor,"0,1,2,3,4,5,18,6,7,8,9,10,11,12,13,14,15,16,17,19,20,21,22",3ec0d7db4f46dbb8d906eac18d8bb80bb1f07646a53ebe518b2ad327db21a58f,7d662dbd133af6263ce676f4f2eb822b576435f59f9970b4c2884acb2962f1e5,95.33088,96.792366,544,False,unit fuzzy loss,success_build,True,True,aa62853a494a59a3b49a0803a5ed4d4d5e7bd2ca2a7a19f46a2873cb5965e68e,True,True,True,True,unverifiable: historical snapshots lost
622,neighbor,"0,1,2,3,4,5,6,18,7,8,9,10,11,12,13,14,15,16,17,19,20,21,22",d284652f44f213cebd8919d3a1f13f2ec35f34c596539196be0df09f0179471d,8627603d667f5dc238d630c6c6add8a3b0464153d85f65f3a4fb84231398d151,93.82353,96.65977,544,False,unit fuzzy loss,success_build,True,True,aa62853a494a59a3b49a0803a5ed4d4d5e7bd2ca2a7a19f46a2873cb5965e68e,True,True,True,True,unverifiable: historical snapshots lost
623,neighbor,"0,1,2,3,4,5,6,7,18,8,9,10,11,12,13,14,15,16,17,19,20,21,22",44d0ba9140329ea46f8f64c959c4a72db2c5c5daa814713c3f3e2b7ae6180c08,1435a7541287a3df22b9aeafe11747e8e4ca6e1fd2e6ce198de7eeb0f39a4ee1,93.97059,96.67271,544,False,unit fuzzy loss,success_build,True,True,aa62853a494a59a3b49a0803a5ed4d4d5e7bd2ca2a7a19f46a2873cb5965e68e,True,True,True,True,unverifiable: historical snapshots lost
624,neighbor,"0,1,2,3,4,5,6,7,8,18,9,10,11,12,13,14,15,16,17,19,20,21,22",7c916ccfede87a6d9d450073e664a72c20412d48b24bffb3439ae42fe8c34879,3fee07c555ec508a089f636c71c3451c110166db1ac214b05197aadae2c95320,94.04412,96.67917,544,False,unit fuzzy loss,success_build,True,True,aa62853a494a59a3b49a0803a5ed4d4d5e7bd2ca2a7a19f46a2873cb5965e68e,True,True,True,True,unverifiable: historical snapshots lost
625,neighbor,"0,1,2,3,4,5,6,7,8,9,18,10,11,12,13,14,15,16,17,19,20,21,22",6e8b9fc37106f6de0e0c71a0e08a25ffb72a1ae8af2f2d8672cc19cb48fb503e,3fee07c555ec508a089f636c71c3451c110166db1ac214b05197aadae2c95320,94.04412,96.67917,544,False,unit fuzzy loss,success_build,True,True,aa62853a494a59a3b49a0803a5ed4d4d5e7bd2ca2a7a19f46a2873cb5965e68e,True,True,True,True,unverifiable: historical snapshots lost
626,neighbor,"0,1,2,3,4,5,6,7,8,9,10,18,11,12,13,14,15,16,17,19,20,21,22",f91727f6e9819bcb91f18114e477f8c827a4712e409fd93a69b135afb4331584,3fee07c555ec508a089f636c71c3451c110166db1ac214b05197aadae2c95320,94.04412,96.67917,544,False,unit fuzzy loss,success_build,True,True,aa62853a494a59a3b49a0803a5ed4d4d5e7bd2ca2a7a19f46a2873cb5965e68e,True,True,True,True,unverifiable: historical snapshots lost
627,neighbor,"0,1,2,3,4,5,6,7,8,9,10,11,18,12,13,14,15,16,17,19,20,21,22",4645e873211b382c718623621c051e7e9d902e21dca7ea78c98e157c050ae496,52d0b1bff8c17a5c8acc358f48734607cb5df152576852e5f4d4e6c5ba3da39e,94.30147,96.70181,544,False,unit fuzzy loss,success_build,True,True,aa62853a494a59a3b49a0803a5ed4d4d5e7bd2ca2a7a19f46a2873cb5965e68e,True,True,True,True,unverifiable: historical snapshots lost
628,neighbor,"0,1,2,3,4,5,6,7,8,9,10,11,12,18,13,14,15,16,17,19,20,21,22",98702a149ab1b7d31b96a80aeb546cd9d6d06ba03ca9dd2172d40193ede2d338,6b1e30d2f95b5ccf36bf26d236efa02601f90ce9614d425b39a05ef109a249a5,96.06618,96.85705,544,False,unit fuzzy loss,success_build,True,True,aa62853a494a59a3b49a0803a5ed4d4d5e7bd2ca2a7a19f46a2873cb5965e68e,True,True,True,True,unverifiable: historical snapshots lost
629,neighbor,"0,1,2,3,4,5,6,7,8,9,10,11,12,13,18,14,15,16,17,19,20,21,22",5e8fb1261832ed6a24c34fc333ce5c1a7d03f0e08ecffc33585fd16439012dd5,9e5863e5c04d44da4e2d6e2e25a8c8fb461e122ff0f9c3c940f45114bc7b93cd,96.286766,96.87646,544,False,unit fuzzy loss,success_build,True,True,aa62853a494a59a3b49a0803a5ed4d4d5e7bd2ca2a7a19f46a2873cb5965e68e,True,True,True,True,unverifiable: historical snapshots lost
630,neighbor,"0,1,2,3,4,5,6,7,8,9,10,11,12,13,14,18,15,16,17,19,20,21,22",3bc7867ee770809ec737221a9c918322fbea51a54505e5a65402d493d869d558,9e5863e5c04d44da4e2d6e2e25a8c8fb461e122ff0f9c3c940f45114bc7b93cd,96.286766,96.87646,544,False,unit fuzzy loss,success_build,True,True,aa62853a494a59a3b49a0803a5ed4d4d5e7bd2ca2a7a19f46a2873cb5965e68e,True,True,True,True,unverifiable: historical snapshots lost
631,neighbor,"0,1,2,3,4,5,6,7,8,9,10,11,12,13,14,15,18,16,17,19,20,21,22",d091b095f7d9d5223bf83b667df7b0ede10f7fc2390a13e7f55e28eb41b325e9,9043d6f317427e203d78a56946add05744ffa65f38d6217772dd00cf4621206f,96.507355,96.89586,544,False,unit fuzzy loss,success_build,True,True,aa62853a494a59a3b49a0803a5ed4d4d5e7bd2ca2a7a19f46a2873cb5965e68e,True,True,True,True,unverifiable: historical snapshots lost
632,neighbor,"0,1,2,3,4,5,6,7,8,9,10,11,12,13,14,15,16,17,19,20,18,21,22",882c3bf33afd8591893e9fc8dd69040d815591c0e51bcbb4ae4a9085285a3178,aab10136bd4cbcf5418c8131c595ef9a9037d2afc6ee7c6e977197fb28fa29ae,96.54412,96.89909,544,False,unit fuzzy loss,success_build,True,True,aa62853a494a59a3b49a0803a5ed4d4d5e7bd2ca2a7a19f46a2873cb5965e68e,True,True,True,True,unverifiable: historical snapshots lost
633,neighbor,"0,1,2,3,4,5,6,7,8,9,10,11,12,13,14,15,16,17,19,20,21,18,22",3afe16c3472e712ffcb6134b279577100c93e17fb9f9518999612f93d09ccbfe,a8bd9d6a51235d08a573e1d17eba800311dde47455d715b3b23aa454a66984e9,96.43382,96.88939,544,False,unit fuzzy loss,success_build,True,True,aa62853a494a59a3b49a0803a5ed4d4d5e7bd2ca2a7a19f46a2873cb5965e68e,True,True,True,True,unverifiable: historical snapshots lost
634,neighbor,"0,1,2,3,4,5,6,7,8,9,10,11,12,13,14,15,16,17,19,20,21,22,18",85d672641eab145a3ee3e0e1248cc33e0ea417bdae792b4e73ff86fd49ac27e8,5194e80f85e662b2be67657c5b5ecc89e48d1ae882712697d516b0b006638293,96.10294,96.86028,544,False,unit fuzzy loss,success_build,True,True,aa62853a494a59a3b49a0803a5ed4d4d5e7bd2ca2a7a19f46a2873cb5965e68e,True,True,True,True,unverifiable: historical snapshots lost
635,neighbor,"19,0,1,2,3,4,5,6,7,8,9,10,11,12,13,14,15,16,17,18,20,21,22",4dfe4d4c9d576b0f19c8f4b95f2e43a457ef8adbe254c8c0d02c31d283d69eb3,a59be16064507eddd950d3b30a2290025399e78242b4f02ed6ce929b2e08f271,95.11029,96.772964,544,False,unit fuzzy loss,success_build,True,True,aa62853a494a59a3b49a0803a5ed4d4d5e7bd2ca2a7a19f46a2873cb5965e68e,True,True,True,True,unverifiable: historical snapshots lost
636,neighbor,"0,19,1,2,3,4,5,6,7,8,9,10,11,12,13,14,15,16,17,18,20,21,22",6a34b2e6db19e56f00498e024bea1fba221387d82b931ac43091af4229a309de,3be4917740452065b6aeab2d46f6fb42dea38266869c584d2cc2fe55abaebc3d,95.29412,96.78913,544,False,unit fuzzy loss,success_build,True,True,aa62853a494a59a3b49a0803a5ed4d4d5e7bd2ca2a7a19f46a2873cb5965e68e,True,True,True,True,unverifiable: historical snapshots lost
637,neighbor,"0,1,19,2,3,4,5,6,7,8,9,10,11,12,13,14,15,16,17,18,20,21,22",0ab703233367ca9f70481871457773e5db6179ac095302ca60246d21edeb4405,3be4917740452065b6aeab2d46f6fb42dea38266869c584d2cc2fe55abaebc3d,95.29412,96.78913,544,False,unit fuzzy loss,success_build,True,True,aa62853a494a59a3b49a0803a5ed4d4d5e7bd2ca2a7a19f46a2873cb5965e68e,True,True,True,True,unverifiable: historical snapshots lost
638,neighbor,"0,1,2,19,3,4,5,6,7,8,9,10,11,12,13,14,15,16,17,18,20,21,22",4eb76f86cfeaa13de44f487cace77790e33c5ad01fd8b5c11acd3e258636c73e,3be4917740452065b6aeab2d46f6fb42dea38266869c584d2cc2fe55abaebc3d,95.29412,96.78913,544,False,unit fuzzy loss,success_build,True,True,aa62853a494a59a3b49a0803a5ed4d4d5e7bd2ca2a7a19f46a2873cb5965e68e,True,True,True,True,unverifiable: historical snapshots lost
639,neighbor,"0,1,2,3,19,4,5,6,7,8,9,10,11,12,13,14,15,16,17,18,20,21,22",c5df928e1fa9a643c05aa1d4723a8d2e15a45b1044c311302074900413cf1524,bfaee302c1ea8a9e2fee8d8d534d1845a180ea5ba273dcb05489c204b8563394,95.07353,96.76973,544,False,unit fuzzy loss,success_build,True,True,aa62853a494a59a3b49a0803a5ed4d4d5e7bd2ca2a7a19f46a2873cb5965e68e,True,True,True,True,unverifiable: historical snapshots lost
640,neighbor,"0,1,2,3,4,19,5,6,7,8,9,10,11,12,13,14,15,16,17,18,20,21,22",015f50b6f99a56af7e78f7f99d08970ab31659e7e320eb26a15e6e5d8b4bc051,bfaee302c1ea8a9e2fee8d8d534d1845a180ea5ba273dcb05489c204b8563394,95.07353,96.76973,544,False,unit fuzzy loss,success_build,True,True,aa62853a494a59a3b49a0803a5ed4d4d5e7bd2ca2a7a19f46a2873cb5965e68e,True,True,True,True,unverifiable: historical snapshots lost
641,neighbor,"0,1,2,3,4,5,19,6,7,8,9,10,11,12,13,14,15,16,17,18,20,21,22",0aa8df5c3053c2f7b674b8cfcbfc867f16c19bde43ddd77ec2fdf57115869e60,6ea17daa1617cf3d70e16391b3f2129089c2e90d63a16de545ad4fabcecfb06f,95.18382,96.779434,544,False,unit fuzzy loss,success_build,True,True,aa62853a494a59a3b49a0803a5ed4d4d5e7bd2ca2a7a19f46a2873cb5965e68e,True,True,True,True,unverifiable: historical snapshots lost
642,neighbor,"0,1,2,3,4,5,6,19,7,8,9,10,11,12,13,14,15,16,17,18,20,21,22",b146624b152b6e5e75aea7e234d81afba917455d456976c09aa0720da77f6c61,d054cb6c0c9b08c6d6bdf9921733cbbeb6b2b403b0df5775c2d6668582b48dd5,95.47794,96.805305,544,False,unit fuzzy loss,success_build,True,True,aa62853a494a59a3b49a0803a5ed4d4d5e7bd2ca2a7a19f46a2873cb5965e68e,True,True,True,True,unverifiable: historical snapshots lost
643,neighbor,"0,1,2,3,4,5,6,7,19,8,9,10,11,12,13,14,15,16,17,18,20,21,22",9832b7e35a55832f625e5d75efef8e4c2600d14b7c334d54e73f4bb9c499388a,851d148933eedc480322093617f61103d44ed0b5f5be64074845890f9781c41f,95.257355,96.7859,544,False,unit fuzzy loss,success_build,True,True,aa62853a494a59a3b49a0803a5ed4d4d5e7bd2ca2a7a19f46a2873cb5965e68e,True,True,True,True,unverifiable: historical snapshots lost
644,neighbor,"0,1,2,3,4,5,6,7,8,19,9,10,11,12,13,14,15,16,17,18,20,21,22",2bb24388a5ea11c2c6fc657b864637815512f3287c64a99f8c52d00af17244f5,943430e5d13486679653963da31a78e6a3c84383bf94adac699b943b9b60e010,95.33088,96.792366,544,False,unit fuzzy loss,success_build,True,True,aa62853a494a59a3b49a0803a5ed4d4d5e7bd2ca2a7a19f46a2873cb5965e68e,True,True,True,True,unverifiable: historical snapshots lost
645,neighbor,"0,1,2,3,4,5,6,7,8,9,19,10,11,12,13,14,15,16,17,18,20,21,22",3601bdbb87bd48c1e12b9dd6a0b2061a6cbf9844578576fdd34913b170a32f9f,943430e5d13486679653963da31a78e6a3c84383bf94adac699b943b9b60e010,95.33088,96.792366,544,False,unit fuzzy loss,success_build,True,True,aa62853a494a59a3b49a0803a5ed4d4d5e7bd2ca2a7a19f46a2873cb5965e68e,True,True,True,True,unverifiable: historical snapshots lost
646,neighbor,"0,1,2,3,4,5,6,7,8,9,10,19,11,12,13,14,15,16,17,18,20,21,22",1b8857a485fa27f93295cf8a02326f7630d965ccc7d720ad596cf2e74111c399,943430e5d13486679653963da31a78e6a3c84383bf94adac699b943b9b60e010,95.33088,96.792366,544,False,unit fuzzy loss,success_build,True,True,aa62853a494a59a3b49a0803a5ed4d4d5e7bd2ca2a7a19f46a2873cb5965e68e,True,True,True,True,unverifiable: historical snapshots lost
647,neighbor,"0,1,2,3,4,5,6,7,8,9,10,11,19,12,13,14,15,16,17,18,20,21,22",039b4d10094158d659a9a5d8e409e898af1bba460190707cb4285b800dd42102,cfc8aef2cfee17e6bb16d4886ce839e5bc473893802b623cf88ee6173daea7cc,95.588234,96.81501,544,False,unit fuzzy loss,success_build,True,True,aa62853a494a59a3b49a0803a5ed4d4d5e7bd2ca2a7a19f46a2873cb5965e68e,True,True,True,True,unverifiable: historical snapshots lost
648,neighbor,"0,1,2,3,4,5,6,7,8,9,10,11,12,19,13,14,15,16,17,18,20,21,22",2fc544c9bdfb26e48bdb88c92eab5a2a8229fe7178fd3189e0af4988d308cee1,5a7a7687c87adc0ee28d025144282a2e6af84e7de3f0e3cc2f968a3bc78d1fe9,96.06618,96.85705,544,False,unit fuzzy loss,success_build,True,True,aa62853a494a59a3b49a0803a5ed4d4d5e7bd2ca2a7a19f46a2873cb5965e68e,True,True,True,True,unverifiable: historical snapshots lost
649,neighbor,"0,1,2,3,4,5,6,7,8,9,10,11,12,13,19,14,15,16,17,18,20,21,22",673968ad3ff87f1d50bfe193f480e34dc151659ef077586ab6b671c6b37ba20e,c160b2da57b463f3aece71e79b8af845e200fedc7d967d0df446476187c2b821,96.286766,96.87646,544,False,unit fuzzy loss,success_build,True,True,aa62853a494a59a3b49a0803a5ed4d4d5e7bd2ca2a7a19f46a2873cb5965e68e,True,True,True,True,unverifiable: historical snapshots lost
650,neighbor,"0,1,2,3,4,5,6,7,8,9,10,11,12,13,14,19,15,16,17,18,20,21,22",c37ff11b9cb51232ceacd057b699dd20dd81cec1ce5e915cc70682201c06e679,c160b2da57b463f3aece71e79b8af845e200fedc7d967d0df446476187c2b821,96.286766,96.87646,544,False,unit fuzzy loss,success_build,True,True,aa62853a494a59a3b49a0803a5ed4d4d5e7bd2ca2a7a19f46a2873cb5965e68e,True,True,True,True,unverifiable: historical snapshots lost
651,neighbor,"0,1,2,3,4,5,6,7,8,9,10,11,12,13,14,15,19,16,17,18,20,21,22",3f3b4e77eb47e5ef034ad07a5baa6ab8a4d373e52e1e6314e130722c58bba5b1,cdb2745c593263c28cea7733fd061dc7e704c32ffe295f6d13d919ac63d5ecd1,96.507355,96.89586,544,False,unit fuzzy loss,success_build,True,True,aa62853a494a59a3b49a0803a5ed4d4d5e7bd2ca2a7a19f46a2873cb5965e68e,True,True,True,True,unverifiable: historical snapshots lost
652,neighbor,"0,1,2,3,4,5,6,7,8,9,10,11,12,13,14,15,16,19,17,18,20,21,22",0a9f1e0e754c927c3f5306a1fc3c47afb960c3bcae43144e24f884d66e052d74,cdb2745c593263c28cea7733fd061dc7e704c32ffe295f6d13d919ac63d5ecd1,96.507355,96.89586,544,False,unit fuzzy loss,success_build,True,True,aa62853a494a59a3b49a0803a5ed4d4d5e7bd2ca2a7a19f46a2873cb5965e68e,True,True,True,True,unverifiable: historical snapshots lost
653,neighbor,"0,1,2,3,4,5,6,7,8,9,10,11,12,13,14,15,16,17,18,20,21,19,22",63e91e391e215a260cbf846e799c59a5b52233a981f6cd671612577e73cc2a84,eb365166f8836c9121524e888e875fce1643ae063d29220430502101a6faaf46,96.507355,96.89586,544,False,unit fuzzy loss,success_build,True,True,aa62853a494a59a3b49a0803a5ed4d4d5e7bd2ca2a7a19f46a2873cb5965e68e,True,True,True,True,unverifiable: historical snapshots lost
654,neighbor,"0,1,2,3,4,5,6,7,8,9,10,11,12,13,14,15,16,17,18,20,21,22,19",37c817d595e2f810d7d0020c53b0fbcae87dcb70f24253f6f270f934a7a06dea,f98a1ddfcf66fbaf929b5a52f0326fb2400ea7686cd0a7ae1dfaf391a0b93b14,96.17647,96.86675,544,False,unit fuzzy loss,success_build,True,True,aa62853a494a59a3b49a0803a5ed4d4d5e7bd2ca2a7a19f46a2873cb5965e68e,True,True,True,True,unverifiable: historical snapshots lost
655,neighbor,"20,0,1,2,3,4,5,6,7,8,9,10,11,12,13,14,15,16,17,18,19,21,22",d0d47e8c6c3b6d1ccaf14ea4231526bb4d6bbe7a87488ef75fe8504e32d237f2,1dd5fcbe4d2bbfd29182395c7b2cb51c342b08503ce51736713f4b0587a5d9cd,93.161766,96.601555,544,False,unit fuzzy loss,success_build,True,True,aa62853a494a59a3b49a0803a5ed4d4d5e7bd2ca2a7a19f46a2873cb5965e68e,True,True,True,True,unverifiable: historical snapshots lost
656,neighbor,"0,20,1,2,3,4,5,6,7,8,9,10,11,12,13,14,15,16,17,18,19,21,22",bc4eba2eab65611d2adfba6fe5ea86bc7d971c1f6d84104a0081e2e3746fbec6,1dd5fcbe4d2bbfd29182395c7b2cb51c342b08503ce51736713f4b0587a5d9cd,93.161766,96.601555,544,False,unit fuzzy loss,success_build,True,True,aa62853a494a59a3b49a0803a5ed4d4d5e7bd2ca2a7a19f46a2873cb5965e68e,True,True,True,True,unverifiable: historical snapshots lost
657,neighbor,"0,1,20,2,3,4,5,6,7,8,9,10,11,12,13,14,15,16,17,18,19,21,22",80e336348af3787c9ff8654ba601661ec93c6d42e2972a895eb57529023f71a8,1dd5fcbe4d2bbfd29182395c7b2cb51c342b08503ce51736713f4b0587a5d9cd,93.161766,96.601555,544,False,unit fuzzy loss,success_build,True,True,aa62853a494a59a3b49a0803a5ed4d4d5e7bd2ca2a7a19f46a2873cb5965e68e,True,True,True,True,unverifiable: historical snapshots lost
658,neighbor,"0,1,2,20,3,4,5,6,7,8,9,10,11,12,13,14,15,16,17,18,19,21,22",01e0fdb320cdb66d421bea49ab7e4afcf8a7858b13df899fbee9a9d0f51381f9,1dd5fcbe4d2bbfd29182395c7b2cb51c342b08503ce51736713f4b0587a5d9cd,93.161766,96.601555,544,False,unit fuzzy loss,success_build,True,True,aa62853a494a59a3b49a0803a5ed4d4d5e7bd2ca2a7a19f46a2873cb5965e68e,True,True,True,True,unverifiable: historical snapshots lost
659,neighbor,"0,1,2,3,20,4,5,6,7,8,9,10,11,12,13,14,15,16,17,18,19,21,22",fd2f80396c144f2eae7ca6e6eb79dd106a87d0e457be89db9795d77058446b54,1dd5fcbe4d2bbfd29182395c7b2cb51c342b08503ce51736713f4b0587a5d9cd,93.161766,96.601555,544,False,unit fuzzy loss,success_build,True,True,aa62853a494a59a3b49a0803a5ed4d4d5e7bd2ca2a7a19f46a2873cb5965e68e,True,True,True,True,unverifiable: historical snapshots lost
660,neighbor,"0,1,2,3,4,20,5,6,7,8,9,10,11,12,13,14,15,16,17,18,19,21,22",6f4e031735d64a550afb3ef2ad47920e3c2fe3630b61fa039a04799a21c3dde6,f6598af970a3d57e5f11ce9d7e35164e88b5c95241f4cfb5ca669bc52c63642b,94.52206,96.721214,544,False,unit fuzzy loss,success_build,True,True,aa62853a494a59a3b49a0803a5ed4d4d5e7bd2ca2a7a19f46a2873cb5965e68e,True,True,True,True,unverifiable: historical snapshots lost
661,neighbor,"0,1,2,3,4,5,20,6,7,8,9,10,11,12,13,14,15,16,17,18,19,21,22",fa82f55f89bb0813e182a7ab69954725e921ca0821e024b4dbe17e72ed52e0db,c75b0ec20e04ce501be11289e73d3b089859b6208123c98818018cbca7d1048e,94.59559,96.727684,544,False,unit fuzzy loss,success_build,True,True,aa62853a494a59a3b49a0803a5ed4d4d5e7bd2ca2a7a19f46a2873cb5965e68e,True,True,True,True,unverifiable: historical snapshots lost
662,neighbor,"0,1,2,3,4,5,6,20,7,8,9,10,11,12,13,14,15,16,17,18,19,21,22",0ecb3b30c2be5c534db258e18706bb21d974e730f7e614e158782854aa2c9de2,2fba39459553775ef28fe40df15bf7815bb7d61435bc05db286128884c7c7d43,94.92647,96.75679,544,False,unit fuzzy loss,success_build,True,True,aa62853a494a59a3b49a0803a5ed4d4d5e7bd2ca2a7a19f46a2873cb5965e68e,True,True,True,True,unverifiable: historical snapshots lost
663,neighbor,"0,1,2,3,4,5,6,7,20,8,9,10,11,12,13,14,15,16,17,18,19,21,22",e9f3d2bb3f2863af5b189faae0994f3721092daf6a03cdc995c1b0f49a9ad3c1,fbc86ed805a3fa3cca1d2bc093f2dd2b20f79e125fffb92a3ebe4c270c034fe4,94.70588,96.73739,544,False,unit fuzzy loss,success_build,True,True,aa62853a494a59a3b49a0803a5ed4d4d5e7bd2ca2a7a19f46a2873cb5965e68e,True,True,True,True,unverifiable: historical snapshots lost
664,neighbor,"0,1,2,3,4,5,6,7,8,20,9,10,11,12,13,14,15,16,17,18,19,21,22",8ec19bae699f8ec00ef23bac79325315d73e0ed40d2a2bec2a2f287a00da4e6f,a6b9e91a1892673559f67281fbb31ba9f908d3548cc4720495de2292b36b4f0a,94.77941,96.74386,544,False,unit fuzzy loss,success_build,True,True,aa62853a494a59a3b49a0803a5ed4d4d5e7bd2ca2a7a19f46a2873cb5965e68e,True,True,True,True,unverifiable: historical snapshots lost
665,neighbor,"0,1,2,3,4,5,6,7,8,9,20,10,11,12,13,14,15,16,17,18,19,21,22",c76246cb3d1ebd8ccd490ea921085a7767b6099ae2d0622ad019e5b8c2bc7fff,a6b9e91a1892673559f67281fbb31ba9f908d3548cc4720495de2292b36b4f0a,94.77941,96.74386,544,False,unit fuzzy loss,success_build,True,True,aa62853a494a59a3b49a0803a5ed4d4d5e7bd2ca2a7a19f46a2873cb5965e68e,True,True,True,True,unverifiable: historical snapshots lost
666,neighbor,"0,1,2,3,4,5,6,7,8,9,10,20,11,12,13,14,15,16,17,18,19,21,22",b01a9d6912322ca4622fcf2182405ddf413b92649776c5de650e7d95702ea73b,a6b9e91a1892673559f67281fbb31ba9f908d3548cc4720495de2292b36b4f0a,94.77941,96.74386,544,False,unit fuzzy loss,success_build,True,True,aa62853a494a59a3b49a0803a5ed4d4d5e7bd2ca2a7a19f46a2873cb5965e68e,True,True,True,True,unverifiable: historical snapshots lost
667,neighbor,"0,1,2,3,4,5,6,7,8,9,10,11,20,12,13,14,15,16,17,18,19,21,22",180454378ab0ae2abf8dc9284b44a992f0a8e4e4b312d6d5d5fe97ed46171219,8619b50df54fcfaa5626b6a5561be206c24d0115f04c81c3bad13d0d17acf0c6,95.036766,96.766495,544,False,unit fuzzy loss,success_build,True,True,aa62853a494a59a3b49a0803a5ed4d4d5e7bd2ca2a7a19f46a2873cb5965e68e,True,True,True,True,unverifiable: historical snapshots lost
668,neighbor,"0,1,2,3,4,5,6,7,8,9,10,11,12,20,13,14,15,16,17,18,19,21,22",845f161ef84352b30f1e2e854012ae129f593b5d969575b989c040862e4d5c56,8124ef5404962a1cdc3e27c4f1792a70ed6a389e82813da9506c28cbdf730c61,96.02941,96.85381,544,False,unit fuzzy loss,success_build,True,True,aa62853a494a59a3b49a0803a5ed4d4d5e7bd2ca2a7a19f46a2873cb5965e68e,True,True,True,True,unverifiable: historical snapshots lost
669,neighbor,"0,1,2,3,4,5,6,7,8,9,10,11,12,13,20,14,15,16,17,18,19,21,22",48416e0cca948951838cfb8f638d5121fa55090b9e9a5ad949e544620868b7fd,765b24d8da3a07eda397b91772f5772fae9d080a61dd19bf233e47f4e24ef1c7,96.25,96.87322,544,False,unit fuzzy loss,success_build,True,True,aa62853a494a59a3b49a0803a5ed4d4d5e7bd2ca2a7a19f46a2873cb5965e68e,True,True,True,True,unverifiable: historical snapshots lost
670,neighbor,"0,1,2,3,4,5,6,7,8,9,10,11,12,13,14,20,15,16,17,18,19,21,22",63c9e99a353c346ff92431cef1243cefd1b41a7c5e20f24085bb48861fdec5ff,765b24d8da3a07eda397b91772f5772fae9d080a61dd19bf233e47f4e24ef1c7,96.25,96.87322,544,False,unit fuzzy loss,success_build,True,True,aa62853a494a59a3b49a0803a5ed4d4d5e7bd2ca2a7a19f46a2873cb5965e68e,True,True,True,True,unverifiable: historical snapshots lost
671,neighbor,"0,1,2,3,4,5,6,7,8,9,10,11,12,13,14,15,20,16,17,18,19,21,22",fbee409b90e020420490d728a7d42a44e7661ea1b4611764d954d0eaa47ab1f4,317ad57cd94ce225ffa066ca11ec4226784d5f06a0eb7d1f00ed3d61092769a2,96.47059,96.892624,544,False,unit fuzzy loss,success_build,True,True,aa62853a494a59a3b49a0803a5ed4d4d5e7bd2ca2a7a19f46a2873cb5965e68e,True,True,True,True,unverifiable: historical snapshots lost
672,neighbor,"0,1,2,3,4,5,6,7,8,9,10,11,12,13,14,15,16,20,17,18,19,21,22",913c6333ea0d009aca707d732d3e8ea87b720fe871d54bca750efdf857f42f66,317ad57cd94ce225ffa066ca11ec4226784d5f06a0eb7d1f00ed3d61092769a2,96.47059,96.892624,544,False,unit fuzzy loss,success_build,True,True,aa62853a494a59a3b49a0803a5ed4d4d5e7bd2ca2a7a19f46a2873cb5965e68e,True,True,True,True,unverifiable: historical snapshots lost
673,neighbor,"0,1,2,3,4,5,6,7,8,9,10,11,12,13,14,15,16,17,20,18,19,21,22",011b675f76765c0fe0967b137854434588ce0beb927eee83a958d8a46224d128,459c745e58be56e9efe9fed2400ba4b23b7019e3c9036c4c674b2c1ed542d309,96.58088,96.90233,544,False,unit fuzzy loss,success_build,True,True,aa62853a494a59a3b49a0803a5ed4d4d5e7bd2ca2a7a19f46a2873cb5965e68e,True,True,True,True,unverifiable: historical snapshots lost
674,neighbor,"0,1,2,3,4,5,6,7,8,9,10,11,12,13,14,15,16,17,18,19,21,22,20",8e3592b983f1ebd9885606425eaf95831b8e108fc9ccde5028df8547960feea2,51bcc8fb12289323ec922a229a305f5b5e6a6a1183affea3784c9d3753a9832d,96.17647,96.86675,544,False,unit fuzzy loss,success_build,True,True,aa62853a494a59a3b49a0803a5ed4d4d5e7bd2ca2a7a19f46a2873cb5965e68e,True,True,True,True,unverifiable: historical snapshots lost
675,neighbor,"21,0,1,2,3,4,5,6,7,8,9,10,11,12,13,14,15,16,17,18,19,20,22",02f854724feeb6d6bdc9bdd14972821e9f2d12cad34feeacc878692fb7469ea5,44e5a5a69e56e5d8352b9352a80b9527d92ad996b35293327b9c8fa1090430b8,94.375,96.70828,544,False,unit fuzzy loss,success_build,True,True,aa62853a494a59a3b49a0803a5ed4d4d5e7bd2ca2a7a19f46a2873cb5965e68e,True,True,True,True,unverifiable: historical snapshots lost
676,neighbor,"0,21,1,2,3,4,5,6,7,8,9,10,11,12,13,14,15,16,17,18,19,20,22",9baa41915255e584977035e73cebfdb1f70d82fc858a9ed6cdd2b9ec26c34ff9,4ec6ef505f83a46254d843932cef67267acc17168dd953c8bd59fddb19ce8b47,94.55882,96.72445,544,False,unit fuzzy loss,success_build,True,True,aa62853a494a59a3b49a0803a5ed4d4d5e7bd2ca2a7a19f46a2873cb5965e68e,True,True,True,True,unverifiable: historical snapshots lost
677,neighbor,"0,1,21,2,3,4,5,6,7,8,9,10,11,12,13,14,15,16,17,18,19,20,22",4cf0b43b89722f3af163dcf1b464b06c7d073f13bb89a07a3b2dc668ef65d45c,4ec6ef505f83a46254d843932cef67267acc17168dd953c8bd59fddb19ce8b47,94.55882,96.72445,544,False,unit fuzzy loss,success_build,True,True,aa62853a494a59a3b49a0803a5ed4d4d5e7bd2ca2a7a19f46a2873cb5965e68e,True,True,True,True,unverifiable: historical snapshots lost
678,neighbor,"0,1,2,21,3,4,5,6,7,8,9,10,11,12,13,14,15,16,17,18,19,20,22",35d948cab4c287ec2a703334b7d30797095be81ee1a9440fbe7cce0684a9b84b,4ec6ef505f83a46254d843932cef67267acc17168dd953c8bd59fddb19ce8b47,94.55882,96.72445,544,False,unit fuzzy loss,success_build,True,True,aa62853a494a59a3b49a0803a5ed4d4d5e7bd2ca2a7a19f46a2873cb5965e68e,True,True,True,True,unverifiable: historical snapshots lost
679,neighbor,"0,1,2,3,21,4,5,6,7,8,9,10,11,12,13,14,15,16,17,18,19,20,22",f5b253667f8755df2af67b3b7d538c36e1fa208f13899fc609462df5007cf6dc,39b46e490d5137828164683647113acd95fc313f3e6ff8e51532ea90db6658b2,94.338234,96.70505,544,False,unit fuzzy loss,success_build,True,True,aa62853a494a59a3b49a0803a5ed4d4d5e7bd2ca2a7a19f46a2873cb5965e68e,True,True,True,True,unverifiable: historical snapshots lost
680,neighbor,"0,1,2,3,4,21,5,6,7,8,9,10,11,12,13,14,15,16,17,18,19,20,22",c01f1aee13ae2958064334168b1057a6589230d44bfb6f242e25204af4a85d48,39b46e490d5137828164683647113acd95fc313f3e6ff8e51532ea90db6658b2,94.338234,96.70505,544,False,unit fuzzy loss,success_build,True,True,aa62853a494a59a3b49a0803a5ed4d4d5e7bd2ca2a7a19f46a2873cb5965e68e,True,True,True,True,unverifiable: historical snapshots lost
681,neighbor,"0,1,2,3,4,5,21,6,7,8,9,10,11,12,13,14,15,16,17,18,19,20,22",8da662dc570bd2019a9cdb97488fcf1810be7c370a911c4abc84527b3e6201dd,5e2e13813b34d0379b530b542aacb5965910adb2a26f942a1d1b1596e26fff9e,94.375,96.70828,544,False,unit fuzzy loss,success_build,True,True,aa62853a494a59a3b49a0803a5ed4d4d5e7bd2ca2a7a19f46a2873cb5965e68e,True,True,True,True,unverifiable: historical snapshots lost
682,neighbor,"0,1,2,3,4,5,6,21,7,8,9,10,11,12,13,14,15,16,17,18,19,20,22",d9c04869678b0785975327866a013b3bb4fa658a25c599bec980caf63f92a3fa,91e5b4e8cca05e4508d3bf9fa660a8d7590c1180c8899e48bd8a8cb00c896961,94.742645,96.74062,544,False,unit fuzzy loss,success_build,True,True,aa62853a494a59a3b49a0803a5ed4d4d5e7bd2ca2a7a19f46a2873cb5965e68e,True,True,True,True,unverifiable: historical snapshots lost
683,neighbor,"0,1,2,3,4,5,6,7,21,8,9,10,11,12,13,14,15,16,17,18,19,20,22",80d857b486b0ae42442bb918d7e5af70ad125927b0afc9740a7f597cccdcf7ef,fc0077eec27f98aa53e443ee0e5577b75e5e03482a10900dd02a04841db1ad6c,94.52206,96.721214,544,False,unit fuzzy loss,success_build,True,True,aa62853a494a59a3b49a0803a5ed4d4d5e7bd2ca2a7a19f46a2873cb5965e68e,True,True,True,True,unverifiable: historical snapshots lost
684,neighbor,"0,1,2,3,4,5,6,7,8,21,9,10,11,12,13,14,15,16,17,18,19,20,22",6a504aa7dea2a2e760c546b2748f572e976c1516530a200b32c51fa141a9486d,6a6be673133aba6e76854685fdb59ba9125fa8c55cd7f4dd2a9c879196671a25,94.59559,96.727684,544,False,unit fuzzy loss,success_build,True,True,aa62853a494a59a3b49a0803a5ed4d4d5e7bd2ca2a7a19f46a2873cb5965e68e,True,True,True,True,unverifiable: historical snapshots lost
685,neighbor,"0,1,2,3,4,5,6,7,8,9,21,10,11,12,13,14,15,16,17,18,19,20,22",8570da7ec0c0a0624846e9e5ed550e8fe2677ab0bf31e7ac20281e1549d6c94f,6a6be673133aba6e76854685fdb59ba9125fa8c55cd7f4dd2a9c879196671a25,94.59559,96.727684,544,False,unit fuzzy loss,success_build,True,True,aa62853a494a59a3b49a0803a5ed4d4d5e7bd2ca2a7a19f46a2873cb5965e68e,True,True,True,True,unverifiable: historical snapshots lost
686,neighbor,"0,1,2,3,4,5,6,7,8,9,10,21,11,12,13,14,15,16,17,18,19,20,22",db4ccc2a2575d163401473f5ed7bb63e9c2432909260927c4e169d95615e51ba,6a6be673133aba6e76854685fdb59ba9125fa8c55cd7f4dd2a9c879196671a25,94.59559,96.727684,544,False,unit fuzzy loss,success_build,True,True,aa62853a494a59a3b49a0803a5ed4d4d5e7bd2ca2a7a19f46a2873cb5965e68e,True,True,True,True,unverifiable: historical snapshots lost
687,neighbor,"0,1,2,3,4,5,6,7,8,9,10,11,21,12,13,14,15,16,17,18,19,20,22",e144aa55a37628a5b9f2d5f8ecb48fc1f55a30514b773dd3c03cbb59fa82cc5b,1ed591c78ac94e1eba3b5d9a1bb1400436376e824910fdb16b9ba06354fa1e87,94.85294,96.75032,544,False,unit fuzzy loss,success_build,True,True,aa62853a494a59a3b49a0803a5ed4d4d5e7bd2ca2a7a19f46a2873cb5965e68e,True,True,True,True,unverifiable: historical snapshots lost
688,neighbor,"0,1,2,3,4,5,6,7,8,9,10,11,12,21,13,14,15,16,17,18,19,20,22",046ee5e72da2b44d464a2b9e1aeef18cc7971fb6181ec367a7f3b3bb78ba091e,477a5acdd28a6ec75b6e9ea2722ce253473f2bb4199037490c4394c950cd256e,95.91912,96.84412,544,False,unit fuzzy loss,success_build,True,True,aa62853a494a59a3b49a0803a5ed4d4d5e7bd2ca2a7a19f46a2873cb5965e68e,True,True,True,True,unverifiable: historical snapshots lost
689,neighbor,"0,1,2,3,4,5,6,7,8,9,10,11,12,13,21,14,15,16,17,18,19,20,22",e2b218bb9b18a34cffd5bd6e019f977fd568ba6bc6dfca89a5f915bbd90a1568,d0ce7ee45112c95b1c45b095652d46e34bf98e0e6764bac6f7638efc5a15ff0a,96.13971,96.86352,544,False,unit fuzzy loss,success_build,True,True,aa62853a494a59a3b49a0803a5ed4d4d5e7bd2ca2a7a19f46a2873cb5965e68e,True,True,True,True,unverifiable: historical snapshots lost
690,neighbor,"0,1,2,3,4,5,6,7,8,9,10,11,12,13,14,21,15,16,17,18,19,20,22",8cdce5ffec68470e660dbbe979b3d5b1ed49998fba9fc7f1fc183ada2e155497,d0ce7ee45112c95b1c45b095652d46e34bf98e0e6764bac6f7638efc5a15ff0a,96.13971,96.86352,544,False,unit fuzzy loss,success_build,True,True,aa62853a494a59a3b49a0803a5ed4d4d5e7bd2ca2a7a19f46a2873cb5965e68e,True,True,True,True,unverifiable: historical snapshots lost
691,neighbor,"0,1,2,3,4,5,6,7,8,9,10,11,12,13,14,15,21,16,17,18,19,20,22",dd619d39f34ade67b11ea3797aaabd9f2da97237018279b9d70b258b7b87e1cd,c1148ecd90fea95e9864cd4afb8ad4b1bea60b9fca04d5b31d7a7f864de7b7eb,96.36029,96.88293,544,False,unit fuzzy loss,success_build,True,True,aa62853a494a59a3b49a0803a5ed4d4d5e7bd2ca2a7a19f46a2873cb5965e68e,True,True,True,True,unverifiable: historical snapshots lost
692,neighbor,"0,1,2,3,4,5,6,7,8,9,10,11,12,13,14,15,16,21,17,18,19,20,22",ce7364b4f27c8da78f35349b874f9b7137dcb3beacd2c1faf57eae7066d3be4e,c1148ecd90fea95e9864cd4afb8ad4b1bea60b9fca04d5b31d7a7f864de7b7eb,96.36029,96.88293,544,False,unit fuzzy loss,success_build,True,True,aa62853a494a59a3b49a0803a5ed4d4d5e7bd2ca2a7a19f46a2873cb5965e68e,True,True,True,True,unverifiable: historical snapshots lost
693,neighbor,"0,1,2,3,4,5,6,7,8,9,10,11,12,13,14,15,16,17,21,18,19,20,22",a749c9cdd2949c93d6927b0ad61e4cbcd1f2f3d721b4272adcd42319e6e2e7db,576291d277598cae46883276f4037d6391fbfc907fa4d06808742804e1c89f3c,96.47059,96.892624,544,False,unit fuzzy loss,success_build,True,True,aa62853a494a59a3b49a0803a5ed4d4d5e7bd2ca2a7a19f46a2873cb5965e68e,True,True,True,True,unverifiable: historical snapshots lost
694,neighbor,"0,1,2,3,4,5,6,7,8,9,10,11,12,13,14,15,16,17,18,21,19,20,22",3c5802e660240a03696fc0bf5668229b0f6f325fdd36cfa4cf154b72db16dd17,0a7de59fd2767d1f7380e771c89ad3170a58294ff1637df3074be9362b47dee3,96.54412,96.89909,544,False,unit fuzzy loss,success_build,True,True,aa62853a494a59a3b49a0803a5ed4d4d5e7bd2ca2a7a19f46a2873cb5965e68e,True,True,True,True,unverifiable: historical snapshots lost
695,neighbor,"22,0,1,2,3,4,5,6,7,8,9,10,11,12,13,14,15,16,17,18,19,20,21",d471a5b22a78f80847ccf01107e55e50cb9143f88571a565291c506e8c18b0b1,9209e305be198c941a29494f5313beff97969b5ee20904bbe9cf33c442db43ee,91.25,96.43338,544,False,unit fuzzy loss,success_build,True,True,aa62853a494a59a3b49a0803a5ed4d4d5e7bd2ca2a7a19f46a2873cb5965e68e,True,True,True,True,unverifiable: historical snapshots lost
696,neighbor,"0,22,1,2,3,4,5,6,7,8,9,10,11,12,13,14,15,16,17,18,19,20,21",5d930583749b3dd6e97787c0191e3bf29249387e94d1cea30a5b0fd95dcd88ce,9209e305be198c941a29494f5313beff97969b5ee20904bbe9cf33c442db43ee,91.25,96.43338,544,False,unit fuzzy loss,success_build,True,True,aa62853a494a59a3b49a0803a5ed4d4d5e7bd2ca2a7a19f46a2873cb5965e68e,True,True,True,True,unverifiable: historical snapshots lost
697,neighbor,"0,1,22,2,3,4,5,6,7,8,9,10,11,12,13,14,15,16,17,18,19,20,21",3c507c9c4ad7812431e84f30f0187c0665363d2a282c0be72fdce1280378ba18,9209e305be198c941a29494f5313beff97969b5ee20904bbe9cf33c442db43ee,91.25,96.43338,544,False,unit fuzzy loss,success_build,True,True,aa62853a494a59a3b49a0803a5ed4d4d5e7bd2ca2a7a19f46a2873cb5965e68e,True,True,True,True,unverifiable: historical snapshots lost
698,neighbor,"0,1,2,22,3,4,5,6,7,8,9,10,11,12,13,14,15,16,17,18,19,20,21",3837dcfb97ad8c161cf895b6279f273a30951cdb23d1debe0304ee378d0f8aac,9209e305be198c941a29494f5313beff97969b5ee20904bbe9cf33c442db43ee,91.25,96.43338,544,False,unit fuzzy loss,success_build,True,True,aa62853a494a59a3b49a0803a5ed4d4d5e7bd2ca2a7a19f46a2873cb5965e68e,True,True,True,True,unverifiable: historical snapshots lost
699,neighbor,"0,1,2,3,22,4,5,6,7,8,9,10,11,12,13,14,15,16,17,18,19,20,21",be29b31243c028e8431be1f100cf49b207319ea2edd20cc94995eff7595ec251,9209e305be198c941a29494f5313beff97969b5ee20904bbe9cf33c442db43ee,91.25,96.43338,544,False,unit fuzzy loss,success_build,True,True,aa62853a494a59a3b49a0803a5ed4d4d5e7bd2ca2a7a19f46a2873cb5965e68e,True,True,True,True,unverifiable: historical snapshots lost
700,neighbor,"0,1,2,3,4,22,5,6,7,8,9,10,11,12,13,14,15,16,17,18,19,20,21",7aca4f79b1ef9448312660c9366f1b2b5844c8ee7be8bf2a25c2c910a9d042ad,4e5d62e35071300aef71ae1ced5a60dab26e26c19033d629b7030a304cc4b519,93.86029,96.663,544,False,unit fuzzy loss,success_build,True,True,aa62853a494a59a3b49a0803a5ed4d4d5e7bd2ca2a7a19f46a2873cb5965e68e,True,True,True,True,unverifiable: historical snapshots lost
701,neighbor,"0,1,2,3,4,5,22,6,7,8,9,10,11,12,13,14,15,16,17,18,19,20,21",a1b618400dea32eff20e6abbb7cdd41b5c31cf515c5ca3f5da98ac061ef36308,3da66e51bd2c9f8c5a11a219a8a170bb8f202723ff1f1c185da1df6daf199935,93.89706,96.66624,544,False,unit fuzzy loss,success_build,True,True,aa62853a494a59a3b49a0803a5ed4d4d5e7bd2ca2a7a19f46a2873cb5965e68e,True,True,True,True,unverifiable: historical snapshots lost
702,neighbor,"0,1,2,3,4,5,6,22,7,8,9,10,11,12,13,14,15,16,17,18,19,20,21",70817eb6b12c4f0d3417b1fa50e4930a454d96b972d44f9791ad4d904d57a8fe,3123475f879c70ca345cb32139546d4c463cb5657b7a0414871fa05aab74036d,94.26471,96.69858,544,False,unit fuzzy loss,success_build,True,True,aa62853a494a59a3b49a0803a5ed4d4d5e7bd2ca2a7a19f46a2873cb5965e68e,True,True,True,True,unverifiable: historical snapshots lost
703,neighbor,"0,1,2,3,4,5,6,7,22,8,9,10,11,12,13,14,15,16,17,18,19,20,21",f1cab140c5c5444ffec55330b9333b6e0a0554b271689b75fb1ad86d43a3979a,1ce5771942d4d8f04623855890d1fdaf8cb2eebf5ff2d324c84ccda78b51a028,94.04412,96.67917,544,False,unit fuzzy loss,success_build,True,True,aa62853a494a59a3b49a0803a5ed4d4d5e7bd2ca2a7a19f46a2873cb5965e68e,True,True,True,True,unverifiable: historical snapshots lost
704,neighbor,"0,1,2,3,4,5,6,7,8,22,9,10,11,12,13,14,15,16,17,18,19,20,21",99e3a1166ecd42860cba1eafbb973e8ee44ce678d801ccdf2e95357db7e65d57,25b7a68bbadc337c2b952d1cec5cc53a101ed44f1f7c335be1f38050053e17a5,94.117645,96.68564,544,False,unit fuzzy loss,success_build,True,True,aa62853a494a59a3b49a0803a5ed4d4d5e7bd2ca2a7a19f46a2873cb5965e68e,True,True,True,True,unverifiable: historical snapshots lost
705,neighbor,"0,1,2,3,4,5,6,7,8,9,22,10,11,12,13,14,15,16,17,18,19,20,21",99852de540f347a90fcd77b24d674adb8a4a2a844df00ffeb4546f7cbd2a2f62,25b7a68bbadc337c2b952d1cec5cc53a101ed44f1f7c335be1f38050053e17a5,94.117645,96.68564,544,False,unit fuzzy loss,success_build,True,True,aa62853a494a59a3b49a0803a5ed4d4d5e7bd2ca2a7a19f46a2873cb5965e68e,True,True,True,True,unverifiable: historical snapshots lost
706,neighbor,"0,1,2,3,4,5,6,7,8,9,10,22,11,12,13,14,15,16,17,18,19,20,21",1fcf865641b97eeb4916a331da99d817aafa38b072237d0e0be1e50bbf7f5033,25b7a68bbadc337c2b952d1cec5cc53a101ed44f1f7c335be1f38050053e17a5,94.117645,96.68564,544,False,unit fuzzy loss,success_build,True,True,aa62853a494a59a3b49a0803a5ed4d4d5e7bd2ca2a7a19f46a2873cb5965e68e,True,True,True,True,unverifiable: historical snapshots lost
707,neighbor,"0,1,2,3,4,5,6,7,8,9,10,11,22,12,13,14,15,16,17,18,19,20,21",678e99841987a3a9757f24b7b2cb19a811dffb361620bc98b86ee6f7b946dc79,295a6016941336e5fb45342442fa934eae6add9e15407775103d838f0735beff,94.375,96.70828,544,False,unit fuzzy loss,success_build,True,True,aa62853a494a59a3b49a0803a5ed4d4d5e7bd2ca2a7a19f46a2873cb5965e68e,True,True,True,True,unverifiable: historical snapshots lost
708,neighbor,"0,1,2,3,4,5,6,7,8,9,10,11,12,22,13,14,15,16,17,18,19,20,21",5dd2213721d057de23454d784c96f5cd7a73443122c5ecb6e23df42185473b41,68f921fd579014fc7a80e889a91629b048acd72fb2bff677e6b6587ed7a4c033,95.588234,96.81501,544,False,unit fuzzy loss,success_build,True,True,aa62853a494a59a3b49a0803a5ed4d4d5e7bd2ca2a7a19f46a2873cb5965e68e,True,True,True,True,unverifiable: historical snapshots lost
709,neighbor,"0,1,2,3,4,5,6,7,8,9,10,11,12,13,22,14,15,16,17,18,19,20,21",1ca36a941c3dee5b0f5eded510c8455588f2aae1bcbb39efd23c430ec2bc4e49,a2b386c1fc08fdd35d3178f7a4712836b3f5bb3dae355ac0e429dd58075e266d,95.80882,96.83441,544,False,unit fuzzy loss,success_build,True,True,aa62853a494a59a3b49a0803a5ed4d4d5e7bd2ca2a7a19f46a2873cb5965e68e,True,True,True,True,unverifiable: historical snapshots lost
710,neighbor,"0,1,2,3,4,5,6,7,8,9,10,11,12,13,14,22,15,16,17,18,19,20,21",0c68a09751a846261e5c786910953670bb3214bf00fba539915369ea34e06ac3,a2b386c1fc08fdd35d3178f7a4712836b3f5bb3dae355ac0e429dd58075e266d,95.80882,96.83441,544,False,unit fuzzy loss,success_build,True,True,aa62853a494a59a3b49a0803a5ed4d4d5e7bd2ca2a7a19f46a2873cb5965e68e,True,True,True,True,unverifiable: historical snapshots lost
711,neighbor,"0,1,2,3,4,5,6,7,8,9,10,11,12,13,14,15,22,16,17,18,19,20,21",3ceb00e89ba564cf9b919e3153bf70fde4e3f4f323f144db6f4a2f32ce92b308,e38913745616dff027cc64020335c303fdcae912cb47964223962cdc328ed30e,96.02941,96.85381,544,False,unit fuzzy loss,success_build,True,True,aa62853a494a59a3b49a0803a5ed4d4d5e7bd2ca2a7a19f46a2873cb5965e68e,True,True,True,True,unverifiable: historical snapshots lost
712,neighbor,"0,1,2,3,4,5,6,7,8,9,10,11,12,13,14,15,16,22,17,18,19,20,21",72e26b5086351515098c0fcd8ef22868e1e3d404ce8622337025f5329c5adc0e,e38913745616dff027cc64020335c303fdcae912cb47964223962cdc328ed30e,96.02941,96.85381,544,False,unit fuzzy loss,success_build,True,True,aa62853a494a59a3b49a0803a5ed4d4d5e7bd2ca2a7a19f46a2873cb5965e68e,True,True,True,True,unverifiable: historical snapshots lost
713,neighbor,"0,1,2,3,4,5,6,7,8,9,10,11,12,13,14,15,16,17,22,18,19,20,21",5df6a11d10cbb48051dfe6370e1bd876ef5c16950c6238250828d75c092fc070,a8c1e740f41a402068eb4309c73edc465de1fc6ea9847dd51b61525e0526bc23,96.13971,96.86352,544,False,unit fuzzy loss,success_build,True,True,aa62853a494a59a3b49a0803a5ed4d4d5e7bd2ca2a7a19f46a2873cb5965e68e,True,True,True,True,unverifiable: historical snapshots lost
714,neighbor,"0,1,2,3,4,5,6,7,8,9,10,11,12,13,14,15,16,17,18,22,19,20,21",cc81c79b82ed6c1ecad10c74be2b80ecd2b1f2ce52ce856dbd29d9d82e600010,0ce0bc163e289503f2ad86cf2b530e1d4148eb4d5ac2cdd66cbee7714f5b19b7,96.213234,96.86999,544,False,unit fuzzy loss,success_build,True,True,aa62853a494a59a3b49a0803a5ed4d4d5e7bd2ca2a7a19f46a2873cb5965e68e,True,True,True,True,unverifiable: historical snapshots lost
715,neighbor,"0,1,2,3,4,5,6,7,8,9,10,11,12,13,14,15,16,17,18,19,22,20,21",defa31d918417ac0bd688f108bb04ddc40e4ce1c4cc7abf833679069767e668f,43319ae732ed01d89550e1e8d143a57c43a87e77b36d96b732853efde0519e1d,96.17647,96.86675,544,False,unit fuzzy loss,success_build,True,True,aa62853a494a59a3b49a0803a5ed4d4d5e7bd2ca2a7a19f46a2873cb5965e68e,True,True,True,True,unverifiable: historical snapshots lost
