call,order_indices,source_sha256,object_sha256,fuzzy,unit_fuzzy,function_bytes,compile_status,source_stable,object_build_message,admissible,gate_failures,previous_manifest_call
0,0 1 2 3 4 5 6 7 8 9 10 11 12 13 14 15 16 17 18 19 20 21 22 23,2786627085c80a77b1e10842267d36b4fa0e975adf4c220aad2fb8d842d6ca98,6e46b9dadbfacd1b30cc290f6304395e56dd2e6cd41b4a501800f9c47af26eb9,95.28369,96.89909,564,success_build,True,True,True,,251
1,1 0 2 3 4 5 6 7 8 9 10 11 12 13 14 15 16 17 18 19 20 21 22 23,5cbf8fb517cc6029162055b7d5aa30f709b98eac0d5f398343a38a8559383de6,6e46b9dadbfacd1b30cc290f6304395e56dd2e6cd41b4a501800f9c47af26eb9,95.28369,96.89909,564,success_build,True,True,True,,
2,2 1 0 3 4 5 6 7 8 9 10 11 12 13 14 15 16 17 18 19 20 21 22 23,670ddf5c6839e33b6aac249e33c587d2006db6f4a3418154c7a0e88f83160d42,6e46b9dadbfacd1b30cc290f6304395e56dd2e6cd41b4a501800f9c47af26eb9,95.28369,96.89909,564,success_build,True,True,True,,
3,3 1 2 0 4 5 6 7 8 9 10 11 12 13 14 15 16 17 18 19 20 21 22 23,97acc791a8c0df06703e3136d5ef6848c5b5fae1e6dce230267d447eebeac85b,9305bf8f7333eb22c713f1c174be3286a49c6207cebbf2a292e686a968b2b594,90.39716,96.45343,564,success_build,True,True,False,unit fuzzy loss,
4,4 1 2 3 0 5 6 7 8 9 10 11 12 13 14 15 16 17 18 19 20 21 22 23,60cc8fec3207e3affd4d2790a8ef43237ba1cd3a07e6af3481c611db77983144,489af3cb6d02d94bc929a93f1f0099169cae177d61513ac6c218fa6d562202a0,95.07092,96.87969,564,success_build,True,True,False,unit fuzzy loss,
5,5 1 2 3 4 0 6 7 8 9 10 11 12 13 14 15 16 17 18 19 20 21 22 23,2524d3ea7c549a42d2d0d5bce8da27a44195cb9a318fdb02b4899592a6977f0a,42ecb9e521ab5378a6930371347e1afdea7b821b7cf5a778978f2dd0e2180b55,95.03546,96.87646,564,success_build,True,True,False,unit fuzzy loss,
6,6 1 2 3 4 5 0 7 8 9 10 11 12 13 14 15 16 17 18 19 20 21 22 23,af42afa5667ffcc07328227b770083d51f023281aa5e148d4b60c1399370b509,3412059e3e44651d3bec0853261352913fed1c99006af1a9f9c628ef86f2d0bd,95.106384,96.88293,564,success_build,True,True,False,unit fuzzy loss,
7,7 1 2 3 4 5 6 0 8 9 10 11 12 13 14 15 16 17 18 19 20 21 22 23,d43e221bee6afc33b7b70a917883739aa695a516b89ca1882941775a250ff26e,960f6dda7fac4ebf134d716f08ab5d4d509dd1158e84a54c0bf95edb3fc59f8d,95.07092,96.87969,564,success_build,True,True,False,unit fuzzy loss,
8,8 1 2 3 4 5 6 7 0 9 10 11 12 13 14 15 16 17 18 19 20 21 22 23,f3f24aa6b5452f1af459c6a329b35f6088611df6288107cec6aa0a499467a46d,aa3fdc795b9d85d7bd2e4d8a32769926aa4ffd8cb412c825b9f4b8aae8cec8a0,95.106384,96.88293,564,success_build,True,True,False,unit fuzzy loss,
9,9 1 2 3 4 5 6 7 8 0 10 11 12 13 14 15 16 17 18 19 20 21 22 23,5c6c92e3de5577e2abe486419186e5e9bf722a66c4dc7613833c184eeceeaf27,9e490b3e4499d1212ed7063a2ab711156f73f82e5c1ecbb668dea4fcc7567716,94.92908,96.86675,564,success_build,True,True,False,unit fuzzy loss,
10,10 1 2 3 4 5 6 7 8 9 0 11 12 13 14 15 16 17 18 19 20 21 22 23,7eaf87fa6158777a5c1bcfa3d05a7d02c20b2b038f4143cc27bc63f1f4bd7511,b63f792fbb67e73dbfd93dfb93b5baee7c05dd0e72119da944569cd34d2049d3,94.82269,96.85705,564,success_build,True,True,False,unit fuzzy loss,
11,11 1 2 3 4 5 6 7 8 9 10 0 12 13 14 15 16 17 18 19 20 21 22 23,0ae299386eb028c856cf9e5fc84fa2e39b56569f84144c976c02b1eed40e0963,b63f792fbb67e73dbfd93dfb93b5baee7c05dd0e72119da944569cd34d2049d3,94.82269,96.85705,564,success_build,True,True,False,unit fuzzy loss,
12,12 1 2 3 4 5 6 7 8 9 10 11 0 13 14 15 16 17 18 19 20 21 22 23,7af67c262c05c1ab91d7604b5b3abd4c664bf15dd7bd54a0fd1fd8193b102963,5f98697a1ad2a60a5f1160dee5edda6d8c8bc41bc6227639306df2fe68ecb479,93.46809,96.733505,564,success_build,True,True,False,unit fuzzy loss,
13,13 1 2 3 4 5 6 7 8 9 10 11 12 0 14 15 16 17 18 19 20 21 22 23,6d46c1ad5417a8a72a8c0a41b64a8d0f56343de95dd009a08c531455fbe69672,0a6dedf5e1e6e5391c2bc5a0873a0b7fe35eef3d95d97ae3d3c19a90c0dcd42d,93.3688,96.72445,564,success_build,True,True,False,unit fuzzy loss,
14,14 1 2 3 4 5 6 7 8 9 10 11 12 13 0 15 16 17 18 19 20 21 22 23,0ee98c6dc929de875679c60f044ff9f09fe6b3b09565735d75f5921d868f3cee,021754a1daf491d91c8ce681864e0491f9f9f65976ca428b31eb01757bc7539c,94.96454,96.86999,564,success_build,True,True,False,unit fuzzy loss,
15,15 1 2 3 4 5 6 7 8 9 10 11 12 13 14 0 16 17 18 19 20 21 22 23,a298de419d129b06333486f156cefea6f361ae8ce452332c9fd71e070189c4c7,516cd0d4f387d3f1fd404ec6fa638a845de688ff403d812d676afdd82596d78b,95.0,96.87322,564,success_build,True,True,False,unit fuzzy loss,
16,16 1 2 3 4 5 6 7 8 9 10 11 12 13 14 15 0 17 18 19 20 21 22 23,b1864f35301d614382e0cc9fdab7a30ce60317bcaa4a436651d83cd27a6c6957,afa0d00d281d04a2dc9f827dd6ec83b51ae6e149d326cb25d930f3d0f6a32f64,95.106384,96.88293,564,success_build,True,True,False,unit fuzzy loss,
17,17 1 2 3 4 5 6 7 8 9 10 11 12 13 14 15 16 0 18 19 20 21 22 23,ddc28d03e76ca592d49bafe42559a350d5056eaae77163a003c82dfaca8db488,a44b5626de056598dd9dd55bac6c6d1d6e9634e43698c222bf8b0f51d61bbf76,95.03546,96.87646,564,success_build,True,True,False,unit fuzzy loss,
18,18 1 2 3 4 5 6 7 8 9 10 11 12 13 14 15 16 17 0 19 20 21 22 23,2127c3e46e0d379f34736e0f2dcf826b2be3fa9df240c5d039ffe5f9f69cbd3c,ff035f1cadbd5e80c6386656189f6bc1ec01bb1d9df2e3e1590ca19752387f75,92.510635,96.64619,564,success_build,True,True,False,unit fuzzy loss,
19,19 1 2 3 4 5 6 7 8 9 10 11 12 13 14 15 16 17 18 0 20 21 22 23,d1cdc3a564477c61c7fbba14247dda665b9065afae4baf57217f0db3976b5835,348568d2f40a5effa83bca1eb14dc5d7bd1bc1d8f577f536fea2e3cd8524b2d0,92.858154,96.67788,564,success_build,True,True,False,unit fuzzy loss,
20,20 1 2 3 4 5 6 7 8 9 10 11 12 13 14 15 16 17 18 19 0 21 22 23,cd4a406a32f17dc681c6edba61d0e034494a7a43f14de320550ef8dbb5692602,d19cf8a00a9d617ca4b8d2ff67e8dd1e23285030d0d0af87ae606c0537292870,92.80142,96.67271,564,success_build,True,True,False,unit fuzzy loss,
21,21 1 2 3 4 5 6 7 8 9 10 11 12 13 14 15 16 17 18 19 20 0 22 23,c6d593f8aab2b3bd68983ac372e50a8ffd37714790c03f90164ee065c1ed3bab,3a78cba083846cffcac9b93ad7ef77bc73b2b6e81f24e42b5037cf7c27931f5b,92.9078,96.6824,564,success_build,True,True,False,unit fuzzy loss,
22,22 1 2 3 4 5 6 7 8 9 10 11 12 13 14 15 16 17 18 19 20 21 0 23,f946cb6649a37f5811b382a0e2755bdab7db8246d66a6472e07a470b57058eee,d1e88d6ed50321b2a492ed979f14d980cd745501d5860d383a9af1829b7c4493,91.9078,96.5912,564,success_build,True,True,False,unit fuzzy loss,
23,23 1 2 3 4 5 6 7 8 9 10 11 12 13 14 15 16 17 18 19 20 21 22 0,e0be4273360a4ff99262601ef410b5b14a59d25d32a7f7a7f475c1e44e91288a,d1e88d6ed50321b2a492ed979f14d980cd745501d5860d383a9af1829b7c4493,91.9078,96.5912,564,success_build,True,True,False,unit fuzzy loss,
24,0 2 1 3 4 5 6 7 8 9 10 11 12 13 14 15 16 17 18 19 20 21 22 23,0efd951e65464bcbdccc6b2f352af592123952fe635cebe1e7792ed609eaa95e,6e46b9dadbfacd1b30cc290f6304395e56dd2e6cd41b4a501800f9c47af26eb9,95.28369,96.89909,564,success_build,True,True,True,,
25,0 3 2 1 4 5 6 7 8 9 10 11 12 13 14 15 16 17 18 19 20 21 22 23,3acc047a36462a74e335effc1737dfc9bf9886ae3fe80b97bb3f4d18aa955349,ff26e35bf738386e770d1f2764b8b8c59ba4879215f30df029e2e9a9e5b7aafa,90.50355,96.46313,564,success_build,True,True,False,unit fuzzy loss,
26,0 4 2 3 1 5 6 7 8 9 10 11 12 13 14 15 16 17 18 19 20 21 22 23,29779f6ba0bd1009f60df34a5da2b3ddeafb3586b72e28cbb984f5c60b343369,6e46b9dadbfacd1b30cc290f6304395e56dd2e6cd41b4a501800f9c47af26eb9,95.28369,96.89909,564,success_build,True,True,True,,
27,0 5 2 3 4 1 6 7 8 9 10 11 12 13 14 15 16 17 18 19 20 21 22 23,1f60c6c7c26595c6d236c10ae4d4b5753d2dcec2a3f170185854a0959087dc67,1e995bccad4f22912da3d0ce4abf015f420cfde4bebbeee659d47712b2975cd8,95.17731,96.88939,564,success_build,True,True,False,unit fuzzy loss,
28,0 6 2 3 4 5 1 7 8 9 10 11 12 13 14 15 16 17 18 19 20 21 22 23,497557c391a272202cd3920cf80aa7eb999372a7d7915098b16b6dd9d3721b5c,c593e6e4c24b29dce1b6f5ac54c42ab1f967f76401965c084247ecd2440a2898,95.17731,96.88939,564,success_build,True,True,False,unit fuzzy loss,
29,0 7 2 3 4 5 6 1 8 9 10 11 12 13 14 15 16 17 18 19 20 21 22 23,c9fa2b485c87c9683c895d18a442d0447ed0dfb2a4f41b3f6271d3dd8e5484f4,6e46b9dadbfacd1b30cc290f6304395e56dd2e6cd41b4a501800f9c47af26eb9,95.28369,96.89909,564,success_build,True,True,True,,
30,0 8 2 3 4 5 6 7 1 9 10 11 12 13 14 15 16 17 18 19 20 21 22 23,9d8807f27b2e3d6224650495e7b5f48d7eb1a8bf459a0a4b34deaec17faf9de7,1d19ae1913ce82ba9aeb4c6d83d0ec1fd3ce1575773e347ebf512b9ae820ce62,95.17731,96.88939,564,success_build,True,True,False,unit fuzzy loss,
31,0 9 2 3 4 5 6 7 8 1 10 11 12 13 14 15 16 17 18 19 20 21 22 23,bc9f3747e050b4ef775a7b95fa925db98b913afec0f21b5b6f35eba27b1cd3f6,28f17d09d5c9aa1b0dbff3703fd9f1caa7cf399f85c101d7b175ef68a893ae89,95.07092,96.87969,564,success_build,True,True,False,unit fuzzy loss,
32,0 10 2 3 4 5 6 7 8 9 1 11 12 13 14 15 16 17 18 19 20 21 22 23,308dce3521c8f77e74b8f2f29e40de2181e4dbd9eded41ffeb6f4bbd54a926bc,6e46b9dadbfacd1b30cc290f6304395e56dd2e6cd41b4a501800f9c47af26eb9,95.28369,96.89909,564,success_build,True,True,True,,
33,0 11 2 3 4 5 6 7 8 9 10 1 12 13 14 15 16 17 18 19 20 21 22 23,ae4c35edac4dcfed1b0bca897eb152a74602fb89ceecb51727a91cf33d466218,6e46b9dadbfacd1b30cc290f6304395e56dd2e6cd41b4a501800f9c47af26eb9,95.28369,96.89909,564,success_build,True,True,True,,
34,0 12 2 3 4 5 6 7 8 9 10 11 1 13 14 15 16 17 18 19 20 21 22 23,ee2bac5cc0ad423953d5fda569c268f8a79d0a4d4ff055b44499c47ee2f2b635,0c424e44f4041ab05087f32dc5d732a8c97e87157b138fc813b6e30ad14aa351,94.80851,96.85576,564,success_build,True,True,False,unit fuzzy loss,
35,0 13 2 3 4 5 6 7 8 9 10 11 12 1 14 15 16 17 18 19 20 21 22 23,886c93961c7fd14cd7299fcf59bea39a6fe82789ac671053c1b4d65036ffd715,809a2a7e533785323426a2a77f497e43ae16358295bb6ab5b979744ffb96e8a5,93.03546,96.694046,564,success_build,True,True,False,unit fuzzy loss,
36,0 14 2 3 4 5 6 7 8 9 10 11 12 13 1 15 16 17 18 19 20 21 22 23,4b622220ed88d1cdbc8b72a46655edcfcd8d750ee00ec35911c55d88367b5840,9fba09028207baeb93290ee2c0e109cbc9235c30ea6f660088a92d50b330b0ba,92.82269,96.674644,564,success_build,True,True,False,unit fuzzy loss,
37,0 15 2 3 4 5 6 7 8 9 10 11 12 13 14 1 16 17 18 19 20 21 22 23,34677e5664ff8e73ea12aea5bfda06ad8c403a9737144f4b4a98f63aaf5791f6,ad1bbc7a8dd7417a9aae8ab3a835c1ae710ed4e4bbd788516bd1666a50ce6d6e,92.71631,96.66494,564,success_build,True,True,False,unit fuzzy loss,
38,0 16 2 3 4 5 6 7 8 9 10 11 12 13 14 15 1 17 18 19 20 21 22 23,83b26602ebc6bc35fa33617d68f553bfcd542177ffe274c325affb22c0222700,9a6cfa234f453420b4a603871d4c870ae0805fac1f0b707f8bcd30e39e384742,92.71631,96.66494,564,success_build,True,True,False,unit fuzzy loss,
39,0 17 2 3 4 5 6 7 8 9 10 11 12 13 14 15 16 1 18 19 20 21 22 23,2c19fae6efd2e4c7f939f4290f0e08173202e347ed4f510ea9de8ca556e85748,dd2905ece8039c2de5e9694d42fb09f02ebb320e9e738ecec8d2c8d53bd79786,92.64539,96.65847,564,success_build,True,True,False,unit fuzzy loss,
40,0 18 2 3 4 5 6 7 8 9 10 11 12 13 14 15 16 17 1 19 20 21 22 23,506889acf0f4fb6d008a567b8b7c1a730f11fdbabe3329221e88affc5cc85ca5,6e46b9dadbfacd1b30cc290f6304395e56dd2e6cd41b4a501800f9c47af26eb9,95.28369,96.89909,564,success_build,True,True,True,,
41,0 19 2 3 4 5 6 7 8 9 10 11 12 13 14 15 16 17 18 1 20 21 22 23,8a2cdc6c37c18a1fba0a04a25426c980309eb269c32357033f052b550c547b77,8ec6ea51084183523e0b3b41683457c8305040485700a79fcb40c65ab7acd231,90.64539,96.47607,564,success_build,True,True,False,unit fuzzy loss,
42,0 20 2 3 4 5 6 7 8 9 10 11 12 13 14 15 16 17 18 19 1 21 22 23,c77a43f75b3ef17f3ad2959ef07acadd048ddc8c630fab6d2a7022354f7acf8a,c114e57f0a1e2e26ceafd5977ccdfab8bab448ace5fc55512da9c1fd9833db1b,90.51773,96.464424,564,success_build,True,True,False,unit fuzzy loss,
43,0 21 2 3 4 5 6 7 8 9 10 11 12 13 14 15 16 17 18 19 20 1 22 23,8a0b23b43054615323b8443f8f86cf8344c5e5584ae012e0a1349ff5d23563d0,36e15d2d81b487f46aafa19778eea415c83d13ad205091a2a08f872d9d9a3581,90.0922,96.42561,564,success_build,True,True,False,unit fuzzy loss,
44,0 22 2 3 4 5 6 7 8 9 10 11 12 13 14 15 16 17 18 19 20 21 1 23,1972a68e2b41fbd166faf687465ac0a09fd3c72f5234c7a68bcf926a29ec5bc0,6e46b9dadbfacd1b30cc290f6304395e56dd2e6cd41b4a501800f9c47af26eb9,95.28369,96.89909,564,success_build,True,True,True,,
45,0 23 2 3 4 5 6 7 8 9 10 11 12 13 14 15 16 17 18 19 20 21 22 1,00022c066cfc0f6e5d38b1ad3ef8cb9617d0544a46d28a73bff0896332c2bd02,6e46b9dadbfacd1b30cc290f6304395e56dd2e6cd41b4a501800f9c47af26eb9,95.28369,96.89909,564,success_build,True,True,True,,
46,0 1 3 2 4 5 6 7 8 9 10 11 12 13 14 15 16 17 18 19 20 21 22 23,fa48e75362c3b5b56f7c8c116141358b838fa2acd534b8d7629db41fbb8bcde9,ff26e35bf738386e770d1f2764b8b8c59ba4879215f30df029e2e9a9e5b7aafa,90.50355,96.46313,564,success_build,True,True,False,unit fuzzy loss,
47,0 1 4 3 2 5 6 7 8 9 10 11 12 13 14 15 16 17 18 19 20 21 22 23,1c00ff263f2adf75c9e23a1be9b4c9d56b25facf77ccac03edf0a0803825ee8f,01f26cabfccee045ff96e21e149c198917af42aa6031f1df5d14887916b071d5,90.680855,96.4793,564,success_build,True,True,False,unit fuzzy loss,
48,0 1 5 3 4 2 6 7 8 9 10 11 12 13 14 15 16 17 18 19 20 21 22 23,988220fc9e1461a8fd09c4a45c570e1d432034d01d9ad2f2d79aed3be1555a7f,5732b23d5ee37b45161bb322b438fb6d3cf5598150c451f5a2c4edc2b21f9afa,90.50355,96.46313,564,success_build,True,True,False,unit fuzzy loss,
49,0 1 6 3 4 5 2 7 8 9 10 11 12 13 14 15 16 17 18 19 20 21 22 23,a94d476e77de932cc69434c4b6a8b5e00393401d8214713c1dd4600d778d42b5,87082f22ffa4028688c6c7065b8a5d9eca0e5a7259c89bed0dd1e31ce50a6eb5,90.50355,96.46313,564,success_build,True,True,False,unit fuzzy loss,
50,0 1 7 3 4 5 6 2 8 9 10 11 12 13 14 15 16 17 18 19 20 21 22 23,a88c91cd642e4be5e10d40759162c45ccaf14cba62659eba0779bc86a88140ee,89e5c333f348c2b19c0f2f44a6d989112269f29ffcdfc73d5cdaeaf57824238d,90.60993,96.47283,564,success_build,True,True,False,unit fuzzy loss,
51,0 1 8 3 4 5 6 7 2 9 10 11 12 13 14 15 16 17 18 19 20 21 22 23,7e9dfa5e2738356ded0c0688d2e34f88873ed006f61bcb4c8fee54445e32ec8e,56bb3a6cc67fca1d7b2414bc7038e1946336d6845b9516b3e1d9065f66c54698,90.50355,96.46313,564,success_build,True,True,False,unit fuzzy loss,
52,0 1 9 3 4 5 6 7 8 2 10 11 12 13 14 15 16 17 18 19 20 21 22 23,6f6102bb6333bb2b290d106d97b32f0a63c52e7efce2e9b3236dee5f5626949c,b8230e5f3205165f5a3e0dede0339c62990978d3b959e698e03997f6422b664f,92.60993,96.65524,564,success_build,True,True,False,unit fuzzy loss,
53,0 1 10 3 4 5 6 7 8 9 2 11 12 13 14 15 16 17 18 19 20 21 22 23,75d630991e2188b496b54c37358692cd7a93377a5156e03394519aad512b82bf,6b99b3a3566ea8dbc8c8184c367345c13da6ab858d7832b4d99c545955c86726,92.82269,96.674644,564,success_build,True,True,False,unit fuzzy loss,
54,0 1 11 3 4 5 6 7 8 9 10 2 12 13 14 15 16 17 18 19 20 21 22 23,aec67862c1242043fba3a7589cfa2bcccae28227154c1aa0988f88f36205e45e,6b99b3a3566ea8dbc8c8184c367345c13da6ab858d7832b4d99c545955c86726,92.82269,96.674644,564,success_build,True,True,False,unit fuzzy loss,
55,0 1 12 3 4 5 6 7 8 9 10 11 2 13 14 15 16 17 18 19 20 21 22 23,76131f351f71b618f7ea1216c524672797e02d0329551b15019638fc41613688,13bcc282f1d95c4104e4807f7fad721e03874f26288d0312a0a8ef863b889c3c,92.524826,96.64748,564,success_build,True,True,False,unit fuzzy loss,
56,0 1 13 3 4 5 6 7 8 9 10 11 12 2 14 15 16 17 18 19 20 21 22 23,4cf4c4110e266d53a6761e44210365d2e6537eef86c934f1df48f8f36a8b90d4,a72b8510d77118087f52063790dfc6d825b5b19005e2d0ad936f698e21b4c758,91.141846,96.52135,564,success_build,True,True,False,unit fuzzy loss,
57,0 1 14 3 4 5 6 7 8 9 10 11 12 13 2 15 16 17 18 19 20 21 22 23,4bf5a612c0b27c50a6b29a3dfd70af11d7df5cf7e4edb170f47b80b12a1b91c8,322c46273f571053f7094548c3cf797aa6848805bf730c423c7516514df127fe,91.141846,96.52135,564,success_build,True,True,False,unit fuzzy loss,
58,0 1 15 3 4 5 6 7 8 9 10 11 12 13 14 2 16 17 18 19 20 21 22 23,e1efcd4342644fd609016a8eaf80dd3ed8ed9d9b2c443c9a89c9f0ed12af32b1,9f35d3b08a1df7f75c908749f09234f114102cf416d1223e67da310aceae3554,91.141846,96.52135,564,success_build,True,True,False,unit fuzzy loss,
59,0 1 16 3 4 5 6 7 8 9 10 11 12 13 14 15 2 17 18 19 20 21 22 23,a48762b75c2903950126c070209785edb8700c758815d6aca907ebdb9f439cef,89eccb63a28cb7b57eab391179020d682277cf476c5d081ae41e6dd3d5583547,91.141846,96.52135,564,success_build,True,True,False,unit fuzzy loss,
60,0 1 17 3 4 5 6 7 8 9 10 11 12 13 14 15 16 2 18 19 20 21 22 23,a36ca7c3b1a0f72285b924ae48b1d9b868ed86d6cecb6058bfa3512127c0864a,52d55082e6fe6d6617b43798d01560f0d2428f2a3428f75bbbbbebdb0b09f8b9,91.21277,96.52782,564,success_build,True,True,False,unit fuzzy loss,
61,0 1 18 3 4 5 6 7 8 9 10 11 12 13 14 15 16 17 2 19 20 21 22 23,2afc53cc3a72d4f2de8af375d0722af001082f00dd7994f9d7d2b8570f532475,c3c64de283b390ae3d119a0ed28fc23e4cc445554924a9e3010356b2698587a2,93.53191,96.73933,564,success_build,True,True,False,unit fuzzy loss,
62,0 1 19 3 4 5 6 7 8 9 10 11 12 13 14 15 16 17 18 2 20 21 22 23,345630ea75948e8f78251ee810ba0fd081d9ac8bc89233dcc1ccc6a11afea8cf,b98d82220c939328f38138cae37100471d3f550c5b7ab78f6d06c3d0c7069ec0,93.67376,96.752266,564,success_build,True,True,False,unit fuzzy loss,
63,0 1 20 3 4 5 6 7 8 9 10 11 12 13 14 15 16 17 18 19 2 21 22 23,cb1db60fccddfcd50e7053e014c422ecc113544ed33e976a4534d3718099e791,4ba93477679d9ae60d83763c0ba62f693663f4b8286eb82ffd669b6d56d74367,93.5461,96.74062,564,success_build,True,True,False,unit fuzzy loss,
64,0 1 21 3 4 5 6 7 8 9 10 11 12 13 14 15 16 17 18 19 20 2 22 23,4fb203498609c7fe7f6024537498437cd4a6deeb40ae9c6e1f512dbcdc874aff,a7b8bf68fb86aff68f818c56c0cd53b6272de6c2a72e2b35b57b1f85e2ca0989,93.58156,96.74386,564,success_build,True,True,False,unit fuzzy loss,
65,0 1 22 3 4 5 6 7 8 9 10 11 12 13 14 15 16 17 18 19 20 21 2 23,c638b45399503b3ebf84da5a37864311abbcd9f724a50d9c00627de9f61372e9,665c1ca241ea9392673168c3470cbd241419e010f77e259f4d65506b524c8f40,93.24823,96.713455,564,success_build,True,True,False,unit fuzzy loss,
66,0 1 23 3 4 5 6 7 8 9 10 11 12 13 14 15 16 17 18 19 20 21 22 2,f46a4234a280fd8ed9fe2c7008d6ab7d131f1e6b71fc2afd476795cb768bee11,665c1ca241ea9392673168c3470cbd241419e010f77e259f4d65506b524c8f40,93.24823,96.713455,564,success_build,True,True,False,unit fuzzy loss,
67,0 1 2 4 3 5 6 7 8 9 10 11 12 13 14 15 16 17 18 19 20 21 22 23,6e97cc4fbe0112da3bd6991b6453a0491c6201ad891f3db220133fd09392bb2e,6e46b9dadbfacd1b30cc290f6304395e56dd2e6cd41b4a501800f9c47af26eb9,95.28369,96.89909,564,success_build,True,True,True,,
68,0 1 2 5 4 3 6 7 8 9 10 11 12 13 14 15 16 17 18 19 20 21 22 23,35db28655a9b2bcbe935e97236027fa8dd07e8355c534a6ab5b2a4761b1ae38d,1e995bccad4f22912da3d0ce4abf015f420cfde4bebbeee659d47712b2975cd8,95.17731,96.88939,564,success_build,True,True,False,unit fuzzy loss,
69,0 1 2 6 4 5 3 7 8 9 10 11 12 13 14 15 16 17 18 19 20 21 22 23,e7268de6e2fd81f003ed58f3e87ef48f4d7929e2285498ed16dc47d957ec1e1f,c593e6e4c24b29dce1b6f5ac54c42ab1f967f76401965c084247ecd2440a2898,95.17731,96.88939,564,success_build,True,True,False,unit fuzzy loss,
70,0 1 2 7 4 5 6 3 8 9 10 11 12 13 14 15 16 17 18 19 20 21 22 23,12f4fe3ae93d43b9b80367881ad83b07a04edad0cac5e8684f49b255b767f23e,6e46b9dadbfacd1b30cc290f6304395e56dd2e6cd41b4a501800f9c47af26eb9,95.28369,96.89909,564,success_build,True,True,True,,
71,0 1 2 8 4 5 6 7 3 9 10 11 12 13 14 15 16 17 18 19 20 21 22 23,b01611a0a5998317a354843e3c39499d06b32c21657e79a884accd8aeca0e0a9,1d19ae1913ce82ba9aeb4c6d83d0ec1fd3ce1575773e347ebf512b9ae820ce62,95.17731,96.88939,564,success_build,True,True,False,unit fuzzy loss,
72,0 1 2 9 4 5 6 7 8 3 10 11 12 13 14 15 16 17 18 19 20 21 22 23,b8fbacd51143773f43aefa491105c4d83b46a53a48be90ecff0327e4c5172b22,28f17d09d5c9aa1b0dbff3703fd9f1caa7cf399f85c101d7b175ef68a893ae89,95.07092,96.87969,564,success_build,True,True,False,unit fuzzy loss,
73,0 1 2 10 4 5 6 7 8 9 3 11 12 13 14 15 16 17 18 19 20 21 22 23,390f546621baa94e07e521ddddb527b8582a8e981bff7df3ddc5fa127f37926d,6e46b9dadbfacd1b30cc290f6304395e56dd2e6cd41b4a501800f9c47af26eb9,95.28369,96.89909,564,success_build,True,True,True,,
74,0 1 2 11 4 5 6 7 8 9 10 3 12 13 14 15 16 17 18 19 20 21 22 23,df5476e16a29a218320b5e8daf6efab1e3adabba7241a3ed01b3446dd5f0fa74,6e46b9dadbfacd1b30cc290f6304395e56dd2e6cd41b4a501800f9c47af26eb9,95.28369,96.89909,564,success_build,True,True,True,,
75,0 1 2 12 4 5 6 7 8 9 10 11 3 13 14 15 16 17 18 19 20 21 22 23,3e2c3a08a3488915a60b2d58067f758ac80c27229fb44a63fd5fc62841921632,0c424e44f4041ab05087f32dc5d732a8c97e87157b138fc813b6e30ad14aa351,94.80851,96.85576,564,success_build,True,True,False,unit fuzzy loss,
76,0 1 2 13 4 5 6 7 8 9 10 11 12 3 14 15 16 17 18 19 20 21 22 23,02917d4bb1a8f1c578d9a7f38efe76655949f6376c5e69634b74e4148c27d294,809a2a7e533785323426a2a77f497e43ae16358295bb6ab5b979744ffb96e8a5,93.03546,96.694046,564,success_build,True,True,False,unit fuzzy loss,
77,0 1 2 14 4 5 6 7 8 9 10 11 12 13 3 15 16 17 18 19 20 21 22 23,978505451bee6fa7ba2936aa81aaa12419c01b3ede607e0d87c3ce4dfe6b745d,9fba09028207baeb93290ee2c0e109cbc9235c30ea6f660088a92d50b330b0ba,92.82269,96.674644,564,success_build,True,True,False,unit fuzzy loss,
78,0 1 2 15 4 5 6 7 8 9 10 11 12 13 14 3 16 17 18 19 20 21 22 23,4cd8d062149ce8eb2427a775c633e2da7f5304237e8b2d2714069bf0c35346c1,ad1bbc7a8dd7417a9aae8ab3a835c1ae710ed4e4bbd788516bd1666a50ce6d6e,92.71631,96.66494,564,success_build,True,True,False,unit fuzzy loss,
79,0 1 2 16 4 5 6 7 8 9 10 11 12 13 14 15 3 17 18 19 20 21 22 23,7dd1ce776a18d7bc280e4798637ef644dbcb674d37cd34e973e607e41b5c841a,9a6cfa234f453420b4a603871d4c870ae0805fac1f0b707f8bcd30e39e384742,92.71631,96.66494,564,success_build,True,True,False,unit fuzzy loss,
80,0 1 2 17 4 5 6 7 8 9 10 11 12 13 14 15 16 3 18 19 20 21 22 23,e76eca2407b570263add5b3e4fe488ecfad06079e6603645c02699ffdd130d83,dd2905ece8039c2de5e9694d42fb09f02ebb320e9e738ecec8d2c8d53bd79786,92.64539,96.65847,564,success_build,True,True,False,unit fuzzy loss,
81,0 1 2 18 4 5 6 7 8 9 10 11 12 13 14 15 16 17 3 19 20 21 22 23,a3b8ce0f2374016421624aedcf6a158f428d745ba7e8228cc427ca9d855264a2,6e46b9dadbfacd1b30cc290f6304395e56dd2e6cd41b4a501800f9c47af26eb9,95.28369,96.89909,564,success_build,True,True,True,,
82,0 1 2 19 4 5 6 7 8 9 10 11 12 13 14 15 16 17 18 3 20 21 22 23,35b9a172c37409ea587a37498646791fc3b7bc37aa2cb2fa5ad1b3a91c8267e5,3eb1e3f3a0e4075e2e82d6c409ffac3c179f90e6c5537039a02535b57a1e496e,95.07092,96.87969,564,success_build,True,True,False,unit fuzzy loss,
83,0 1 2 20 4 5 6 7 8 9 10 11 12 13 14 15 16 17 18 19 3 21 22 23,e2744701eb51e0ea1a6ac720ed110612ed09033b6df32377ae69fa7a0b13fc26,5276c09f15e13b161b385fc0a8e5c7b54ca604b2c1f8a35532d4c11ceeb877f4,91.58156,96.56145,564,success_build,True,True,False,unit fuzzy loss,
84,0 1 2 21 4 5 6 7 8 9 10 11 12 13 14 15 16 17 18 19 20 3 22 23,6154846666bd258532d2ec31b9afa1e115ad28f4de51d909d3d06978dd8413d1,3b203daab680d204360a2b3088193e90f962320fbc35227a843a18c3cbbe16ed,94.432625,96.82147,564,success_build,True,True,False,unit fuzzy loss,
85,0 1 2 22 4 5 6 7 8 9 10 11 12 13 14 15 16 17 18 19 20 21 3 23,8cef3466d06998c2650eb9b5817a385e4d270c8e938a16454f56f006d0e969ba,ed3d0092493d39ad5e3818fc6f48bf2b8050c9d53bdb9b9508fd437b17baf53f,95.03546,96.87646,564,success_build,True,True,False,unit fuzzy loss,
86,0 1 2 23 4 5 6 7 8 9 10 11 12 13 14 15 16 17 18 19 20 21 22 3,a55e3198e88c9aaa254aa306f68cbfdab0191f296e8202a9ab30822a9a470802,ed3d0092493d39ad5e3818fc6f48bf2b8050c9d53bdb9b9508fd437b17baf53f,95.03546,96.87646,564,success_build,True,True,False,unit fuzzy loss,
87,0 1 2 3 5 4 6 7 8 9 10 11 12 13 14 15 16 17 18 19 20 21 22 23,e846a9c815105fd8c1597fb874fd073c5d2a0c2b6cf2725134e42a062171ce91,1e995bccad4f22912da3d0ce4abf015f420cfde4bebbeee659d47712b2975cd8,95.17731,96.88939,564,success_build,True,True,False,unit fuzzy loss,
88,0 1 2 3 6 5 4 7 8 9 10 11 12 13 14 15 16 17 18 19 20 21 22 23,521ae98922273ded3ae67fba3b96bfc6b256dafa5ab66013ab11f84e534a976b,63090b4b11edd90a4dcb42df1f11be6c1319889f860b4342d0c2d3acc5d57312,95.17731,96.88939,564,success_build,True,True,False,unit fuzzy loss,
89,0 1 2 3 7 5 6 4 8 9 10 11 12 13 14 15 16 17 18 19 20 21 22 23,20b284ccbbd047b195959f545548ca5e8312f2d98562521cc5e76a862a427e7c,3664d2df5207e04fe9e515dede48fb9206e264c252075c7b83030a04eb9f705b,95.17731,96.88939,564,success_build,True,True,False,unit fuzzy loss,
90,0 1 2 3 8 5 6 7 4 9 10 11 12 13 14 15 16 17 18 19 20 21 22 23,1f41e4169fbb6af1b4e70030eafe4fee77381948c5b979a8aa4d014bf3ff4dc7,94e37d160a1f5516d7c5754c4afa2418baa66dae5eafabcaa42da2898137ce46,95.17731,96.88939,564,success_build,True,True,False,unit fuzzy loss,
91,0 1 2 3 9 5 6 7 8 4 10 11 12 13 14 15 16 17 18 19 20 21 22 23,f903ba3fb57497cc12c4ff5ada07d9d5dc4e359bbe4addf7900becbac05e1652,3bb0a94442615436790c26e23fd79b51bee845725c202ce418347aa0cdd77ca9,95.07092,96.87969,564,success_build,True,True,False,unit fuzzy loss,
92,0 1 2 3 10 5 6 7 8 9 4 11 12 13 14 15 16 17 18 19 20 21 22 23,89b03bde98490363e86085589d870c07e481221f20686b15825e7c350c8a2be8,cf74da49253df3174951c0cd566dc344ae389f56da6efe91ece336da2f869d12,94.92908,96.86675,564,success_build,True,True,False,unit fuzzy loss,
93,0 1 2 3 11 5 6 7 8 9 10 4 12 13 14 15 16 17 18 19 20 21 22 23,a1978ecfff3845def6f6309231368d2437903810d406dd1768f5c51811ff54fd,cf74da49253df3174951c0cd566dc344ae389f56da6efe91ece336da2f869d12,94.92908,96.86675,564,success_build,True,True,False,unit fuzzy loss,
94,0 1 2 3 12 5 6 7 8 9 10 11 4 13 14 15 16 17 18 19 20 21 22 23,4e8efe51c84a48e0a17b477688d59cc79aeaebeb25c406e8b3546f27902e5423,61404365f8ed60c42dcdab87a4283adb015b8260729ca63a01179f96e73708ca,93.60993,96.746445,564,success_build,True,True,False,unit fuzzy loss,
95,0 1 2 3 13 5 6 7 8 9 10 11 12 4 14 15 16 17 18 19 20 21 22 23,5039b4a1a01912799d5ece629476919427bde3b792ff69f7058d0f20978f996a,48233813549eeeb05b389a878c6e4facadde7bcd59f38a3326780a6d899f18d4,93.510635,96.73739,564,success_build,True,True,False,unit fuzzy loss,
96,0 1 2 3 14 5 6 7 8 9 10 11 12 13 4 15 16 17 18 19 20 21 22 23,d2689b8cbea52b566b9a01a0f0a070e4427b47637cf86939907664ce9c866718,c7fb2849d8b039acdb6880b78e364fd8c103d866bf3344a166e6511f415bac0a,94.96454,96.86999,564,success_build,True,True,False,unit fuzzy loss,
97,0 1 2 3 15 5 6 7 8 9 10 11 12 13 14 4 16 17 18 19 20 21 22 23,b32efab9a5e166b173558c2548b616386948381202b7a2226925767b0d6b317b,b428559c89290a4c3abdf2b36bad19b8f119c41896ab8960deef8493093252e1,95.07092,96.87969,564,success_build,True,True,False,unit fuzzy loss,
98,0 1 2 3 16 5 6 7 8 9 10 11 12 13 14 15 4 17 18 19 20 21 22 23,40a83923d7b3c42f29f93c034fd53668153aa79d8e09db0364a5060bed792e74,013522e06434ea506610aec8ef4f8be6ba9821e3c1cf1db6557a2abbc49eb5dd,95.17731,96.88939,564,success_build,True,True,False,unit fuzzy loss,
99,0 1 2 3 17 5 6 7 8 9 10 11 12 13 14 15 16 4 18 19 20 21 22 23,426729c634d8605234e1cd65fa969ab831235c20b27581c2b1e6005a0a7191c7,b3b03989d06c7747c07753de1f8191efb50b1dc676424423f7fd25faab410749,95.106384,96.88293,564,success_build,True,True,False,unit fuzzy loss,
100,0 1 2 3 18 5 6 7 8 9 10 11 12 13 14 15 16 17 4 19 20 21 22 23,b20e1baec2b93ea03a43ef4956dbd5992f4346c7dfc692f84f9eff6784160542,ea9670c0c1ed4814f145b030f0a39e274aa7e51d237d88aa4f38c98a68473b0d,92.61702,96.65588,564,success_build,True,True,False,unit fuzzy loss,
101,0 1 2 3 19 5 6 7 8 9 10 11 12 13 14 15 16 17 18 4 20 21 22 23,f39b088f5b329e8684e88f20d69e57ea6edee60d9809c459de77a519aeb2bcf2,7b6bc7480506842afcbe8a4e4a6843c01a1206f1c4612c01d20c222cdf90bd77,93.07801,96.69793,564,success_build,True,True,False,unit fuzzy loss,
102,0 1 2 3 20 5 6 7 8 9 10 11 12 13 14 15 16 17 18 19 4 21 22 23,6f672bfec51f54469421ddc6d0c12b98b505bf77d0274a1ad7e288f5ef7c3205,c3afef46bc8891ec11edceb754aaf1d7590a095a1ebd1a8e4681ed2fcd9b9f8b,94.3617,96.81501,564,success_build,True,True,False,unit fuzzy loss,
103,0 1 2 3 21 5 6 7 8 9 10 11 12 13 14 15 16 17 18 19 20 4 22 23,7716b60f00413f91ad0dc2a2cc6c2067dbd4ca21b09e033f48d9a359414f7118,fc3fe71365f316642d5b268b93487afeb478e53986a82c13067366aae73a9676,94.25532,96.805305,564,success_build,True,True,False,unit fuzzy loss,
104,0 1 2 3 22 5 6 7 8 9 10 11 12 13 14 15 16 17 18 19 20 21 4 23,51b0879e63263824ebef3e6e736121eac3e802c47181f45620178aebda2b9761,7fc5a941e88a726225ee663023d23844cf01c3233d71cef3ccd26c71c11111fe,92.01418,96.60091,564,success_build,True,True,False,unit fuzzy loss,
105,0 1 2 3 23 5 6 7 8 9 10 11 12 13 14 15 16 17 18 19 20 21 22 4,5cb747438aaa2f907dfa989c3fc4780faae31b73eb1b64e42a72118085abebdc,7fc5a941e88a726225ee663023d23844cf01c3233d71cef3ccd26c71c11111fe,92.01418,96.60091,564,success_build,True,True,False,unit fuzzy loss,
106,0 1 2 3 4 6 5 7 8 9 10 11 12 13 14 15 16 17 18 19 20 21 22 23,55234bb569da3d8c9bdae1bcba22c0ee9e14e73f82f1332abd0c924348ae9bc7,d028387f7906e0aa5f74a6ce920527ff8fb8c20cc3f38996d6f7aa754932f808,95.28369,96.89909,564,success_build,True,True,True,,
107,0 1 2 3 4 7 6 5 8 9 10 11 12 13 14 15 16 17 18 19 20 21 22 23,f86e04243ec237b0ec5e2276d57213c81dbb8c939cbc48fcad899171d0ccd665,d028387f7906e0aa5f74a6ce920527ff8fb8c20cc3f38996d6f7aa754932f808,95.28369,96.89909,564,success_build,True,True,True,,
108,0 1 2 3 4 8 6 7 5 9 10 11 12 13 14 15 16 17 18 19 20 21 22 23,62da8a9e925d142025f6f0618b8a156b62dc0f5aa67f9efc627402ceaa9ab840,419c0751c5d4cb67542a4de8a3f62b962fbe2254c2144745c3dbb9534e0faedd,95.35461,96.90556,564,success_build,True,True,True,,
109,0 1 2 3 4 9 6 7 8 5 10 11 12 13 14 15 16 17 18 19 20 21 22 23,76ab0abe0374c35320998b7724a87e0ed297928cd644350ea31a757a4ef3ec20,36243c6d1c82b19ff07d952bcc3ace6a32ed48f26d23b3fb65460f11cf7bf687,95.03546,96.87646,564,success_build,True,True,False,unit fuzzy loss,
110,0 1 2 3 4 10 6 7 8 9 5 11 12 13 14 15 16 17 18 19 20 21 22 23,b2a1c7473e555e16aedf2f203534eb5409964b5f0186e37b47e514e45f53f6f9,7b7c0e88d27d3c30f17cb4c375ce5d5085d7ca23f6fe5a3d65dcba71f7b2ff75,95.03546,96.87646,564,success_build,True,True,False,unit fuzzy loss,
111,0 1 2 3 4 11 6 7 8 9 10 5 12 13 14 15 16 17 18 19 20 21 22 23,769f70417f14267feb4987100585c237291524adfe654c95183785b2512635ba,7b7c0e88d27d3c30f17cb4c375ce5d5085d7ca23f6fe5a3d65dcba71f7b2ff75,95.03546,96.87646,564,success_build,True,True,False,unit fuzzy loss,
112,0 1 2 3 4 12 6 7 8 9 10 11 5 13 14 15 16 17 18 19 20 21 22 23,772829c441ed9fa825ae875c9b3624082ba4dcb9cd7ce6da2df21d01848eb2a0,5da5a80980b0e072a02156aafbcfde594d86596d87d615804c5270e26cd86f86,93.57447,96.74321,564,success_build,True,True,False,unit fuzzy loss,
113,0 1 2 3 4 13 6 7 8 9 10 11 12 5 14 15 16 17 18 19 20 21 22 23,c5425b8b2187540bc12a17d107c8d10391abd26efccdacae382ecf86afa3a9d5,4a1eb1dd4d95efa3f25e4d854881e9bf1534cb852fee5a6dd4605a887509cbd1,93.61702,96.747086,564,success_build,True,True,False,unit fuzzy loss,
114,0 1 2 3 4 14 6 7 8 9 10 11 12 13 5 15 16 17 18 19 20 21 22 23,ff628425efd6aea98490d01e4230b78651b4b2041878ecf06c8070c7e7c4f031,6843bcee7224b98a5abdce10e9e2a9ab5af68be506c40416cf4b408b64e15543,95.07092,96.87969,564,success_build,True,True,False,unit fuzzy loss,
115,0 1 2 3 4 15 6 7 8 9 10 11 12 13 14 5 16 17 18 19 20 21 22 23,735cc340bcbe98dfa09b78e9529161397398f0383b0e23cac41971ad7d09b481,f4028ffa1d5ff748aeec8c0eff175aa2af75560a1c70a7c7699d00c0ed6d9fe8,95.17731,96.88939,564,success_build,True,True,False,unit fuzzy loss,
116,0 1 2 3 4 16 6 7 8 9 10 11 12 13 14 15 5 17 18 19 20 21 22 23,995cbd7289d941911dc17a168899b12b1512ae8517021c05d4b827c5f17d4098,656a7c7cc07ff8a975e7c3f655fca85ff4b04f4ccbf4abe063f87287f443140a,95.28369,96.89909,564,success_build,True,True,True,,
117,0 1 2 3 4 17 6 7 8 9 10 11 12 13 14 15 16 5 18 19 20 21 22 23,75f159da85b8ec46edfeba92f9c4b363acbba0e695af3af772456598ead69d67,84dc877fda7954b04f2ffa979ca275ce711050dde1d29283f9b48b29250aba39,95.21277,96.892624,564,success_build,True,True,False,unit fuzzy loss,
118,0 1 2 3 4 18 6 7 8 9 10 11 12 13 14 15 16 17 5 19 20 21 22 23,bd63ab569581d104ea7b6656c655ccb3e76dae689b4437fe4bb29deb5035b444,28be03cf5924793dbdb5930900260972917ad4320573ef0034414edaa42be037,92.723404,96.66559,564,success_build,True,True,False,unit fuzzy loss,
119,0 1 2 3 4 19 6 7 8 9 10 11 12 13 14 15 16 17 18 5 20 21 22 23,a29df60f15a2c8767f10181d3acd6ca70ca1edcdbd9350f207cd5356758622de,cda6923bca2903d66867e08da927e7909222d1a650fc17deeedaf490c453c1b5,93.21986,96.71087,564,success_build,True,True,False,unit fuzzy loss,
120,0 1 2 3 4 20 6 7 8 9 10 11 12 13 14 15 16 17 18 19 5 21 22 23,bbcc91fadf10401c560a15645a562f112f9e13fd01207650e5c4133babb2455e,8d10f3451d1a8b84ae754c7f10bab703c32a40dac6ae68503010c78dd516a366,94.46809,96.82471,564,success_build,True,True,False,unit fuzzy loss,
121,0 1 2 3 4 21 6 7 8 9 10 11 12 13 14 15 16 17 18 19 20 5 22 23,07ec009fa6479d6f88b394075c9782bccc40467216c7a7c640d2b16f73eb8ac7,9fe3a25402fa77a699ef332ada1b40f138b48dbd0cde68d9d310551788307f1d,94.3617,96.81501,564,success_build,True,True,False,unit fuzzy loss,
122,0 1 2 3 4 22 6 7 8 9 10 11 12 13 14 15 16 17 18 19 20 21 5 23,29e2e97151a496c5f5c74f363fed543099840996f72b1d9d9c1ac4fccc535ccc,9a18aae922394af2be670ad45f130a1c90cad03883b73c76d5c702e6e6004f73,92.12057,96.61061,564,success_build,True,True,False,unit fuzzy loss,
123,0 1 2 3 4 23 6 7 8 9 10 11 12 13 14 15 16 17 18 19 20 21 22 5,e83d93cbe47d5e5af73a1d323b670b6106e61d424a57738f6a751f1fc9879122,9a18aae922394af2be670ad45f130a1c90cad03883b73c76d5c702e6e6004f73,92.12057,96.61061,564,success_build,True,True,False,unit fuzzy loss,
124,0 1 2 3 4 5 7 6 8 9 10 11 12 13 14 15 16 17 18 19 20 21 22 23,e37f0dd569d2c2628765a7a2a5fd4f864255133dc419d9ac3ff0a0b36afd4234,6e46b9dadbfacd1b30cc290f6304395e56dd2e6cd41b4a501800f9c47af26eb9,95.28369,96.89909,564,success_build,True,True,True,,
125,0 1 2 3 4 5 8 7 6 9 10 11 12 13 14 15 16 17 18 19 20 21 22 23,e37ea21876f216c53cff795bdd1efec9732b77576125d1866071a726991c587f,c90ecea1c0137960a83a6e74fac6b3d35776b989a283a92160b5a4907304d126,95.28369,96.89909,564,success_build,True,True,True,,
126,0 1 2 3 4 5 9 7 8 6 10 11 12 13 14 15 16 17 18 19 20 21 22 23,6177bc6e829bf0d83dbd979a203158239664241d0a801dfefd0900cc2fd4011b,c3aa3515f2f1d8573cad825a2b23f0c8b149d8828132fca483ef5c59485a4e60,95.03546,96.87646,564,success_build,True,True,False,unit fuzzy loss,
127,0 1 2 3 4 5 10 7 8 9 6 11 12 13 14 15 16 17 18 19 20 21 22 23,3a738c7427ebdfe5971e1e0b46eccf8ae257e4340634aab8a64168b7ecc2a1e3,46748c3ecaa3d7bafd4dbd05cf3da578444057cf0bf90b52beae80836a9fc240,95.03546,96.87646,564,success_build,True,True,False,unit fuzzy loss,
128,0 1 2 3 4 5 11 7 8 9 10 6 12 13 14 15 16 17 18 19 20 21 22 23,8e0272d2e96cb6d3244035b95b91cae079437f54a40b47e2fb183287f2c9a5e0,46748c3ecaa3d7bafd4dbd05cf3da578444057cf0bf90b52beae80836a9fc240,95.03546,96.87646,564,success_build,True,True,False,unit fuzzy loss,
129,0 1 2 3 4 5 12 7 8 9 10 11 6 13 14 15 16 17 18 19 20 21 22 23,dce7a731623b9b27af7758648de9b1dcf41b94bef16452280f33a5ca16027f9e,d65647fffb6e3031c08e2eac754226e3612142220354383ffcb6dc8d21f2203c,93.57447,96.74321,564,success_build,True,True,False,unit fuzzy loss,
130,0 1 2 3 4 5 13 7 8 9 10 11 12 6 14 15 16 17 18 19 20 21 22 23,133a14bd0a63a3dffd7ace097f4172a21757b83b404d7a3d6b08a3c046b23c76,b8b45e14d25cee2d470267537d30ff560c1082d140228b387eb6c8a0c46cbf8c,93.61702,96.747086,564,success_build,True,True,False,unit fuzzy loss,
131,0 1 2 3 4 5 14 7 8 9 10 11 12 13 6 15 16 17 18 19 20 21 22 23,56617e05304732d821ff8882e544acd503e3256adfdc0332a5afd0996198ad8a,cc600793a421951f20c48fcef5fe94f516e3ca13eff242df0cd98046af161f87,95.07092,96.87969,564,success_build,True,True,False,unit fuzzy loss,
132,0 1 2 3 4 5 15 7 8 9 10 11 12 13 14 6 16 17 18 19 20 21 22 23,cf343f50c7ef20a9dcf8ead1706f3ab12ba1c1ec610b3690e17c98c2954c2c0e,a25344740a930f77ebf430bed4fdf866cb82e3a54ed903cc79b1f9e8fa214314,95.17731,96.88939,564,success_build,True,True,False,unit fuzzy loss,
133,0 1 2 3 4 5 16 7 8 9 10 11 12 13 14 15 6 17 18 19 20 21 22 23,93f143fd5419c0a48f2315c19eddc304e6707d0be8a169c11228ea2b76cb6902,f3b53f920ee1c65192f1ee6028acb1403b49375a1a890406f2a4501b1d68420f,95.28369,96.89909,564,success_build,True,True,True,,
134,0 1 2 3 4 5 17 7 8 9 10 11 12 13 14 15 16 6 18 19 20 21 22 23,a3adf28ffebc7c3b65387c736ebff9d7a8430232d6e270783144fd9b9acf73c5,a9c52d2e3f17b88444b71bc15b8445d3608a7090dadce40c44e3834f50c14ae8,95.21277,96.892624,564,success_build,True,True,False,unit fuzzy loss,
135,0 1 2 3 4 5 18 7 8 9 10 11 12 13 14 15 16 17 6 19 20 21 22 23,39338e6a2723cc021db7a52bd19e2c8c488a71735c99874d4c6b598c301ebd2f,7e7325bc0830d7500d3ebab1a1da689b36eedbdc9d6e7c8506f14931d73c0864,92.723404,96.66559,564,success_build,True,True,False,unit fuzzy loss,
136,0 1 2 3 4 5 19 7 8 9 10 11 12 13 14 15 16 17 18 6 20 21 22 23,0b10c936a8f0c7f86133fb01a8c7d8be2414dcb87ea7bfeb5e8ecfe8b047fffb,10ea89c4c67013b61204a037ed3dc18d6ceffa863ab9d5b97b94ef47496f612c,93.184395,96.707634,564,success_build,True,True,False,unit fuzzy loss,
137,0 1 2 3 4 5 20 7 8 9 10 11 12 13 14 15 16 17 18 19 6 21 22 23,1f418bee7854604c4fce54a056fbfc2184cde17c69fc3841918ece6740fc2b9a,4ea85d99a8f986648dac6f9bbde19669b880ad2a648f2f4e92d8d08a797d66f0,94.46809,96.82471,564,success_build,True,True,False,unit fuzzy loss,
138,0 1 2 3 4 5 21 7 8 9 10 11 12 13 14 15 16 17 18 19 20 6 22 23,7b206e29c9b70d9eb5936290a5d08b788a4d6739db6bf461817f67bb1a6393fd,c27e1d1c1ba39cb6dd21cb55159d28bfdd9a2db13a9d1a278e16d0ce67c149c1,94.57447,96.83441,564,success_build,True,True,False,unit fuzzy loss,
139,0 1 2 3 4 5 22 7 8 9 10 11 12 13 14 15 16 17 18 19 20 21 6 23,ac09fb6e578402fdc202fd4ec3b87a3498d350d526cd8730669a005aca3e9c31,da19de5ee0751116613b453646233ab0c303d3f67a9e94283aa25765eb687fcc,92.12057,96.61061,564,success_build,True,True,False,unit fuzzy loss,
140,0 1 2 3 4 5 23 7 8 9 10 11 12 13 14 15 16 17 18 19 20 21 22 6,d7c63c0a05314e666a782a3aedaccb29e1f03824198089b418909631a6ce0ab4,da19de5ee0751116613b453646233ab0c303d3f67a9e94283aa25765eb687fcc,92.12057,96.61061,564,success_build,True,True,False,unit fuzzy loss,
141,0 1 2 3 4 5 6 8 7 9 10 11 12 13 14 15 16 17 18 19 20 21 22 23,3dc94bf677a841323b7dd8fa52621834fc5918ac43553a2452300b6773fe402d,6e46b9dadbfacd1b30cc290f6304395e56dd2e6cd41b4a501800f9c47af26eb9,95.28369,96.89909,564,success_build,True,True,True,,
142,0 1 2 3 4 5 6 9 8 7 10 11 12 13 14 15 16 17 18 19 20 21 22 23,b2964bb6013ceb8531118cd7555eac1179636de1445dcb70c63951eb13ce9bf3,d424479f45d3b3805f01723254cd43772e4ba106c5d17603fda76680f74e7053,95.03546,96.87646,564,success_build,True,True,False,unit fuzzy loss,
143,0 1 2 3 4 5 6 10 8 9 7 11 12 13 14 15 16 17 18 19 20 21 22 23,fe8d06296655ea2837efe61732beeec667784207b1b29e44b4152513707ed85a,6e46b9dadbfacd1b30cc290f6304395e56dd2e6cd41b4a501800f9c47af26eb9,95.28369,96.89909,564,success_build,True,True,True,,
144,0 1 2 3 4 5 6 11 8 9 10 7 12 13 14 15 16 17 18 19 20 21 22 23,ede889cf04064571046b5b9d43105be0c34360dcf24fbc95cb655ee4f022bbb9,6e46b9dadbfacd1b30cc290f6304395e56dd2e6cd41b4a501800f9c47af26eb9,95.28369,96.89909,564,success_build,True,True,True,,
145,0 1 2 3 4 5 6 12 8 9 10 11 7 13 14 15 16 17 18 19 20 21 22 23,0f72d2b0f57f26586f9104bc0a4544384a68eb40793eb21edf383b62c769d96c,69ab41d3ab06d19dccfd2cebb7ffbbdf92c68ea646a824cc2d230b3f13e42b7b,94.77305,96.85252,564,success_build,True,True,False,unit fuzzy loss,
146,0 1 2 3 4 5 6 13 8 9 10 11 12 7 14 15 16 17 18 19 20 21 22 23,b4d5573ef3d37fdb85923a7ecf6cdd3dc5bebad5161438d38da09981e159c230,dbb3252324477fbf3b60508c2d380ba55db25738e772a7246ea0ca407323987a,94.51773,96.82924,564,success_build,True,True,False,unit fuzzy loss,
147,0 1 2 3 4 5 6 14 8 9 10 11 12 13 7 15 16 17 18 19 20 21 22 23,5b53fb8cc330f4531662fed8aed50d3644762bf07720c1ae5cf465fc302f9d98,00f030f21a99009de55405b6d5e6b00272da10bbd0c5bf5c076e3464efcbdbae,92.92908,96.68435,564,success_build,True,True,False,unit fuzzy loss,
148,0 1 2 3 4 5 6 15 8 9 10 11 12 13 14 7 16 17 18 19 20 21 22 23,56a8bc4b2bb77826dd985cc7d90a63ebeb8d861849f858370208e864de11e25a,c2025ebb2a1c508e47cdb20b5b1c8deba72329b318e46003bcc89bf6095503d5,92.82269,96.674644,564,success_build,True,True,False,unit fuzzy loss,
149,0 1 2 3 4 5 6 16 8 9 10 11 12 13 14 15 7 17 18 19 20 21 22 23,b00c532ac2c83c5047643086d8d6db80502e5e12b1cec3fdece4d9de8d0d5665,86fabeba1356c77593b3e9b29e2acf1412d86c448e651622ea20d8bb1d1e0a79,92.82269,96.674644,564,success_build,True,True,False,unit fuzzy loss,
150,0 1 2 3 4 5 6 17 8 9 10 11 12 13 14 15 16 7 18 19 20 21 22 23,6821ca42c4342987c42e8c8bb3e6a394034b11c42cbafc11b28c811b82a633b4,bd62b8c27ea63da22e7672852e3344a3bd45583306567dbb4abc7aa611aafd59,92.75177,96.668175,564,success_build,True,True,False,unit fuzzy loss,
151,0 1 2 3 4 5 6 18 8 9 10 11 12 13 14 15 16 17 7 19 20 21 22 23,f71a2f285e37d8e1e6735999fc6a021a9510aebeca49e37631bf37eab31c61ca,6e46b9dadbfacd1b30cc290f6304395e56dd2e6cd41b4a501800f9c47af26eb9,95.28369,96.89909,564,success_build,True,True,True,,
152,0 1 2 3 4 5 6 19 8 9 10 11 12 13 14 15 16 17 18 7 20 21 22 23,9ea1b52880f6d30d571b9027b0c166369a45d48ac45c09e01f82322af1927b16,17ab4196384d027188e47777fec48fca55625a455886c25ac9b6f3cf9f75d186,90.65248,96.476715,564,success_build,True,True,False,unit fuzzy loss,
153,0 1 2 3 4 5 6 20 8 9 10 11 12 13 14 15 16 17 18 19 7 21 22 23,887eca50f09400c7734065c3720ffe9dad90015b88a32a0a010185d95dafde30,4214923ef4723e0868baef7a936f54cd24ca5c4da64373d168528e88a040ba58,91.82979,96.58409,564,success_build,True,True,False,unit fuzzy loss,
154,0 1 2 3 4 5 6 21 8 9 10 11 12 13 14 15 16 17 18 19 20 7 22 23,555999b7bd2f1e19bd16692da13ee751b92d0e24d328248b45d62271b0a27278,57628627fc7149a6251b7eeaad34331651350b50ae740b5036875d3c69e06a61,91.5461,96.55821,564,success_build,True,True,False,unit fuzzy loss,
155,0 1 2 3 4 5 6 22 8 9 10 11 12 13 14 15 16 17 18 19 20 21 7 23,0d8007eafa7b69aa781e60f2b1b9263f99af7ebf1f4a0e961982af616273d7e2,6e46b9dadbfacd1b30cc290f6304395e56dd2e6cd41b4a501800f9c47af26eb9,95.28369,96.89909,564,success_build,True,True,True,,
156,0 1 2 3 4 5 6 23 8 9 10 11 12 13 14 15 16 17 18 19 20 21 22 7,45d8878c564f93842f36ff7d7b61bfd80f8bb6512577bf1518e1de3ba7be56f9,6e46b9dadbfacd1b30cc290f6304395e56dd2e6cd41b4a501800f9c47af26eb9,95.28369,96.89909,564,success_build,True,True,True,,
157,0 1 2 3 4 5 6 7 9 8 10 11 12 13 14 15 16 17 18 19 20 21 22 23,86604c35a0dda99f1942b8109b09d484507c70dbcee07269b4aa73081a0e88df,d424479f45d3b3805f01723254cd43772e4ba106c5d17603fda76680f74e7053,95.03546,96.87646,564,success_build,True,True,False,unit fuzzy loss,
158,0 1 2 3 4 5 6 7 10 9 8 11 12 13 14 15 16 17 18 19 20 21 22 23,1e9c43299c6353c20c2cd13c61177ba1dec7e4d75eecdb1cc02b6e13189810e0,d424479f45d3b3805f01723254cd43772e4ba106c5d17603fda76680f74e7053,95.03546,96.87646,564,success_build,True,True,False,unit fuzzy loss,
159,0 1 2 3 4 5 6 7 11 9 10 8 12 13 14 15 16 17 18 19 20 21 22 23,4b6806c91d3d49d231ad25c7e4ae9f1a181fb07f19b18b12bc3ce228354aa8da,d424479f45d3b3805f01723254cd43772e4ba106c5d17603fda76680f74e7053,95.03546,96.87646,564,success_build,True,True,False,unit fuzzy loss,
160,0 1 2 3 4 5 6 7 12 9 10 11 8 13 14 15 16 17 18 19 20 21 22 23,abd5c5f89bb5e69c301af5c5d345121699a899439da86f9131345e552853e43b,38a9137b6305c87da6366326622f8acae9e1dd3ad64bf339e77867022f07e806,93.57447,96.74321,564,success_build,True,True,False,unit fuzzy loss,
161,0 1 2 3 4 5 6 7 13 9 10 11 12 8 14 15 16 17 18 19 20 21 22 23,b9778894f794ee64f1eaf784e998d26c16f3c5ae4539a2d0e63473508be1bce7,820bed2a3f0a27e53df7ac91cab2d07112eac75ef5b9ec0566f48034f7ba9a80,93.61702,96.747086,564,success_build,True,True,False,unit fuzzy loss,
162,0 1 2 3 4 5 6 7 14 9 10 11 12 13 8 15 16 17 18 19 20 21 22 23,8e22202489bc413f17566349fb143e2ec04ea574a88bb7d210d591edf771f30e,400aad415d0bddc4f74548a967ac44897e05e9613adf22eed8769df52408defe,95.07092,96.87969,564,success_build,True,True,False,unit fuzzy loss,
163,0 1 2 3 4 5 6 7 15 9 10 11 12 13 14 8 16 17 18 19 20 21 22 23,d83507bf45f153a4220da9029db84e14cbe22febb51342739d5bfefd2ee373e8,bf2c62d6ed6e4aec0532fc1a90ef1714c456cbc46c60fd0fe5b9d0b7e3a331b5,95.17731,96.88939,564,success_build,True,True,False,unit fuzzy loss,
164,0 1 2 3 4 5 6 7 16 9 10 11 12 13 14 15 8 17 18 19 20 21 22 23,b3db7aae5491e8b0ea70302694aa91b0c0339cba44cb0060eda95698c4897fef,fdbb592458ad683cb5e77d99fd11b67afbca1fdd3300e676aa0b2d845c5cd87d,95.35461,96.90556,564,success_build,True,True,True,,
165,0 1 2 3 4 5 6 7 17 9 10 11 12 13 14 15 16 8 18 19 20 21 22 23,69b336978f3ff12231c26a33361b463b561d52360b33dc2b02ee774a29862200,4a71ac22f61566f8f8b146b076f6a474386dd8d0181a5d64e7877f4c56d10dd5,95.21277,96.892624,564,success_build,True,True,False,unit fuzzy loss,
166,0 1 2 3 4 5 6 7 18 9 10 11 12 13 14 15 16 17 8 19 20 21 22 23,8b0700d9e4ff32dd2dbfc7ca015aa61eec51d08238671ac0a1ec1137e4b83f8f,91820d20c5cf5860ad705b8e9abd207a50e2f84e8f008f90f47847478b1a3adf,92.723404,96.66559,564,success_build,True,True,False,unit fuzzy loss,
167,0 1 2 3 4 5 6 7 19 9 10 11 12 13 14 15 16 17 18 8 20 21 22 23,7eb2aae442ae04b13066a8fe695b31bdf1210ce81aa6caa4a607ccf945a734b5,eba6c40d6774c2b4886a725c44a0c61afd3c172cde37cfdab9f72714e977486b,93.184395,96.707634,564,success_build,True,True,False,unit fuzzy loss,
168,0 1 2 3 4 5 6 7 20 9 10 11 12 13 14 15 16 17 18 19 8 21 22 23,ad02b934738b5bf29d674e69cdde4f3e9fa1e1096cdcefb734e926215c344243,af140d2fbdbc3483a943bca3e8f5a386a9bacb8bf118d44e7ec86323dceaf3a6,94.46809,96.82471,564,success_build,True,True,False,unit fuzzy loss,
169,0 1 2 3 4 5 6 7 21 9 10 11 12 13 14 15 16 17 18 19 20 8 22 23,95431fca00052faf6160b9ed78735c383997435b52a6c88299862ae4129316ec,95fe6c665313ea9e11340be3ae71c7037b5c0fef9c09ec5d4f5f56bbcf741016,94.3617,96.81501,564,success_build,True,True,False,unit fuzzy loss,
170,0 1 2 3 4 5 6 7 22 9 10 11 12 13 14 15 16 17 18 19 20 21 8 23,9d34f240c15ee6abae1b56af3d44762c718b5123c0cacf343b8f30c525f11b09,76c075358385c884a018a2a61b0cfdd153143a7aea50855983e5ad1bcadf7ac3,92.12057,96.61061,564,success_build,True,True,False,unit fuzzy loss,
171,0 1 2 3 4 5 6 7 23 9 10 11 12 13 14 15 16 17 18 19 20 21 22 8,3e4119a2cb565540979a263af166a158b20074a342bce71d7245c80e6a472e10,76c075358385c884a018a2a61b0cfdd153143a7aea50855983e5ad1bcadf7ac3,92.12057,96.61061,564,success_build,True,True,False,unit fuzzy loss,
172,0 1 2 3 4 5 6 7 8 10 9 11 12 13 14 15 16 17 18 19 20 21 22 23,a753f76b497c9f91f6647239c38b368cdf86af31b9628c68a07e2e0712468bda,6e46b9dadbfacd1b30cc290f6304395e56dd2e6cd41b4a501800f9c47af26eb9,95.28369,96.89909,564,success_build,True,True,True,,
173,0 1 2 3 4 5 6 7 8 11 10 9 12 13 14 15 16 17 18 19 20 21 22 23,762b2505ed2a81c01b191fa5c24ca46dd183d12f00da87243c4c34e7cf703055,6e46b9dadbfacd1b30cc290f6304395e56dd2e6cd41b4a501800f9c47af26eb9,95.28369,96.89909,564,success_build,True,True,True,,
174,0 1 2 3 4 5 6 7 8 12 10 11 9 13 14 15 16 17 18 19 20 21 22 23,660fbc9a29a59c00a94d5d887a367afd94b5a16fe49088f2d1b2185d3a73a1da,836e5bc2144e19e69664360bbf06aaabfd9d9d862e23f795c8ba11c38f45d7f2,94.80851,96.85576,564,success_build,True,True,False,unit fuzzy loss,
175,0 1 2 3 4 5 6 7 8 13 10 11 12 9 14 15 16 17 18 19 20 21 22 23,fb071f5f54b040c71e1e8b3b2f4657c1937568a651d0358f0c738eb9d83912b1,8fe09bfb77c20c1004dc794d31e3f008c1ad6ae3f50f976bdc4958b29d5feb02,94.7305,96.84864,564,success_build,True,True,False,unit fuzzy loss,
176,0 1 2 3 4 5 6 7 8 14 10 11 12 13 9 15 16 17 18 19 20 21 22 23,e3af8514c7fce780867dd9f2ab9f023215ef5c755b8c8a513e381db8dead1a9c,73268c3e0e53c5942c9185a0dd593dc2a1b8e0098478e2ca6ec5ac4536bbc430,93.35461,96.72316,564,success_build,True,True,False,unit fuzzy loss,
177,0 1 2 3 4 5 6 7 8 15 10 11 12 13 14 9 16 17 18 19 20 21 22 23,597efecb55a2eb48cf4c355586e9887435455cb8b9ab7744116fe13ab8d7725b,def16dcc12eaed1c2fa0ce900afe7c4ee77b9bf8597c89c5078bf870290122ec,93.46099,96.73286,564,success_build,True,True,False,unit fuzzy loss,
178,0 1 2 3 4 5 6 7 8 16 10 11 12 13 14 15 9 17 18 19 20 21 22 23,f12d305e346fa8ec4cb6fa8eb888017c57d927fb5ff21129b78246036feb316e,bfb888792d6ab11194bf24fa344bd6fa9c6c311cfc1d43200733c072d760b843,93.567375,96.74256,564,success_build,True,True,False,unit fuzzy loss,
179,0 1 2 3 4 5 6 7 8 17 10 11 12 13 14 15 16 9 18 19 20 21 22 23,0c01df5ff73786ba3871ad16f2b7e75dfff3f4060b34aae64a010870e758ae56,b9d76145cc09c0a545d283ea5a9c57144c4dd20d797db90d2edb506b19fb6302,93.49645,96.73609,564,success_build,True,True,False,unit fuzzy loss,
180,0 1 2 3 4 5 6 7 8 18 10 11 12 13 14 15 16 17 9 19 20 21 22 23,ee325c2d72c74a284500b00ff16a99ab534e96e11ff4c79cf5a20774a3ba3500,ef9c8f390aa89bc078786b5956f745da0dcf16b6067024dfe0caa559736d9388,94.09929,96.79108,564,success_build,True,True,False,unit fuzzy loss,
181,0 1 2 3 4 5 6 7 8 19 10 11 12 13 14 15 16 17 18 9 20 21 22 23,18fb8d99bba8cde909626e506d0d0a52e37ca132ec83daa8d7b2129b29bca207,2541d2ca9b4438350ab6356b9ee1e81dd593f5f9af03608be255bfc315897b26,91.46809,96.5511,564,success_build,True,True,False,unit fuzzy loss,
182,0 1 2 3 4 5 6 7 8 20 10 11 12 13 14 15 16 17 18 19 9 21 22 23,4082a203717484b1857791e0d08af04b3524bcaff91153c2fe41f196a119595c,5788dd9a14014c3d361e796981402318bb76fb261e73f44d061bff7dd29cdfb1,92.75177,96.668175,564,success_build,True,True,False,unit fuzzy loss,
183,0 1 2 3 4 5 6 7 8 21 10 11 12 13 14 15 16 17 18 19 20 9 22 23,8deaa442d7301a303fab1c5ebf3638329880f512b889e924c74f91f71926774c,ec7ed0814123d3589d03174940fceac8c833f61b82ef8d02c97d86af92a35a4d,92.64539,96.65847,564,success_build,True,True,False,unit fuzzy loss,
184,0 1 2 3 4 5 6 7 8 22 10 11 12 13 14 15 16 17 18 19 20 21 9 23,ae2b4aa392e78f718d9966037013a3635fa5b8ec067e4ef41b9c662de83fb53c,889686e3451bc2ee5126e8803e45fac53147af5f0816441da1374a080fd9e151,93.49645,96.73609,564,success_build,True,True,False,unit fuzzy loss,
185,0 1 2 3 4 5 6 7 8 23 10 11 12 13 14 15 16 17 18 19 20 21 22 9,5be41b0f52b0707f4b543c3025cc3ccb0add21a1d66b0eb1e0a0073807f0c8f4,889686e3451bc2ee5126e8803e45fac53147af5f0816441da1374a080fd9e151,93.49645,96.73609,564,success_build,True,True,False,unit fuzzy loss,
186,0 1 2 3 4 5 6 7 8 9 11 10 12 13 14 15 16 17 18 19 20 21 22 23,78a08cfe44b9b36ddd9643467d4bef2fad678bd742e75b3d60f384c0ccbdc6d8,6e46b9dadbfacd1b30cc290f6304395e56dd2e6cd41b4a501800f9c47af26eb9,95.28369,96.89909,564,success_build,True,True,True,,
187,0 1 2 3 4 5 6 7 8 9 12 11 10 13 14 15 16 17 18 19 20 21 22 23,fc27d16eedd44854083bf1a1569003088a101a1f4cbf2682e8f4f569abe90f9a,6e46b9dadbfacd1b30cc290f6304395e56dd2e6cd41b4a501800f9c47af26eb9,95.28369,96.89909,564,success_build,True,True,True,,
188,0 1 2 3 4 5 6 7 8 9 13 11 12 10 14 15 16 17 18 19 20 21 22 23,64412d6d48787d52ab0965d66667c0c3980d720b1f0c604c5ea11ecc0b55c7a9,50d2aa59d4abbc832ff43f96037f65b2ea02af9224d60dc48ea3b966f18cbe44,94.71631,96.84735,564,success_build,True,True,False,unit fuzzy loss,
189,0 1 2 3 4 5 6 7 8 9 14 11 12 13 10 15 16 17 18 19 20 21 22 23,d1cc97084669951a7717643aa88c1cff6d8b620f6ea50a4bdfc91e2da5683a52,f9c8fba100a712035a228fe7cbf7c4654834dd04687b12eb28f765a0f5824e85,94.50355,96.82794,564,success_build,True,True,False,unit fuzzy loss,
190,0 1 2 3 4 5 6 7 8 9 15 11 12 13 14 10 16 17 18 19 20 21 22 23,375ed843306bd6ccbcec9749141e4c01815af1eaabd635ea1dfd490ff787be83,7dc92df5155f5ef18648fe3a2fa8a9bab8174eff0850259333ce6e4bf5071f90,94.39716,96.81824,564,success_build,True,True,False,unit fuzzy loss,
191,0 1 2 3 4 5 6 7 8 9 16 11 12 13 14 15 10 17 18 19 20 21 22 23,7366523c4494e6bdfb2a1912977a4e3e111ec7e232f55b02fa81149f2d2d3929,dbf410e07f98107761d9cb8204f1e322a4a0aa0ec40d6b72f52865f4078d86b8,94.39716,96.81824,564,success_build,True,True,False,unit fuzzy loss,
192,0 1 2 3 4 5 6 7 8 9 17 11 12 13 14 15 16 10 18 19 20 21 22 23,36ce0f8c7f4040cfa4964ee4dbd7f41c576a0a5a741a57004a6996b85f18184b,eeb67bcd12581a9259552b22f56f1d6999dbb8b7a3ac26273cb339e9072138c7,94.32624,96.811775,564,success_build,True,True,False,unit fuzzy loss,
193,0 1 2 3 4 5 6 7 8 9 18 11 12 13 14 15 16 17 10 19 20 21 22 23,c1cf16a373a9516a6ed1262952ba614119965ac88f8573b00ac323ec901afd68,6e46b9dadbfacd1b30cc290f6304395e56dd2e6cd41b4a501800f9c47af26eb9,95.28369,96.89909,564,success_build,True,True,True,,
194,0 1 2 3 4 5 6 7 8 9 19 11 12 13 14 15 16 17 18 10 20 21 22 23,e2290aea23d227923e42b96b78877da40ccce3e4ef64980eb7f88412f80a2670,5af3d51251a2c70d8e73bb7bc7063dc65c638c4f41b6e47a342cf963c7d05b8a,94.21986,96.80207,564,success_build,True,True,False,unit fuzzy loss,
195,0 1 2 3 4 5 6 7 8 9 20 11 12 13 14 15 16 17 18 19 10 21 22 23,ad46eeabaffebc851f6a0cb48dea0fcb99c6c384146b369c56fad38f572268e3,77aeae968bd81664a48f8b977641558951ae163fe856062126f9a8b9a8a670f0,94.11347,96.792366,564,success_build,True,True,False,unit fuzzy loss,
196,0 1 2 3 4 5 6 7 8 9 21 11 12 13 14 15 16 17 18 19 20 10 22 23,0c2e0abe96693236d456ebce1d11c9a99e21132ead19e5b9869cacb93515a598,4a4247cca926de30607993bd93198a2dde8139fd6ec9bf5740e18382ecca5466,93.971634,96.779434,564,success_build,True,True,False,unit fuzzy loss,
197,0 1 2 3 4 5 6 7 8 9 22 11 12 13 14 15 16 17 18 19 20 21 10 23,bdb0ee3fc2f7d386a93673b76c9960e4700ace891883ffadc91221e166659c61,6e46b9dadbfacd1b30cc290f6304395e56dd2e6cd41b4a501800f9c47af26eb9,95.28369,96.89909,564,success_build,True,True,True,,
198,0 1 2 3 4 5 6 7 8 9 23 11 12 13 14 15 16 17 18 19 20 21 22 10,2eebf5c64ee050fa4465fc4f3dc3ba7633f422aece34b1e2fef28f0fbccea9e2,6e46b9dadbfacd1b30cc290f6304395e56dd2e6cd41b4a501800f9c47af26eb9,95.28369,96.89909,564,success_build,True,True,True,,
199,0 1 2 3 4 5 6 7 8 9 10 12 11 13 14 15 16 17 18 19 20 21 22 23,7c1d0e0010c8ca81690e35c4d890f4d20520859dcd2c36d77e3b9a810dc06770,6e46b9dadbfacd1b30cc290f6304395e56dd2e6cd41b4a501800f9c47af26eb9,95.28369,96.89909,564,success_build,True,True,True,,
200,0 1 2 3 4 5 6 7 8 9 10 13 12 11 14 15 16 17 18 19 20 21 22 23,581e62c0db2cf81cfcffd669525aa42a475640a7cd897fe92e88e90f00664b6c,50d2aa59d4abbc832ff43f96037f65b2ea02af9224d60dc48ea3b966f18cbe44,94.71631,96.84735,564,success_build,True,True,False,unit fuzzy loss,
201,0 1 2 3 4 5 6 7 8 9 10 14 12 13 11 15 16 17 18 19 20 21 22 23,d85cd4067db277e46d5142f0caa58ee5d77d9fed26bc1d91eef00a1977443efc,f9c8fba100a712035a228fe7cbf7c4654834dd04687b12eb28f765a0f5824e85,94.50355,96.82794,564,success_build,True,True,False,unit fuzzy loss,
202,0 1 2 3 4 5 6 7 8 9 10 15 12 13 14 11 16 17 18 19 20 21 22 23,f7c9a40a1442c2e9785a1463322a9b558580d584cd690d19b795a46882e5b5b7,7dc92df5155f5ef18648fe3a2fa8a9bab8174eff0850259333ce6e4bf5071f90,94.39716,96.81824,564,success_build,True,True,False,unit fuzzy loss,
203,0 1 2 3 4 5 6 7 8 9 10 16 12 13 14 15 11 17 18 19 20 21 22 23,4a172c2102cd2e008b7a0518a1c54cf42a34c6bdee51662b4ffc38c6bccf7c1e,dbf410e07f98107761d9cb8204f1e322a4a0aa0ec40d6b72f52865f4078d86b8,94.39716,96.81824,564,success_build,True,True,False,unit fuzzy loss,
204,0 1 2 3 4 5 6 7 8 9 10 17 12 13 14 15 16 11 18 19 20 21 22 23,c0f0039c6e3820a3c83239445cc5e21e2e31d9053215098a29002e535d323f07,eeb67bcd12581a9259552b22f56f1d6999dbb8b7a3ac26273cb339e9072138c7,94.32624,96.811775,564,success_build,True,True,False,unit fuzzy loss,
205,0 1 2 3 4 5 6 7 8 9 10 18 12 13 14 15 16 17 11 19 20 21 22 23,12da8a7d07a7303bf415dc98b46c04021f7183e61d29319965808763a54abb1a,6e46b9dadbfacd1b30cc290f6304395e56dd2e6cd41b4a501800f9c47af26eb9,95.28369,96.89909,564,success_build,True,True,True,,
206,0 1 2 3 4 5 6 7 8 9 10 19 12 13 14 15 16 17 18 11 20 21 22 23,1c9640f94ab00c5e72d5f0e5b298f36abef2eaf61beb0a64bf67c73ec9cbb6f3,5af3d51251a2c70d8e73bb7bc7063dc65c638c4f41b6e47a342cf963c7d05b8a,94.21986,96.80207,564,success_build,True,True,False,unit fuzzy loss,
207,0 1 2 3 4 5 6 7 8 9 10 20 12 13 14 15 16 17 18 19 11 21 22 23,f99f48f11a496be7983500ec6621a467a9fa4d298d0f7641640c8d765460694f,77aeae968bd81664a48f8b977641558951ae163fe856062126f9a8b9a8a670f0,94.11347,96.792366,564,success_build,True,True,False,unit fuzzy loss,
208,0 1 2 3 4 5 6 7 8 9 10 21 12 13 14 15 16 17 18 19 20 11 22 23,5f2c2ea265402c2d281045c2d1e131a921ea749da8af5ab925c9da08e882f2f8,4a4247cca926de30607993bd93198a2dde8139fd6ec9bf5740e18382ecca5466,93.971634,96.779434,564,success_build,True,True,False,unit fuzzy loss,
209,0 1 2 3 4 5 6 7 8 9 10 22 12 13 14 15 16 17 18 19 20 21 11 23,6d62b9b97a9ec659e1ee21ee271d44aacfb7fa4dd30147776ff3bd48b06ee9e9,6e46b9dadbfacd1b30cc290f6304395e56dd2e6cd41b4a501800f9c47af26eb9,95.28369,96.89909,564,success_build,True,True,True,,
210,0 1 2 3 4 5 6 7 8 9 10 23 12 13 14 15 16 17 18 19 20 21 22 11,6fcc45284436bee3f057e8b360d254804f4faf0eec235e32173167e12f14786d,6e46b9dadbfacd1b30cc290f6304395e56dd2e6cd41b4a501800f9c47af26eb9,95.28369,96.89909,564,success_build,True,True,True,,
211,0 1 2 3 4 5 6 7 8 9 10 11 13 12 14 15 16 17 18 19 20 21 22 23,ed776b40b2ac431dc0e459e73239066e18d15c049e4fde5369085fb50dd5b4b3,50d2aa59d4abbc832ff43f96037f65b2ea02af9224d60dc48ea3b966f18cbe44,94.71631,96.84735,564,success_build,True,True,False,unit fuzzy loss,
212,0 1 2 3 4 5 6 7 8 9 10 11 14 13 12 15 16 17 18 19 20 21 22 23,6e3474369de2568b7c7ebbfd5df75a5f7738c24755512f3adc86b31cc82d1912,09d50618aa04dd4daea23d97a6809921bef88d61d5f4a85198b7c8621e08e05e,94.78723,96.85381,564,success_build,True,True,False,unit fuzzy loss,
213,0 1 2 3 4 5 6 7 8 9 10 11 15 13 14 12 16 17 18 19 20 21 22 23,09a72c63a3fde4629b794608804eebfccfefc0335ecccbb9faf053dc1da9c9d3,fbd128e79f78c8b4badf47c4af873ef02778cc9df2a885def788d6c56a868c02,94.893616,96.86352,564,success_build,True,True,False,unit fuzzy loss,
214,0 1 2 3 4 5 6 7 8 9 10 11 16 13 14 15 12 17 18 19 20 21 22 23,82701fc8191d1d12e72e02f32fab486a3af49dd4876c78cddb51d70025f11d42,216ec319966828af2baee8d754271f27a4a6127dd3d14c6b2ad6a706ba809318,95.0,96.87322,564,success_build,True,True,False,unit fuzzy loss,
215,0 1 2 3 4 5 6 7 8 9 10 11 17 13 14 15 16 12 18 19 20 21 22 23,a73360f839aba2a93b3fbe07216f74034fd89d11a24dad7a86b40236496797a8,de9bc521cef97482b59dfef2d6aad72b77e3342f447a385277f94943facd7dd6,94.92908,96.86675,564,success_build,True,True,False,unit fuzzy loss,
216,0 1 2 3 4 5 6 7 8 9 10 11 18 13 14 15 16 17 12 19 20 21 22 23,f249b17d1e8bf9a92e2859df4b0b813f3b5c195e39877ba014c59f5e761db306,6cbd2cb21f94541f2f8af816a1a8e1f52b6beb1138692655b7de67d82a9ea80f,94.32624,96.811775,564,success_build,True,True,False,unit fuzzy loss,
217,0 1 2 3 4 5 6 7 8 9 10 11 19 13 14 15 16 17 18 12 20 21 22 23,5671e3ee3281a026aad3ae776aa87d958cd27ee7bbc05c1a9478c266a5ac71fa,39b8771ba4a1646f3ba5f24f1aa5b05f076f9ffa5e66200ab4bbbdf24b3a7b7e,94.893616,96.86352,564,success_build,True,True,False,unit fuzzy loss,
218,0 1 2 3 4 5 6 7 8 9 10 11 20 13 14 15 16 17 18 19 12 21 22 23,4dece2723f0fa213fd2b045a11b951370d2cb8947fc203a640c0fe9552f4e189,448bd843fe61b6f8a06f76df07552dc8bef5efa63bb24b9e82e6cee500a5521f,94.78723,96.85381,564,success_build,True,True,False,unit fuzzy loss,
219,0 1 2 3 4 5 6 7 8 9 10 11 21 13 14 15 16 17 18 19 20 12 22 23,f3623a2118000a539eb1ac2651e10095739ed4f8e071731ea378b5350f6311a3,7467e2c3425fb14befabae7ff8ef71e3121067bbc93f7eefcb08db2eebcac5a2,94.57447,96.83441,564,success_build,True,True,False,unit fuzzy loss,
220,0 1 2 3 4 5 6 7 8 9 10 11 22 13 14 15 16 17 18 19 20 21 12 23,cc1a04dcd3c6e30a0c148a7cb0d42d477a71dd6c2b76570740017a01cb306dc1,4a35af87149607ccda87e9f9abac63333b88882e8844aac7a717a36c5584de80,93.723404,96.75679,564,success_build,True,True,False,unit fuzzy loss,
221,0 1 2 3 4 5 6 7 8 9 10 11 23 13 14 15 16 17 18 19 20 21 22 12,25f856cb758dd737922dbd19600ad7dbb20568e106c45177a46d2cf864d4d526,4a35af87149607ccda87e9f9abac63333b88882e8844aac7a717a36c5584de80,93.723404,96.75679,564,success_build,True,True,False,unit fuzzy loss,
222,0 1 2 3 4 5 6 7 8 9 10 11 12 14 13 15 16 17 18 19 20 21 22 23,f32d1197af338de29e015293ec2a2ab7e435de220788b27c29cab4981209b7f1,615c71b1a6fe73d1696bd1170a9dc5886de7c8cc00b27254edbba4ab870580b2,94.78723,96.85381,564,success_build,True,True,False,unit fuzzy loss,
223,0 1 2 3 4 5 6 7 8 9 10 11 12 15 14 13 16 17 18 19 20 21 22 23,447b1abc5af8d4984657c2f879e97c5a0700e1b27753a38680fbf7fa3d5182f7,99edd1c1676c60101f83cb72405e3b5efb4c10d49429dd53acfacb39bae6797c,94.893616,96.86352,564,success_build,True,True,False,unit fuzzy loss,
224,0 1 2 3 4 5 6 7 8 9 10 11 12 16 14 15 13 17 18 19 20 21 22 23,ad78bbd33603291356bc70a3f6182fc8c954397a79e3806339a11a6b6e4c1cce,39ad8e6ff7c8661db0fe9063919d7ace2a55e42a0804936eb650003f6da45ffb,95.0,96.87322,564,success_build,True,True,False,unit fuzzy loss,
225,0 1 2 3 4 5 6 7 8 9 10 11 12 17 14 15 16 13 18 19 20 21 22 23,bde9cb6bee529348e8e2f680546cec5f5ab788c235013f7b68ec3552d3d2a7ab,43a2ae6df7aea8bd5f0bdb0c76b03c52ec521da49376fad7cba2bee1c061c6aa,94.92908,96.86675,564,success_build,True,True,False,unit fuzzy loss,
226,0 1 2 3 4 5 6 7 8 9 10 11 12 18 14 15 16 17 13 19 20 21 22 23,95822c59291eef8089d6a66dd8ca9072c612199465316fb2c5b8bdd87c37dd03,b1137e3c3d139e2e2448b3f4d34b33159a9f014e1aaf11ab4d32fdf7ce45976f,94.60993,96.83765,564,success_build,True,True,False,unit fuzzy loss,
227,0 1 2 3 4 5 6 7 8 9 10 11 12 19 14 15 16 17 18 13 20 21 22 23,80beba8d59af9ddf8d30b207c4ec61d2befde185167d45a29c07cd241e7f450a,dc67c60092d5c8cd7e92dc38a5c5cb0505aff5a2fd7835643081b45602d9ddb0,94.893616,96.86352,564,success_build,True,True,False,unit fuzzy loss,
228,0 1 2 3 4 5 6 7 8 9 10 11 12 20 14 15 16 17 18 19 13 21 22 23,e6101e53e25220dbdeac2982aa9c6693f888180f752b9e3cc2d0b370cc0083de,9708827d236b5e0a477ee51537e20188ac3664348288a05ab3a5d53dd8c9dd4b,94.78723,96.85381,564,success_build,True,True,False,unit fuzzy loss,
229,0 1 2 3 4 5 6 7 8 9 10 11 12 21 14 15 16 17 18 19 20 13 22 23,5a28b58066e091cfb7b2435be2be00ec686092db127b371a201f1dc8b73a4b15,29d5d1cfae4228c90c10ef8d9b0b813405431f4bad33152b13775bf39e52efc7,94.57447,96.83441,564,success_build,True,True,False,unit fuzzy loss,
230,0 1 2 3 4 5 6 7 8 9 10 11 12 22 14 15 16 17 18 19 20 21 13 23,0ed7cab2b6ef74e6937c32bc202d75129aaee81887f25b7076de2e81730e4d2f,eecd5b8ef1d418e340b1d9434a759368a222bab8a9476aa3af4039fc77bbe681,94.007095,96.78266,564,success_build,True,True,False,unit fuzzy loss,
231,0 1 2 3 4 5 6 7 8 9 10 11 12 23 14 15 16 17 18 19 20 21 22 13,db0df95d6d0542bd9426a5fe9a463c0e61126aa785efbb7a3d6126efcfdbd7ff,eecd5b8ef1d418e340b1d9434a759368a222bab8a9476aa3af4039fc77bbe681,94.007095,96.78266,564,success_build,True,True,False,unit fuzzy loss,
232,0 1 2 3 4 5 6 7 8 9 10 11 12 13 15 14 16 17 18 19 20 21 22 23,c9a67464c412b3be323e10e1281077cc6f4e6f0058120e1a272e45beb5764d50,6d8b7504b692863b6f08cfa4af38f3755e85f1e15d029ba53d36a98bf133825a,94.96454,96.86999,564,success_build,True,True,False,unit fuzzy loss,
233,0 1 2 3 4 5 6 7 8 9 10 11 12 13 16 15 14 17 18 19 20 21 22 23,0a9599350f8309bc1ccb485016957659a8f1fdf7708ecdad5b841cc82592008f,d88ae893d84b58186e769c400be8e77bd7929b48ec565b4ce684d48e9c1796a7,95.07092,96.87969,564,success_build,True,True,False,unit fuzzy loss,
234,0 1 2 3 4 5 6 7 8 9 10 11 12 13 17 15 16 14 18 19 20 21 22 23,3206f5527a45f847730d25f76114900b0666a369170343ea23fcae677fb7dbfb,1add6026d7814cb87f54b45fdc42f145ae6aa018f17e1c96b7b161c2f5bc551e,95.0,96.87322,564,success_build,True,True,False,unit fuzzy loss,
235,0 1 2 3 4 5 6 7 8 9 10 11 12 13 18 15 16 17 14 19 20 21 22 23,ad8be41a6a5546ebdef000fb6f784978a16d403a33f9af589213454a82bf6b2c,050523661c043b02f103b015d5baa9a681d0a522e0bf1794dfb232df6829c40b,94.893616,96.86352,564,success_build,True,True,False,unit fuzzy loss,
236,0 1 2 3 4 5 6 7 8 9 10 11 12 13 19 15 16 17 18 14 20 21 22 23,ea6069e87effaab83c1a196c652d44cdc3419cb7e9d99b1d676135c8f7376a48,8706b85132944c55c8bb544dc1922fa1d48419a2ace87d8311d337869bf4b108,94.96454,96.86999,564,success_build,True,True,False,unit fuzzy loss,
237,0 1 2 3 4 5 6 7 8 9 10 11 12 13 20 15 16 17 18 19 14 21 22 23,ccfd13571df086bf9ead0466b927ddf59856b04d20f5b019ada3cdea1a812070,6d700884caf0c2c28c94a959e1b3f69c39a9359f8255bf5605657de3052bc4d7,94.858154,96.86028,564,success_build,True,True,False,unit fuzzy loss,
238,0 1 2 3 4 5 6 7 8 9 10 11 12 13 21 15 16 17 18 19 20 14 22 23,102cf0836c74f9deee3ab48df772ddd83759229a9c183f314274065dee6a1f99,fe9c38cc880eeef7cc72879d730a9d9f530560cb577fbfa54e34e814961720e3,94.64539,96.84088,564,success_build,True,True,False,unit fuzzy loss,
239,0 1 2 3 4 5 6 7 8 9 10 11 12 13 22 15 16 17 18 19 20 21 14 23,bd2e6add08732a2c6b83658f2c56676d4b8853914b0c0f6abe1eebabcb4e67c1,78781fb07efd82cfb164b32d7d3f71a6de79393593f788bc7bd2dd3b89c50e38,94.29078,96.80854,564,success_build,True,True,False,unit fuzzy loss,
240,0 1 2 3 4 5 6 7 8 9 10 11 12 13 23 15 16 17 18 19 20 21 22 14,780ab47f79b3b90d0ff0bcf4929c87fa6ec12ac25c0ca4f0c92e0a88f322b883,78781fb07efd82cfb164b32d7d3f71a6de79393593f788bc7bd2dd3b89c50e38,94.29078,96.80854,564,success_build,True,True,False,unit fuzzy loss,
241,0 1 2 3 4 5 6 7 8 9 10 11 12 13 14 16 15 17 18 19 20 21 22 23,10027bf7fdc3e5b07764446837fa4bd651316e58ca5d50e09d789bd9077b8b4f,cf1fe124d3c86c98a2436a7ada32ba51846f543aa433dc22ec42db34ce6c95ce,95.17731,96.88939,564,success_build,True,True,False,unit fuzzy loss,
242,0 1 2 3 4 5 6 7 8 9 10 11 12 13 14 17 16 15 18 19 20 21 22 23,297d822d90003923542a590e5d439a1b0daba377b4add3d396cf1d8cd8cd4356,2aec97b7ecaec1712cbad0dec73fa5b5576ade379f29a2d9f50ffae161fc76d4,95.106384,96.88293,564,success_build,True,True,False,unit fuzzy loss,
243,0 1 2 3 4 5 6 7 8 9 10 11 12 13 14 18 16 17 15 19 20 21 22 23,be964381982daa511d0b6ccf94afbc27f8bee15de5a17b73e733dcacf19b6f8b,631a5d56174d51bff958099604e14ae59c5d7643154c01d0b0e21d39db13ff66,95.106384,96.88293,564,success_build,True,True,False,unit fuzzy loss,
244,0 1 2 3 4 5 6 7 8 9 10 11 12 13 14 19 16 17 18 15 20 21 22 23,5db62fbd4d9a8860d4ad01464a58aa486eee1356647abb271c89ee74d97f07bb,e14298585e97c5076490de9591a8399c6c547be87ead315c0cc25c2f56b82153,95.07092,96.87969,564,success_build,True,True,False,unit fuzzy loss,
245,0 1 2 3 4 5 6 7 8 9 10 11 12 13 14 20 16 17 18 19 15 21 22 23,e71192673d082e8fd0bc98b034bf6583c2b0ae8b6f6d8506665527a591be58eb,b5b9814c8dbdb05f486d8ca3b7c851b880d04eea0f0789507d10fdd6987f2122,94.96454,96.86999,564,success_build,True,True,False,unit fuzzy loss,
246,0 1 2 3 4 5 6 7 8 9 10 11 12 13 14 21 16 17 18 19 20 15 22 23,c779d7b5a32a160ddb0a8eca03ae5b3572351743f2406bf137a8a76605f74a10,1b7a1fa0dda437733be5d030ce2802196a7cd90e67c133e40e7fdc8b7d05a93e,94.75177,96.850586,564,success_build,True,True,False,unit fuzzy loss,
247,0 1 2 3 4 5 6 7 8 9 10 11 12 13 14 22 16 17 18 19 20 21 15 23,b68c7ebe57947f2895a25b18b4b8fb6b389725ba8ab0a268da483bb9307b664f,31e2b8cf5c14518134dc16025e9a64846e8a113b6a0fafed9dbc7f0502caae9e,94.50355,96.82794,564,success_build,True,True,False,unit fuzzy loss,
248,0 1 2 3 4 5 6 7 8 9 10 11 12 13 14 23 16 17 18 19 20 21 22 15,3261d751455b9b6996a1e10db5fbac9c3c6d9e993df2d4eb06177f33338730c4,31e2b8cf5c14518134dc16025e9a64846e8a113b6a0fafed9dbc7f0502caae9e,94.50355,96.82794,564,success_build,True,True,False,unit fuzzy loss,
249,0 1 2 3 4 5 6 7 8 9 10 11 12 13 14 15 17 16 18 19 20 21 22 23,b852b2a1cd16c81034b0d6102f6acf83bf3a18c3eddb15ae1387527069e08515,8f71a9cd4d9ce8425ef8f49d68f01fa4ecb0bdd770ac2f9214e5eb37ebcde3c5,95.21277,96.892624,564,success_build,True,True,False,unit fuzzy loss,
250,0 1 2 3 4 5 6 7 8 9 10 11 12 13 14 15 18 17 16 19 20 21 22 23,6091182965873b3258c05a057ede0098212488fad8faa265f5a7c78727a7b745,8f71a9cd4d9ce8425ef8f49d68f01fa4ecb0bdd770ac2f9214e5eb37ebcde3c5,95.21277,96.892624,564,success_build,True,True,False,unit fuzzy loss,
251,0 1 2 3 4 5 6 7 8 9 10 11 12 13 14 15 19 17 18 16 20 21 22 23,665a27e9ab8f437ba1656f3a4e18739a5b6531eb2438f0c14769011c2b9c431c,de691febfdde2db43da14ecca22ecdbd5e0c7fbb416ca2580ffaa4991e8a1bbc,95.17731,96.88939,564,success_build,True,True,False,unit fuzzy loss,0
252,0 1 2 3 4 5 6 7 8 9 10 11 12 13 14 15 20 17 18 19 16 21 22 23,b916a97f1fc6a69813e61a01773c0854a00c889fdbc4f39b0b9d1ea35af1cca2,56cceae7c012d33c5d1edb269423881a1f5295bc7c7d3a5f18facc4a03cea297,95.07092,96.87969,564,success_build,True,True,False,unit fuzzy loss,
253,0 1 2 3 4 5 6 7 8 9 10 11 12 13 14 15 21 17 18 19 20 16 22 23,8960934b86597a907b4ab76bf5eb5f943e5ba411460d4c99d43841fbeae62b8d,1342df0c159a33352b1a461ae0b1fff2d8708d2ffaaa9c19963eab64911f1e15,94.858154,96.86028,564,success_build,True,True,False,unit fuzzy loss,
254,0 1 2 3 4 5 6 7 8 9 10 11 12 13 14 15 22 17 18 19 20 21 16 23,89de2050e363133ddc78f311ed86cc07fa3049a870d62fc65d8c3fd34854c553,e8997d3b275a68041a5de6e52c00a765ab58781a290c9a32028365af7a7a54a3,94.60993,96.83765,564,success_build,True,True,False,unit fuzzy loss,
255,0 1 2 3 4 5 6 7 8 9 10 11 12 13 14 15 23 17 18 19 20 21 22 16,8135cff2e5802fcf1385520543ab72ae5e3648d52f791cf7041b4688725efc6b,e8997d3b275a68041a5de6e52c00a765ab58781a290c9a32028365af7a7a54a3,94.60993,96.83765,564,success_build,True,True,False,unit fuzzy loss,
256,0 1 2 3 4 5 6 7 8 9 10 11 12 13 14 15 16 18 17 19 20 21 22 23,41401fb9e4ef55eb4ecb4767e47b5803c586ea2eb48a59d1ecc12a337104f7e9,6e46b9dadbfacd1b30cc290f6304395e56dd2e6cd41b4a501800f9c47af26eb9,95.28369,96.89909,564,success_build,True,True,True,,
257,0 1 2 3 4 5 6 7 8 9 10 11 12 13 14 15 16 19 18 17 20 21 22 23,a0239a55e041946397106da899ae78f6f4e40ed900c9d5cb62b24ab62c36873f,3930db12a657340fac2539dcf200c20b7092f0ba825ec5582b92a17a374ccc29,95.106384,96.88293,564,success_build,True,True,False,unit fuzzy loss,
258,0 1 2 3 4 5 6 7 8 9 10 11 12 13 14 15 16 20 18 19 17 21 22 23,a82a452c6462f9f5bfbe4843aab25711cfab8022aad3c58fc331e49086d4ac01,5d2d047aa85f4300c9041ece4d7642ca5066385ba6a2b5c003a2f7555a7745f9,95.0,96.87322,564,success_build,True,True,False,unit fuzzy loss,
259,0 1 2 3 4 5 6 7 8 9 10 11 12 13 14 15 16 21 18 19 20 17 22 23,f115d0bffe1f69639b6abbb7bc41c004127d2c2bd6a63bede996c5d1e12cfef4,cfe192604e316658bd9438bbb3b0b61dd389e92fc63cd4b4d7c81ade5a4cc5ee,94.78723,96.85381,564,success_build,True,True,False,unit fuzzy loss,
260,0 1 2 3 4 5 6 7 8 9 10 11 12 13 14 15 16 22 18 19 20 21 17 23,88a82e31bb96541077d267fbce36f129d3286748c3ff93b8bbe6d2f4a066faf5,b874277fc6b97d4cac8c673bea178e4949c9915ffdd403b2a908097ce0c3e0fc,94.60993,96.83765,564,success_build,True,True,False,unit fuzzy loss,
261,0 1 2 3 4 5 6 7 8 9 10 11 12 13 14 15 16 23 18 19 20 21 22 17,0003854af9dbd4db6b274168278562fec8d16faec230503479c0920760480e64,b874277fc6b97d4cac8c673bea178e4949c9915ffdd403b2a908097ce0c3e0fc,94.60993,96.83765,564,success_build,True,True,False,unit fuzzy loss,
262,0 1 2 3 4 5 6 7 8 9 10 11 12 13 14 15 16 17 19 18 20 21 22 23,af27cd234e8297b43559482a399c7dfebbedb13a297e4373c93b4eba32eeebe6,6e46b9dadbfacd1b30cc290f6304395e56dd2e6cd41b4a501800f9c47af26eb9,95.28369,96.89909,564,success_build,True,True,True,,
263,0 1 2 3 4 5 6 7 8 9 10 11 12 13 14 15 16 17 20 19 18 21 22 23,035ddf31fc9ece2c99aa6e6f6c3ccd95f9145740e41a59c20eae9403893598c7,ff8c75cbb7e0b1994587f128f0cc71b0cad680486fb9338f087856a69bc88e3a,95.106384,96.88293,564,success_build,True,True,False,unit fuzzy loss,
264,0 1 2 3 4 5 6 7 8 9 10 11 12 13 14 15 16 17 21 19 20 18 22 23,bd19c8696597f83da62c34855e6752f430e2e8eec3f0682fc63eba6fa7d7a67e,6107a98e257ebfd2daf0f98d621dac8b898934ae68770f75be613017fb3fa411,94.96454,96.86999,564,success_build,True,True,False,unit fuzzy loss,
265,0 1 2 3 4 5 6 7 8 9 10 11 12 13 14 15 16 17 22 19 20 21 18 23,7f8930052d8ece660356e0f2b408fdd2ac02a8ed1aeef454db9e3bdde7f6441a,6e46b9dadbfacd1b30cc290f6304395e56dd2e6cd41b4a501800f9c47af26eb9,95.28369,96.89909,564,success_build,True,True,True,,
266,0 1 2 3 4 5 6 7 8 9 10 11 12 13 14 15 16 17 23 19 20 21 22 18,748821563f3dc6c138a70564b496cc7147670c058b647dbe165874abb43e6e56,6e46b9dadbfacd1b30cc290f6304395e56dd2e6cd41b4a501800f9c47af26eb9,95.28369,96.89909,564,success_build,True,True,True,,
267,0 1 2 3 4 5 6 7 8 9 10 11 12 13 14 15 16 17 18 20 19 21 22 23,2e2ee8a410549753aacace0da4bf5cfe3bbed851197047ed64eecb497114b857,ff8c75cbb7e0b1994587f128f0cc71b0cad680486fb9338f087856a69bc88e3a,95.106384,96.88293,564,success_build,True,True,False,unit fuzzy loss,
268,0 1 2 3 4 5 6 7 8 9 10 11 12 13 14 15 16 17 18 21 20 19 22 23,5f6d2409e9c04103bd13bdc014c7d91d03d6ff393a6048e018ccb21f3fcaa72c,0df39e6ed2f368926edbf39d324058d42bd7439b7e145a0280340143c1fc11a0,95.07092,96.87969,564,success_build,True,True,False,unit fuzzy loss,
269,0 1 2 3 4 5 6 7 8 9 10 11 12 13 14 15 16 17 18 22 20 21 19 23,e0fd293c32f825be8c5a921e5ddae1d27447c8560078ee30e96f1dbe27059247,a8d660dc5cf7b2157dac867dfe35944f8ee5a61644d6edff7405e6599fb8354f,94.96454,96.86999,564,success_build,True,True,False,unit fuzzy loss,
270,0 1 2 3 4 5 6 7 8 9 10 11 12 13 14 15 16 17 18 23 20 21 22 19,834e7bd3f4fb465bb122219730fcdc24d254b4de33cf6d1815dab9d07c82aa6e,a8d660dc5cf7b2157dac867dfe35944f8ee5a61644d6edff7405e6599fb8354f,94.96454,96.86999,564,success_build,True,True,False,unit fuzzy loss,
271,0 1 2 3 4 5 6 7 8 9 10 11 12 13 14 15 16 17 18 19 21 20 22 23,4e0023af521adc91a6e32d5c9163c43e988a66d12da20e38a1b378da5887d671,c010e4151c38cfaba332dfc270a8636e6e1e0f333af5fe5da634d6e8d8a6fda3,95.03546,96.87646,564,success_build,True,True,False,unit fuzzy loss,
272,0 1 2 3 4 5 6 7 8 9 10 11 12 13 14 15 16 17 18 19 22 21 20 23,8ebdaee674e3c57fd315136d50e63379243d4467d293f27521fb492182bcaf05,c010e4151c38cfaba332dfc270a8636e6e1e0f333af5fe5da634d6e8d8a6fda3,95.03546,96.87646,564,success_build,True,True,False,unit fuzzy loss,
273,0 1 2 3 4 5 6 7 8 9 10 11 12 13 14 15 16 17 18 19 23 21 22 20,c8d535c48c94f7d3da225b968c8a45c12d94a95c8b9da88286c8c5c1377d6ed6,c010e4151c38cfaba332dfc270a8636e6e1e0f333af5fe5da634d6e8d8a6fda3,95.03546,96.87646,564,success_build,True,True,False,unit fuzzy loss,
274,0 1 2 3 4 5 6 7 8 9 10 11 12 13 14 15 16 17 18 19 20 22 21 23,7904057f22f75389f8b8375eb65c9241857c4ca33150553988470c6593541984,6e46b9dadbfacd1b30cc290f6304395e56dd2e6cd41b4a501800f9c47af26eb9,95.28369,96.89909,564,success_build,True,True,True,,
275,0 1 2 3 4 5 6 7 8 9 10 11 12 13 14 15 16 17 18 19 20 23 22 21,4d4959aa6bb591e4cc32da7aad64c2e8a6d9f5f6c549f41cd020097e80d23c90,6e46b9dadbfacd1b30cc290f6304395e56dd2e6cd41b4a501800f9c47af26eb9,95.28369,96.89909,564,success_build,True,True,True,,
276,0 1 2 3 4 5 6 7 8 9 10 11 12 13 14 15 16 17 18 19 20 21 23 22,e171e0d9959c40b7a98bf5cae039e672f277eb7bf7ed46596f814ef7d5256e47,6e46b9dadbfacd1b30cc290f6304395e56dd2e6cd41b4a501800f9c47af26eb9,95.28369,96.89909,564,success_build,True,True,True,,
277,1 2 0 3 4 5 6 7 8 9 10 11 12 13 14 15 16 17 18 19 20 21 22 23,46e6a074ff5c68f5422d9089510b0e269ff8ffc5d04422d200eee083a2c1d635,6e46b9dadbfacd1b30cc290f6304395e56dd2e6cd41b4a501800f9c47af26eb9,95.28369,96.89909,564,success_build,True,True,True,,
278,1 2 3 0 4 5 6 7 8 9 10 11 12 13 14 15 16 17 18 19 20 21 22 23,f7a1411a3ac9fffe4b9fddfee5ffa80c766efca1760b4e6a6419c84f93c0abb8,6e46b9dadbfacd1b30cc290f6304395e56dd2e6cd41b4a501800f9c47af26eb9,95.28369,96.89909,564,success_build,True,True,True,,
279,1 2 3 4 0 5 6 7 8 9 10 11 12 13 14 15 16 17 18 19 20 21 22 23,c371b72b5286fd96e3740ccf890a0cafc7b4ba2996f21f12e1623c2969438187,489af3cb6d02d94bc929a93f1f0099169cae177d61513ac6c218fa6d562202a0,95.07092,96.87969,564,success_build,True,True,False,unit fuzzy loss,
280,1 2 3 4 5 0 6 7 8 9 10 11 12 13 14 15 16 17 18 19 20 21 22 23,42a0082ba7735d842e940a28702b5ad7810414cfb3148df3d9a3b5c42165aa4c,57009fed7ecd0329a403751c11ca5e1df6eeab36440f0e1cb34434ef420a6058,95.07092,96.87969,564,success_build,True,True,False,unit fuzzy loss,
281,1 2 3 4 5 6 0 7 8 9 10 11 12 13 14 15 16 17 18 19 20 21 22 23,c1b6c9f768592c5955dd03c920d5b4717799faf9b4b15f0f281970978725343c,960f6dda7fac4ebf134d716f08ab5d4d509dd1158e84a54c0bf95edb3fc59f8d,95.07092,96.87969,564,success_build,True,True,False,unit fuzzy loss,
282,1 2 3 4 5 6 7 0 8 9 10 11 12 13 14 15 16 17 18 19 20 21 22 23,4464224d27ca7b9b916b79e72d4ddce2b2e28bb24da6aa5ade433cc539953a8b,960f6dda7fac4ebf134d716f08ab5d4d509dd1158e84a54c0bf95edb3fc59f8d,95.07092,96.87969,564,success_build,True,True,False,unit fuzzy loss,
283,1 2 3 4 5 6 7 8 0 9 10 11 12 13 14 15 16 17 18 19 20 21 22 23,7a278f41c132535f61a1eaba62b7bad630491633f0ab9f06bf4ee926a7faca4b,5567fd4304781bd1a4e8d9ed29fcb774c98ebd0420ee9fc313ff94beb3b46e31,95.07092,96.87969,564,success_build,True,True,False,unit fuzzy loss,
284,1 2 3 4 5 6 7 8 9 0 10 11 12 13 14 15 16 17 18 19 20 21 22 23,30a1cfa04e8cc242e28af703c7ebf4b00cb5610d9f44963831ff175c6f0b4e6a,b63f792fbb67e73dbfd93dfb93b5baee7c05dd0e72119da944569cd34d2049d3,94.82269,96.85705,564,success_build,True,True,False,unit fuzzy loss,
285,1 2 3 4 5 6 7 8 9 10 0 11 12 13 14 15 16 17 18 19 20 21 22 23,7140d4d52d6907fe50b1bef862fd7d21598226d8a6072918de8c3270b9e0aaa1,b63f792fbb67e73dbfd93dfb93b5baee7c05dd0e72119da944569cd34d2049d3,94.82269,96.85705,564,success_build,True,True,False,unit fuzzy loss,
286,1 2 3 4 5 6 7 8 9 10 11 0 12 13 14 15 16 17 18 19 20 21 22 23,dcc61c7285e34599f03b2aa3209680bb5ffd2ed9a988f72eb74a236106c2d3ff,b63f792fbb67e73dbfd93dfb93b5baee7c05dd0e72119da944569cd34d2049d3,94.82269,96.85705,564,success_build,True,True,False,unit fuzzy loss,
287,1 2 3 4 5 6 7 8 9 10 11 12 0 13 14 15 16 17 18 19 20 21 22 23,f60d4cdd30c061f9449a668795e2c11baef36399ea0dabe233c4d17e6ca60b27,98744e2d265d7740ae077e40e682968b3f6149adbe2cdd38e1c4b31cee7e8f61,93.11347,96.701164,564,success_build,True,True,False,unit fuzzy loss,
288,1 2 3 4 5 6 7 8 9 10 11 12 13 0 14 15 16 17 18 19 20 21 22 23,f183529f18a22f7a1b28fe6925cb9849ae9bbcdc0f0a5481a9cb86936d443e07,1390ef916d4a30798f455749de7b0051d87aaf87a931abd3843fe04b0bd065aa,92.90071,96.68176,564,success_build,True,True,False,unit fuzzy loss,
289,1 2 3 4 5 6 7 8 9 10 11 12 13 14 0 15 16 17 18 19 20 21 22 23,8fdb377d001e2f719bb33d02d41530f43d84d40db2d4310513192d1a62e0973d,6481d8958868745d320298a50e10cd727fdf93f248fd044905d32cf52d3b85b7,92.68794,96.66235,564,success_build,True,True,False,unit fuzzy loss,
290,1 2 3 4 5 6 7 8 9 10 11 12 13 14 15 0 16 17 18 19 20 21 22 23,4ffbd2a4d4769e1ce42d8e7a884fe47a26854a19c24bc260c6687ce9660a54bc,0f10fc79db8764915d1226bc7f8c472ea4331d3dbb06e30759fe28321c87a26f,92.58156,96.65265,564,success_build,True,True,False,unit fuzzy loss,
291,1 2 3 4 5 6 7 8 9 10 11 12 13 14 15 16 0 17 18 19 20 21 22 23,5b5dd14ec0ec7b278ea3ac30022356f7a217cb6ad71e650420f4604ce7a42827,71ef37aa6f83bfc726ce28603a5658a54e2a55694e40feb339e147c83b06f3a4,92.58156,96.65265,564,success_build,True,True,False,unit fuzzy loss,
292,1 2 3 4 5 6 7 8 9 10 11 12 13 14 15 16 17 0 18 19 20 21 22 23,aac11e004f40aac9974191cdcd29a3978feadafaac33081c941bbc39003e0191,ff035f1cadbd5e80c6386656189f6bc1ec01bb1d9df2e3e1590ca19752387f75,92.510635,96.64619,564,success_build,True,True,False,unit fuzzy loss,
293,1 2 3 4 5 6 7 8 9 10 11 12 13 14 15 16 17 18 0 19 20 21 22 23,2e40e368c474acb8b933a7757675c223e91845ac7b2779c1dcd0062028977c88,ff035f1cadbd5e80c6386656189f6bc1ec01bb1d9df2e3e1590ca19752387f75,92.510635,96.64619,564,success_build,True,True,False,unit fuzzy loss,
294,1 2 3 4 5 6 7 8 9 10 11 12 13 14 15 16 17 18 19 0 20 21 22 23,0ba2a53d7c71e57761ddb7feb35a86ae5e4a397e35f6cda85f08b4d1722d2633,3c9e7a1ff1e9efc24ff9910ba9f110f8c91bb826d8d9d10ea023c473b361d156,92.40426,96.63648,564,success_build,True,True,False,unit fuzzy loss,
295,1 2 3 4 5 6 7 8 9 10 11 12 13 14 15 16 17 18 19 20 0 21 22 23,c90b172a0fe0b824a5525917a73603f663d926d74c4031fdfb429b68ecf97f05,38b68f250080728fc4166ee02944ae12f60d1991a8126207927614ab43645f32,92.22695,96.62031,564,success_build,True,True,False,unit fuzzy loss,
296,1 2 3 4 5 6 7 8 9 10 11 12 13 14 15 16 17 18 19 20 21 0 22 23,8f6904d2964d7f26ceadcd192f77b4f1beb10b7eaaf1008159670eb8da8d08fd,d1e88d6ed50321b2a492ed979f14d980cd745501d5860d383a9af1829b7c4493,91.9078,96.5912,564,success_build,True,True,False,unit fuzzy loss,
297,1 2 3 4 5 6 7 8 9 10 11 12 13 14 15 16 17 18 19 20 21 22 0 23,af8af17eeff9ebeea34d116b89aa07aece6ce8695dee057376338f81d7aea91e,d1e88d6ed50321b2a492ed979f14d980cd745501d5860d383a9af1829b7c4493,91.9078,96.5912,564,success_build,True,True,False,unit fuzzy loss,
298,1 2 3 4 5 6 7 8 9 10 11 12 13 14 15 16 17 18 19 20 21 22 23 0,5a375dbf0250d79764b60932dd2a882d116211353013a5070ec0d8459e3c0666,d1e88d6ed50321b2a492ed979f14d980cd745501d5860d383a9af1829b7c4493,91.9078,96.5912,564,success_build,True,True,False,unit fuzzy loss,
299,0 2 3 1 4 5 6 7 8 9 10 11 12 13 14 15 16 17 18 19 20 21 22 23,753e5b3b37e944d05c9cc9978ae45a44c5666e00fc64983237a00eaf47680cf5,6e46b9dadbfacd1b30cc290f6304395e56dd2e6cd41b4a501800f9c47af26eb9,95.28369,96.89909,564,success_build,True,True,True,,
300,0 2 3 4 1 5 6 7 8 9 10 11 12 13 14 15 16 17 18 19 20 21 22 23,1637fe46e636e9f7d9e76b7ab9b590adba3bffb221f90b1ae10ed2d2a80a6d65,6e46b9dadbfacd1b30cc290f6304395e56dd2e6cd41b4a501800f9c47af26eb9,95.28369,96.89909,564,success_build,True,True,True,,
301,0 2 3 4 5 1 6 7 8 9 10 11 12 13 14 15 16 17 18 19 20 21 22 23,967f4d33a7af15900481364d721b8e2cd0d91d8ec356450d25c648bb71b92644,6e46b9dadbfacd1b30cc290f6304395e56dd2e6cd41b4a501800f9c47af26eb9,95.28369,96.89909,564,success_build,True,True,True,,
302,0 2 3 4 5 6 1 7 8 9 10 11 12 13 14 15 16 17 18 19 20 21 22 23,c1bcc53b98d8ae85d7d7f3166857023c30e46740bf43328738c98b4dd8692d72,6e46b9dadbfacd1b30cc290f6304395e56dd2e6cd41b4a501800f9c47af26eb9,95.28369,96.89909,564,success_build,True,True,True,,
303,0 2 3 4 5 6 7 1 8 9 10 11 12 13 14 15 16 17 18 19 20 21 22 23,84736ceaf7b30f7296256df4142fe95084a696e59566f7fe1518d048141be70b,6e46b9dadbfacd1b30cc290f6304395e56dd2e6cd41b4a501800f9c47af26eb9,95.28369,96.89909,564,success_build,True,True,True,,
304,0 2 3 4 5 6 7 8 1 9 10 11 12 13 14 15 16 17 18 19 20 21 22 23,ccdb97905de191d306382dd5577ff08d51b4187b33f3a800543b12b641f4884a,6e46b9dadbfacd1b30cc290f6304395e56dd2e6cd41b4a501800f9c47af26eb9,95.28369,96.89909,564,success_build,True,True,True,,
305,0 2 3 4 5 6 7 8 9 1 10 11 12 13 14 15 16 17 18 19 20 21 22 23,764ca892f3fdec3add04d47fd8700dc89b4bab0c0485b0c780d80de9fa05c5f2,6e46b9dadbfacd1b30cc290f6304395e56dd2e6cd41b4a501800f9c47af26eb9,95.28369,96.89909,564,success_build,True,True,True,,
306,0 2 3 4 5 6 7 8 9 10 1 11 12 13 14 15 16 17 18 19 20 21 22 23,00bf4df6eef0e5c3d69ba34f4bc8cca5cd25703957b81d0656d6a2b29b83e554,6e46b9dadbfacd1b30cc290f6304395e56dd2e6cd41b4a501800f9c47af26eb9,95.28369,96.89909,564,success_build,True,True,True,,
307,0 2 3 4 5 6 7 8 9 10 11 1 12 13 14 15 16 17 18 19 20 21 22 23,cfb4451bc2fda073e65313e55ea58eb7d1f569153bca1d047212069686b063e6,6e46b9dadbfacd1b30cc290f6304395e56dd2e6cd41b4a501800f9c47af26eb9,95.28369,96.89909,564,success_build,True,True,True,,
308,0 2 3 4 5 6 7 8 9 10 11 12 1 13 14 15 16 17 18 19 20 21 22 23,f0ca4e2bc77cf5b486f0c7d51295e5adef1624769a6b758a863dd8cfe4a869bb,6e46b9dadbfacd1b30cc290f6304395e56dd2e6cd41b4a501800f9c47af26eb9,95.28369,96.89909,564,success_build,True,True,True,,
309,0 2 3 4 5 6 7 8 9 10 11 12 13 1 14 15 16 17 18 19 20 21 22 23,ec29d25cd38d65591e60a4d93eff337a8e6aa102b160f1d8036603e8fe62b670,6e46b9dadbfacd1b30cc290f6304395e56dd2e6cd41b4a501800f9c47af26eb9,95.28369,96.89909,564,success_build,True,True,True,,
310,0 2 3 4 5 6 7 8 9 10 11 12 13 14 1 15 16 17 18 19 20 21 22 23,6c5e1ce27b5cebc82b7d8b198d7e6ee44f2d3ccdbbd740faca197fca520ccbe9,6e46b9dadbfacd1b30cc290f6304395e56dd2e6cd41b4a501800f9c47af26eb9,95.28369,96.89909,564,success_build,True,True,True,,
311,0 2 3 4 5 6 7 8 9 10 11 12 13 14 15 1 16 17 18 19 20 21 22 23,d644c37d4edee2be8f9cecd29f7ea2563ad1c476480480575846f8168c6777d4,6e46b9dadbfacd1b30cc290f6304395e56dd2e6cd41b4a501800f9c47af26eb9,95.28369,96.89909,564,success_build,True,True,True,,
312,0 2 3 4 5 6 7 8 9 10 11 12 13 14 15 16 1 17 18 19 20 21 22 23,e5313fd88a2ffe909864e3e96a094325ce09b033525b8752b4c1d44deb109235,6e46b9dadbfacd1b30cc290f6304395e56dd2e6cd41b4a501800f9c47af26eb9,95.28369,96.89909,564,success_build,True,True,True,,
313,0 2 3 4 5 6 7 8 9 10 11 12 13 14 15 16 17 1 18 19 20 21 22 23,5f738e4b68674ee21853a29fcb61d71c2ae21a5f926c6dd1f483d831b0471b1a,6e46b9dadbfacd1b30cc290f6304395e56dd2e6cd41b4a501800f9c47af26eb9,95.28369,96.89909,564,success_build,True,True,True,,
314,0 2 3 4 5 6 7 8 9 10 11 12 13 14 15 16 17 18 1 19 20 21 22 23,eb9d0fc74ce0ce16ad2977d85d39371acb15014f0751b97ea9e3e7d087313481,6e46b9dadbfacd1b30cc290f6304395e56dd2e6cd41b4a501800f9c47af26eb9,95.28369,96.89909,564,success_build,True,True,True,,
315,0 2 3 4 5 6 7 8 9 10 11 12 13 14 15 16 17 18 19 1 20 21 22 23,0c10ff8075713b61b892c39177f8439ff40ef634461a364cad6cbac429405686,6e46b9dadbfacd1b30cc290f6304395e56dd2e6cd41b4a501800f9c47af26eb9,95.28369,96.89909,564,success_build,True,True,True,,
316,0 2 3 4 5 6 7 8 9 10 11 12 13 14 15 16 17 18 19 20 1 21 22 23,edf276666bdebf2dcba8a1dddd2f6172a8cb30abcdf8eb36c6532159516cf7d3,6e46b9dadbfacd1b30cc290f6304395e56dd2e6cd41b4a501800f9c47af26eb9,95.28369,96.89909,564,success_build,True,True,True,,
317,0 2 3 4 5 6 7 8 9 10 11 12 13 14 15 16 17 18 19 20 21 1 22 23,0467cedf7e1943f55c738b394f6c524b20d800d505342232dc33862f8f908a63,6e46b9dadbfacd1b30cc290f6304395e56dd2e6cd41b4a501800f9c47af26eb9,95.28369,96.89909,564,success_build,True,True,True,,
318,0 2 3 4 5 6 7 8 9 10 11 12 13 14 15 16 17 18 19 20 21 22 1 23,8c63931df8c4e89e69a2e66ebadd64c277625d92a68d915006b8c5bce8c2ceec,6e46b9dadbfacd1b30cc290f6304395e56dd2e6cd41b4a501800f9c47af26eb9,95.28369,96.89909,564,success_build,True,True,True,,
319,0 2 3 4 5 6 7 8 9 10 11 12 13 14 15 16 17 18 19 20 21 22 23 1,a78f50d0f8087153e57ea35ea8ed0d8c421108aa14724a54d4cc45b3de6de251,6e46b9dadbfacd1b30cc290f6304395e56dd2e6cd41b4a501800f9c47af26eb9,95.28369,96.89909,564,success_build,True,True,True,,
320,2 0 1 3 4 5 6 7 8 9 10 11 12 13 14 15 16 17 18 19 20 21 22 23,702dbe633bcc965b4c81d1cd15ea0b2257664c4573b32ff1fb5803140bc5d0e3,6e46b9dadbfacd1b30cc290f6304395e56dd2e6cd41b4a501800f9c47af26eb9,95.28369,96.89909,564,success_build,True,True,True,,
321,0 1 3 4 2 5 6 7 8 9 10 11 12 13 14 15 16 17 18 19 20 21 22 23,3d7aa45636ba5a87a7cd520026eef3867140c705f290674ce391d9d51831acca,01f26cabfccee045ff96e21e149c198917af42aa6031f1df5d14887916b071d5,90.680855,96.4793,564,success_build,True,True,False,unit fuzzy loss,
322,0 1 3 4 5 2 6 7 8 9 10 11 12 13 14 15 16 17 18 19 20 21 22 23,354bae4284e3efe9096dc6e2963da5fd3b23acd922c3d8b00c2c575bbb7575fd,36e33db343823673133da76a89ea0c64c76b39077451eab13b95dc22e9ec786d,90.60993,96.47283,564,success_build,True,True,False,unit fuzzy loss,
323,0 1 3 4 5 6 2 7 8 9 10 11 12 13 14 15 16 17 18 19 20 21 22 23,279c7d673091523707f5ba1b0f0f46df0c7f8a8c60d7bd193206fc556301eeec,89e5c333f348c2b19c0f2f44a6d989112269f29ffcdfc73d5cdaeaf57824238d,90.60993,96.47283,564,success_build,True,True,False,unit fuzzy loss,
324,0 1 3 4 5 6 7 2 8 9 10 11 12 13 14 15 16 17 18 19 20 21 22 23,94d9613665c0d268e6a2fe17007dfcb44f3f7470339eedf03f5a37e0caf2e541,89e5c333f348c2b19c0f2f44a6d989112269f29ffcdfc73d5cdaeaf57824238d,90.60993,96.47283,564,success_build,True,True,False,unit fuzzy loss,
325,0 1 3 4 5 6 7 8 2 9 10 11 12 13 14 15 16 17 18 19 20 21 22 23,d2191d11d7da79514b16538a6fc7515b0e710d26b0dae02d2c99d07841064023,bcf0d7cddae30482d8b83330938c84811b1d8de46d1d6ce38a4b6574591148b6,90.60993,96.47283,564,success_build,True,True,False,unit fuzzy loss,
326,0 1 3 4 5 6 7 8 9 2 10 11 12 13 14 15 16 17 18 19 20 21 22 23,5402fe445f08c4f65e3fd08bd9f4a63139eba884a4364baa42e90e1b3dd1fafd,6b99b3a3566ea8dbc8c8184c367345c13da6ab858d7832b4d99c545955c86726,92.82269,96.674644,564,success_build,True,True,False,unit fuzzy loss,
327,0 1 3 4 5 6 7 8 9 10 2 11 12 13 14 15 16 17 18 19 20 21 22 23,6b44b6e3b6287a6f574fe3ead398547a69d4e82e280b74a17f1138be73744f67,6b99b3a3566ea8dbc8c8184c367345c13da6ab858d7832b4d99c545955c86726,92.82269,96.674644,564,success_build,True,True,False,unit fuzzy loss,
328,0 1 3 4 5 6 7 8 9 10 11 2 12 13 14 15 16 17 18 19 20 21 22 23,e990e4589c368b71e80ff30a34aa1ff4ee2c7693b1c696e4793da481164e0c55,6b99b3a3566ea8dbc8c8184c367345c13da6ab858d7832b4d99c545955c86726,92.82269,96.674644,564,success_build,True,True,False,unit fuzzy loss,
329,0 1 3 4 5 6 7 8 9 10 11 12 2 13 14 15 16 17 18 19 20 21 22 23,d011475f84fa341ddfa8fb23e051a6be68b144c883f2b30400fee137605becbf,20831dacf9333135edc71313671b214c20dc188f37b3bea8933cff54e412b172,92.893616,96.681114,564,success_build,True,True,False,unit fuzzy loss,
330,0 1 3 4 5 6 7 8 9 10 11 12 13 2 14 15 16 17 18 19 20 21 22 23,febe2bc2ca66b07564333f39252a1b065f017187f889d26bff8e9619e816ac41,fc7b3f40b61ba924ebe44c706284d5a88d674cc21d5a25eef51b79cb43208401,93.07092,96.69728,564,success_build,True,True,False,unit fuzzy loss,
331,0 1 3 4 5 6 7 8 9 10 11 12 13 14 2 15 16 17 18 19 20 21 22 23,4b1cc76e26aec6da1caf186b3fe85a871545022e26fbaf14dfadecfa65b68289,fb67ab4663e744bc39a573203792b6695c75d47020cd5c8ecefd075fcab978d2,93.28369,96.71669,564,success_build,True,True,False,unit fuzzy loss,
332,0 1 3 4 5 6 7 8 9 10 11 12 13 14 15 2 16 17 18 19 20 21 22 23,dd0a8a23c74064b23cf1ec8f601ba04f240c0232fbd15e98fc3b8e0da7dbb09e,4dbe8b352fc0b5c2fa7c1128f92ffdfa47d0e7a80e241539002d32634d19abef,93.39007,96.72639,564,success_build,True,True,False,unit fuzzy loss,
333,0 1 3 4 5 6 7 8 9 10 11 12 13 14 15 16 2 17 18 19 20 21 22 23,8ecf7fef2fea527562f5abbc5d5c466a38a5ff6b194d6b8792a92e18ea5abc7b,8bc9487d6bc570570f18e0c7bb9ddaa4a980a6626dd32c49c16b83a66b8b2f3d,93.39007,96.72639,564,success_build,True,True,False,unit fuzzy loss,
334,0 1 3 4 5 6 7 8 9 10 11 12 13 14 15 16 17 2 18 19 20 21 22 23,02a76ec38948b59e72c5cafedea18bb507304398a3a3048daf2918de50612ab6,c3c64de283b390ae3d119a0ed28fc23e4cc445554924a9e3010356b2698587a2,93.53191,96.73933,564,success_build,True,True,False,unit fuzzy loss,
335,0 1 3 4 5 6 7 8 9 10 11 12 13 14 15 16 17 18 2 19 20 21 22 23,a9cedae2d1afd0e11f6908e9627deaffc5019ff9ec5da53bc36f626ced77c646,c3c64de283b390ae3d119a0ed28fc23e4cc445554924a9e3010356b2698587a2,93.53191,96.73933,564,success_build,True,True,False,unit fuzzy loss,
336,0 1 3 4 5 6 7 8 9 10 11 12 13 14 15 16 17 18 19 2 20 21 22 23,20c31852b618d5c4218f8ebd40c3eac2511acb2d5427cf708f3a59efe23dd4e3,c3c64de283b390ae3d119a0ed28fc23e4cc445554924a9e3010356b2698587a2,93.53191,96.73933,564,success_build,True,True,False,unit fuzzy loss,
337,0 1 3 4 5 6 7 8 9 10 11 12 13 14 15 16 17 18 19 20 2 21 22 23,7e439b807b58d0a73c8909b16f6e5c4907432790b9676a4ec5ae095f5ea24c44,e9b913e763af985828d1346d4225096dbe6208071cadcf0d72701b0aa60fd6d9,93.39007,96.72639,564,success_build,True,True,False,unit fuzzy loss,
338,0 1 3 4 5 6 7 8 9 10 11 12 13 14 15 16 17 18 19 20 21 2 22 23,97316d62252a87ab8dd0b611ccc7c813b02a6d256fce224338aa17767462352e,665c1ca241ea9392673168c3470cbd241419e010f77e259f4d65506b524c8f40,93.24823,96.713455,564,success_build,True,True,False,unit fuzzy loss,
339,0 1 3 4 5 6 7 8 9 10 11 12 13 14 15 16 17 18 19 20 21 22 2 23,47a7ebd8bca33f55dd53d60287776c38444f2f3abd71bfb9385245fab3d0f914,665c1ca241ea9392673168c3470cbd241419e010f77e259f4d65506b524c8f40,93.24823,96.713455,564,success_build,True,True,False,unit fuzzy loss,
340,0 1 3 4 5 6 7 8 9 10 11 12 13 14 15 16 17 18 19 20 21 22 23 2,4fc873c217df666438cd4922b46486255740644b6c33d3911c50a8337223a016,665c1ca241ea9392673168c3470cbd241419e010f77e259f4d65506b524c8f40,93.24823,96.713455,564,success_build,True,True,False,unit fuzzy loss,
341,3 0 1 2 4 5 6 7 8 9 10 11 12 13 14 15 16 17 18 19 20 21 22 23,2c1752c6449e8a54d04708bab796a02fc963a7510cc7351ff92bd2e9cdba3487,ff26e35bf738386e770d1f2764b8b8c59ba4879215f30df029e2e9a9e5b7aafa,90.50355,96.46313,564,success_build,True,True,False,unit fuzzy loss,
342,0 3 1 2 4 5 6 7 8 9 10 11 12 13 14 15 16 17 18 19 20 21 22 23,0e09c80fbafb0a2263c388071014553c409fe6901d362fdc48599a364fddd00f,ff26e35bf738386e770d1f2764b8b8c59ba4879215f30df029e2e9a9e5b7aafa,90.50355,96.46313,564,success_build,True,True,False,unit fuzzy loss,
343,0 1 2 4 5 3 6 7 8 9 10 11 12 13 14 15 16 17 18 19 20 21 22 23,04cbcf171e8c5e532751728336d24da5c244bb6286d7fc85021a52b08041125a,6e46b9dadbfacd1b30cc290f6304395e56dd2e6cd41b4a501800f9c47af26eb9,95.28369,96.89909,564,success_build,True,True,True,,
344,0 1 2 4 5 6 3 7 8 9 10 11 12 13 14 15 16 17 18 19 20 21 22 23,f5b690b24cde8bccf8c13f41cf791d43c7ff988ab230cbbc1bf9c547ace266e9,6e46b9dadbfacd1b30cc290f6304395e56dd2e6cd41b4a501800f9c47af26eb9,95.28369,96.89909,564,success_build,True,True,True,,
345,0 1 2 4 5 6 7 3 8 9 10 11 12 13 14 15 16 17 18 19 20 21 22 23,5e26b263f48dabaa27738b415dec52df7f1e1b97db98837f6d8c2254f13236c1,6e46b9dadbfacd1b30cc290f6304395e56dd2e6cd41b4a501800f9c47af26eb9,95.28369,96.89909,564,success_build,True,True,True,,
346,0 1 2 4 5 6 7 8 3 9 10 11 12 13 14 15 16 17 18 19 20 21 22 23,1508f26a78adcfbab4fa94615a557abe757cf9dd7fc5df136046e8c59e43b4ac,6e46b9dadbfacd1b30cc290f6304395e56dd2e6cd41b4a501800f9c47af26eb9,95.28369,96.89909,564,success_build,True,True,True,,
347,0 1 2 4 5 6 7 8 9 3 10 11 12 13 14 15 16 17 18 19 20 21 22 23,7d89c1ae33dec7acc24841470560fa0e49c41a5e56bf04c4181cd84e197b3c06,6e46b9dadbfacd1b30cc290f6304395e56dd2e6cd41b4a501800f9c47af26eb9,95.28369,96.89909,564,success_build,True,True,True,,
348,0 1 2 4 5 6 7 8 9 10 3 11 12 13 14 15 16 17 18 19 20 21 22 23,29ce1e426a9ecbc750c0e6370d40ebed9004568d81c7ad8e5066d35c43b4fdde,6e46b9dadbfacd1b30cc290f6304395e56dd2e6cd41b4a501800f9c47af26eb9,95.28369,96.89909,564,success_build,True,True,True,,
349,0 1 2 4 5 6 7 8 9 10 11 3 12 13 14 15 16 17 18 19 20 21 22 23,3eee7799c467838cc61fecf438d0be1506497499df1a1ba5f9656d33a6283ee4,6e46b9dadbfacd1b30cc290f6304395e56dd2e6cd41b4a501800f9c47af26eb9,95.28369,96.89909,564,success_build,True,True,True,,
350,0 1 2 4 5 6 7 8 9 10 11 12 3 13 14 15 16 17 18 19 20 21 22 23,f184f2d755072d7fa350f4a9db452e2f924d18dec9b56cdcf63501a4accd61be,6e46b9dadbfacd1b30cc290f6304395e56dd2e6cd41b4a501800f9c47af26eb9,95.28369,96.89909,564,success_build,True,True,True,,
351,0 1 2 4 5 6 7 8 9 10 11 12 13 3 14 15 16 17 18 19 20 21 22 23,c68aa630d2bead2f363b969f33411fa11a535810c4c9051903c88722d7ddb167,6e46b9dadbfacd1b30cc290f6304395e56dd2e6cd41b4a501800f9c47af26eb9,95.28369,96.89909,564,success_build,True,True,True,,
352,0 1 2 4 5 6 7 8 9 10 11 12 13 14 3 15 16 17 18 19 20 21 22 23,d24ed619d5bb3af194da067470500d84bcfcd1cdadefa8e10eb76b01348d6987,6e46b9dadbfacd1b30cc290f6304395e56dd2e6cd41b4a501800f9c47af26eb9,95.28369,96.89909,564,success_build,True,True,True,,
353,0 1 2 4 5 6 7 8 9 10 11 12 13 14 15 3 16 17 18 19 20 21 22 23,b13ad31ef9862d3c373c3944259a1df5a889625f55f8192aed65c59227d8d2a4,6e46b9dadbfacd1b30cc290f6304395e56dd2e6cd41b4a501800f9c47af26eb9,95.28369,96.89909,564,success_build,True,True,True,,
354,0 1 2 4 5 6 7 8 9 10 11 12 13 14 15 16 3 17 18 19 20 21 22 23,98f56c7e9c3a61767fc1dd759f32a4d45c985096839694f799a283f8fa887b85,6e46b9dadbfacd1b30cc290f6304395e56dd2e6cd41b4a501800f9c47af26eb9,95.28369,96.89909,564,success_build,True,True,True,,
355,0 1 2 4 5 6 7 8 9 10 11 12 13 14 15 16 17 3 18 19 20 21 22 23,9de96d415f716f756ea9795d45ed1a3d44ff0ebfd436afd9cd12c34fe03944af,6e46b9dadbfacd1b30cc290f6304395e56dd2e6cd41b4a501800f9c47af26eb9,95.28369,96.89909,564,success_build,True,True,True,,
356,0 1 2 4 5 6 7 8 9 10 11 12 13 14 15 16 17 18 3 19 20 21 22 23,96750deec5a0408e18f4298ea309160a8c55c4902f9280f99e382d945f807164,6e46b9dadbfacd1b30cc290f6304395e56dd2e6cd41b4a501800f9c47af26eb9,95.28369,96.89909,564,success_build,True,True,True,,
357,0 1 2 4 5 6 7 8 9 10 11 12 13 14 15 16 17 18 19 3 20 21 22 23,61b7245da10f25de3856abbe0afe539ad875b1dcf836217b5487a3391c49d2bd,3eb1e3f3a0e4075e2e82d6c409ffac3c179f90e6c5537039a02535b57a1e496e,95.07092,96.87969,564,success_build,True,True,False,unit fuzzy loss,
358,0 1 2 4 5 6 7 8 9 10 11 12 13 14 15 16 17 18 19 20 3 21 22 23,9ef50ae22f37a1982de9a679cf2a1c2affc0bf0615209f8c67da9dfc3ac4c707,740f9ec28d902498daa72c3b888ca462a8d2c2c23f09b2fe14afac2168f3eb4e,94.96454,96.86999,564,success_build,True,True,False,unit fuzzy loss,
359,0 1 2 4 5 6 7 8 9 10 11 12 13 14 15 16 17 18 19 20 21 3 22 23,bdd9307ead2c745ccb2d7fc505aec70efecd083fd8b86003741cffe603e6e28b,ed3d0092493d39ad5e3818fc6f48bf2b8050c9d53bdb9b9508fd437b17baf53f,95.03546,96.87646,564,success_build,True,True,False,unit fuzzy loss,
360,0 1 2 4 5 6 7 8 9 10 11 12 13 14 15 16 17 18 19 20 21 22 3 23,96426c507cfca8161f6e6b130af9737345611b7bf84af62e56ecf901eeb78549,ed3d0092493d39ad5e3818fc6f48bf2b8050c9d53bdb9b9508fd437b17baf53f,95.03546,96.87646,564,success_build,True,True,False,unit fuzzy loss,
361,0 1 2 4 5 6 7 8 9 10 11 12 13 14 15 16 17 18 19 20 21 22 23 3,8abd2627c1b3acec0a189a6afce2fa0034fb17f3e08f8d2a5dd57f58d8e7e8dd,ed3d0092493d39ad5e3818fc6f48bf2b8050c9d53bdb9b9508fd437b17baf53f,95.03546,96.87646,564,success_build,True,True,False,unit fuzzy loss,
362,4 0 1 2 3 5 6 7 8 9 10 11 12 13 14 15 16 17 18 19 20 21 22 23,85b7d7718c9e67203eacee28e86889f96ecde0dc732090401e72bf5acafc3fd7,489af3cb6d02d94bc929a93f1f0099169cae177d61513ac6c218fa6d562202a0,95.07092,96.87969,564,success_build,True,True,False,unit fuzzy loss,
363,0 4 1 2 3 5 6 7 8 9 10 11 12 13 14 15 16 17 18 19 20 21 22 23,de9b570b63285d59658523f381f9660df5784cf2a21a8b580302d1885b601290,6e46b9dadbfacd1b30cc290f6304395e56dd2e6cd41b4a501800f9c47af26eb9,95.28369,96.89909,564,success_build,True,True,True,,
364,0 1 4 2 3 5 6 7 8 9 10 11 12 13 14 15 16 17 18 19 20 21 22 23,65795984c8f295cab3f07b886779b9295dfd7695bd91f24f24de50b138d0ab00,6e46b9dadbfacd1b30cc290f6304395e56dd2e6cd41b4a501800f9c47af26eb9,95.28369,96.89909,564,success_build,True,True,True,,
365,0 1 2 3 5 6 4 7 8 9 10 11 12 13 14 15 16 17 18 19 20 21 22 23,6fc4dc4def378badc02d7228ab562cc46ea5df2a575a907e7d4e95e0c213e7b9,3664d2df5207e04fe9e515dede48fb9206e264c252075c7b83030a04eb9f705b,95.17731,96.88939,564,success_build,True,True,False,unit fuzzy loss,
366,0 1 2 3 5 6 7 4 8 9 10 11 12 13 14 15 16 17 18 19 20 21 22 23,3c848566faf3325347efb6db04f120804e971bd9adbc56a5e8ea2301cc13056f,3664d2df5207e04fe9e515dede48fb9206e264c252075c7b83030a04eb9f705b,95.17731,96.88939,564,success_build,True,True,False,unit fuzzy loss,
367,0 1 2 3 5 6 7 8 4 9 10 11 12 13 14 15 16 17 18 19 20 21 22 23,6361946005ae40c57e77c1dce111483bae656cd620a58768a7b69a4d4e5d1071,043bef276bbfa808e4a3059a15ed9ad671d5b3b2dc532c9e785779356e362b14,95.17731,96.88939,564,success_build,True,True,False,unit fuzzy loss,
368,0 1 2 3 5 6 7 8 9 4 10 11 12 13 14 15 16 17 18 19 20 21 22 23,989181d440bf3590af7074e1edc023c9a8f36765a67f44bff220dc07c08c990a,cf74da49253df3174951c0cd566dc344ae389f56da6efe91ece336da2f869d12,94.92908,96.86675,564,success_build,True,True,False,unit fuzzy loss,
369,0 1 2 3 5 6 7 8 9 10 4 11 12 13 14 15 16 17 18 19 20 21 22 23,5dedede104c2997b7d134daa74b0521d7d68b18cfc0478d805cc6f84c3e30944,cf74da49253df3174951c0cd566dc344ae389f56da6efe91ece336da2f869d12,94.92908,96.86675,564,success_build,True,True,False,unit fuzzy loss,
370,0 1 2 3 5 6 7 8 9 10 11 4 12 13 14 15 16 17 18 19 20 21 22 23,3b1638727b00a6bea7a9da89bf02ca6d5b8a126cfd38ad14654d7c003b8bd191,cf74da49253df3174951c0cd566dc344ae389f56da6efe91ece336da2f869d12,94.92908,96.86675,564,success_build,True,True,False,unit fuzzy loss,
371,0 1 2 3 5 6 7 8 9 10 11 12 4 13 14 15 16 17 18 19 20 21 22 23,3c82be59b7369c09cd580bf2a5b58bd9eb78c6a660a4c8b9e2e8944f93c2e091,782fa9de4529ff938cd8d6f37a48a8f9402a3723ea48bd08d903859bc9987d89,93.21986,96.71087,564,success_build,True,True,False,unit fuzzy loss,
372,0 1 2 3 5 6 7 8 9 10 11 12 13 4 14 15 16 17 18 19 20 21 22 23,a552823fd3cdc230d0ae30007a8058a0b055ea6abfd0aacb3dcb41a5fcba7972,a411701aef89a98504a9a1c62bfda383c63effbc90e952ffae703e4b5c35b6b2,93.007095,96.69146,564,success_build,True,True,False,unit fuzzy loss,
373,0 1 2 3 5 6 7 8 9 10 11 12 13 14 4 15 16 17 18 19 20 21 22 23,7c78130e96e0b67d8ee207f242bd2e2e0ccdf2bc185062140e7918409f744da3,692a41c44a735646b5b83d4c11ea97f84f32bec27820df9a76bee4cb3bc7851f,92.79433,96.67206,564,success_build,True,True,False,unit fuzzy loss,
374,0 1 2 3 5 6 7 8 9 10 11 12 13 14 15 4 16 17 18 19 20 21 22 23,9137ba662f65c6d2c96eb30bc07a87bf8c78c528b124be78b853644db8548c1e,7797af5ed4de133f468420f8f765d2a2586b28f6f550afc7bb67c6608ccbae9a,92.68794,96.66235,564,success_build,True,True,False,unit fuzzy loss,
375,0 1 2 3 5 6 7 8 9 10 11 12 13 14 15 16 4 17 18 19 20 21 22 23,72ad6a5f252c7f576eaa6d1280317b2be2fa6b3560d4ce4123742be3ba5b957c,01d5e842bf6ca349216d73a691046f1ad2ab10d2a1929788e649145e2cb3aaf5,92.68794,96.66235,564,success_build,True,True,False,unit fuzzy loss,
376,0 1 2 3 5 6 7 8 9 10 11 12 13 14 15 16 17 4 18 19 20 21 22 23,92e29e777ff642e2d7c31a2018db538e1dfb3e54edb31d811a60cb5bdafca412,ea9670c0c1ed4814f145b030f0a39e274aa7e51d237d88aa4f38c98a68473b0d,92.61702,96.65588,564,success_build,True,True,False,unit fuzzy loss,
377,0 1 2 3 5 6 7 8 9 10 11 12 13 14 15 16 17 18 4 19 20 21 22 23,cfd1af17bd19e4b9a87596a1cc12fed2dce2d87fe5a190691009c320f847bead,ea9670c0c1ed4814f145b030f0a39e274aa7e51d237d88aa4f38c98a68473b0d,92.61702,96.65588,564,success_build,True,True,False,unit fuzzy loss,
378,0 1 2 3 5 6 7 8 9 10 11 12 13 14 15 16 17 18 19 4 20 21 22 23,68b6c4f284acca8915bed94eab24f57ec6b351ad70b6a9bf9f7e306af5e54dd1,73c3df9c1197fee33fe86e0af4d987ace82162c57664ed2400e37031d47053b6,92.510635,96.64619,564,success_build,True,True,False,unit fuzzy loss,
379,0 1 2 3 5 6 7 8 9 10 11 12 13 14 15 16 17 18 19 20 4 21 22 23,b320f6abcb837c18a1d4b87cc1ebb2e622fa273f90edfd023cf11c5e19378a82,f77de691f547bafd3212e39eab1a5dac39bec50ded58fc4ac5a6170a0cc77ffa,92.333336,96.63001,564,success_build,True,True,False,unit fuzzy loss,
380,0 1 2 3 5 6 7 8 9 10 11 12 13 14 15 16 17 18 19 20 21 4 22 23,79cbd10555c4605096e41a0610376d302907608014f8e5fef731e0f8fc21568e,7fc5a941e88a726225ee663023d23844cf01c3233d71cef3ccd26c71c11111fe,92.01418,96.60091,564,success_build,True,True,False,unit fuzzy loss,
381,0 1 2 3 5 6 7 8 9 10 11 12 13 14 15 16 17 18 19 20 21 22 4 23,0ebacb049c2da9a15d06b5c8fbca83d0a259aa0434a77d6e01eef2fe321b3d12,7fc5a941e88a726225ee663023d23844cf01c3233d71cef3ccd26c71c11111fe,92.01418,96.60091,564,success_build,True,True,False,unit fuzzy loss,
382,0 1 2 3 5 6 7 8 9 10 11 12 13 14 15 16 17 18 19 20 21 22 23 4,780e4717b2d0e56ba6aaa44fcc7046d1a1ecbbd4037d197f3249d9adf68a70b1,7fc5a941e88a726225ee663023d23844cf01c3233d71cef3ccd26c71c11111fe,92.01418,96.60091,564,success_build,True,True,False,unit fuzzy loss,
383,5 0 1 2 3 4 6 7 8 9 10 11 12 13 14 15 16 17 18 19 20 21 22 23,4c51552a94fa8872022462d9373f68993e0700108eeb09e546f02309f96b5a7d,211031812c0dbe9623d2e54143a11674c81c7030eb7305f74668326d47f56adc,94.92908,96.86675,564,success_build,True,True,False,unit fuzzy loss,
384,0 5 1 2 3 4 6 7 8 9 10 11 12 13 14 15 16 17 18 19 20 21 22 23,c5c5247f1a58dc9908bcf9e71ec0de0d03addda5a3d86002030ad6040daf11fc,1e995bccad4f22912da3d0ce4abf015f420cfde4bebbeee659d47712b2975cd8,95.17731,96.88939,564,success_build,True,True,False,unit fuzzy loss,
385,0 1 5 2 3 4 6 7 8 9 10 11 12 13 14 15 16 17 18 19 20 21 22 23,510c98542ae341d11d775f8825c01bd6eccca90132c6173ac453a3c03a0fcd08,1e995bccad4f22912da3d0ce4abf015f420cfde4bebbeee659d47712b2975cd8,95.17731,96.88939,564,success_build,True,True,False,unit fuzzy loss,
386,0 1 2 5 3 4 6 7 8 9 10 11 12 13 14 15 16 17 18 19 20 21 22 23,d4626fa3e34585d6ae9681adacecfe7a2c0e3933f0da9590e42245e19d1b0fe6,1e995bccad4f22912da3d0ce4abf015f420cfde4bebbeee659d47712b2975cd8,95.17731,96.88939,564,success_build,True,True,False,unit fuzzy loss,
387,0 1 2 3 4 6 7 5 8 9 10 11 12 13 14 15 16 17 18 19 20 21 22 23,de69cee80d45b93e46593eb5bddb1655186fd00819329be38ffc7e9c4cc3dee3,d028387f7906e0aa5f74a6ce920527ff8fb8c20cc3f38996d6f7aa754932f808,95.28369,96.89909,564,success_build,True,True,True,,
388,0 1 2 3 4 6 7 8 5 9 10 11 12 13 14 15 16 17 18 19 20 21 22 23,14d30afd33966a735e7327cf1247061eb836978d99003424591f6f5b9e562b0e,e1d43360c6a0528efcbf561578e06149916d1d489dda19184a1c9954eacf668d,95.35461,96.90556,564,success_build,True,True,True,,
389,0 1 2 3 4 6 7 8 9 5 10 11 12 13 14 15 16 17 18 19 20 21 22 23,93793df7e7456d260508f0982e23ec891faf8a42c54573b203e5248d57e97887,7b7c0e88d27d3c30f17cb4c375ce5d5085d7ca23f6fe5a3d65dcba71f7b2ff75,95.03546,96.87646,564,success_build,True,True,False,unit fuzzy loss,
390,0 1 2 3 4 6 7 8 9 10 5 11 12 13 14 15 16 17 18 19 20 21 22 23,eb506f168145d110ef89cb9849717c9c0315b7d3a60b3cbd848f0eff8f4c4a31,7b7c0e88d27d3c30f17cb4c375ce5d5085d7ca23f6fe5a3d65dcba71f7b2ff75,95.03546,96.87646,564,success_build,True,True,False,unit fuzzy loss,
391,0 1 2 3 4 6 7 8 9 10 11 5 12 13 14 15 16 17 18 19 20 21 22 23,0be9c7f5b924899fde35d6916c897f198306b017eda6d0697247ea48688c8277,7b7c0e88d27d3c30f17cb4c375ce5d5085d7ca23f6fe5a3d65dcba71f7b2ff75,95.03546,96.87646,564,success_build,True,True,False,unit fuzzy loss,
392,0 1 2 3 4 6 7 8 9 10 11 12 5 13 14 15 16 17 18 19 20 21 22 23,026fd360286dc39a276394a8d2da81a2e5535a57f854d20a66a2664e14268aa9,0f27bce28f4c767e24eedea2a81577f1669798294dc949d083a7e7c6436f8ea3,93.32624,96.720566,564,success_build,True,True,False,unit fuzzy loss,
393,0 1 2 3 4 6 7 8 9 10 11 12 13 5 14 15 16 17 18 19 20 21 22 23,2a633ea6ea75b9e31d61b996560e66cd5f40d04bb1a39ee4acb9042889da0b34,1dcc57e90b286f77ea4df2defb7b7070e1458d78df835fc280f3869bff014dc9,93.11347,96.701164,564,success_build,True,True,False,unit fuzzy loss,
394,0 1 2 3 4 6 7 8 9 10 11 12 13 14 5 15 16 17 18 19 20 21 22 23,ed7a0d61bb5e622c77a2137ce92e3547e5df38435d119e8ee5989b029285d662,3edb10303ff6345c06747b73ea6c522ef84abd714e4173ed929229623101c89e,92.90071,96.68176,564,success_build,True,True,False,unit fuzzy loss,
395,0 1 2 3 4 6 7 8 9 10 11 12 13 14 15 5 16 17 18 19 20 21 22 23,2254924e768919eb150e84326dd74463c8c631a136df1976f5ed74a4850ad98b,95f2ad4acb80acc87ae53756ec1858cd1f85d4852601fd7cc314d416aa74bad0,92.79433,96.67206,564,success_build,True,True,False,unit fuzzy loss,
396,0 1 2 3 4 6 7 8 9 10 11 12 13 14 15 16 5 17 18 19 20 21 22 23,dade7aa528c01c1214f624bf3f34d7d83fd9949b822dcf27468e811b0a126dba,73ace5f839fa86526b16b9a69d6cac8913f29554182efe6eb4e154dc935a1f61,92.79433,96.67206,564,success_build,True,True,False,unit fuzzy loss,
397,0 1 2 3 4 6 7 8 9 10 11 12 13 14 15 16 17 5 18 19 20 21 22 23,49e8b5be94fd5684030cbe272b895bc02c5649952c4f8e0fbb99675493dd559f,28be03cf5924793dbdb5930900260972917ad4320573ef0034414edaa42be037,92.723404,96.66559,564,success_build,True,True,False,unit fuzzy loss,
398,0 1 2 3 4 6 7 8 9 10 11 12 13 14 15 16 17 18 5 19 20 21 22 23,8cfd71ce400e8ec8981a79d68e02c947372154b3e5175bcc55ce91d5145bf3e8,28be03cf5924793dbdb5930900260972917ad4320573ef0034414edaa42be037,92.723404,96.66559,564,success_build,True,True,False,unit fuzzy loss,
399,0 1 2 3 4 6 7 8 9 10 11 12 13 14 15 16 17 18 19 5 20 21 22 23,b1d47fec63f2ee0dbbaf3ef9ab9c29b86fc0f2d46ef8a910eafe1364c2bc55f7,3c3fe625ffb5acbed34ddab072b35b2c03838d6048ee6fea78e6f78944ec0c3e,92.61702,96.65588,564,success_build,True,True,False,unit fuzzy loss,
400,0 1 2 3 4 6 7 8 9 10 11 12 13 14 15 16 17 18 19 20 5 21 22 23,768fd233de88dbca8cf97abdbe5a282cad0308f9265691cb4e55c852f6d33017,43b1dd038553434c8cbe1694e0b739ec038e7c0ad76c9971014bce7b2ab6cda9,92.43971,96.63972,564,success_build,True,True,False,unit fuzzy loss,
401,0 1 2 3 4 6 7 8 9 10 11 12 13 14 15 16 17 18 19 20 21 5 22 23,6b73bef3d905a243e9fa7a2998ed52803701eebf23aec545ada2e615291e0c74,9a18aae922394af2be670ad45f130a1c90cad03883b73c76d5c702e6e6004f73,92.12057,96.61061,564,success_build,True,True,False,unit fuzzy loss,
402,0 1 2 3 4 6 7 8 9 10 11 12 13 14 15 16 17 18 19 20 21 22 5 23,94e59679bf2bd252e7cd753d88d1cdbe8c25a42637c7e08a6a747c34ba85aa81,9a18aae922394af2be670ad45f130a1c90cad03883b73c76d5c702e6e6004f73,92.12057,96.61061,564,success_build,True,True,False,unit fuzzy loss,
403,0 1 2 3 4 6 7 8 9 10 11 12 13 14 15 16 17 18 19 20 21 22 23 5,243e5f722c2b8d0f06e45e44f080930d7fb10ae2c4ff54a5d4c8e9d0ff8eaec0,9a18aae922394af2be670ad45f130a1c90cad03883b73c76d5c702e6e6004f73,92.12057,96.61061,564,success_build,True,True,False,unit fuzzy loss,
404,6 0 1 2 3 4 5 7 8 9 10 11 12 13 14 15 16 17 18 19 20 21 22 23,f5f1dcdd989ee24194cca85977518542a6e53066816f8a9ce519d07f14a04e6e,f98a35cd8fe12167d3faf3b7690e9c1dcbadca5700d6aa0729f4d8906b1dd789,95.0,96.87322,564,success_build,True,True,False,unit fuzzy loss,
405,0 6 1 2 3 4 5 7 8 9 10 11 12 13 14 15 16 17 18 19 20 21 22 23,a970aa650b18d9c6bc61bf7b966957fa9686e919a43eb3fa58e6403ca70b73ab,c593e6e4c24b29dce1b6f5ac54c42ab1f967f76401965c084247ecd2440a2898,95.17731,96.88939,564,success_build,True,True,False,unit fuzzy loss,
406,0 1 6 2 3 4 5 7 8 9 10 11 12 13 14 15 16 17 18 19 20 21 22 23,f33083bdd7de7b19c2191569b420473fdc6029ff84adbb30b37de9a4645dca26,c593e6e4c24b29dce1b6f5ac54c42ab1f967f76401965c084247ecd2440a2898,95.17731,96.88939,564,success_build,True,True,False,unit fuzzy loss,
407,0 1 2 6 3 4 5 7 8 9 10 11 12 13 14 15 16 17 18 19 20 21 22 23,6ec5e76fa35e986dddad47935efc825b97c0bda0ec5947820b818dc084f1607b,c593e6e4c24b29dce1b6f5ac54c42ab1f967f76401965c084247ecd2440a2898,95.17731,96.88939,564,success_build,True,True,False,unit fuzzy loss,
408,0 1 2 3 6 4 5 7 8 9 10 11 12 13 14 15 16 17 18 19 20 21 22 23,896edd01039c9d3c17bbf5855f90bbb9bcb955b8f56857a4f985c441bfb0f19d,c593e6e4c24b29dce1b6f5ac54c42ab1f967f76401965c084247ecd2440a2898,95.17731,96.88939,564,success_build,True,True,False,unit fuzzy loss,
409,0 1 2 3 4 5 7 8 6 9 10 11 12 13 14 15 16 17 18 19 20 21 22 23,7b37a50981954de0c7b1d48bfa46441a8d5f8e9f59f0a5a910108eb29e0ca6c7,c90ecea1c0137960a83a6e74fac6b3d35776b989a283a92160b5a4907304d126,95.28369,96.89909,564,success_build,True,True,True,,
410,0 1 2 3 4 5 7 8 9 6 10 11 12 13 14 15 16 17 18 19 20 21 22 23,b7093b2ae8782dbdd1629a7cd503b57aa26e8c809821c41bdf2d045fa12dfde6,46748c3ecaa3d7bafd4dbd05cf3da578444057cf0bf90b52beae80836a9fc240,95.03546,96.87646,564,success_build,True,True,False,unit fuzzy loss,
411,0 1 2 3 4 5 7 8 9 10 6 11 12 13 14 15 16 17 18 19 20 21 22 23,8350dad17db633cfdda1a069758fc2ff7a70bd106f1ed53681e0cf30b498e4f1,46748c3ecaa3d7bafd4dbd05cf3da578444057cf0bf90b52beae80836a9fc240,95.03546,96.87646,564,success_build,True,True,False,unit fuzzy loss,
412,0 1 2 3 4 5 7 8 9 10 11 6 12 13 14 15 16 17 18 19 20 21 22 23,3e6bfa5aad3e37825d1a1fcd8df87053e7860b0ac5ce7c6ee965f69d3ef7a1ef,46748c3ecaa3d7bafd4dbd05cf3da578444057cf0bf90b52beae80836a9fc240,95.03546,96.87646,564,success_build,True,True,False,unit fuzzy loss,
413,0 1 2 3 4 5 7 8 9 10 11 12 6 13 14 15 16 17 18 19 20 21 22 23,4c4a136713158d463846e9df542f26ddb151014c7632a2efe5ffc922bdcc93ac,d314bd5317c4a62ee604fc66c0060b774c9d065557927d03621ff9c634858d2b,93.32624,96.720566,564,success_build,True,True,False,unit fuzzy loss,
414,0 1 2 3 4 5 7 8 9 10 11 12 13 6 14 15 16 17 18 19 20 21 22 23,6a5e94e0ac3ef4b5ae793bc603ad0b50dc3e61c1f9b5652ab9b89de59ff9f188,cbec76a4adfc8f4a69aae4c25896841ba7adc5ce58be29a966d2be82f634e378,93.11347,96.701164,564,success_build,True,True,False,unit fuzzy loss,
415,0 1 2 3 4 5 7 8 9 10 11 12 13 14 6 15 16 17 18 19 20 21 22 23,d9d031f4a9ac1745206ae7775b8a4798b8c286023c8d01b40e7bef3ecc71663d,c91ddeea3471852e201b0e55481fa64c57b40a5b9f228e29c4e65860de249b64,92.90071,96.68176,564,success_build,True,True,False,unit fuzzy loss,
416,0 1 2 3 4 5 7 8 9 10 11 12 13 14 15 6 16 17 18 19 20 21 22 23,697170e6fe5e0755dd7d93d46a8d2405a1778b026ea725977ad250484b138943,6687f0e83675c7f3d052454dabe637db299866a801ca91aa9663f23b05ce3a94,92.79433,96.67206,564,success_build,True,True,False,unit fuzzy loss,
417,0 1 2 3 4 5 7 8 9 10 11 12 13 14 15 16 6 17 18 19 20 21 22 23,bd67a88e9262b1fdcdc69adbd015061853b1109a5c7f543c5edd4041a89080de,c8f6a142b9eb8907f09e25314fb2dd61f85455c1dc05e0b4495cd464c78d39de,92.79433,96.67206,564,success_build,True,True,False,unit fuzzy loss,
418,0 1 2 3 4 5 7 8 9 10 11 12 13 14 15 16 17 6 18 19 20 21 22 23,6677826417dbed84c99259e9572e9d5b4c27d0174bcfae5db0a144fb0f5556a4,7e7325bc0830d7500d3ebab1a1da689b36eedbdc9d6e7c8506f14931d73c0864,92.723404,96.66559,564,success_build,True,True,False,unit fuzzy loss,
419,0 1 2 3 4 5 7 8 9 10 11 12 13 14 15 16 17 18 6 19 20 21 22 23,9512b698e97861cf62ad6f22a37d8fb39dce8afe05bfa25a1bf7c13f579c3d8a,7e7325bc0830d7500d3ebab1a1da689b36eedbdc9d6e7c8506f14931d73c0864,92.723404,96.66559,564,success_build,True,True,False,unit fuzzy loss,
420,0 1 2 3 4 5 7 8 9 10 11 12 13 14 15 16 17 18 19 6 20 21 22 23,85b5d0f63478542f0f48ce3651c284df5429d066d76523b7aebd6f1be5f3b039,1d85a39e60ce6616c48a1d0e9b16e900db0592bbb28ea69c9515529fcee0004e,92.61702,96.65588,564,success_build,True,True,False,unit fuzzy loss,
421,0 1 2 3 4 5 7 8 9 10 11 12 13 14 15 16 17 18 19 20 6 21 22 23,d638bbe9b7c3c743f95a34f4515beabf6b067b2fa8c301db635224060e0d07ec,e25bcd977a86088b92bfab1214495b91a5ef44b9ca0595af6747e0870a1750c9,92.43971,96.63972,564,success_build,True,True,False,unit fuzzy loss,
422,0 1 2 3 4 5 7 8 9 10 11 12 13 14 15 16 17 18 19 20 21 6 22 23,57195e8ed89ecf8b5d84192b4a2d80e491d04a2906e9579dbcb80e32813f7530,da19de5ee0751116613b453646233ab0c303d3f67a9e94283aa25765eb687fcc,92.12057,96.61061,564,success_build,True,True,False,unit fuzzy loss,
423,0 1 2 3 4 5 7 8 9 10 11 12 13 14 15 16 17 18 19 20 21 22 6 23,2736ddf96fb2c9298ac04ee86d2141bb6ae81e608dd96ded579cd8f8bdb3ed30,da19de5ee0751116613b453646233ab0c303d3f67a9e94283aa25765eb687fcc,92.12057,96.61061,564,success_build,True,True,False,unit fuzzy loss,
424,0 1 2 3 4 5 7 8 9 10 11 12 13 14 15 16 17 18 19 20 21 22 23 6,e6fc653db7f75f3a2be8ad418426481860452e6c3d3f6e5a231c8fb1e5c3451a,da19de5ee0751116613b453646233ab0c303d3f67a9e94283aa25765eb687fcc,92.12057,96.61061,564,success_build,True,True,False,unit fuzzy loss,
425,7 0 1 2 3 4 5 6 8 9 10 11 12 13 14 15 16 17 18 19 20 21 22 23,5173929ac94b4c3978de9848ef6aa78d7f6f0c97ff9310aebf3bdab7d5894f01,6e46b9dadbfacd1b30cc290f6304395e56dd2e6cd41b4a501800f9c47af26eb9,95.28369,96.89909,564,success_build,True,True,True,,
426,0 7 1 2 3 4 5 6 8 9 10 11 12 13 14 15 16 17 18 19 20 21 22 23,30dfeed0f2671fed45ac524e5a462fa4a469e425563df39df0f291361bab3d32,6e46b9dadbfacd1b30cc290f6304395e56dd2e6cd41b4a501800f9c47af26eb9,95.28369,96.89909,564,success_build,True,True,True,,
427,0 1 7 2 3 4 5 6 8 9 10 11 12 13 14 15 16 17 18 19 20 21 22 23,343f51d1f4004e9f00230bf369bc3437bf44c57181caf2b89d596afacef9b880,6e46b9dadbfacd1b30cc290f6304395e56dd2e6cd41b4a501800f9c47af26eb9,95.28369,96.89909,564,success_build,True,True,True,,
428,0 1 2 7 3 4 5 6 8 9 10 11 12 13 14 15 16 17 18 19 20 21 22 23,26bc52f8c4a0bea7ad52201259492220d99fe1cbb2da55321a006e2bba922ee1,6e46b9dadbfacd1b30cc290f6304395e56dd2e6cd41b4a501800f9c47af26eb9,95.28369,96.89909,564,success_build,True,True,True,,
429,0 1 2 3 7 4 5 6 8 9 10 11 12 13 14 15 16 17 18 19 20 21 22 23,d1c980bd80383d43cac11923b422fcb94be4199a322d5bef15e317c1008969ac,6e46b9dadbfacd1b30cc290f6304395e56dd2e6cd41b4a501800f9c47af26eb9,95.28369,96.89909,564,success_build,True,True,True,,
430,0 1 2 3 4 7 5 6 8 9 10 11 12 13 14 15 16 17 18 19 20 21 22 23,1182e25253a9abed953e2cdc68f7ad6bedd6a117d2ce031ef22bcf009df8dfb7,6e46b9dadbfacd1b30cc290f6304395e56dd2e6cd41b4a501800f9c47af26eb9,95.28369,96.89909,564,success_build,True,True,True,,
431,0 1 2 3 4 5 6 8 9 7 10 11 12 13 14 15 16 17 18 19 20 21 22 23,f6138d2079402d7ba09f2f9e4f89970ad55ca31ddf7860730d85926e1ef21a55,6e46b9dadbfacd1b30cc290f6304395e56dd2e6cd41b4a501800f9c47af26eb9,95.28369,96.89909,564,success_build,True,True,True,,
432,0 1 2 3 4 5 6 8 9 10 7 11 12 13 14 15 16 17 18 19 20 21 22 23,dec502f03f7990435a25edeae523c167e618d7e709c6fbce2196634e316eb22a,6e46b9dadbfacd1b30cc290f6304395e56dd2e6cd41b4a501800f9c47af26eb9,95.28369,96.89909,564,success_build,True,True,True,,
433,0 1 2 3 4 5 6 8 9 10 11 7 12 13 14 15 16 17 18 19 20 21 22 23,cbc30b25dbd82b0fd46e4970d4b9668d3a95b1936b9be35e8bf2d6d14da3cc39,6e46b9dadbfacd1b30cc290f6304395e56dd2e6cd41b4a501800f9c47af26eb9,95.28369,96.89909,564,success_build,True,True,True,,
434,0 1 2 3 4 5 6 8 9 10 11 12 7 13 14 15 16 17 18 19 20 21 22 23,5320de636eba7f72805043e1e2218d5438d822de59d464b8a124adb764c608ad,6e46b9dadbfacd1b30cc290f6304395e56dd2e6cd41b4a501800f9c47af26eb9,95.28369,96.89909,564,success_build,True,True,True,,
435,0 1 2 3 4 5 6 8 9 10 11 12 13 7 14 15 16 17 18 19 20 21 22 23,cf0f004e426216ee1b94f66f2afbce5d658561c56ec214a18c3c3cbbf2560d78,6e46b9dadbfacd1b30cc290f6304395e56dd2e6cd41b4a501800f9c47af26eb9,95.28369,96.89909,564,success_build,True,True,True,,
436,0 1 2 3 4 5 6 8 9 10 11 12 13 14 7 15 16 17 18 19 20 21 22 23,01bd1a5ae79f5f8f5742dc2a9b5aad1b7d71dc048d6a91a077c915be2c907147,6e46b9dadbfacd1b30cc290f6304395e56dd2e6cd41b4a501800f9c47af26eb9,95.28369,96.89909,564,success_build,True,True,True,,
437,0 1 2 3 4 5 6 8 9 10 11 12 13 14 15 7 16 17 18 19 20 21 22 23,1a67b294e53533607c95f40af6f8fc74c8eac4d36ef57f2a6c23c859a1d9fbe3,6e46b9dadbfacd1b30cc290f6304395e56dd2e6cd41b4a501800f9c47af26eb9,95.28369,96.89909,564,success_build,True,True,True,,
438,0 1 2 3 4 5 6 8 9 10 11 12 13 14 15 16 7 17 18 19 20 21 22 23,1f565e99df326f0f10b43c1fe63d685042830e9ce6f46ea61e348d8cd35d66cd,6e46b9dadbfacd1b30cc290f6304395e56dd2e6cd41b4a501800f9c47af26eb9,95.28369,96.89909,564,success_build,True,True,True,,
439,0 1 2 3 4 5 6 8 9 10 11 12 13 14 15 16 17 7 18 19 20 21 22 23,4b4acd05bffd8a6f2b340b506d7216498d5b607920b6c046effd5bd49cfb2070,6e46b9dadbfacd1b30cc290f6304395e56dd2e6cd41b4a501800f9c47af26eb9,95.28369,96.89909,564,success_build,True,True,True,,
440,0 1 2 3 4 5 6 8 9 10 11 12 13 14 15 16 17 18 7 19 20 21 22 23,507cfdfca92e98480ac17a731cf4ca72cbd6c2670b59c0aeed1f7b8ed4619a54,6e46b9dadbfacd1b30cc290f6304395e56dd2e6cd41b4a501800f9c47af26eb9,95.28369,96.89909,564,success_build,True,True,True,,
441,0 1 2 3 4 5 6 8 9 10 11 12 13 14 15 16 17 18 19 7 20 21 22 23,9193d24635d7cb1b00f37033e8ea2f921eae90827b95b858e923fc7fae8a1664,6e46b9dadbfacd1b30cc290f6304395e56dd2e6cd41b4a501800f9c47af26eb9,95.28369,96.89909,564,success_build,True,True,True,,
442,0 1 2 3 4 5 6 8 9 10 11 12 13 14 15 16 17 18 19 20 7 21 22 23,c36b8f97b5dddba67c81a08a312fe69f78421667cb1a964a0ebc993885523e47,6e46b9dadbfacd1b30cc290f6304395e56dd2e6cd41b4a501800f9c47af26eb9,95.28369,96.89909,564,success_build,True,True,True,,
443,0 1 2 3 4 5 6 8 9 10 11 12 13 14 15 16 17 18 19 20 21 7 22 23,a1de76adef3216f507d0234b9d90c8ee5da6c00419c5d2f5caf7f222124dadb5,6e46b9dadbfacd1b30cc290f6304395e56dd2e6cd41b4a501800f9c47af26eb9,95.28369,96.89909,564,success_build,True,True,True,,
444,0 1 2 3 4 5 6 8 9 10 11 12 13 14 15 16 17 18 19 20 21 22 7 23,0cdbeb1ea4ea1d595ee6c894a265e3e86640447893b46a72d4cfa3e1af53acec,6e46b9dadbfacd1b30cc290f6304395e56dd2e6cd41b4a501800f9c47af26eb9,95.28369,96.89909,564,success_build,True,True,True,,
445,0 1 2 3 4 5 6 8 9 10 11 12 13 14 15 16 17 18 19 20 21 22 23 7,4d73cfc30b30a6d4260323aba460596a3105dd53f1f4339321c55de120eafab4,6e46b9dadbfacd1b30cc290f6304395e56dd2e6cd41b4a501800f9c47af26eb9,95.28369,96.89909,564,success_build,True,True,True,,
446,8 0 1 2 3 4 5 6 7 9 10 11 12 13 14 15 16 17 18 19 20 21 22 23,28a7859e9238bd551c71197ec949a45d5937b9a9e0c32268d8cb8850c3940f88,f4eedebdc02d2c63ea5d4b1f7fc59f2d40e580a34376f03f5d37f646336355c9,95.0,96.87322,564,success_build,True,True,False,unit fuzzy loss,
447,0 8 1 2 3 4 5 6 7 9 10 11 12 13 14 15 16 17 18 19 20 21 22 23,a5df21c8a58c76efc4c9ef780363a2f5452d5fb873d79040b13b7bbb3a6a10d0,1d19ae1913ce82ba9aeb4c6d83d0ec1fd3ce1575773e347ebf512b9ae820ce62,95.17731,96.88939,564,success_build,True,True,False,unit fuzzy loss,
448,0 1 8 2 3 4 5 6 7 9 10 11 12 13 14 15 16 17 18 19 20 21 22 23,38d87be0111d2d8068ec4e7cb66f107cae5421ade56afa37873fb1bdbe0b41ae,1d19ae1913ce82ba9aeb4c6d83d0ec1fd3ce1575773e347ebf512b9ae820ce62,95.17731,96.88939,564,success_build,True,True,False,unit fuzzy loss,
449,0 1 2 8 3 4 5 6 7 9 10 11 12 13 14 15 16 17 18 19 20 21 22 23,16d8863fb92b9b2c099e5c41d3a38e50a4a356824ffac7213304740a6f83054b,1d19ae1913ce82ba9aeb4c6d83d0ec1fd3ce1575773e347ebf512b9ae820ce62,95.17731,96.88939,564,success_build,True,True,False,unit fuzzy loss,
450,0 1 2 3 8 4 5 6 7 9 10 11 12 13 14 15 16 17 18 19 20 21 22 23,4b4b42d3eb0ab6a2534f52666ed66fd8a3c0141e1a2ca18a2c57091f9198c2b4,1d19ae1913ce82ba9aeb4c6d83d0ec1fd3ce1575773e347ebf512b9ae820ce62,95.17731,96.88939,564,success_build,True,True,False,unit fuzzy loss,
451,0 1 2 3 4 8 5 6 7 9 10 11 12 13 14 15 16 17 18 19 20 21 22 23,2664364f761ea544e9a85459f6ef4a07a1128c5356900829cc2d212936d375d7,ac80e9950aa6264c6c691f87b81d1669b0d8d6e20442141b526a3a14fa9ec698,95.28369,96.89909,564,success_build,True,True,True,,
452,0 1 2 3 4 5 8 6 7 9 10 11 12 13 14 15 16 17 18 19 20 21 22 23,eb8cd695380ae08749dda70e877d183b50b47bfed0637acd615bf8e63d239c98,c90ecea1c0137960a83a6e74fac6b3d35776b989a283a92160b5a4907304d126,95.28369,96.89909,564,success_build,True,True,True,,
453,0 1 2 3 4 5 6 7 9 10 8 11 12 13 14 15 16 17 18 19 20 21 22 23,d7e7b75438c7348863689c79a63911e5c526af0ee234e1e482101f5e69d6bba5,d424479f45d3b3805f01723254cd43772e4ba106c5d17603fda76680f74e7053,95.03546,96.87646,564,success_build,True,True,False,unit fuzzy loss,
454,0 1 2 3 4 5 6 7 9 10 11 8 12 13 14 15 16 17 18 19 20 21 22 23,1f249cdfbfa3e47b51d3a108f9c7a583ead2de8610441849f77cd27b0aeddf58,d424479f45d3b3805f01723254cd43772e4ba106c5d17603fda76680f74e7053,95.03546,96.87646,564,success_build,True,True,False,unit fuzzy loss,
455,0 1 2 3 4 5 6 7 9 10 11 12 8 13 14 15 16 17 18 19 20 21 22 23,e18fa4d389b6ba8885390e6ccebb2017ba9055aeb58d180394932d6a1d75d9be,904b9cd4af6e8b76194c2037bb1d2ae9e914fe553b33e6367741a1c139c0183f,93.32624,96.720566,564,success_build,True,True,False,unit fuzzy loss,
456,0 1 2 3 4 5 6 7 9 10 11 12 13 8 14 15 16 17 18 19 20 21 22 23,56499e958fe6de43555e9477767e19b49bde711c14e3d91b6910791d7b017ce6,3a8d4794388a6ec4a666ee35e217fbeae5433b1d4400294762d3fe4a6bd1de30,93.11347,96.701164,564,success_build,True,True,False,unit fuzzy loss,
457,0 1 2 3 4 5 6 7 9 10 11 12 13 14 8 15 16 17 18 19 20 21 22 23,4efab610b62367ca2d5c542085fd08c369cf0072f0d1ce1b3789a287496e03a8,3b69067facb93ab94ae4e31c7426047cec68f34b62ac8227b147beddd3527bee,92.90071,96.68176,564,success_build,True,True,False,unit fuzzy loss,
458,0 1 2 3 4 5 6 7 9 10 11 12 13 14 15 8 16 17 18 19 20 21 22 23,ea51eb93894c016344d271889e6fe043f0c79cbb3b6db1ce27f9b458d06bc933,8bbe8aa399cec4724fcd6dedf3ef6c26a3529610b2201b86975409b55e8421d8,92.79433,96.67206,564,success_build,True,True,False,unit fuzzy loss,
459,0 1 2 3 4 5 6 7 9 10 11 12 13 14 15 16 8 17 18 19 20 21 22 23,bad7605fe6d61bd23dc146410e0b33d9219411b419adf4684f62b50c1c972cb0,9a047a9eea1feabedcddfe850a90161eab37bafc500abb0ad185a1e007819391,92.86525,96.67853,564,success_build,True,True,False,unit fuzzy loss,
460,0 1 2 3 4 5 6 7 9 10 11 12 13 14 15 16 17 8 18 19 20 21 22 23,d96fbc0d5a3154e52a3d96677bf2b74b21099c49e504ea51aaf3cc93d06f03aa,91820d20c5cf5860ad705b8e9abd207a50e2f84e8f008f90f47847478b1a3adf,92.723404,96.66559,564,success_build,True,True,False,unit fuzzy loss,
461,0 1 2 3 4 5 6 7 9 10 11 12 13 14 15 16 17 18 8 19 20 21 22 23,c64f21e878c5b84463dfe24af0efeabaa3ae38c05d5c779146612b86c11c91aa,91820d20c5cf5860ad705b8e9abd207a50e2f84e8f008f90f47847478b1a3adf,92.723404,96.66559,564,success_build,True,True,False,unit fuzzy loss,
462,0 1 2 3 4 5 6 7 9 10 11 12 13 14 15 16 17 18 19 8 20 21 22 23,36dda6ad54d31808cc87ce8219145e8765df6751312c81012831143e6f6e4256,6cc49e9122faa15840185e80e8af526d65ad02d922cc2f346c928591381c5613,92.61702,96.65588,564,success_build,True,True,False,unit fuzzy loss,
463,0 1 2 3 4 5 6 7 9 10 11 12 13 14 15 16 17 18 19 20 8 21 22 23,2431dae4aa6db63ab52d33ec125b47cb34796969d80115d2e61e534a35850f8d,e1be674d1295f35f96a1d3bcba66cf9ee58bc7715a9ce855e25ad69673cd55c2,92.43971,96.63972,564,success_build,True,True,False,unit fuzzy loss,
464,0 1 2 3 4 5 6 7 9 10 11 12 13 14 15 16 17 18 19 20 21 8 22 23,1d18ac993512496997720a020c7f897bf764fb98ad6c8f95198fdda0abc7c2eb,76c075358385c884a018a2a61b0cfdd153143a7aea50855983e5ad1bcadf7ac3,92.12057,96.61061,564,success_build,True,True,False,unit fuzzy loss,
465,0 1 2 3 4 5 6 7 9 10 11 12 13 14 15 16 17 18 19 20 21 22 8 23,bc57cd6b19e526a6ab22625d94f21b8839d98061fe682f0593a101932600186c,76c075358385c884a018a2a61b0cfdd153143a7aea50855983e5ad1bcadf7ac3,92.12057,96.61061,564,success_build,True,True,False,unit fuzzy loss,
466,0 1 2 3 4 5 6 7 9 10 11 12 13 14 15 16 17 18 19 20 21 22 23 8,203618e255f96191e80a5a2daf0dd2fa3c25eb23a0ae42874a265161fcb57b91,76c075358385c884a018a2a61b0cfdd153143a7aea50855983e5ad1bcadf7ac3,92.12057,96.61061,564,success_build,True,True,False,unit fuzzy loss,
467,9 0 1 2 3 4 5 6 7 8 10 11 12 13 14 15 16 17 18 19 20 21 22 23,f78751139f267a171fc15d99a329b98f66aeec9209ac4fe890403e3c42f33b5f,6f7ee29149f849442e316539bccbf29f23c83e1476d138a358c5283ec327ca67,94.82269,96.85705,564,success_build,True,True,False,unit fuzzy loss,
468,0 9 1 2 3 4 5 6 7 8 10 11 12 13 14 15 16 17 18 19 20 21 22 23,562e82e62fa01810824dc9ca4e844a88587b496bbdc7ab659da22346cbb59ace,28f17d09d5c9aa1b0dbff3703fd9f1caa7cf399f85c101d7b175ef68a893ae89,95.07092,96.87969,564,success_build,True,True,False,unit fuzzy loss,
469,0 1 9 2 3 4 5 6 7 8 10 11 12 13 14 15 16 17 18 19 20 21 22 23,836d76a63db8720562053b87fd780df007b94ac1dd790c037853fe965e52f362,28f17d09d5c9aa1b0dbff3703fd9f1caa7cf399f85c101d7b175ef68a893ae89,95.07092,96.87969,564,success_build,True,True,False,unit fuzzy loss,
470,0 1 2 9 3 4 5 6 7 8 10 11 12 13 14 15 16 17 18 19 20 21 22 23,ade810afc957ab0e4ce8e081130fc5984e5442cc2e83e6e6c13b10f9b4339a7f,28f17d09d5c9aa1b0dbff3703fd9f1caa7cf399f85c101d7b175ef68a893ae89,95.07092,96.87969,564,success_build,True,True,False,unit fuzzy loss,
471,0 1 2 3 9 4 5 6 7 8 10 11 12 13 14 15 16 17 18 19 20 21 22 23,da203174fdea18454dee1501647d36ccb9f057cd75852f79745c0326de5a56e9,28f17d09d5c9aa1b0dbff3703fd9f1caa7cf399f85c101d7b175ef68a893ae89,95.07092,96.87969,564,success_build,True,True,False,unit fuzzy loss,
472,0 1 2 3 4 9 5 6 7 8 10 11 12 13 14 15 16 17 18 19 20 21 22 23,54075470fe58a4761889e7683ead92707213db60187cee1c4e367cdfd89ea2db,ce2e68f1feed334dc9230c25478d06c794fe88387b190a206b4889e8c76520a6,95.03546,96.87646,564,success_build,True,True,False,unit fuzzy loss,
473,0 1 2 3 4 5 9 6 7 8 10 11 12 13 14 15 16 17 18 19 20 21 22 23,b2d02860c4721553c414e0784eb1b3d6eaf11c798f192bfc8622a430248e823a,02ba93c196f4cb47708fc32340ec06599283b4caba8b5cabfe051a378c33c5f7,95.03546,96.87646,564,success_build,True,True,False,unit fuzzy loss,
474,0 1 2 3 4 5 6 9 7 8 10 11 12 13 14 15 16 17 18 19 20 21 22 23,0e2547ff672a55a3be9924b8249c718be11522553e9f127f4cd88742c5e3e841,d424479f45d3b3805f01723254cd43772e4ba106c5d17603fda76680f74e7053,95.03546,96.87646,564,success_build,True,True,False,unit fuzzy loss,
475,0 1 2 3 4 5 6 7 8 10 11 9 12 13 14 15 16 17 18 19 20 21 22 23,15aa05284a09bb5fc4693143fd9af1985979725dc2319b6c5fe6a33d7a578267,6e46b9dadbfacd1b30cc290f6304395e56dd2e6cd41b4a501800f9c47af26eb9,95.28369,96.89909,564,success_build,True,True,True,,
476,0 1 2 3 4 5 6 7 8 10 11 12 9 13 14 15 16 17 18 19 20 21 22 23,625ea2f2b4259feef3341c8c1e522d5bca08c2ab71a44600fb704ac3b4d3e18d,836e5bc2144e19e69664360bbf06aaabfd9d9d862e23f795c8ba11c38f45d7f2,94.80851,96.85576,564,success_build,True,True,False,unit fuzzy loss,
477,0 1 2 3 4 5 6 7 8 10 11 12 13 9 14 15 16 17 18 19 20 21 22 23,c0f3c2c2eb5066e58cfd92109d6278235a8d7fe93dadc95032daf798032d0844,ce35896a04914b3eda0abd360dc77018fd8c1fc8742a3b2c03c79abeee5dd776,94.489365,96.82665,564,success_build,True,True,False,unit fuzzy loss,
478,0 1 2 3 4 5 6 7 8 10 11 12 13 14 9 15 16 17 18 19 20 21 22 23,33acc97a07e50223ea65a0e7ccafea6b223941636959f6863187b84681ce762f,235c058e9d2905881e1b4b04cb63d291fca36d162a2a1693d4738787406d7c4a,94.276596,96.80724,564,success_build,True,True,False,unit fuzzy loss,
479,0 1 2 3 4 5 6 7 8 10 11 12 13 14 15 9 16 17 18 19 20 21 22 23,5ddfe5459b9cd280d4292c6014686819d5dd5d80f15bae2a5ab01046dfda888b,f45e32680a429f9f036ef254348a0459c6afe6f511c30a1f866a3e55be6a37f3,94.17021,96.79754,564,success_build,True,True,False,unit fuzzy loss,
480,0 1 2 3 4 5 6 7 8 10 11 12 13 14 15 16 9 17 18 19 20 21 22 23,654b3922d6256f159e3c7b9b140a2dec647d67ea1403c0dcb3267939f7107179,168ffc44cd645ce893b91ef0c48058882f077c398ea64a087cbc472590988376,94.17021,96.79754,564,success_build,True,True,False,unit fuzzy loss,
481,0 1 2 3 4 5 6 7 8 10 11 12 13 14 15 16 17 9 18 19 20 21 22 23,7cae40d2dea3e71e99f557d1a82b4e37e5a9672497d700d36afabb95230ba358,ef9c8f390aa89bc078786b5956f745da0dcf16b6067024dfe0caa559736d9388,94.09929,96.79108,564,success_build,True,True,False,unit fuzzy loss,
482,0 1 2 3 4 5 6 7 8 10 11 12 13 14 15 16 17 18 9 19 20 21 22 23,65ac80fdae99be7fc7133e3e89e4377afee25bb60741478bc28f46318f5dde9f,ef9c8f390aa89bc078786b5956f745da0dcf16b6067024dfe0caa559736d9388,94.09929,96.79108,564,success_build,True,True,False,unit fuzzy loss,
483,0 1 2 3 4 5 6 7 8 10 11 12 13 14 15 16 17 18 19 9 20 21 22 23,da85a7db49f30e8c0714c1e3ec5d70a8e98f914dbeb30f3e716be37805624e7f,46f45b61420899f638ebe0ebe9d9400d9501e5658d1b60a7c233951a30f8659c,93.992905,96.78137,564,success_build,True,True,False,unit fuzzy loss,
484,0 1 2 3 4 5 6 7 8 10 11 12 13 14 15 16 17 18 19 20 9 21 22 23,891d6fa1877f79c15c60febad65ba0c786609656871476703641e482d4b54c6b,e4ec77527071177056842af4b0c4096a47cf69aa2348aef43879c0aa89f82587,93.815605,96.7652,564,success_build,True,True,False,unit fuzzy loss,
485,0 1 2 3 4 5 6 7 8 10 11 12 13 14 15 16 17 18 19 20 21 9 22 23,d1b52b1c0769a6e56238dece1808073486f70584fa5a7597f398085a89d8bcca,889686e3451bc2ee5126e8803e45fac53147af5f0816441da1374a080fd9e151,93.49645,96.73609,564,success_build,True,True,False,unit fuzzy loss,
486,0 1 2 3 4 5 6 7 8 10 11 12 13 14 15 16 17 18 19 20 21 22 9 23,8896b39bb3aa5aa49565874eb982d6d532288a787e5ef963cf4214ba2ab1a284,889686e3451bc2ee5126e8803e45fac53147af5f0816441da1374a080fd9e151,93.49645,96.73609,564,success_build,True,True,False,unit fuzzy loss,
487,0 1 2 3 4 5 6 7 8 10 11 12 13 14 15 16 17 18 19 20 21 22 23 9,104f21d898564841144cec4c224b32f4a24c57b6a266c237ee068cc0d70dcd1a,889686e3451bc2ee5126e8803e45fac53147af5f0816441da1374a080fd9e151,93.49645,96.73609,564,success_build,True,True,False,unit fuzzy loss,
488,10 0 1 2 3 4 5 6 7 8 9 11 12 13 14 15 16 17 18 19 20 21 22 23,ef007c87f31fde9c0b92063e23348b03df138f8045c8e5b40aad5d3aa6a89dda,6e46b9dadbfacd1b30cc290f6304395e56dd2e6cd41b4a501800f9c47af26eb9,95.28369,96.89909,564,success_build,True,True,True,,
489,0 10 1 2 3 4 5 6 7 8 9 11 12 13 14 15 16 17 18 19 20 21 22 23,48b0308a1eb46c80b53d9f04376fcd077a6533ff0544e19d87ef61e4f6aa3cd1,6e46b9dadbfacd1b30cc290f6304395e56dd2e6cd41b4a501800f9c47af26eb9,95.28369,96.89909,564,success_build,True,True,True,,
490,0 1 10 2 3 4 5 6 7 8 9 11 12 13 14 15 16 17 18 19 20 21 22 23,8a9f953362e62347d50c20a96205e3a57ea1fda83e871e1743e4b267073db1c7,6e46b9dadbfacd1b30cc290f6304395e56dd2e6cd41b4a501800f9c47af26eb9,95.28369,96.89909,564,success_build,True,True,True,,
491,0 1 2 10 3 4 5 6 7 8 9 11 12 13 14 15 16 17 18 19 20 21 22 23,9fec6de5292bf72dad1c90022f46de103bb2b7d8425118003f1a68bac538e1f4,6e46b9dadbfacd1b30cc290f6304395e56dd2e6cd41b4a501800f9c47af26eb9,95.28369,96.89909,564,success_build,True,True,True,,
492,0 1 2 3 10 4 5 6 7 8 9 11 12 13 14 15 16 17 18 19 20 21 22 23,1fd5b5007b7909ce1cc2a129d7254763d968fcbf66712655e71e4394ec4ea62a,6e46b9dadbfacd1b30cc290f6304395e56dd2e6cd41b4a501800f9c47af26eb9,95.28369,96.89909,564,success_build,True,True,True,,
493,0 1 2 3 4 10 5 6 7 8 9 11 12 13 14 15 16 17 18 19 20 21 22 23,1b8f91deaf06f937a777c529cd2b115ddac12e57a0b10d08ad389eff67c7004d,6e46b9dadbfacd1b30cc290f6304395e56dd2e6cd41b4a501800f9c47af26eb9,95.28369,96.89909,564,success_build,True,True,True,,
494,0 1 2 3 4 5 10 6 7 8 9 11 12 13 14 15 16 17 18 19 20 21 22 23,16951bfba9f49da383bbf723cd9529a6c2a6d3956363706cd99886f411ab353e,6e46b9dadbfacd1b30cc290f6304395e56dd2e6cd41b4a501800f9c47af26eb9,95.28369,96.89909,564,success_build,True,True,True,,
495,0 1 2 3 4 5 6 10 7 8 9 11 12 13 14 15 16 17 18 19 20 21 22 23,3d89740cc430573c696e19555f7787d30e9983fe8193c8f1e702c5f090cdedac,6e46b9dadbfacd1b30cc290f6304395e56dd2e6cd41b4a501800f9c47af26eb9,95.28369,96.89909,564,success_build,True,True,True,,
496,0 1 2 3 4 5 6 7 10 8 9 11 12 13 14 15 16 17 18 19 20 21 22 23,95d9cebbf9edc2e6e7d23c2cd84685a6bd340ec9c674bdb640b49741c88bd5a5,6e46b9dadbfacd1b30cc290f6304395e56dd2e6cd41b4a501800f9c47af26eb9,95.28369,96.89909,564,success_build,True,True,True,,
497,0 1 2 3 4 5 6 7 8 9 11 12 10 13 14 15 16 17 18 19 20 21 22 23,982ea822ced11db45ecb381a9e5f5f5eb3055120f393c0416f96918ee0544b2c,6e46b9dadbfacd1b30cc290f6304395e56dd2e6cd41b4a501800f9c47af26eb9,95.28369,96.89909,564,success_build,True,True,True,,
498,0 1 2 3 4 5 6 7 8 9 11 12 13 10 14 15 16 17 18 19 20 21 22 23,86a74f31c9c1b36f3282ec4fac933290ee8cd1a2f13b1b4fff7f687de92a3d40,6e46b9dadbfacd1b30cc290f6304395e56dd2e6cd41b4a501800f9c47af26eb9,95.28369,96.89909,564,success_build,True,True,True,,
499,0 1 2 3 4 5 6 7 8 9 11 12 13 14 10 15 16 17 18 19 20 21 22 23,1e64630a8b71fcf9a4b9d8b30ea78d2d5cfd2da337e6ebade8600b2fb103ba11,6e46b9dadbfacd1b30cc290f6304395e56dd2e6cd41b4a501800f9c47af26eb9,95.28369,96.89909,564,success_build,True,True,True,,
500,0 1 2 3 4 5 6 7 8 9 11 12 13 14 15 10 16 17 18 19 20 21 22 23,3fde9c7692c3ddcf9cb65ac0233bf5e136456bb6b7beac92675e2bb18ac16988,6e46b9dadbfacd1b30cc290f6304395e56dd2e6cd41b4a501800f9c47af26eb9,95.28369,96.89909,564,success_build,True,True,True,,
501,0 1 2 3 4 5 6 7 8 9 11 12 13 14 15 16 10 17 18 19 20 21 22 23,4ff7a720047c5f54cf30f176b7d4d86190a810460f644cb8126429daa7ad7df5,6e46b9dadbfacd1b30cc290f6304395e56dd2e6cd41b4a501800f9c47af26eb9,95.28369,96.89909,564,success_build,True,True,True,,
502,0 1 2 3 4 5 6 7 8 9 11 12 13 14 15 16 17 10 18 19 20 21 22 23,a895bbd29445e8386033b7f7b29e4024103e8e49adb55d72039bf1edd18901bd,6e46b9dadbfacd1b30cc290f6304395e56dd2e6cd41b4a501800f9c47af26eb9,95.28369,96.89909,564,success_build,True,True,True,,
503,0 1 2 3 4 5 6 7 8 9 11 12 13 14 15 16 17 18 10 19 20 21 22 23,1806e6e63504d8d8e3a70a3bc5517e06405d03a46a0ca1cbd87e6775062896e7,6e46b9dadbfacd1b30cc290f6304395e56dd2e6cd41b4a501800f9c47af26eb9,95.28369,96.89909,564,success_build,True,True,True,,
504,0 1 2 3 4 5 6 7 8 9 11 12 13 14 15 16 17 18 19 10 20 21 22 23,fb42994e8ac0c583205d368112ee5f3787fbfabfa6c175bcb3435a8961c492e1,6e46b9dadbfacd1b30cc290f6304395e56dd2e6cd41b4a501800f9c47af26eb9,95.28369,96.89909,564,success_build,True,True,True,,
505,0 1 2 3 4 5 6 7 8 9 11 12 13 14 15 16 17 18 19 20 10 21 22 23,bb1e775f840b6932eab11f40950e82fa5d451578592e4fc0ae0177a1c0c5f067,6e46b9dadbfacd1b30cc290f6304395e56dd2e6cd41b4a501800f9c47af26eb9,95.28369,96.89909,564,success_build,True,True,True,,
506,0 1 2 3 4 5 6 7 8 9 11 12 13 14 15 16 17 18 19 20 21 10 22 23,da6a0387d20b009ad7c6f63a0944beb82d698506968e7994f0d00f015b0f1fbc,6e46b9dadbfacd1b30cc290f6304395e56dd2e6cd41b4a501800f9c47af26eb9,95.28369,96.89909,564,success_build,True,True,True,,
507,0 1 2 3 4 5 6 7 8 9 11 12 13 14 15 16 17 18 19 20 21 22 10 23,c85ba7cad8bb35bff56703d49be29472710080029c3eccfc6f8b2cb27da28d33,6e46b9dadbfacd1b30cc290f6304395e56dd2e6cd41b4a501800f9c47af26eb9,95.28369,96.89909,564,success_build,True,True,True,,
508,0 1 2 3 4 5 6 7 8 9 11 12 13 14 15 16 17 18 19 20 21 22 23 10,53e085ccc10c5359cc67874e0d9d90a2bcfafb09a177f6958b12be0dae7ec70f,6e46b9dadbfacd1b30cc290f6304395e56dd2e6cd41b4a501800f9c47af26eb9,95.28369,96.89909,564,success_build,True,True,True,,
509,11 0 1 2 3 4 5 6 7 8 9 10 12 13 14 15 16 17 18 19 20 21 22 23,becc0c0cce50e7621c4588bbf03d0b0bee8e8410a3762c6de078e675bf9e3756,6e46b9dadbfacd1b30cc290f6304395e56dd2e6cd41b4a501800f9c47af26eb9,95.28369,96.89909,564,success_build,True,True,True,,
510,0 11 1 2 3 4 5 6 7 8 9 10 12 13 14 15 16 17 18 19 20 21 22 23,242ab471b71b1061c3a69a81ca8821389322e64333b0a149217f920ae163bd26,6e46b9dadbfacd1b30cc290f6304395e56dd2e6cd41b4a501800f9c47af26eb9,95.28369,96.89909,564,success_build,True,True,True,,
511,0 1 11 2 3 4 5 6 7 8 9 10 12 13 14 15 16 17 18 19 20 21 22 23,973662571c1882e4c17e498ea6690c621718b92aab30e2effe90c73810ccc93d,6e46b9dadbfacd1b30cc290f6304395e56dd2e6cd41b4a501800f9c47af26eb9,95.28369,96.89909,564,success_build,True,True,True,,
512,0 1 2 11 3 4 5 6 7 8 9 10 12 13 14 15 16 17 18 19 20 21 22 23,fd1f94388042b150e7fcb04bc021a8f0d12b01ef8e21d8ec1b872a8e6e67ae28,6e46b9dadbfacd1b30cc290f6304395e56dd2e6cd41b4a501800f9c47af26eb9,95.28369,96.89909,564,success_build,True,True,True,,
513,0 1 2 3 11 4 5 6 7 8 9 10 12 13 14 15 16 17 18 19 20 21 22 23,2900c1f682c6740952bb1abb13e470b9c33b4bbe4316ad8f743f1ab4cc9c2c39,6e46b9dadbfacd1b30cc290f6304395e56dd2e6cd41b4a501800f9c47af26eb9,95.28369,96.89909,564,success_build,True,True,True,,
514,0 1 2 3 4 11 5 6 7 8 9 10 12 13 14 15 16 17 18 19 20 21 22 23,3539c6bd1663e6bee5ae9011b7255af3a26b2f77a743a181fc4973c40eab78eb,6e46b9dadbfacd1b30cc290f6304395e56dd2e6cd41b4a501800f9c47af26eb9,95.28369,96.89909,564,success_build,True,True,True,,
515,0 1 2 3 4 5 11 6 7 8 9 10 12 13 14 15 16 17 18 19 20 21 22 23,ee385a9e051bae5f2221833834a5c3da8a5bbf768751adf385ae716784b57d05,6e46b9dadbfacd1b30cc290f6304395e56dd2e6cd41b4a501800f9c47af26eb9,95.28369,96.89909,564,success_build,True,True,True,,
516,0 1 2 3 4 5 6 11 7 8 9 10 12 13 14 15 16 17 18 19 20 21 22 23,40e6d5c8b847c119d2ec2e4bdad38aa84e1caf19031928edbf2cf3bcdfe42b31,6e46b9dadbfacd1b30cc290f6304395e56dd2e6cd41b4a501800f9c47af26eb9,95.28369,96.89909,564,success_build,True,True,True,,
517,0 1 2 3 4 5 6 7 11 8 9 10 12 13 14 15 16 17 18 19 20 21 22 23,9b3154bc8d232f4ed16292dfcc99727736b378e389060cbcf0c3c96ad585953c,6e46b9dadbfacd1b30cc290f6304395e56dd2e6cd41b4a501800f9c47af26eb9,95.28369,96.89909,564,success_build,True,True,True,,
518,0 1 2 3 4 5 6 7 8 11 9 10 12 13 14 15 16 17 18 19 20 21 22 23,2c84e0aa1bed134069635e572273858badff586ae493d27d2a86bd5f309560c4,6e46b9dadbfacd1b30cc290f6304395e56dd2e6cd41b4a501800f9c47af26eb9,95.28369,96.89909,564,success_build,True,True,True,,
519,0 1 2 3 4 5 6 7 8 9 10 12 13 11 14 15 16 17 18 19 20 21 22 23,d399ccada3d78e2b412801890e9c01fa40ce81ed099468ab0aeec01b4ecc2506,6e46b9dadbfacd1b30cc290f6304395e56dd2e6cd41b4a501800f9c47af26eb9,95.28369,96.89909,564,success_build,True,True,True,,
520,0 1 2 3 4 5 6 7 8 9 10 12 13 14 11 15 16 17 18 19 20 21 22 23,7aef6a2ecf5b04da93a345262e694836e6e27d786733583ab68a49c18febab5a,6e46b9dadbfacd1b30cc290f6304395e56dd2e6cd41b4a501800f9c47af26eb9,95.28369,96.89909,564,success_build,True,True,True,,
521,0 1 2 3 4 5 6 7 8 9 10 12 13 14 15 11 16 17 18 19 20 21 22 23,c0fb4267a48d90a81084521ff0d9d1f0a7851954ff084c09e63757a1ce2fc1f8,6e46b9dadbfacd1b30cc290f6304395e56dd2e6cd41b4a501800f9c47af26eb9,95.28369,96.89909,564,success_build,True,True,True,,
522,0 1 2 3 4 5 6 7 8 9 10 12 13 14 15 16 11 17 18 19 20 21 22 23,982da975ca8936d659139175ab242dddef6409ba81d45947b2a23c4d267795aa,6e46b9dadbfacd1b30cc290f6304395e56dd2e6cd41b4a501800f9c47af26eb9,95.28369,96.89909,564,success_build,True,True,True,,
523,0 1 2 3 4 5 6 7 8 9 10 12 13 14 15 16 17 11 18 19 20 21 22 23,93bb71905ccf043ebc065db47df60f50a6c5d5d8b08797e81e59a4dfe73d4df8,6e46b9dadbfacd1b30cc290f6304395e56dd2e6cd41b4a501800f9c47af26eb9,95.28369,96.89909,564,success_build,True,True,True,,
524,0 1 2 3 4 5 6 7 8 9 10 12 13 14 15 16 17 18 11 19 20 21 22 23,de89130a914a545bed67b08d568be82fd2382e843dd2a512130279cc43e5ef70,6e46b9dadbfacd1b30cc290f6304395e56dd2e6cd41b4a501800f9c47af26eb9,95.28369,96.89909,564,success_build,True,True,True,,
525,0 1 2 3 4 5 6 7 8 9 10 12 13 14 15 16 17 18 19 11 20 21 22 23,1c3d5a41fc426f42b11e2b33f848b2f2ad95a62c6dff08b22ca328af0f99a0ee,6e46b9dadbfacd1b30cc290f6304395e56dd2e6cd41b4a501800f9c47af26eb9,95.28369,96.89909,564,success_build,True,True,True,,
526,0 1 2 3 4 5 6 7 8 9 10 12 13 14 15 16 17 18 19 20 11 21 22 23,92147c827591a574eaaa62da178d86cc4780f30eea9cea0604fc9ff51fa3027d,6e46b9dadbfacd1b30cc290f6304395e56dd2e6cd41b4a501800f9c47af26eb9,95.28369,96.89909,564,success_build,True,True,True,,
527,0 1 2 3 4 5 6 7 8 9 10 12 13 14 15 16 17 18 19 20 21 11 22 23,dfbd757d93ac566ea96b0efe72625f4d2e06ed452a03cae1609714d0848193bc,6e46b9dadbfacd1b30cc290f6304395e56dd2e6cd41b4a501800f9c47af26eb9,95.28369,96.89909,564,success_build,True,True,True,,
528,0 1 2 3 4 5 6 7 8 9 10 12 13 14 15 16 17 18 19 20 21 22 11 23,6f42375ca5c381618c8554b8fb51b2516ea8df226dd2d4ede2f365d3726f3df0,6e46b9dadbfacd1b30cc290f6304395e56dd2e6cd41b4a501800f9c47af26eb9,95.28369,96.89909,564,success_build,True,True,True,,
529,0 1 2 3 4 5 6 7 8 9 10 12 13 14 15 16 17 18 19 20 21 22 23 11,c479dc58c572b0931730f0b219d51d23cc4a3580df9ed7cb753134a6f91d805e,6e46b9dadbfacd1b30cc290f6304395e56dd2e6cd41b4a501800f9c47af26eb9,95.28369,96.89909,564,success_build,True,True,True,,
530,12 0 1 2 3 4 5 6 7 8 9 10 11 13 14 15 16 17 18 19 20 21 22 23,9de177f975000b93c2c31334e9cc23d75c904c401e2b6f5a4f0668b6ff730dd4,ecf1b83f5150647f08644c60f2805fa8ff3f497901a33882db21f26d4d94b94c,94.56029,96.833115,564,success_build,True,True,False,unit fuzzy loss,
531,0 12 1 2 3 4 5 6 7 8 9 10 11 13 14 15 16 17 18 19 20 21 22 23,b023272b7f6616017fd10d1729e92469fb91038dc41e86bdc5ff39e1fd2a031a,0c424e44f4041ab05087f32dc5d732a8c97e87157b138fc813b6e30ad14aa351,94.80851,96.85576,564,success_build,True,True,False,unit fuzzy loss,
532,0 1 12 2 3 4 5 6 7 8 9 10 11 13 14 15 16 17 18 19 20 21 22 23,bb063ade1147a5a4eb560efc7209a0e36f9f994db8eb46b8edb5b50b03398a12,0c424e44f4041ab05087f32dc5d732a8c97e87157b138fc813b6e30ad14aa351,94.80851,96.85576,564,success_build,True,True,False,unit fuzzy loss,
533,0 1 2 12 3 4 5 6 7 8 9 10 11 13 14 15 16 17 18 19 20 21 22 23,6d1d66d1bb62571fce90ecce177c6bf776515f871baf25513d9b386682d734bd,0c424e44f4041ab05087f32dc5d732a8c97e87157b138fc813b6e30ad14aa351,94.80851,96.85576,564,success_build,True,True,False,unit fuzzy loss,
534,0 1 2 3 12 4 5 6 7 8 9 10 11 13 14 15 16 17 18 19 20 21 22 23,e28a0208d537c8ec15e79c2ad69492691f46f120b692db241df7c29955a9f462,0c424e44f4041ab05087f32dc5d732a8c97e87157b138fc813b6e30ad14aa351,94.80851,96.85576,564,success_build,True,True,False,unit fuzzy loss,
535,0 1 2 3 4 12 5 6 7 8 9 10 11 13 14 15 16 17 18 19 20 21 22 23,d2a875a85268cccd3e8619ca0d75bd94a5dde70d69c2759e3a6cfaa05d1374aa,ab184b011e60cf3d38644d2f2f23bac0d8901a82087208642cebb238be04ba68,94.77305,96.85252,564,success_build,True,True,False,unit fuzzy loss,
536,0 1 2 3 4 5 12 6 7 8 9 10 11 13 14 15 16 17 18 19 20 21 22 23,cacd3b3da171045cdc2dbce36a8971626132a8a69417e8c1995b8babbf3f96da,736c40d36610b108195d52095193e2df38dfae88af3e30c7e7bd709903deceb5,94.77305,96.85252,564,success_build,True,True,False,unit fuzzy loss,
537,0 1 2 3 4 5 6 12 7 8 9 10 11 13 14 15 16 17 18 19 20 21 22 23,64110f3818f728f7e9e7f2fb2a916b91e3b14b760a05588b0979dd60cbf5e6a4,69ab41d3ab06d19dccfd2cebb7ffbbdf92c68ea646a824cc2d230b3f13e42b7b,94.77305,96.85252,564,success_build,True,True,False,unit fuzzy loss,
538,0 1 2 3 4 5 6 7 12 8 9 10 11 13 14 15 16 17 18 19 20 21 22 23,d1af9bfc24a0c42d234d5457338169b25f367c0fc9966d0881daea860728e2d4,69ab41d3ab06d19dccfd2cebb7ffbbdf92c68ea646a824cc2d230b3f13e42b7b,94.77305,96.85252,564,success_build,True,True,False,unit fuzzy loss,
539,0 1 2 3 4 5 6 7 8 12 9 10 11 13 14 15 16 17 18 19 20 21 22 23,52939b43a8de7e5e5d99c3399c11a6285d9440fab0b9f6ec86c8d6925d18d878,836e5bc2144e19e69664360bbf06aaabfd9d9d862e23f795c8ba11c38f45d7f2,94.80851,96.85576,564,success_build,True,True,False,unit fuzzy loss,
540,0 1 2 3 4 5 6 7 8 9 12 10 11 13 14 15 16 17 18 19 20 21 22 23,9bd9371a822ef2a381b3d4afc499d44635cf381ca9b9b88b2ed13655a2430bdb,6e46b9dadbfacd1b30cc290f6304395e56dd2e6cd41b4a501800f9c47af26eb9,95.28369,96.89909,564,success_build,True,True,True,,
541,0 1 2 3 4 5 6 7 8 9 10 11 13 14 12 15 16 17 18 19 20 21 22 23,807815ffc674787f2aabad2355f3d3d2bda77e1d7440f87ba035b7e4d1ff7525,67895ab78bb146615ccea656bf2ef605b99203a1057cbbdf4a42f0deef98238b,94.50355,96.82794,564,success_build,True,True,False,unit fuzzy loss,
542,0 1 2 3 4 5 6 7 8 9 10 11 13 14 15 12 16 17 18 19 20 21 22 23,f207b2a6109f003aaf4f7ff1fa2914da27046baf9c7bb4f52c4b7c656338ffd0,bbf914b7f33efcf2ad883cb4b4c2bd3e7be8e20d93a8a0025aa54d11b5703d4a,94.39716,96.81824,564,success_build,True,True,False,unit fuzzy loss,
543,0 1 2 3 4 5 6 7 8 9 10 11 13 14 15 16 12 17 18 19 20 21 22 23,33ffd65f50abe857a96dfe8a3f9884119a4de614c4f4e9aa4146d897a95033bf,038deacebe881599e2e4f7261d917f585b476c6ae9e08d58fea89b5feea4be35,94.39716,96.81824,564,success_build,True,True,False,unit fuzzy loss,
544,0 1 2 3 4 5 6 7 8 9 10 11 13 14 15 16 17 12 18 19 20 21 22 23,b6bef7a2a4b679f8e74bb7d0fc1153b7de1f461171cc3c5b4078770b1af017cd,6cbd2cb21f94541f2f8af816a1a8e1f52b6beb1138692655b7de67d82a9ea80f,94.32624,96.811775,564,success_build,True,True,False,unit fuzzy loss,
545,0 1 2 3 4 5 6 7 8 9 10 11 13 14 15 16 17 18 12 19 20 21 22 23,cf32a6ff8d85dfe6ba1ca6ba0a0fb56bee477730c042d578b45b7deb2ac89c93,6cbd2cb21f94541f2f8af816a1a8e1f52b6beb1138692655b7de67d82a9ea80f,94.32624,96.811775,564,success_build,True,True,False,unit fuzzy loss,
546,0 1 2 3 4 5 6 7 8 9 10 11 13 14 15 16 17 18 19 12 20 21 22 23,ffd2b19c5d3eba7c6a50dfbdbd6a1c43063e3ebc177aa486caa14d1dc9f6e847,46a1ad3e8eb9fc4c64f313562de71547fd787257a39ee1219847ad239b1dd182,94.21986,96.80207,564,success_build,True,True,False,unit fuzzy loss,
547,0 1 2 3 4 5 6 7 8 9 10 11 13 14 15 16 17 18 19 20 12 21 22 23,9983c4d4663da26954b598678a53d568e12ed2b886d32b14b52680be7f8c5b4c,b2b97293febab30d64cbec351dcfadc7aff93c9103ed3f9062e1d413eea0f219,94.04256,96.7859,564,success_build,True,True,False,unit fuzzy loss,
548,0 1 2 3 4 5 6 7 8 9 10 11 13 14 15 16 17 18 19 20 21 12 22 23,ff5ecaeb12850c852320e84569039090130c5d8261f30c0cb9526fe6c0b69ebc,4a35af87149607ccda87e9f9abac63333b88882e8844aac7a717a36c5584de80,93.723404,96.75679,564,success_build,True,True,False,unit fuzzy loss,
549,0 1 2 3 4 5 6 7 8 9 10 11 13 14 15 16 17 18 19 20 21 22 12 23,2d7cc6cd5c14916f991d5b0a8ef3148a6afd7afd2b21ee87a999c87b900fc14d,4a35af87149607ccda87e9f9abac63333b88882e8844aac7a717a36c5584de80,93.723404,96.75679,564,success_build,True,True,False,unit fuzzy loss,
550,0 1 2 3 4 5 6 7 8 9 10 11 13 14 15 16 17 18 19 20 21 22 23 12,8f60eb91111d2739a38b9cf0ab9e2d0c20e8e9902f75ae286f5468b6219712c1,4a35af87149607ccda87e9f9abac63333b88882e8844aac7a717a36c5584de80,93.723404,96.75679,564,success_build,True,True,False,unit fuzzy loss,
551,13 0 1 2 3 4 5 6 7 8 9 10 11 12 14 15 16 17 18 19 20 21 22 23,a3aa455928bc1f51b8307a71712abd001dadb93c9812eb6f92aaed414a9ee962,a8c9cc2f2591bf8e7663289e49cef83fa0754b7c936b638be03c97ed460e39cb,92.78723,96.67141,564,success_build,True,True,False,unit fuzzy loss,
552,0 13 1 2 3 4 5 6 7 8 9 10 11 12 14 15 16 17 18 19 20 21 22 23,5c038d23d7cb63155deeab60d878d701f85b6fa0cbb98e55f5aaca1a1ed61a43,809a2a7e533785323426a2a77f497e43ae16358295bb6ab5b979744ffb96e8a5,93.03546,96.694046,564,success_build,True,True,False,unit fuzzy loss,
553,0 1 13 2 3 4 5 6 7 8 9 10 11 12 14 15 16 17 18 19 20 21 22 23,cd47e4bb779f80ce373f0825eee4f878b75db04c888dd65aaa80a91f360f941e,809a2a7e533785323426a2a77f497e43ae16358295bb6ab5b979744ffb96e8a5,93.03546,96.694046,564,success_build,True,True,False,unit fuzzy loss,
554,0 1 2 13 3 4 5 6 7 8 9 10 11 12 14 15 16 17 18 19 20 21 22 23,983e8a79951ed6c2c99fab36da85859a794cc1a1461d0de7842778d24d43ee84,809a2a7e533785323426a2a77f497e43ae16358295bb6ab5b979744ffb96e8a5,93.03546,96.694046,564,success_build,True,True,False,unit fuzzy loss,
555,0 1 2 3 13 4 5 6 7 8 9 10 11 12 14 15 16 17 18 19 20 21 22 23,ddea5291f3d443db0a55831034e5dbc2dac597ae7c4ba9c529b9155dbff1ebd2,809a2a7e533785323426a2a77f497e43ae16358295bb6ab5b979744ffb96e8a5,93.03546,96.694046,564,success_build,True,True,False,unit fuzzy loss,
556,0 1 2 3 4 13 5 6 7 8 9 10 11 12 14 15 16 17 18 19 20 21 22 23,a12e3595cc21d0d060d8f53ba3cbfb93a51df36127d8a55ceb33929e6a13af0e,167edc8ac6fdfdcb471699fe65769a8e5131cc73e22507ed10e778e50bb947ef,94.51773,96.82924,564,success_build,True,True,False,unit fuzzy loss,
557,0 1 2 3 4 5 13 6 7 8 9 10 11 12 14 15 16 17 18 19 20 21 22 23,7749112d70460f4498a7314dbbf8d7d11697c34b92f69cf8002f3cceee493620,28b50c1fc2e44eff3fa1296c6e100eadbbbdf2c2bd83b3bf99b08184ea996328,94.51773,96.82924,564,success_build,True,True,False,unit fuzzy loss,
558,0 1 2 3 4 5 6 13 7 8 9 10 11 12 14 15 16 17 18 19 20 21 22 23,7ae1209fd498901cd6fb684714a3b1d49c02f42c09912ccf785caeefe7276548,dbb3252324477fbf3b60508c2d380ba55db25738e772a7246ea0ca407323987a,94.51773,96.82924,564,success_build,True,True,False,unit fuzzy loss,
559,0 1 2 3 4 5 6 7 13 8 9 10 11 12 14 15 16 17 18 19 20 21 22 23,d802d0764109df208159559b8984272b2ed0ce823c70ca17b82ad1331edb1621,dbb3252324477fbf3b60508c2d380ba55db25738e772a7246ea0ca407323987a,94.51773,96.82924,564,success_build,True,True,False,unit fuzzy loss,
560,0 1 2 3 4 5 6 7 8 13 9 10 11 12 14 15 16 17 18 19 20 21 22 23,146a1a8add781b496183ca10a5ce90445bac67d6f2fbb272909745cff1db5bb0,d507ee494ce0b532f69aa1307439a1f62975cb73cd895e44ccdfa7f29ef8947b,94.55319,96.83247,564,success_build,True,True,False,unit fuzzy loss,
561,0 1 2 3 4 5 6 7 8 9 13 10 11 12 14 15 16 17 18 19 20 21 22 23,3af4bc9f0d1f94602d7994496e6ead373e299bade6fab6ca5abd5a4b044992b6,50d2aa59d4abbc832ff43f96037f65b2ea02af9224d60dc48ea3b966f18cbe44,94.71631,96.84735,564,success_build,True,True,False,unit fuzzy loss,
562,0 1 2 3 4 5 6 7 8 9 10 13 11 12 14 15 16 17 18 19 20 21 22 23,31ad5a6f58a3f3b2f596b9f0d5237106ad8466c76a07c92f1b2af533d6f89117,50d2aa59d4abbc832ff43f96037f65b2ea02af9224d60dc48ea3b966f18cbe44,94.71631,96.84735,564,success_build,True,True,False,unit fuzzy loss,
563,0 1 2 3 4 5 6 7 8 9 10 11 12 14 15 13 16 17 18 19 20 21 22 23,99160b736055d79e60ae92cb4d975d1c7f03bb79fe88abf57385c9d10293b2b7,8526a11499f440864005c1a7975236c28c51e1aba30167b1280c4fdb406880ef,94.680855,96.84412,564,success_build,True,True,False,unit fuzzy loss,
564,0 1 2 3 4 5 6 7 8 9 10 11 12 14 15 16 13 17 18 19 20 21 22 23,37953156ec8e7da1aa53455a0201c7843ceb0e9d745f4c9fdaa02935f691543b,01fe076a5e1ee935893054488c6492704198b06571ced1a206d62280f647a9dd,94.680855,96.84412,564,success_build,True,True,False,unit fuzzy loss,
565,0 1 2 3 4 5 6 7 8 9 10 11 12 14 15 16 17 13 18 19 20 21 22 23,824083b2cbabb29ec103c5d5b02da1e1d4beaebb86e996b04a1905717487c583,b1137e3c3d139e2e2448b3f4d34b33159a9f014e1aaf11ab4d32fdf7ce45976f,94.60993,96.83765,564,success_build,True,True,False,unit fuzzy loss,
566,0 1 2 3 4 5 6 7 8 9 10 11 12 14 15 16 17 18 13 19 20 21 22 23,53b32d69507ac8ca6833c8c0fda3ae4b289165dcbfb9fde228ef51d438e3f171,b1137e3c3d139e2e2448b3f4d34b33159a9f014e1aaf11ab4d32fdf7ce45976f,94.60993,96.83765,564,success_build,True,True,False,unit fuzzy loss,
567,0 1 2 3 4 5 6 7 8 9 10 11 12 14 15 16 17 18 19 13 20 21 22 23,6d47a4aa00dd9b35de5728cd7de40b92ab3596da80d1c58dcbef2c0426078a87,fbbbf9fc54d46adda9d690d68dca963a0fa2b2c1468f9b26f7605570f6de65cd,94.50355,96.82794,564,success_build,True,True,False,unit fuzzy loss,
568,0 1 2 3 4 5 6 7 8 9 10 11 12 14 15 16 17 18 19 20 13 21 22 23,6bc6accf964bbf475925cfcf9f144ac0ff94827f419811eb5147b270fb5c3b58,1535c0313a45b7d0dd9d5190ee825b929d7aaeb2d5b6a24e9692ec42a6294014,94.32624,96.811775,564,success_build,True,True,False,unit fuzzy loss,
569,0 1 2 3 4 5 6 7 8 9 10 11 12 14 15 16 17 18 19 20 21 13 22 23,a19609b786b318f8f60041d746b3c4caef91214e1ed3e7f07237737f258228f0,eecd5b8ef1d418e340b1d9434a759368a222bab8a9476aa3af4039fc77bbe681,94.007095,96.78266,564,success_build,True,True,False,unit fuzzy loss,
570,0 1 2 3 4 5 6 7 8 9 10 11 12 14 15 16 17 18 19 20 21 22 13 23,30f6fc24b35043f3f948a98fbe3f4bee4282a603169ff16c5df61a360376130d,eecd5b8ef1d418e340b1d9434a759368a222bab8a9476aa3af4039fc77bbe681,94.007095,96.78266,564,success_build,True,True,False,unit fuzzy loss,
571,0 1 2 3 4 5 6 7 8 9 10 11 12 14 15 16 17 18 19 20 21 22 23 13,cc0b050e6ce290f7352e937a0539afbcc2a5bdd3177aa2ad944f7bf0c06f656c,eecd5b8ef1d418e340b1d9434a759368a222bab8a9476aa3af4039fc77bbe681,94.007095,96.78266,564,success_build,True,True,False,unit fuzzy loss,
572,14 0 1 2 3 4 5 6 7 8 9 10 11 12 13 15 16 17 18 19 20 21 22 23,54be5893914654763ed750b4ba82922aad2e3f9ff6b3ca9c320a38c7dd6f11af,0cc5d3157918dcd85f9abda3ecdee1d61604ce26d4e754a1e7ee733435874d40,92.71631,96.66494,564,success_build,True,True,False,unit fuzzy loss,
573,0 14 1 2 3 4 5 6 7 8 9 10 11 12 13 15 16 17 18 19 20 21 22 23,629902d2c1af641ce39f771a25a0ed023ec7a366b14f00f1d774ed3df3e484bc,9fba09028207baeb93290ee2c0e109cbc9235c30ea6f660088a92d50b330b0ba,92.82269,96.674644,564,success_build,True,True,False,unit fuzzy loss,
574,0 1 14 2 3 4 5 6 7 8 9 10 11 12 13 15 16 17 18 19 20 21 22 23,b4e75235df3ecdaa73543197b4985f5068ed8a296912fdd9b6d1e30769dd3600,9fba09028207baeb93290ee2c0e109cbc9235c30ea6f660088a92d50b330b0ba,92.82269,96.674644,564,success_build,True,True,False,unit fuzzy loss,
575,0 1 2 14 3 4 5 6 7 8 9 10 11 12 13 15 16 17 18 19 20 21 22 23,8fbe2b2fd3f3098c148f568b2007d9c2d7c127e4166ae2f079f09914d101cda6,9fba09028207baeb93290ee2c0e109cbc9235c30ea6f660088a92d50b330b0ba,92.82269,96.674644,564,success_build,True,True,False,unit fuzzy loss,
576,0 1 2 3 14 4 5 6 7 8 9 10 11 12 13 15 16 17 18 19 20 21 22 23,701f6f481b8bbbf2004fe5a258f55b008debcd92a70ee5dfdcc57c283102d48b,9fba09028207baeb93290ee2c0e109cbc9235c30ea6f660088a92d50b330b0ba,92.82269,96.674644,564,success_build,True,True,False,unit fuzzy loss,
577,0 1 2 3 4 14 5 6 7 8 9 10 11 12 13 15 16 17 18 19 20 21 22 23,bbd975386cf1cb1e937127bb5e1f617290cc8f464f7af1adfe90a6e2a899d527,77bff1160d2fb5fbade1ad74407eab9d9567f766d76d45646a7c201d11811f46,92.92908,96.68435,564,success_build,True,True,False,unit fuzzy loss,
578,0 1 2 3 4 5 14 6 7 8 9 10 11 12 13 15 16 17 18 19 20 21 22 23,379685bdf67ba71502676eac0aa3332593f3bccf49bbfad1d0c86740b81cc0d3,a1eccc50fb02bb6131f97a5296f83a45dff347ee16ab295245eb0baadb299936,92.92908,96.68435,564,success_build,True,True,False,unit fuzzy loss,
579,0 1 2 3 4 5 6 14 7 8 9 10 11 12 13 15 16 17 18 19 20 21 22 23,32242584331b0bdc83e9b8703a29cfc7c194d52652b03bbdf38db4f9f0d39f14,00f030f21a99009de55405b6d5e6b00272da10bbd0c5bf5c076e3464efcbdbae,92.92908,96.68435,564,success_build,True,True,False,unit fuzzy loss,
580,0 1 2 3 4 5 6 7 14 8 9 10 11 12 13 15 16 17 18 19 20 21 22 23,0e0fd7b9d82459f3477efa2ae826013e4a8f29348397c156e863c512c60bbaaf,00f030f21a99009de55405b6d5e6b00272da10bbd0c5bf5c076e3464efcbdbae,92.92908,96.68435,564,success_build,True,True,False,unit fuzzy loss,
581,0 1 2 3 4 5 6 7 8 14 9 10 11 12 13 15 16 17 18 19 20 21 22 23,b8a371b067328cef1ba735978fb0018937836deb8f04a679162b76fee4046045,46ea5cd4298d3659dd66908b42f9337ac57a7548fffc58ac73bc20c1f9a4a0e2,92.92908,96.68435,564,success_build,True,True,False,unit fuzzy loss,
582,0 1 2 3 4 5 6 7 8 9 14 10 11 12 13 15 16 17 18 19 20 21 22 23,30acc327aa079d94947dc8d7c21385046eee1a17369b2551db8b4f5314183772,f9c8fba100a712035a228fe7cbf7c4654834dd04687b12eb28f765a0f5824e85,94.50355,96.82794,564,success_build,True,True,False,unit fuzzy loss,
583,0 1 2 3 4 5 6 7 8 9 10 14 11 12 13 15 16 17 18 19 20 21 22 23,50f5bdaf1711013c402307f75abc280a43081be63fe27f822314fe3dadee127b,f9c8fba100a712035a228fe7cbf7c4654834dd04687b12eb28f765a0f5824e85,94.50355,96.82794,564,success_build,True,True,False,unit fuzzy loss,
584,0 1 2 3 4 5 6 7 8 9 10 11 14 12 13 15 16 17 18 19 20 21 22 23,7e8bbe352f8364e53172f2be69036e76dfcd77cc1bf4a6cef2d0d5aa89eb1c62,f9c8fba100a712035a228fe7cbf7c4654834dd04687b12eb28f765a0f5824e85,94.50355,96.82794,564,success_build,True,True,False,unit fuzzy loss,
585,0 1 2 3 4 5 6 7 8 9 10 11 12 13 15 16 14 17 18 19 20 21 22 23,1fbe0f6a3440886e75f5dd4d78f7c5c060292e9d414e372c9f1ce0d43447fd95,e46f4ece366d3c93967e4ddf120ce1ad19fbefa78dd75ecdb3a7680689a20310,94.96454,96.86999,564,success_build,True,True,False,unit fuzzy loss,
586,0 1 2 3 4 5 6 7 8 9 10 11 12 13 15 16 17 14 18 19 20 21 22 23,7d7a2fa2f070957581f7bb8e444122dec7564d91f033e4d67a84f8cc3274c28d,050523661c043b02f103b015d5baa9a681d0a522e0bf1794dfb232df6829c40b,94.893616,96.86352,564,success_build,True,True,False,unit fuzzy loss,
587,0 1 2 3 4 5 6 7 8 9 10 11 12 13 15 16 17 18 14 19 20 21 22 23,8085295750dbd8f8cd59a47dd053486defc8f4d4769eebece21b3ca29f19be85,050523661c043b02f103b015d5baa9a681d0a522e0bf1794dfb232df6829c40b,94.893616,96.86352,564,success_build,True,True,False,unit fuzzy loss,
588,0 1 2 3 4 5 6 7 8 9 10 11 12 13 15 16 17 18 19 14 20 21 22 23,b6dd91277644b19834864488bc919d5a7213382ffcefeb5d6ea2c0732ca02662,f4bf79903af98541a6d17def03d1578651117db1346692ad435d601e589575c3,94.78723,96.85381,564,success_build,True,True,False,unit fuzzy loss,
589,0 1 2 3 4 5 6 7 8 9 10 11 12 13 15 16 17 18 19 20 14 21 22 23,3dc5856caf29975afd4e8d6ff3b9e39d34ea93de42b8b1c6651db6d2e1886b06,c9404da0aefd0e32677c9a481bc05dd75f41a00e3c3a2564b7596f0c63c5d22e,94.60993,96.83765,564,success_build,True,True,False,unit fuzzy loss,
590,0 1 2 3 4 5 6 7 8 9 10 11 12 13 15 16 17 18 19 20 21 14 22 23,c44b54cd9f836edfb4bb89a755f9f70371d167636c30c5676c025f7c9be342b2,78781fb07efd82cfb164b32d7d3f71a6de79393593f788bc7bd2dd3b89c50e38,94.29078,96.80854,564,success_build,True,True,False,unit fuzzy loss,
591,0 1 2 3 4 5 6 7 8 9 10 11 12 13 15 16 17 18 19 20 21 22 14 23,4cbd4b5053e0f171bb43bc9fb1ac6b77baebbfb64411bd9d6b113efef6be731d,78781fb07efd82cfb164b32d7d3f71a6de79393593f788bc7bd2dd3b89c50e38,94.29078,96.80854,564,success_build,True,True,False,unit fuzzy loss,
592,0 1 2 3 4 5 6 7 8 9 10 11 12 13 15 16 17 18 19 20 21 22 23 14,12541ecd587f1cfc6089f00c743ce602f4cd1ed7141605fc89264906196cd042,78781fb07efd82cfb164b32d7d3f71a6de79393593f788bc7bd2dd3b89c50e38,94.29078,96.80854,564,success_build,True,True,False,unit fuzzy loss,
593,15 0 1 2 3 4 5 6 7 8 9 10 11 12 13 14 16 17 18 19 20 21 22 23,c1d7d71cd64cb5b9354ef3b50645367b966b6b4a12c93bb077916f01f79bb836,bad1124bb9a600de61bfdf67a9cd26f37616c1dae8a5a176ce13e19b9fc88e80,92.53901,96.64877,564,success_build,True,True,False,unit fuzzy loss,
594,0 15 1 2 3 4 5 6 7 8 9 10 11 12 13 14 16 17 18 19 20 21 22 23,96faec7d1611ced4ba67f3ced94783d26e0806054d60085fb9d3c862045015b1,ad1bbc7a8dd7417a9aae8ab3a835c1ae710ed4e4bbd788516bd1666a50ce6d6e,92.71631,96.66494,564,success_build,True,True,False,unit fuzzy loss,
595,0 1 15 2 3 4 5 6 7 8 9 10 11 12 13 14 16 17 18 19 20 21 22 23,97d3db9fbe5f24fe6ed8c235bbef26f933f7aaef5bed05f329c4107e41a21861,ad1bbc7a8dd7417a9aae8ab3a835c1ae710ed4e4bbd788516bd1666a50ce6d6e,92.71631,96.66494,564,success_build,True,True,False,unit fuzzy loss,
596,0 1 2 15 3 4 5 6 7 8 9 10 11 12 13 14 16 17 18 19 20 21 22 23,6f3ea3653488ff04e0560bf0f603330c42cb23dc6ecf8513998fcc7e738b7cf2,ad1bbc7a8dd7417a9aae8ab3a835c1ae710ed4e4bbd788516bd1666a50ce6d6e,92.71631,96.66494,564,success_build,True,True,False,unit fuzzy loss,
597,0 1 2 3 15 4 5 6 7 8 9 10 11 12 13 14 16 17 18 19 20 21 22 23,5e82af63c836f5e045856b938732bb7850cab6867396b86c98a02d627222bc75,ad1bbc7a8dd7417a9aae8ab3a835c1ae710ed4e4bbd788516bd1666a50ce6d6e,92.71631,96.66494,564,success_build,True,True,False,unit fuzzy loss,
598,0 1 2 3 4 15 5 6 7 8 9 10 11 12 13 14 16 17 18 19 20 21 22 23,41d6dab9c4a27d7a94e8ed27f95dfe221b8c86ab91fd141106d8b0254b8250e5,2a01e6e62fe134544fb37da223dc3495d757c54279170d0481e0f0c351dadcd6,92.82269,96.674644,564,success_build,True,True,False,unit fuzzy loss,
599,0 1 2 3 4 5 15 6 7 8 9 10 11 12 13 14 16 17 18 19 20 21 22 23,44c386580a49399f34041361f2c584ea222808d4388e0b47fbdfacb088436e40,a7ea5d88ee871f4ce0de3a750f901891bc61d3f76b89b176e39b9faf7cf49a66,92.82269,96.674644,564,success_build,True,True,False,unit fuzzy loss,
600,0 1 2 3 4 5 6 15 7 8 9 10 11 12 13 14 16 17 18 19 20 21 22 23,a6fb798ed0f4a456aad7d0770c753dcba9629391df14c33de58b518ae1a1c95e,c2025ebb2a1c508e47cdb20b5b1c8deba72329b318e46003bcc89bf6095503d5,92.82269,96.674644,564,success_build,True,True,False,unit fuzzy loss,
601,0 1 2 3 4 5 6 7 15 8 9 10 11 12 13 14 16 17 18 19 20 21 22 23,a95fce2d35d6b81c0613e0cc1044c9ddaf607d5bb59bef3f1b757ed2c8235c4a,c2025ebb2a1c508e47cdb20b5b1c8deba72329b318e46003bcc89bf6095503d5,92.82269,96.674644,564,success_build,True,True,False,unit fuzzy loss,
602,0 1 2 3 4 5 6 7 8 15 9 10 11 12 13 14 16 17 18 19 20 21 22 23,f9010fd9caa652c56b6324aa617ca2b1ae30f1308ca500ec38c1e4f09488345a,0a3340324eb3874418f4f12e74103a15b4587d7e6ca60612da9ad9ee0b7765b9,92.82269,96.674644,564,success_build,True,True,False,unit fuzzy loss,
603,0 1 2 3 4 5 6 7 8 9 15 10 11 12 13 14 16 17 18 19 20 21 22 23,3829892c1c41e70abdbaee9f3845b157ab05deaf82a616ba38bb87b37da4cbe1,7dc92df5155f5ef18648fe3a2fa8a9bab8174eff0850259333ce6e4bf5071f90,94.39716,96.81824,564,success_build,True,True,False,unit fuzzy loss,
604,0 1 2 3 4 5 6 7 8 9 10 15 11 12 13 14 16 17 18 19 20 21 22 23,a782ba2f020f4af705a47783b4bc0e39c0f13f6702cee8478ab260b9b4cd0515,7dc92df5155f5ef18648fe3a2fa8a9bab8174eff0850259333ce6e4bf5071f90,94.39716,96.81824,564,success_build,True,True,False,unit fuzzy loss,
605,0 1 2 3 4 5 6 7 8 9 10 11 15 12 13 14 16 17 18 19 20 21 22 23,402614dd4acf7f8809150b6a6ad28bbe3c0fb70440de5c180d5ed5fb07bcc08b,7dc92df5155f5ef18648fe3a2fa8a9bab8174eff0850259333ce6e4bf5071f90,94.39716,96.81824,564,success_build,True,True,False,unit fuzzy loss,
606,0 1 2 3 4 5 6 7 8 9 10 11 12 15 13 14 16 17 18 19 20 21 22 23,c3c7d304cf85ab3905891ea020a6660805edf03450010e86a691b333298afd4c,f028e4ce4d30640f0a584c64b856bb61be6b46d7bb22ad74c81db26b2ab5eba3,94.680855,96.84412,564,success_build,True,True,False,unit fuzzy loss,
607,0 1 2 3 4 5 6 7 8 9 10 11 12 13 14 16 17 15 18 19 20 21 22 23,3a133c66faf00f8b4627424dabc7b074f40252bfa43d6ab17b41226c895fb5fa,631a5d56174d51bff958099604e14ae59c5d7643154c01d0b0e21d39db13ff66,95.106384,96.88293,564,success_build,True,True,False,unit fuzzy loss,
608,0 1 2 3 4 5 6 7 8 9 10 11 12 13 14 16 17 18 15 19 20 21 22 23,70f1cfa1ce9bad0215f94b9c6c1065c33721d54e4945504b5f4e551a3578ba1b,631a5d56174d51bff958099604e14ae59c5d7643154c01d0b0e21d39db13ff66,95.106384,96.88293,564,success_build,True,True,False,unit fuzzy loss,
609,0 1 2 3 4 5 6 7 8 9 10 11 12 13 14 16 17 18 19 15 20 21 22 23,e7135b09ab1d92ae5ddc672b15254e5c4b1580fe7bb61f461787ccc6b7a87424,f1fc9a4ff21ab12acf55fd268bb68dc55c2845f2c4523ff7971912c3fbf7ae9c,95.0,96.87322,564,success_build,True,True,False,unit fuzzy loss,
610,0 1 2 3 4 5 6 7 8 9 10 11 12 13 14 16 17 18 19 20 15 21 22 23,8594d43fc0493b870f2a10dfb5aaba11a930661e7aeb2dd80893dad32fcf5cdb,1590dc064ecc3363683fa476bc7b8a7b62aac85d168889b20b4bde66feb1cac2,94.82269,96.85705,564,success_build,True,True,False,unit fuzzy loss,
611,0 1 2 3 4 5 6 7 8 9 10 11 12 13 14 16 17 18 19 20 21 15 22 23,12ed767c64baca9caf94b41f80b459e34cf65b125e8ca53f97ebd277f0071fcd,31e2b8cf5c14518134dc16025e9a64846e8a113b6a0fafed9dbc7f0502caae9e,94.50355,96.82794,564,success_build,True,True,False,unit fuzzy loss,
612,0 1 2 3 4 5 6 7 8 9 10 11 12 13 14 16 17 18 19 20 21 22 15 23,92c25f55d0f5c0890f1b996400e2ce81b6f0c66ead09e4cfc931791bcdf40922,31e2b8cf5c14518134dc16025e9a64846e8a113b6a0fafed9dbc7f0502caae9e,94.50355,96.82794,564,success_build,True,True,False,unit fuzzy loss,
613,0 1 2 3 4 5 6 7 8 9 10 11 12 13 14 16 17 18 19 20 21 22 23 15,b619786165b1e329adaffda4e25acc16e1240fbcb0631f06c37f4605d1d5d94f,31e2b8cf5c14518134dc16025e9a64846e8a113b6a0fafed9dbc7f0502caae9e,94.50355,96.82794,564,success_build,True,True,False,unit fuzzy loss,
614,16 0 1 2 3 4 5 6 7 8 9 10 11 12 13 14 15 17 18 19 20 21 22 23,80f0fe6353e415ce6e15d08fd440e975d1ae0176c70ad7caded22b17861e0ed8,ab4da37ed519092163d9a9aa508a027b101825238a8200cf5a7543caef153913,92.53901,96.64877,564,success_build,True,True,False,unit fuzzy loss,
615,0 16 1 2 3 4 5 6 7 8 9 10 11 12 13 14 15 17 18 19 20 21 22 23,e1238e02831fa3bca26ef64faffb38152058f6fcc3cf3f9a0ea4ada6549e94ae,9a6cfa234f453420b4a603871d4c870ae0805fac1f0b707f8bcd30e39e384742,92.71631,96.66494,564,success_build,True,True,False,unit fuzzy loss,
616,0 1 16 2 3 4 5 6 7 8 9 10 11 12 13 14 15 17 18 19 20 21 22 23,f77fae4daf4d430f0f750c7eaf519626808d2e5f91f8d055baea91d979bd4eae,9a6cfa234f453420b4a603871d4c870ae0805fac1f0b707f8bcd30e39e384742,92.71631,96.66494,564,success_build,True,True,False,unit fuzzy loss,
617,0 1 2 16 3 4 5 6 7 8 9 10 11 12 13 14 15 17 18 19 20 21 22 23,6decbe660fd069a484cf293d6d51cbc3386c4419f5548eef9185758a0e329670,9a6cfa234f453420b4a603871d4c870ae0805fac1f0b707f8bcd30e39e384742,92.71631,96.66494,564,success_build,True,True,False,unit fuzzy loss,
618,0 1 2 3 16 4 5 6 7 8 9 10 11 12 13 14 15 17 18 19 20 21 22 23,72cab0a12de7282eeaf69de736f3097d138316b4aec7c57a89fd2deddbded524,9a6cfa234f453420b4a603871d4c870ae0805fac1f0b707f8bcd30e39e384742,92.71631,96.66494,564,success_build,True,True,False,unit fuzzy loss,
619,0 1 2 3 4 16 5 6 7 8 9 10 11 12 13 14 15 17 18 19 20 21 22 23,1f2be68da18d4882fb986ff1edea7005b7c7cd3f9c3a0511cece2a0a8b657203,4d45638d0d6e81efc0077ae75e0a005e89a4ef8438c0fe0ff2027fd7bee307d5,92.82269,96.674644,564,success_build,True,True,False,unit fuzzy loss,
620,0 1 2 3 4 5 16 6 7 8 9 10 11 12 13 14 15 17 18 19 20 21 22 23,b8024f7439ba5bf3b0b3ce409450aa7a8b72f43d5bce8d67baaed537c8e21d86,9ad7278b12b4f16bb04ccc41c84c1ea5ccf1eeaa5d037d1b3a2662855df39920,92.82269,96.674644,564,success_build,True,True,False,unit fuzzy loss,
621,0 1 2 3 4 5 6 16 7 8 9 10 11 12 13 14 15 17 18 19 20 21 22 23,d52cc645b271939dd3038e880e70dcf7b9a7f0f1c0e0b2ad8157f4ab67ab6214,86fabeba1356c77593b3e9b29e2acf1412d86c448e651622ea20d8bb1d1e0a79,92.82269,96.674644,564,success_build,True,True,False,unit fuzzy loss,
622,0 1 2 3 4 5 6 7 16 8 9 10 11 12 13 14 15 17 18 19 20 21 22 23,38c51445e2a466c87786875dd2f048bdb7a388e9ed3927ceeec3a44432f6c60c,86fabeba1356c77593b3e9b29e2acf1412d86c448e651622ea20d8bb1d1e0a79,92.82269,96.674644,564,success_build,True,True,False,unit fuzzy loss,
623,0 1 2 3 4 5 6 7 8 16 9 10 11 12 13 14 15 17 18 19 20 21 22 23,291865bb08b134f6c37547d4092788e82f019c6c9676644741b840c0be26c7c1,4d3315057d2233f062c3dac26752f2811244476264627892984adbbb917c8fb3,92.82269,96.674644,564,success_build,True,True,False,unit fuzzy loss,
624,0 1 2 3 4 5 6 7 8 9 16 10 11 12 13 14 15 17 18 19 20 21 22 23,6da346040f26c08b3372443b8d7ef27b5d00e576e19fffce01daa43d24d90d19,dbf410e07f98107761d9cb8204f1e322a4a0aa0ec40d6b72f52865f4078d86b8,94.39716,96.81824,564,success_build,True,True,False,unit fuzzy loss,
625,0 1 2 3 4 5 6 7 8 9 10 16 11 12 13 14 15 17 18 19 20 21 22 23,2493427147517464f9c95fdd1dbeac40e0430cc5b7e2efc6a57367dcbd572a4e,dbf410e07f98107761d9cb8204f1e322a4a0aa0ec40d6b72f52865f4078d86b8,94.39716,96.81824,564,success_build,True,True,False,unit fuzzy loss,
626,0 1 2 3 4 5 6 7 8 9 10 11 16 12 13 14 15 17 18 19 20 21 22 23,49d497cc46c6c250560d1d201b308bfacf7aeff13509c04d74bd49a301d776dc,dbf410e07f98107761d9cb8204f1e322a4a0aa0ec40d6b72f52865f4078d86b8,94.39716,96.81824,564,success_build,True,True,False,unit fuzzy loss,
627,0 1 2 3 4 5 6 7 8 9 10 11 12 16 13 14 15 17 18 19 20 21 22 23,0ec84a6a75109d18ad79c5f125d416d00e219055253fd2b348d48c3f01e99f44,056438ce7ad09f02b1ea869d2f0bf7cb2e1fc9867c00bf89b1cb8c13379ae9a2,94.680855,96.84412,564,success_build,True,True,False,unit fuzzy loss,
628,0 1 2 3 4 5 6 7 8 9 10 11 12 13 16 14 15 17 18 19 20 21 22 23,6dcb1e087e0f3ec10acc79ad9f3361660c9f2b1751f76880ea2daef0518e370a,5eee776707c830d2900be094c3ac59b3b7c56826b8f6ace4e36136ef9b46f43f,94.96454,96.86999,564,success_build,True,True,False,unit fuzzy loss,
629,0 1 2 3 4 5 6 7 8 9 10 11 12 13 14 15 17 18 16 19 20 21 22 23,5398c7a25cb0aa2d59639f4949810fd883235497ca2063557a001f08e9ab84ac,8f71a9cd4d9ce8425ef8f49d68f01fa4ecb0bdd770ac2f9214e5eb37ebcde3c5,95.21277,96.892624,564,success_build,True,True,False,unit fuzzy loss,630
630,0 1 2 3 4 5 6 7 8 9 10 11 12 13 14 15 17 18 19 16 20 21 22 23,74a00d4f8b17bfef7d6da2e00b52a90a2d5a2bb92dbafe7114603f66b410dde3,e5d6781ef3a1c914f8dd828ae21eda23058bd2e7494b5d89f60adaecffa7698b,95.106384,96.88293,564,success_build,True,True,False,unit fuzzy loss,629
631,0 1 2 3 4 5 6 7 8 9 10 11 12 13 14 15 17 18 19 20 16 21 22 23,7ae3a3a627854bfae612545a2d3a9baf0bee69b7047905718f6cf819cce5654e,4b71a4f2ce42f7e6eba45d28caa095c83e569c835c3f3011722a9cc6e6f2d3e6,94.92908,96.86675,564,success_build,True,True,False,unit fuzzy loss,
632,0 1 2 3 4 5 6 7 8 9 10 11 12 13 14 15 17 18 19 20 21 16 22 23,76010caa30a8a5b669dde7c3fc3ed98d58258b58b735365cec1e154dcaf82e08,e8997d3b275a68041a5de6e52c00a765ab58781a290c9a32028365af7a7a54a3,94.60993,96.83765,564,success_build,True,True,False,unit fuzzy loss,
633,0 1 2 3 4 5 6 7 8 9 10 11 12 13 14 15 17 18 19 20 21 22 16 23,e4716be10759aef171282b5ebcd658f811252684007d5bb951973881558470d0,e8997d3b275a68041a5de6e52c00a765ab58781a290c9a32028365af7a7a54a3,94.60993,96.83765,564,success_build,True,True,False,unit fuzzy loss,
634,0 1 2 3 4 5 6 7 8 9 10 11 12 13 14 15 17 18 19 20 21 22 23 16,03fa2d518cb61b31e4017a769400a4d7ba6a4431586b0f99bdf0a359d16b641c,e8997d3b275a68041a5de6e52c00a765ab58781a290c9a32028365af7a7a54a3,94.60993,96.83765,564,success_build,True,True,False,unit fuzzy loss,
635,17 0 1 2 3 4 5 6 7 8 9 10 11 12 13 14 15 16 18 19 20 21 22 23,06d477cd6833297290533a90fb989b207cbce6cdfe8d9942c57cf2948fcf44af,67011feb3d46b2a790b4208b61e33bedbb62dacd6ec92411712366f00dfbc06d,92.46809,96.6423,564,success_build,True,True,False,unit fuzzy loss,
636,0 17 1 2 3 4 5 6 7 8 9 10 11 12 13 14 15 16 18 19 20 21 22 23,e1ddc616943c2677b375d9733dcd9e3a756dad006b69d9118ba07277fd47cfa4,dd2905ece8039c2de5e9694d42fb09f02ebb320e9e738ecec8d2c8d53bd79786,92.64539,96.65847,564,success_build,True,True,False,unit fuzzy loss,
637,0 1 17 2 3 4 5 6 7 8 9 10 11 12 13 14 15 16 18 19 20 21 22 23,9a96807ad766ce0abc4fcec2ec292517d5a8287de28562b1f7dcea10ea80acad,dd2905ece8039c2de5e9694d42fb09f02ebb320e9e738ecec8d2c8d53bd79786,92.64539,96.65847,564,success_build,True,True,False,unit fuzzy loss,
638,0 1 2 17 3 4 5 6 7 8 9 10 11 12 13 14 15 16 18 19 20 21 22 23,5b59fd10f9208cfce9c0385a56b95555cee9bc370ff0af2d5ce7e7dfeb93836f,dd2905ece8039c2de5e9694d42fb09f02ebb320e9e738ecec8d2c8d53bd79786,92.64539,96.65847,564,success_build,True,True,False,unit fuzzy loss,
639,0 1 2 3 17 4 5 6 7 8 9 10 11 12 13 14 15 16 18 19 20 21 22 23,512e1e2c800bb92d584b6eacea84af869309a82eadb6ce78bc117dc9474ef467,dd2905ece8039c2de5e9694d42fb09f02ebb320e9e738ecec8d2c8d53bd79786,92.64539,96.65847,564,success_build,True,True,False,unit fuzzy loss,
640,0 1 2 3 4 17 5 6 7 8 9 10 11 12 13 14 15 16 18 19 20 21 22 23,ea14466e99b1286a5074bfe59ec9cc3850baa5b2ae6c2d9bd10f74730d3635c7,7666808fe5f1491a1f835426dcdb76169e7cd624c7257fe2d89e056795d21592,92.75177,96.668175,564,success_build,True,True,False,unit fuzzy loss,
641,0 1 2 3 4 5 17 6 7 8 9 10 11 12 13 14 15 16 18 19 20 21 22 23,8d3e2de561ee26b392e72b0120202555100051dbf9e0042e5d580ab4e295721e,fe99f4aa6cf326c80cd4fa531e7a698622709e5f04788f443d5bdb693693d749,92.75177,96.668175,564,success_build,True,True,False,unit fuzzy loss,
642,0 1 2 3 4 5 6 17 7 8 9 10 11 12 13 14 15 16 18 19 20 21 22 23,6f6250d75ae340313ebf2c1c6090f19e1b58ce5118ff3f0d69f6b945b2fb4af9,bd62b8c27ea63da22e7672852e3344a3bd45583306567dbb4abc7aa611aafd59,92.75177,96.668175,564,success_build,True,True,False,unit fuzzy loss,
643,0 1 2 3 4 5 6 7 17 8 9 10 11 12 13 14 15 16 18 19 20 21 22 23,c4de9cb869370c220fb470514f6b8af0850edba10c3942bfc6aa1fb9bb27e2cb,bd62b8c27ea63da22e7672852e3344a3bd45583306567dbb4abc7aa611aafd59,92.75177,96.668175,564,success_build,True,True,False,unit fuzzy loss,
644,0 1 2 3 4 5 6 7 8 17 9 10 11 12 13 14 15 16 18 19 20 21 22 23,bd0c9a36be0ee8eb20541b74da7ce2c81fdbb7eddafe8ed94192450f45e4ce14,8c76276b0b565a4459abd098dd4963220ba50a4690cb7d5dadd894dad42dfb0c,92.75177,96.668175,564,success_build,True,True,False,unit fuzzy loss,
645,0 1 2 3 4 5 6 7 8 9 17 10 11 12 13 14 15 16 18 19 20 21 22 23,6cadf0f8a5a014e3be0c30248703f43dbe8b42184324163f459d42d7f232cfbb,eeb67bcd12581a9259552b22f56f1d6999dbb8b7a3ac26273cb339e9072138c7,94.32624,96.811775,564,success_build,True,True,False,unit fuzzy loss,
646,0 1 2 3 4 5 6 7 8 9 10 17 11 12 13 14 15 16 18 19 20 21 22 23,b4fff920c02a34a4212e84e4b8966947d46b2cea0c7bf8914d598f1eaf5b6639,eeb67bcd12581a9259552b22f56f1d6999dbb8b7a3ac26273cb339e9072138c7,94.32624,96.811775,564,success_build,True,True,False,unit fuzzy loss,
647,0 1 2 3 4 5 6 7 8 9 10 11 17 12 13 14 15 16 18 19 20 21 22 23,7e7bf30f77b27d526ad806f09e2fb652abfc972824df2fbdfb5735a494832eca,eeb67bcd12581a9259552b22f56f1d6999dbb8b7a3ac26273cb339e9072138c7,94.32624,96.811775,564,success_build,True,True,False,unit fuzzy loss,
648,0 1 2 3 4 5 6 7 8 9 10 11 12 17 13 14 15 16 18 19 20 21 22 23,ad67d99e9319a6942648674a8a0fe63e90ecc12bfa90913c8788a22731109a0e,f964b6a9e2594bc7cdf68cafbd6ea989d9b5c5644492c01c873db80c7a3e9a43,94.60993,96.83765,564,success_build,True,True,False,unit fuzzy loss,
649,0 1 2 3 4 5 6 7 8 9 10 11 12 13 17 14 15 16 18 19 20 21 22 23,4096583e482c32bdfda2d3c6fdf416957d6d59186f00afff7ce60cf9a48abd72,d1ccd7d0a67e20fec0da429517db8fce7e9350e3833e76a5deac36c497f612b5,94.893616,96.86352,564,success_build,True,True,False,unit fuzzy loss,
650,0 1 2 3 4 5 6 7 8 9 10 11 12 13 14 17 15 16 18 19 20 21 22 23,e08ac081dfa424b36570e74cf959601fd52a7dd0d30ab57272d3bce21047310d,367dccb81f37f4b2e237f9088b1074f721c6ccc2c89c71f58b33e54495f01809,95.106384,96.88293,564,success_build,True,True,False,unit fuzzy loss,
651,0 1 2 3 4 5 6 7 8 9 10 11 12 13 14 15 16 18 19 17 20 21 22 23,84af58399022c4a4ebf288dd08733dac095b966952eae54f1cf3a2ac0c07c1f5,3930db12a657340fac2539dcf200c20b7092f0ba825ec5582b92a17a374ccc29,95.106384,96.88293,564,success_build,True,True,False,unit fuzzy loss,
652,0 1 2 3 4 5 6 7 8 9 10 11 12 13 14 15 16 18 19 20 17 21 22 23,ec3464f9116af36e1822f107a05bbeccbd468145ec4fbf0ac9259d4b570c6576,1e50acb6b93c8414081b3b457dff7c8056881116e8ceb1714d8a81bfc8493b18,94.92908,96.86675,564,success_build,True,True,False,unit fuzzy loss,
653,0 1 2 3 4 5 6 7 8 9 10 11 12 13 14 15 16 18 19 20 21 17 22 23,b890d5d52b9725d075054ccc13fbe04bf2c3b9e843cafa5cff943bdd72ef099f,b874277fc6b97d4cac8c673bea178e4949c9915ffdd403b2a908097ce0c3e0fc,94.60993,96.83765,564,success_build,True,True,False,unit fuzzy loss,
654,0 1 2 3 4 5 6 7 8 9 10 11 12 13 14 15 16 18 19 20 21 22 17 23,a9a199d6a89cedbac32bbb98830d76c3151c48160126511e2eee3c914a963217,b874277fc6b97d4cac8c673bea178e4949c9915ffdd403b2a908097ce0c3e0fc,94.60993,96.83765,564,success_build,True,True,False,unit fuzzy loss,
655,0 1 2 3 4 5 6 7 8 9 10 11 12 13 14 15 16 18 19 20 21 22 23 17,a8236f4b44c9d86dc3dae40e7f2e29b29e29eac44a9e9169733cdc60be265326,b874277fc6b97d4cac8c673bea178e4949c9915ffdd403b2a908097ce0c3e0fc,94.60993,96.83765,564,success_build,True,True,False,unit fuzzy loss,
656,18 0 1 2 3 4 5 6 7 8 9 10 11 12 13 14 15 16 17 19 20 21 22 23,acdd56fffa785bb144f7bbcd906bd6d9e6ec2244523cf153a8367f5d5326bcb8,6e46b9dadbfacd1b30cc290f6304395e56dd2e6cd41b4a501800f9c47af26eb9,95.28369,96.89909,564,success_build,True,True,True,,
657,0 18 1 2 3 4 5 6 7 8 9 10 11 12 13 14 15 16 17 19 20 21 22 23,2fac4dac2b70b9c02107923835939dba6ec074131d862c052c014d99921e7661,6e46b9dadbfacd1b30cc290f6304395e56dd2e6cd41b4a501800f9c47af26eb9,95.28369,96.89909,564,success_build,True,True,True,,
658,0 1 18 2 3 4 5 6 7 8 9 10 11 12 13 14 15 16 17 19 20 21 22 23,adf64c70530b875ee31cc18cf834970774d965e9375a8ca1a5573f37cff8aa4b,6e46b9dadbfacd1b30cc290f6304395e56dd2e6cd41b4a501800f9c47af26eb9,95.28369,96.89909,564,success_build,True,True,True,,
659,0 1 2 18 3 4 5 6 7 8 9 10 11 12 13 14 15 16 17 19 20 21 22 23,09bb86e8c2c12c5a5d0280de4eca8f722853aaed4a8fa9939ec44029d0330925,6e46b9dadbfacd1b30cc290f6304395e56dd2e6cd41b4a501800f9c47af26eb9,95.28369,96.89909,564,success_build,True,True,True,,
660,0 1 2 3 18 4 5 6 7 8 9 10 11 12 13 14 15 16 17 19 20 21 22 23,2ab1628ebfa08bda6e60068b5f3cdeeb9d87a010dd8a585979be21e59276a6aa,6e46b9dadbfacd1b30cc290f6304395e56dd2e6cd41b4a501800f9c47af26eb9,95.28369,96.89909,564,success_build,True,True,True,,
661,0 1 2 3 4 18 5 6 7 8 9 10 11 12 13 14 15 16 17 19 20 21 22 23,6db4afdc3e812386ef4899f3c70db74c3c8ebd3dbe3c69cf6f1d6b4c0847646e,6e46b9dadbfacd1b30cc290f6304395e56dd2e6cd41b4a501800f9c47af26eb9,95.28369,96.89909,564,success_build,True,True,True,,
662,0 1 2 3 4 5 18 6 7 8 9 10 11 12 13 14 15 16 17 19 20 21 22 23,5cfdf66dd63e4e8dc3905c99c2abbf9a11a0d8cf7917f2988cd2de9baffb900e,6e46b9dadbfacd1b30cc290f6304395e56dd2e6cd41b4a501800f9c47af26eb9,95.28369,96.89909,564,success_build,True,True,True,,
663,0 1 2 3 4 5 6 18 7 8 9 10 11 12 13 14 15 16 17 19 20 21 22 23,b39c0358100f71c893bc693d448603c9229153f06b4af3a7bfcde9098d5394b7,6e46b9dadbfacd1b30cc290f6304395e56dd2e6cd41b4a501800f9c47af26eb9,95.28369,96.89909,564,success_build,True,True,True,,
664,0 1 2 3 4 5 6 7 18 8 9 10 11 12 13 14 15 16 17 19 20 21 22 23,899a0f8746ce836e56e8dccdd21b71b5504ae0f50ebabaffeac4a496e27105e5,6e46b9dadbfacd1b30cc290f6304395e56dd2e6cd41b4a501800f9c47af26eb9,95.28369,96.89909,564,success_build,True,True,True,,
665,0 1 2 3 4 5 6 7 8 18 9 10 11 12 13 14 15 16 17 19 20 21 22 23,aed0b7b4d4ac1c9f380b563ebb28e85e5a7c217344ed7e569117e2552780db1d,6e46b9dadbfacd1b30cc290f6304395e56dd2e6cd41b4a501800f9c47af26eb9,95.28369,96.89909,564,success_build,True,True,True,,
666,0 1 2 3 4 5 6 7 8 9 18 10 11 12 13 14 15 16 17 19 20 21 22 23,80ecaf75117fd6e124130a3e8d791d7ea6d348035cc9838d323724bd3b69b68f,6e46b9dadbfacd1b30cc290f6304395e56dd2e6cd41b4a501800f9c47af26eb9,95.28369,96.89909,564,success_build,True,True,True,,
667,0 1 2 3 4 5 6 7 8 9 10 18 11 12 13 14 15 16 17 19 20 21 22 23,88b211b50ed58b58b53db0ed506c1d948b3cd34978e1eca00bd2f87d51442ec3,6e46b9dadbfacd1b30cc290f6304395e56dd2e6cd41b4a501800f9c47af26eb9,95.28369,96.89909,564,success_build,True,True,True,,
668,0 1 2 3 4 5 6 7 8 9 10 11 18 12 13 14 15 16 17 19 20 21 22 23,f79525384db7ad2bb0c42d1af20d183d3da247c3039694e8172de6ed2f702be7,6e46b9dadbfacd1b30cc290f6304395e56dd2e6cd41b4a501800f9c47af26eb9,95.28369,96.89909,564,success_build,True,True,True,,
669,0 1 2 3 4 5 6 7 8 9 10 11 12 18 13 14 15 16 17 19 20 21 22 23,04d7ebd79c755da95cca43ffa970e9984a3dd590166d0da4982b45f79fd87abd,6e46b9dadbfacd1b30cc290f6304395e56dd2e6cd41b4a501800f9c47af26eb9,95.28369,96.89909,564,success_build,True,True,True,,
670,0 1 2 3 4 5 6 7 8 9 10 11 12 13 18 14 15 16 17 19 20 21 22 23,9505a68fbd6bf50a463cf9614fa7ab60ed7d1d0d7c66971f79fc215198e9c4d6,6e46b9dadbfacd1b30cc290f6304395e56dd2e6cd41b4a501800f9c47af26eb9,95.28369,96.89909,564,success_build,True,True,True,,
671,0 1 2 3 4 5 6 7 8 9 10 11 12 13 14 18 15 16 17 19 20 21 22 23,424002ac5d6e02c372896cb4a03020d420a6362edeaf038b038107b7971d3286,6e46b9dadbfacd1b30cc290f6304395e56dd2e6cd41b4a501800f9c47af26eb9,95.28369,96.89909,564,success_build,True,True,True,,
672,0 1 2 3 4 5 6 7 8 9 10 11 12 13 14 15 18 16 17 19 20 21 22 23,b02f98e48d9cde2980b02970758fe538ed995181f398c89fcc4245a91157cbdb,6e46b9dadbfacd1b30cc290f6304395e56dd2e6cd41b4a501800f9c47af26eb9,95.28369,96.89909,564,success_build,True,True,True,,
673,0 1 2 3 4 5 6 7 8 9 10 11 12 13 14 15 16 17 19 20 18 21 22 23,c91b4757865f8ef6c3d2eac1c7cb674c7997230e3e77786fc8562b3db2e5637a,6e46b9dadbfacd1b30cc290f6304395e56dd2e6cd41b4a501800f9c47af26eb9,95.28369,96.89909,564,success_build,True,True,True,,
674,0 1 2 3 4 5 6 7 8 9 10 11 12 13 14 15 16 17 19 20 21 18 22 23,5eaa7616b65c71223d2d78436432f1494c1250ad45f82d680b727a7338fd0e81,6e46b9dadbfacd1b30cc290f6304395e56dd2e6cd41b4a501800f9c47af26eb9,95.28369,96.89909,564,success_build,True,True,True,,
675,0 1 2 3 4 5 6 7 8 9 10 11 12 13 14 15 16 17 19 20 21 22 18 23,8de16536b1c266ab288546db63eb16f90160a8cf795d94e28a1b24fdf400fc9d,6e46b9dadbfacd1b30cc290f6304395e56dd2e6cd41b4a501800f9c47af26eb9,95.28369,96.89909,564,success_build,True,True,True,,
676,0 1 2 3 4 5 6 7 8 9 10 11 12 13 14 15 16 17 19 20 21 22 23 18,a7a74cf11ba2594a07adad6c4f75c37b19ee7a2399c9c6b6e50a4a8a368f1b01,6e46b9dadbfacd1b30cc290f6304395e56dd2e6cd41b4a501800f9c47af26eb9,95.28369,96.89909,564,success_build,True,True,True,,
677,19 0 1 2 3 4 5 6 7 8 9 10 11 12 13 14 15 16 17 18 20 21 22 23,4231db6be70e4382e4498f88c58e0865e760eaddd8cd352ed45ba98d2e4e147c,8ec6ea51084183523e0b3b41683457c8305040485700a79fcb40c65ab7acd231,90.64539,96.47607,564,success_build,True,True,False,unit fuzzy loss,
678,0 19 1 2 3 4 5 6 7 8 9 10 11 12 13 14 15 16 17 18 20 21 22 23,61db80e4f37faecba780c73f130cf5e8fb3b6b07db25bba80db2b9458efb3fe1,8ec6ea51084183523e0b3b41683457c8305040485700a79fcb40c65ab7acd231,90.64539,96.47607,564,success_build,True,True,False,unit fuzzy loss,
679,0 1 19 2 3 4 5 6 7 8 9 10 11 12 13 14 15 16 17 18 20 21 22 23,e6adf8f8b2ffcae4634fbc0c554e0672a1853fbfd8529dd10b09cba05da65fd1,8ec6ea51084183523e0b3b41683457c8305040485700a79fcb40c65ab7acd231,90.64539,96.47607,564,success_build,True,True,False,unit fuzzy loss,
680,0 1 2 19 3 4 5 6 7 8 9 10 11 12 13 14 15 16 17 18 20 21 22 23,0b9da0297a649a340df4f3dc6dd1630b8c11d0292c2dff6960c7470a35c613be,4c0bd41485ad456a593fd29e4fbf951eb76641cbeb244c7f5ddd3a5290ec7f4f,90.40426,96.45408,564,success_build,True,True,False,unit fuzzy loss,
681,0 1 2 3 19 4 5 6 7 8 9 10 11 12 13 14 15 16 17 18 20 21 22 23,edd874572b1b3ded0eaa13b0e31498e1813722475dee198d83e88a58c97c6f26,894d6fd1b39d96d14a4273c4327e096b8c5288a6c17b65f3bd27ca09c258d79a,90.5461,96.46701,564,success_build,True,True,False,unit fuzzy loss,
682,0 1 2 3 4 19 5 6 7 8 9 10 11 12 13 14 15 16 17 18 20 21 22 23,f4635a048b347496d50192114663be2393dc4b504e54afe2993109466d07e70b,78093767a90b30ce78bd87b6f2ad5ddd6766c3de841167ff885f4baa0d303977,90.68794,96.47995,564,success_build,True,True,False,unit fuzzy loss,
683,0 1 2 3 4 5 19 6 7 8 9 10 11 12 13 14 15 16 17 18 20 21 22 23,9eecea6537bf09f6bdf196ddaadac6761498feb5ebce24c938516dc032d24339,44fefbef305d5d6dde01c4c5d33ecf3cb97d2296414b37849610629d0c78fe40,90.65248,96.476715,564,success_build,True,True,False,unit fuzzy loss,
684,0 1 2 3 4 5 6 19 7 8 9 10 11 12 13 14 15 16 17 18 20 21 22 23,a5e995aeae54d8bf6c75c3cf1971ea1bc58687e1fa2791778ccc367839dddffd,17ab4196384d027188e47777fec48fca55625a455886c25ac9b6f3cf9f75d186,90.65248,96.476715,564,success_build,True,True,False,unit fuzzy loss,
685,0 1 2 3 4 5 6 7 19 8 9 10 11 12 13 14 15 16 17 18 20 21 22 23,dad61bec89627cc0a20174f8b99f500ca0b94a8fc9cb6eab16b18d2de76e8e97,17ab4196384d027188e47777fec48fca55625a455886c25ac9b6f3cf9f75d186,90.65248,96.476715,564,success_build,True,True,False,unit fuzzy loss,
686,0 1 2 3 4 5 6 7 8 19 9 10 11 12 13 14 15 16 17 18 20 21 22 23,dddd9498309df3791a1804c2dd52222eeeb0408d23b28734dca34373725f9613,f85c055ad34822ceb37725e80824ab5e5708bb0b5cdf8425b3926ba1afff28f7,90.65248,96.476715,564,success_build,True,True,False,unit fuzzy loss,
687,0 1 2 3 4 5 6 7 8 9 19 10 11 12 13 14 15 16 17 18 20 21 22 23,e42d7e0af465eb7ffdea8a06c08f48e1c925cb8cb6ee899eb3664ee8d1fbdfc4,5af3d51251a2c70d8e73bb7bc7063dc65c638c4f41b6e47a342cf963c7d05b8a,94.21986,96.80207,564,success_build,True,True,False,unit fuzzy loss,
688,0 1 2 3 4 5 6 7 8 9 10 19 11 12 13 14 15 16 17 18 20 21 22 23,07c2716d0a1a9cf261c4fa23f8c7a7cae348d0c7f89e85274ba992699860f02d,5af3d51251a2c70d8e73bb7bc7063dc65c638c4f41b6e47a342cf963c7d05b8a,94.21986,96.80207,564,success_build,True,True,False,unit fuzzy loss,
689,0 1 2 3 4 5 6 7 8 9 10 11 19 12 13 14 15 16 17 18 20 21 22 23,258409ee631d4f5ba4644842d5a95a9dd38f02143b4f3a0468dbf6f072f50de5,5af3d51251a2c70d8e73bb7bc7063dc65c638c4f41b6e47a342cf963c7d05b8a,94.21986,96.80207,564,success_build,True,True,False,unit fuzzy loss,
690,0 1 2 3 4 5 6 7 8 9 10 11 12 19 13 14 15 16 17 18 20 21 22 23,88135de395b0fd3cae27cf09ef46cdef3100702382aa2c7ff3a04f6bde7f94bb,ca859f2b083e28de0e75853f5dab98642018199c622499f056cf0ff1bf688640,94.50355,96.82794,564,success_build,True,True,False,unit fuzzy loss,
691,0 1 2 3 4 5 6 7 8 9 10 11 12 13 19 14 15 16 17 18 20 21 22 23,96acc0d5d42cf258ef70031e5c0f187e393864b8a102caa6585807c0285a0284,76429f1a4de76ac1976049c15aab65752590ad8ee9a236afab15ddad1a23f8da,94.78723,96.85381,564,success_build,True,True,False,unit fuzzy loss,
692,0 1 2 3 4 5 6 7 8 9 10 11 12 13 14 19 15 16 17 18 20 21 22 23,ef4456294f2eda955e5fc2ee1a444578b3762dd90964892e23bc04cc8dd92391,78db924104dacb9ea356817149ae87cbe4ba100217b5fbae2fb465fe407cb333,95.0,96.87322,564,success_build,True,True,False,unit fuzzy loss,
693,0 1 2 3 4 5 6 7 8 9 10 11 12 13 14 15 19 16 17 18 20 21 22 23,382957be74d1ac01b736123456ac38fd53b0f986289c070f8fcea52603414355,2d9ab843e3cb4cc97e192f85a69e4e8d8e58ebab3a810c32daf20cd418151afe,95.106384,96.88293,564,success_build,True,True,False,unit fuzzy loss,694
694,0 1 2 3 4 5 6 7 8 9 10 11 12 13 14 15 16 19 17 18 20 21 22 23,a8e34bd3af9ff3a6822cfad01ef9fe9427063da35f55d86e0c5c7ed81eb9261e,3930db12a657340fac2539dcf200c20b7092f0ba825ec5582b92a17a374ccc29,95.106384,96.88293,564,success_build,True,True,False,unit fuzzy loss,693
695,0 1 2 3 4 5 6 7 8 9 10 11 12 13 14 15 16 17 18 20 21 19 22 23,90edabf7c173ad5f48b4b5ffd422cb0d6290c66677f3bde09514f6a4c96783a1,a8d660dc5cf7b2157dac867dfe35944f8ee5a61644d6edff7405e6599fb8354f,94.96454,96.86999,564,success_build,True,True,False,unit fuzzy loss,
696,0 1 2 3 4 5 6 7 8 9 10 11 12 13 14 15 16 17 18 20 21 22 19 23,dad4738d6ce18a3afbb8edfdcc7e3834b522fa692f093a8158269f2f1422feb8,a8d660dc5cf7b2157dac867dfe35944f8ee5a61644d6edff7405e6599fb8354f,94.96454,96.86999,564,success_build,True,True,False,unit fuzzy loss,
697,0 1 2 3 4 5 6 7 8 9 10 11 12 13 14 15 16 17 18 20 21 22 23 19,ee327f7d6bc9aa932ef23b5ea94f159677e94322fbdc98ba9a8544603ab74227,a8d660dc5cf7b2157dac867dfe35944f8ee5a61644d6edff7405e6599fb8354f,94.96454,96.86999,564,success_build,True,True,False,unit fuzzy loss,
698,20 0 1 2 3 4 5 6 7 8 9 10 11 12 13 14 15 16 17 18 19 21 22 23,aa75e58a72e21b1e6278f5a3298354453d4377bb4aa4f87dcd3702fd0e9360af,c114e57f0a1e2e26ceafd5977ccdfab8bab448ace5fc55512da9c1fd9833db1b,90.51773,96.464424,564,success_build,True,True,False,unit fuzzy loss,
699,0 20 1 2 3 4 5 6 7 8 9 10 11 12 13 14 15 16 17 18 19 21 22 23,efeea4925f494f02c53f39cb61961acd0ef1dba39f12dccf9362e47878ddd5d0,c114e57f0a1e2e26ceafd5977ccdfab8bab448ace5fc55512da9c1fd9833db1b,90.51773,96.464424,564,success_build,True,True,False,unit fuzzy loss,
700,0 1 20 2 3 4 5 6 7 8 9 10 11 12 13 14 15 16 17 18 19 21 22 23,c7f36581405686c1c3e97e0dd67061e864b87256a22328d9c62b957d865173e6,c114e57f0a1e2e26ceafd5977ccdfab8bab448ace5fc55512da9c1fd9833db1b,90.51773,96.464424,564,success_build,True,True,False,unit fuzzy loss,
701,0 1 2 20 3 4 5 6 7 8 9 10 11 12 13 14 15 16 17 18 19 21 22 23,6e6f5f70d92ddf8cf58fafe745cf3367805180f2fb60b77a8ca6fcf94c2b8548,9d49949c613f6a235efd1ffa5e4006370fe9fa5a8e2696a48b8d66fe4bb60639,91.723404,96.57439,564,success_build,True,True,False,unit fuzzy loss,
702,0 1 2 3 20 4 5 6 7 8 9 10 11 12 13 14 15 16 17 18 19 21 22 23,f7979ba7899ec975f5d594f02777ad822cd2c644a9f1185d2dba02181fbcc1eb,9d49949c613f6a235efd1ffa5e4006370fe9fa5a8e2696a48b8d66fe4bb60639,91.723404,96.57439,564,success_build,True,True,False,unit fuzzy loss,
703,0 1 2 3 4 20 5 6 7 8 9 10 11 12 13 14 15 16 17 18 19 21 22 23,ad2696f0beb47c63eefc1cb9685ecfa06400c6ce3a224a8d54a20788bdea8d4e,6b0822ddd0a27e4b0ad10c108e9f6c6a065894aa65cf8e5053c0fbd15a889f2d,91.82979,96.58409,564,success_build,True,True,False,unit fuzzy loss,
704,0 1 2 3 4 5 20 6 7 8 9 10 11 12 13 14 15 16 17 18 19 21 22 23,5e20eda7cf362bc259a825e6524321c30d2f91dd0b3dcd6850dc811b88cee041,86913ac32cda436282244bbf0a1d8be1f5c44804c4162bb6bc0a11fbd5ef4094,91.82979,96.58409,564,success_build,True,True,False,unit fuzzy loss,
705,0 1 2 3 4 5 6 20 7 8 9 10 11 12 13 14 15 16 17 18 19 21 22 23,62deb989510268ad802b3b4137794438a5ccdf46f6c30770c800143828633b2a,4214923ef4723e0868baef7a936f54cd24ca5c4da64373d168528e88a040ba58,91.82979,96.58409,564,success_build,True,True,False,unit fuzzy loss,
706,0 1 2 3 4 5 6 7 20 8 9 10 11 12 13 14 15 16 17 18 19 21 22 23,73f2679ccc5937972af42a077ec052bcbd6f0dd229587171fcd38abe07dc766a,4214923ef4723e0868baef7a936f54cd24ca5c4da64373d168528e88a040ba58,91.82979,96.58409,564,success_build,True,True,False,unit fuzzy loss,
707,0 1 2 3 4 5 6 7 8 20 9 10 11 12 13 14 15 16 17 18 19 21 22 23,42a4cd5e119e5e794c7530e7c9b4eceeec01429a03fdc5fb8d28ee30e91e6395,940a7400b2340f412a2caab3f4865407bf8af1b4c70a9d77c203c2f3947e6fc3,91.82979,96.58409,564,success_build,True,True,False,unit fuzzy loss,
708,0 1 2 3 4 5 6 7 8 9 20 10 11 12 13 14 15 16 17 18 19 21 22 23,e368c63b2f39d522f1a05845080babf0aef2cdc6d8634a1b467c0a4adf0a48c0,77aeae968bd81664a48f8b977641558951ae163fe856062126f9a8b9a8a670f0,94.11347,96.792366,564,success_build,True,True,False,unit fuzzy loss,
709,0 1 2 3 4 5 6 7 8 9 10 20 11 12 13 14 15 16 17 18 19 21 22 23,b7c8c7c7478ba5b1138a425db2557e300a43148aa2effb0e8f74d9f9002f9b16,77aeae968bd81664a48f8b977641558951ae163fe856062126f9a8b9a8a670f0,94.11347,96.792366,564,success_build,True,True,False,unit fuzzy loss,
710,0 1 2 3 4 5 6 7 8 9 10 11 20 12 13 14 15 16 17 18 19 21 22 23,fdb7c1f8657b3282cb8f1e6fe298d7265218858ee148f41d8a742b3bcbc29f99,77aeae968bd81664a48f8b977641558951ae163fe856062126f9a8b9a8a670f0,94.11347,96.792366,564,success_build,True,True,False,unit fuzzy loss,
711,0 1 2 3 4 5 6 7 8 9 10 11 12 20 13 14 15 16 17 18 19 21 22 23,3b100ffa66f99cf70646445345ff1a85c5d48aa74bed32cf30fda2a2b0766eb7,c2a4c78aaa7efd14c5b317bebbb9040762ac80d30080899b3724fd059184b7c2,94.39716,96.81824,564,success_build,True,True,False,unit fuzzy loss,
712,0 1 2 3 4 5 6 7 8 9 10 11 12 13 20 14 15 16 17 18 19 21 22 23,671600e5be245717a07d71faaa134b2edb094459fe902cfaaf53281c63ed9774,42029621009bc9769e336777d680c7648641888aa3736deba54587f9e6d90d34,94.680855,96.84412,564,success_build,True,True,False,unit fuzzy loss,
713,0 1 2 3 4 5 6 7 8 9 10 11 12 13 14 20 15 16 17 18 19 21 22 23,07f0318ee37fadebee64e401eef307bcc4c7bc7fe21431e371cd165c416dadc4,5bf2df7602fc0abd1c7eb7ced4c9801fab52a7ba4ecc7eb290a36e9f3fc24513,94.893616,96.86352,564,success_build,True,True,False,unit fuzzy loss,
714,0 1 2 3 4 5 6 7 8 9 10 11 12 13 14 15 20 16 17 18 19 21 22 23,2302ac77d560cdb13ba4fd67752ee2018aec0da802d8119c5a492c6295de1dba,264ed69c7578612698816ceb37b35b6ccd5b0dabe1bb5ad35fc7482777f1d6d7,95.0,96.87322,564,success_build,True,True,False,unit fuzzy loss,
715,0 1 2 3 4 5 6 7 8 9 10 11 12 13 14 15 16 20 17 18 19 21 22 23,50a0953ddf117619f2e5bdf96bc47ca8ce2e496b111d26b8c564cf1bfebc5fe6,f11e35e9277c7674e7d33b0bf384fcbe63ed647bec9aa65371659b9a940a55a7,95.0,96.87322,564,success_build,True,True,False,unit fuzzy loss,
716,0 1 2 3 4 5 6 7 8 9 10 11 12 13 14 15 16 17 20 18 19 21 22 23,1abd373869bd207d2508bb6aefa1c6fe1642d94195cdcab73272e05b0a8f2d16,ff8c75cbb7e0b1994587f128f0cc71b0cad680486fb9338f087856a69bc88e3a,95.106384,96.88293,564,success_build,True,True,False,unit fuzzy loss,
717,0 1 2 3 4 5 6 7 8 9 10 11 12 13 14 15 16 17 18 19 21 22 20 23,ddc04ffdc4e5b91a5a681a8c27ca6dc3ef1e05ab1efa47e58d7a973a3ac8bbfc,c010e4151c38cfaba332dfc270a8636e6e1e0f333af5fe5da634d6e8d8a6fda3,95.03546,96.87646,564,success_build,True,True,False,unit fuzzy loss,
718,0 1 2 3 4 5 6 7 8 9 10 11 12 13 14 15 16 17 18 19 21 22 23 20,e101ec800bea83ff4db09ada4770b7ccf78e2757bbfe6294a5d3f112987d10d3,c010e4151c38cfaba332dfc270a8636e6e1e0f333af5fe5da634d6e8d8a6fda3,95.03546,96.87646,564,success_build,True,True,False,unit fuzzy loss,
719,21 0 1 2 3 4 5 6 7 8 9 10 11 12 13 14 15 16 17 18 19 20 22 23,b798e33fa8e569951e4c04855aeecfd49b0a4e19da55d39311851005d2dac8c7,36e15d2d81b487f46aafa19778eea415c83d13ad205091a2a08f872d9d9a3581,90.0922,96.42561,564,success_build,True,True,False,unit fuzzy loss,
720,0 21 1 2 3 4 5 6 7 8 9 10 11 12 13 14 15 16 17 18 19 20 22 23,5f66de5503028d6e4bb01154b7f33b502298e3d6bf89a8d9d5fe5bfd7e635d61,36e15d2d81b487f46aafa19778eea415c83d13ad205091a2a08f872d9d9a3581,90.0922,96.42561,564,success_build,True,True,False,unit fuzzy loss,
721,0 1 21 2 3 4 5 6 7 8 9 10 11 12 13 14 15 16 17 18 19 20 22 23,0fa28594e77dcdc51fea4bb8b7949668a5a531585d362839c3465c908615d2f4,36e15d2d81b487f46aafa19778eea415c83d13ad205091a2a08f872d9d9a3581,90.0922,96.42561,564,success_build,True,True,False,unit fuzzy loss,
722,0 1 2 21 3 4 5 6 7 8 9 10 11 12 13 14 15 16 17 18 19 20 22 23,448dd53c37e4dd339cd481b1ffeafdce15f1b0a495dae4ff41a4f98d2fd52197,3e469665db9df4fb5de6801494e56978794c88cca00f1b144e5d388a1f402d0b,90.0922,96.42561,564,success_build,True,True,False,unit fuzzy loss,
723,0 1 2 3 21 4 5 6 7 8 9 10 11 12 13 14 15 16 17 18 19 20 22 23,f95133cac47401a47a1fa52be11b337510474ce6852fe1b9666166fd37203293,70bce52b17566b535183fe42d746f5acadb2e34923b1bb416cf73fed5e00bcd4,91.43971,96.548515,564,success_build,True,True,False,unit fuzzy loss,
724,0 1 2 3 4 21 5 6 7 8 9 10 11 12 13 14 15 16 17 18 19 20 22 23,2c81fb226808f728c17ba4145e9d11911a7325ef8f9a442e693e4335a3259d19,c15f9ed662263a920d294d2f4bacefd2960bcdb0728ba7b55687192aa8f6f5a2,91.5461,96.55821,564,success_build,True,True,False,unit fuzzy loss,
725,0 1 2 3 4 5 21 6 7 8 9 10 11 12 13 14 15 16 17 18 19 20 22 23,d601a01fd356eb0186005beeec054a8a5760a02e12f06bc87c6ef349f5574807,221df30142cdb78a24a2fa7d5a8a0fb0f4f00ad7e2538a14f79d4c35fa2b5fd9,91.758865,96.57762,564,success_build,True,True,False,unit fuzzy loss,
726,0 1 2 3 4 5 6 21 7 8 9 10 11 12 13 14 15 16 17 18 19 20 22 23,9ef89cfb939eceab71f583c5224b08ef0571ef8aa4f318dda386f4bc129794c3,57628627fc7149a6251b7eeaad34331651350b50ae740b5036875d3c69e06a61,91.5461,96.55821,564,success_build,True,True,False,unit fuzzy loss,
727,0 1 2 3 4 5 6 7 21 8 9 10 11 12 13 14 15 16 17 18 19 20 22 23,3f781dc057dbad1b3d1b943d78843d6491db2f042841f4e5d2174875a66e0ead,57628627fc7149a6251b7eeaad34331651350b50ae740b5036875d3c69e06a61,91.5461,96.55821,564,success_build,True,True,False,unit fuzzy loss,
728,0 1 2 3 4 5 6 7 8 21 9 10 11 12 13 14 15 16 17 18 19 20 22 23,a2531222ab055eefaf8aaed2b31ff035cb9b6c5108624d48cf3c7f9ca6c56081,dbbbc83f5448a6dc1b2420e76635de75140784e375a30b90ce80d9fa6fd85d61,91.5461,96.55821,564,success_build,True,True,False,unit fuzzy loss,
729,0 1 2 3 4 5 6 7 8 9 21 10 11 12 13 14 15 16 17 18 19 20 22 23,407dbf2cde5875cc71da9d916708c0385f6e7691d7007c5da025c35baed5939a,4a4247cca926de30607993bd93198a2dde8139fd6ec9bf5740e18382ecca5466,93.971634,96.779434,564,success_build,True,True,False,unit fuzzy loss,
730,0 1 2 3 4 5 6 7 8 9 10 21 11 12 13 14 15 16 17 18 19 20 22 23,d02b65133cc3bd05991daad9e339e528330a0221f6e93a300987a00797f9a6a7,4a4247cca926de30607993bd93198a2dde8139fd6ec9bf5740e18382ecca5466,93.971634,96.779434,564,success_build,True,True,False,unit fuzzy loss,
731,0 1 2 3 4 5 6 7 8 9 10 11 21 12 13 14 15 16 17 18 19 20 22 23,9308538e2f38b4afc2c6de920f91fb5375fd3a9f4fba7fb01466c4b096b7e070,4a4247cca926de30607993bd93198a2dde8139fd6ec9bf5740e18382ecca5466,93.971634,96.779434,564,success_build,True,True,False,unit fuzzy loss,
732,0 1 2 3 4 5 6 7 8 9 10 11 12 21 13 14 15 16 17 18 19 20 22 23,b027e7418aac8d4b364a4744dbc2b7a3a8fcfb6b7fd77c3bfc406d6abee1f5d6,4fb30bc27578ae02c923ad7ddf56c79fd920f1673fa380dd332c05916af1b368,94.25532,96.805305,564,success_build,True,True,False,unit fuzzy loss,
733,0 1 2 3 4 5 6 7 8 9 10 11 12 13 21 14 15 16 17 18 19 20 22 23,78a4e2dad48fa5cdb49d441433dd92cf2255584d28a5d74eb0d71bf3c46ae185,2525d8346d0f6835b4403cab474bc3fccfcd6b30f49549a43792e5f389b1c493,94.53901,96.83118,564,success_build,True,True,False,unit fuzzy loss,
734,0 1 2 3 4 5 6 7 8 9 10 11 12 13 14 21 15 16 17 18 19 20 22 23,947b10bf000167487a52ee4ce2aded2f8ff48d348036a2079cf4a5b17d6d517f,3656a61e524529fce4762f5de553e67c01aaa8a91cbd99b1ea9b0cf6226d64eb,94.75177,96.850586,564,success_build,True,True,False,unit fuzzy loss,
735,0 1 2 3 4 5 6 7 8 9 10 11 12 13 14 15 21 16 17 18 19 20 22 23,eca2613de6afe2f4a117fb1527e09ce64f5c8f6feacdb41fd2597edc7f0c19c2,778b370ef473de5eb1e00c839f9ad20ea4aa4b0efcf987cf6388bbf703befcf2,94.858154,96.86028,564,success_build,True,True,False,unit fuzzy loss,
736,0 1 2 3 4 5 6 7 8 9 10 11 12 13 14 15 16 21 17 18 19 20 22 23,4b26a5ae03472fdd236862b2f226c49ef462ab3a38c6705b9719af486eca824c,4e91b4acb6a807efb45d049e83a5f51b71e776cba53041be02b1025d662338f1,94.858154,96.86028,564,success_build,True,True,False,unit fuzzy loss,
737,0 1 2 3 4 5 6 7 8 9 10 11 12 13 14 15 16 17 21 18 19 20 22 23,5d5f049637e4b2e8b6581ff54d1accf45a92d567d5d6608d034e631b1e2f3504,6107a98e257ebfd2daf0f98d621dac8b898934ae68770f75be613017fb3fa411,94.96454,96.86999,564,success_build,True,True,False,unit fuzzy loss,
738,0 1 2 3 4 5 6 7 8 9 10 11 12 13 14 15 16 17 18 21 19 20 22 23,ee067b5c887a18a92b57c6c42759d2d4b21c546576f5c6212cc4ff0f91c3d39c,6107a98e257ebfd2daf0f98d621dac8b898934ae68770f75be613017fb3fa411,94.96454,96.86999,564,success_build,True,True,False,unit fuzzy loss,
739,0 1 2 3 4 5 6 7 8 9 10 11 12 13 14 15 16 17 18 19 20 22 23 21,2793eb280448f75b17952bfd8fa0bc51f84c29c4c876e43a458e936a84d61a19,6e46b9dadbfacd1b30cc290f6304395e56dd2e6cd41b4a501800f9c47af26eb9,95.28369,96.89909,564,success_build,True,True,True,,
740,22 0 1 2 3 4 5 6 7 8 9 10 11 12 13 14 15 16 17 18 19 20 21 23,a46669dfe466bf94ad5ab294a7689e29a2bf7da46ad28006a1ca0a35b6e63c27,6e46b9dadbfacd1b30cc290f6304395e56dd2e6cd41b4a501800f9c47af26eb9,95.28369,96.89909,564,success_build,True,True,True,,
741,0 22 1 2 3 4 5 6 7 8 9 10 11 12 13 14 15 16 17 18 19 20 21 23,5d65e262480627b16264e9f170ff6f9a1201bc04df00f08ff84c8902a97674c8,6e46b9dadbfacd1b30cc290f6304395e56dd2e6cd41b4a501800f9c47af26eb9,95.28369,96.89909,564,success_build,True,True,True,,
742,0 1 22 2 3 4 5 6 7 8 9 10 11 12 13 14 15 16 17 18 19 20 21 23,c90e8d0c800d9d2ede4e1c8fc4deeae0df4468b780ee636ea9d2f67ba7fe13df,6e46b9dadbfacd1b30cc290f6304395e56dd2e6cd41b4a501800f9c47af26eb9,95.28369,96.89909,564,success_build,True,True,True,,
743,0 1 2 22 3 4 5 6 7 8 9 10 11 12 13 14 15 16 17 18 19 20 21 23,ccf11efcce55c2977a18fe47891590a7f7527c8b140eeb8631a822792b5c52c5,6e46b9dadbfacd1b30cc290f6304395e56dd2e6cd41b4a501800f9c47af26eb9,95.28369,96.89909,564,success_build,True,True,True,,
744,0 1 2 3 22 4 5 6 7 8 9 10 11 12 13 14 15 16 17 18 19 20 21 23,9c3c3b3280ba2ac5ac5ab5bad4693bc3a310f085b3d6303f9337a3480ded538e,6e46b9dadbfacd1b30cc290f6304395e56dd2e6cd41b4a501800f9c47af26eb9,95.28369,96.89909,564,success_build,True,True,True,,
745,0 1 2 3 4 22 5 6 7 8 9 10 11 12 13 14 15 16 17 18 19 20 21 23,529fc5d66e119e7368a07a956beddad26d5aeef6b4f9881460d976b8ffbba2da,6e46b9dadbfacd1b30cc290f6304395e56dd2e6cd41b4a501800f9c47af26eb9,95.28369,96.89909,564,success_build,True,True,True,,
746,0 1 2 3 4 5 22 6 7 8 9 10 11 12 13 14 15 16 17 18 19 20 21 23,9c44c1d8c742833cca06bb3778550b6f0e6af48c05b7f30b8454513fb89f3508,6e46b9dadbfacd1b30cc290f6304395e56dd2e6cd41b4a501800f9c47af26eb9,95.28369,96.89909,564,success_build,True,True,True,,
747,0 1 2 3 4 5 6 22 7 8 9 10 11 12 13 14 15 16 17 18 19 20 21 23,9086b3e35a9c0b52688a69d8ed83944224208118e22877d6191c9a365318f415,6e46b9dadbfacd1b30cc290f6304395e56dd2e6cd41b4a501800f9c47af26eb9,95.28369,96.89909,564,success_build,True,True,True,,
748,0 1 2 3 4 5 6 7 22 8 9 10 11 12 13 14 15 16 17 18 19 20 21 23,194aa53fe83d71e0bb23194b5958020e52429890aced8d12e4adeed9524acec9,6e46b9dadbfacd1b30cc290f6304395e56dd2e6cd41b4a501800f9c47af26eb9,95.28369,96.89909,564,success_build,True,True,True,,
749,0 1 2 3 4 5 6 7 8 22 9 10 11 12 13 14 15 16 17 18 19 20 21 23,389b040dcbb00d92813fcd1a0aa42426bcafbdfd719b7e380755eb69acd29d51,6e46b9dadbfacd1b30cc290f6304395e56dd2e6cd41b4a501800f9c47af26eb9,95.28369,96.89909,564,success_build,True,True,True,,
750,0 1 2 3 4 5 6 7 8 9 22 10 11 12 13 14 15 16 17 18 19 20 21 23,90c33662a4ecf140f0537673952f611ee58b231a576f7869693815ae3ff06af3,6e46b9dadbfacd1b30cc290f6304395e56dd2e6cd41b4a501800f9c47af26eb9,95.28369,96.89909,564,success_build,True,True,True,,
751,0 1 2 3 4 5 6 7 8 9 10 22 11 12 13 14 15 16 17 18 19 20 21 23,7cdf33e7d2bcabcdfd674af529c1db8028538b97a696e1f19da9d722864ddaf1,6e46b9dadbfacd1b30cc290f6304395e56dd2e6cd41b4a501800f9c47af26eb9,95.28369,96.89909,564,success_build,True,True,True,,
752,0 1 2 3 4 5 6 7 8 9 10 11 22 12 13 14 15 16 17 18 19 20 21 23,a708fa6a8312cea732a756fac64300df678af2d189462dacc1c597d33cb1db9f,6e46b9dadbfacd1b30cc290f6304395e56dd2e6cd41b4a501800f9c47af26eb9,95.28369,96.89909,564,success_build,True,True,True,,
753,0 1 2 3 4 5 6 7 8 9 10 11 12 22 13 14 15 16 17 18 19 20 21 23,4dba25eb1aa39fdd7d49a24a3782c4d0c5ace611abe6fb2b8f630c019531b81e,6e46b9dadbfacd1b30cc290f6304395e56dd2e6cd41b4a501800f9c47af26eb9,95.28369,96.89909,564,success_build,True,True,True,,
754,0 1 2 3 4 5 6 7 8 9 10 11 12 13 22 14 15 16 17 18 19 20 21 23,93b144c794fa942da90f7595789158f8ff2bf04ebca39d378cb83a5663d58f4e,6e46b9dadbfacd1b30cc290f6304395e56dd2e6cd41b4a501800f9c47af26eb9,95.28369,96.89909,564,success_build,True,True,True,,
755,0 1 2 3 4 5 6 7 8 9 10 11 12 13 14 22 15 16 17 18 19 20 21 23,7e51644fed7f8397dbad26e433d3295e3d4a37af23bf8f918e9e94e61d2b076d,6e46b9dadbfacd1b30cc290f6304395e56dd2e6cd41b4a501800f9c47af26eb9,95.28369,96.89909,564,success_build,True,True,True,,
756,0 1 2 3 4 5 6 7 8 9 10 11 12 13 14 15 22 16 17 18 19 20 21 23,0a9912ea4ed474c1ae354492570dadee6a3aad7c55a64d07ce3a89a999fd55a1,6e46b9dadbfacd1b30cc290f6304395e56dd2e6cd41b4a501800f9c47af26eb9,95.28369,96.89909,564,success_build,True,True,True,,
757,0 1 2 3 4 5 6 7 8 9 10 11 12 13 14 15 16 22 17 18 19 20 21 23,f1363e775474c36f5ae2d53ec763b7c57c8be60e988ee71e517e742826c5f809,6e46b9dadbfacd1b30cc290f6304395e56dd2e6cd41b4a501800f9c47af26eb9,95.28369,96.89909,564,success_build,True,True,True,,
758,0 1 2 3 4 5 6 7 8 9 10 11 12 13 14 15 16 17 22 18 19 20 21 23,ee790f37bbbbb69fd351658f503deae3713d0e4a8560a71073930f7d8f4649f3,6e46b9dadbfacd1b30cc290f6304395e56dd2e6cd41b4a501800f9c47af26eb9,95.28369,96.89909,564,success_build,True,True,True,,
759,0 1 2 3 4 5 6 7 8 9 10 11 12 13 14 15 16 17 18 22 19 20 21 23,bcfa9304dce547b66d318a8f5a99d40690858ce2b221cae640350d1ee49cf2c1,6e46b9dadbfacd1b30cc290f6304395e56dd2e6cd41b4a501800f9c47af26eb9,95.28369,96.89909,564,success_build,True,True,True,,
760,0 1 2 3 4 5 6 7 8 9 10 11 12 13 14 15 16 17 18 19 22 20 21 23,92d47f9fc6017cc21c18aa17e4e7f689a42dd3d6f357c5e65c75f05fb94c323b,6e46b9dadbfacd1b30cc290f6304395e56dd2e6cd41b4a501800f9c47af26eb9,95.28369,96.89909,564,success_build,True,True,True,,
761,23 0 1 2 3 4 5 6 7 8 9 10 11 12 13 14 15 16 17 18 19 20 21 22,d3fb270bd0890069a408ff9e5cc723d3b43b96f8e90145c51bb004eb1463458e,6e46b9dadbfacd1b30cc290f6304395e56dd2e6cd41b4a501800f9c47af26eb9,95.28369,96.89909,564,success_build,True,True,True,,
762,0 23 1 2 3 4 5 6 7 8 9 10 11 12 13 14 15 16 17 18 19 20 21 22,754b960d7cdc5c4ae71bb561fc941906bc1b43e76f58aa83dde9c222675d5996,6e46b9dadbfacd1b30cc290f6304395e56dd2e6cd41b4a501800f9c47af26eb9,95.28369,96.89909,564,success_build,True,True,True,,
763,0 1 23 2 3 4 5 6 7 8 9 10 11 12 13 14 15 16 17 18 19 20 21 22,7e8e8c683bdb649158ba39d0430b6b67d0a7db67640fe33e2270814c7612b1bf,6e46b9dadbfacd1b30cc290f6304395e56dd2e6cd41b4a501800f9c47af26eb9,95.28369,96.89909,564,success_build,True,True,True,,
764,0 1 2 23 3 4 5 6 7 8 9 10 11 12 13 14 15 16 17 18 19 20 21 22,bb20cba067dd39cd752617a8023800c4b1c8ed7b75acfd60c84b56e779f5a32d,6e46b9dadbfacd1b30cc290f6304395e56dd2e6cd41b4a501800f9c47af26eb9,95.28369,96.89909,564,success_build,True,True,True,,
765,0 1 2 3 23 4 5 6 7 8 9 10 11 12 13 14 15 16 17 18 19 20 21 22,54a9e74b7283046e66a035cd94a7949a301b54cf104f54374bd82293c53af678,6e46b9dadbfacd1b30cc290f6304395e56dd2e6cd41b4a501800f9c47af26eb9,95.28369,96.89909,564,success_build,True,True,True,,
766,0 1 2 3 4 23 5 6 7 8 9 10 11 12 13 14 15 16 17 18 19 20 21 22,dfa0d950c9e42a6de90cfaa985be588deeceaf944cd1f8ea1dee6843d365ef5a,6e46b9dadbfacd1b30cc290f6304395e56dd2e6cd41b4a501800f9c47af26eb9,95.28369,96.89909,564,success_build,True,True,True,,
767,0 1 2 3 4 5 23 6 7 8 9 10 11 12 13 14 15 16 17 18 19 20 21 22,9fbde124a8f0b4c78383574393f6a8ec04f7ed0510c1287d1cf466c90371345a,6e46b9dadbfacd1b30cc290f6304395e56dd2e6cd41b4a501800f9c47af26eb9,95.28369,96.89909,564,success_build,True,True,True,,
768,0 1 2 3 4 5 6 23 7 8 9 10 11 12 13 14 15 16 17 18 19 20 21 22,5fab68c1cb95881291f2c6a2b6785f3d3f7db65fd180d908a90ab27b2d366cb1,6e46b9dadbfacd1b30cc290f6304395e56dd2e6cd41b4a501800f9c47af26eb9,95.28369,96.89909,564,success_build,True,True,True,,
769,0 1 2 3 4 5 6 7 23 8 9 10 11 12 13 14 15 16 17 18 19 20 21 22,07a90b5c88689a37b5aefaefa2ba5de95413f342996bcdd624390678a68e1579,6e46b9dadbfacd1b30cc290f6304395e56dd2e6cd41b4a501800f9c47af26eb9,95.28369,96.89909,564,success_build,True,True,True,,
770,0 1 2 3 4 5 6 7 8 23 9 10 11 12 13 14 15 16 17 18 19 20 21 22,8bb818d2a8db38297748f6483f0cd15197f19ccf1f84b39a2eec6d82649f875d,6e46b9dadbfacd1b30cc290f6304395e56dd2e6cd41b4a501800f9c47af26eb9,95.28369,96.89909,564,success_build,True,True,True,,
771,0 1 2 3 4 5 6 7 8 9 23 10 11 12 13 14 15 16 17 18 19 20 21 22,d6951d6b74d70dcc0fa3ae6230b8f88a2aac1fe7187bf614b2aaaa017c3e07b8,6e46b9dadbfacd1b30cc290f6304395e56dd2e6cd41b4a501800f9c47af26eb9,95.28369,96.89909,564,success_build,True,True,True,,
772,0 1 2 3 4 5 6 7 8 9 10 23 11 12 13 14 15 16 17 18 19 20 21 22,c38ba517f824fe16f4fe90c9abd59dc57d7c43cef9b54925259922e1c33cae8b,6e46b9dadbfacd1b30cc290f6304395e56dd2e6cd41b4a501800f9c47af26eb9,95.28369,96.89909,564,success_build,True,True,True,,
773,0 1 2 3 4 5 6 7 8 9 10 11 23 12 13 14 15 16 17 18 19 20 21 22,cc63ecc59270ab26064c8445c98a57566bbe7702a1782fd87f78b5f969f61d87,6e46b9dadbfacd1b30cc290f6304395e56dd2e6cd41b4a501800f9c47af26eb9,95.28369,96.89909,564,success_build,True,True,True,,
774,0 1 2 3 4 5 6 7 8 9 10 11 12 23 13 14 15 16 17 18 19 20 21 22,7827eaf80db7e68fd91d9a66a64ef55fa0c1856f4feee03ce0ff314a49747203,6e46b9dadbfacd1b30cc290f6304395e56dd2e6cd41b4a501800f9c47af26eb9,95.28369,96.89909,564,success_build,True,True,True,,
775,0 1 2 3 4 5 6 7 8 9 10 11 12 13 23 14 15 16 17 18 19 20 21 22,93361b959476b94de4ad6de578100f80e47d152f7330dfa225c5a3711cb6921f,6e46b9dadbfacd1b30cc290f6304395e56dd2e6cd41b4a501800f9c47af26eb9,95.28369,96.89909,564,success_build,True,True,True,,
776,0 1 2 3 4 5 6 7 8 9 10 11 12 13 14 23 15 16 17 18 19 20 21 22,45d96821791ca76f5476e3494feedc99d53a98357b0edc8ee6d91f7a3efbb76a,6e46b9dadbfacd1b30cc290f6304395e56dd2e6cd41b4a501800f9c47af26eb9,95.28369,96.89909,564,success_build,True,True,True,,
777,0 1 2 3 4 5 6 7 8 9 10 11 12 13 14 15 23 16 17 18 19 20 21 22,9da3c866e61a3e2acf8f0ddd252f81aa83da4c1033342fd287834c443bf0123c,6e46b9dadbfacd1b30cc290f6304395e56dd2e6cd41b4a501800f9c47af26eb9,95.28369,96.89909,564,success_build,True,True,True,,
778,0 1 2 3 4 5 6 7 8 9 10 11 12 13 14 15 16 23 17 18 19 20 21 22,1bda120c4ccd3b2eb240fc09e729005f3152a008e588b66a638cdc861d9571a3,6e46b9dadbfacd1b30cc290f6304395e56dd2e6cd41b4a501800f9c47af26eb9,95.28369,96.89909,564,success_build,True,True,True,,
779,0 1 2 3 4 5 6 7 8 9 10 11 12 13 14 15 16 17 23 18 19 20 21 22,dc44d67e65cb083fa018d98b96ef80e7c81f63ccea3d1548804aebd1cd90d859,6e46b9dadbfacd1b30cc290f6304395e56dd2e6cd41b4a501800f9c47af26eb9,95.28369,96.89909,564,success_build,True,True,True,,
780,0 1 2 3 4 5 6 7 8 9 10 11 12 13 14 15 16 17 18 23 19 20 21 22,e30e13447cc3fdee090a29db3b6664ae3285c9f2943f2f891eff09f05d124a26,6e46b9dadbfacd1b30cc290f6304395e56dd2e6cd41b4a501800f9c47af26eb9,95.28369,96.89909,564,success_build,True,True,True,,
781,0 1 2 3 4 5 6 7 8 9 10 11 12 13 14 15 16 17 18 19 23 20 21 22,d5dda4174d6ab90f220ce2cdb90fc1d077aec5d4b94e4af0790cb3c1f37a78ec,6e46b9dadbfacd1b30cc290f6304395e56dd2e6cd41b4a501800f9c47af26eb9,95.28369,96.89909,564,success_build,True,True,True,,
782,0 1 2 3 4 5 6 7 8 9 10 11 12 13 14 15 16 17 18 19 20 23 21 22,21ae007444a1e957e53cd21aac1852c83af87efc0289746639a3e3147dfc86af,6e46b9dadbfacd1b30cc290f6304395e56dd2e6cd41b4a501800f9c47af26eb9,95.28369,96.89909,564,success_build,True,True,True,,
