snapshot,phase,declaration_order,source_sha256,object_sha256,official_fuzzy,unit_fuzzy,structural,positional,source_gate,siblings_gate,exact_code_data_link_gate,allocated_data_relocations_gate,other_units_gate,admissible
000,baseline_evaluation,decryptedData secondValue dataLength i crcIndex firstIndex secondIndex firstValue controlFlags stateIndex crc inputCursor state outputCursor result,3176094eb46f60ea3fbfad5d70d3d169752650d58fadafa30d17ca7add7567ba,243e1cae7fc57681cee68ea32b602aa57c2c97a5454e8afb517ad11c2885d0d0,97.88162,97.72777,0,87,True,True,True,True,True,True
001,neighbor_evaluation,secondValue decryptedData dataLength i crcIndex firstIndex secondIndex firstValue controlFlags stateIndex crc inputCursor state outputCursor result,9c0cb6fc3d8a3703d4abea96a451c1e73d3608307470f64c6052003ceb1ab1c8,243e1cae7fc57681cee68ea32b602aa57c2c97a5454e8afb517ad11c2885d0d0,97.88162,97.72777,0,87,True,True,True,True,True,True
002,neighbor_evaluation,dataLength secondValue decryptedData i crcIndex firstIndex secondIndex firstValue controlFlags stateIndex crc inputCursor state outputCursor result,ecfdc123057f74356420420d81534d8bdf4244a299ddeda069dd5f9146cc1b87,7ee4d39e1a67501811d70d7dd390be007a4a6569559fb4e4db8484326428b1ee,97.50779,97.69812,0,111,True,True,True,True,True,True
003,neighbor_evaluation,i secondValue dataLength decryptedData crcIndex firstIndex secondIndex firstValue controlFlags stateIndex crc inputCursor state outputCursor result,27de9a01b5793a09b56f76e864b5a31f992fb00ab5485456cf90d94a9da35e8d,7ee4d39e1a67501811d70d7dd390be007a4a6569559fb4e4db8484326428b1ee,97.50779,97.69812,0,111,True,True,True,True,True,True
004,neighbor_evaluation,crcIndex secondValue dataLength i decryptedData firstIndex secondIndex firstValue controlFlags stateIndex crc inputCursor state outputCursor result,f22bdbd2e9802c52e353c98ea3bbc7b9098e91a5301b670916d5e25bd240c3db,7ee4d39e1a67501811d70d7dd390be007a4a6569559fb4e4db8484326428b1ee,97.50779,97.69812,0,111,True,True,True,True,True,True
005,neighbor_evaluation,firstIndex secondValue dataLength i crcIndex decryptedData secondIndex firstValue controlFlags stateIndex crc inputCursor state outputCursor result,f1b040877b53b1ccd1e70d395ac5ca09982b472205216f6846905e99f4258104,7ee4d39e1a67501811d70d7dd390be007a4a6569559fb4e4db8484326428b1ee,97.50779,97.69812,0,111,True,True,True,True,True,True
006,neighbor_evaluation,secondIndex secondValue dataLength i crcIndex firstIndex decryptedData firstValue controlFlags stateIndex crc inputCursor state outputCursor result,669ddc20c747b8aa163f757119da86508af8558b4bdb097d3e31e31a61f4d1a7,6e6272af3b8a7e6faa9a778e84481375d4f8f7c5baf28058e462f6b453e706c2,97.3676,97.687004,0,111,True,True,True,True,True,True
007,neighbor_evaluation,firstValue secondValue dataLength i crcIndex firstIndex secondIndex decryptedData controlFlags stateIndex crc inputCursor state outputCursor result,d6a2d40063b33fe33d0e53e0ba9e985889f60424a6c5d76b0cf2103fb9ecd349,0ae45a62d090a008cdaaa8900cd751c6f9fbc3358efb3ff60f4e9223782cf1e0,97.32087,97.683304,0,114,True,True,True,True,True,True
008,neighbor_evaluation,controlFlags secondValue dataLength i crcIndex firstIndex secondIndex firstValue decryptedData stateIndex crc inputCursor state outputCursor result,9abe402dfd123d33a173f0d4b99ab054bc97bc9706408c416b5578e22fe4982c,7ee4d39e1a67501811d70d7dd390be007a4a6569559fb4e4db8484326428b1ee,97.50779,97.69812,0,111,True,True,True,True,True,True
009,neighbor_evaluation,stateIndex secondValue dataLength i crcIndex firstIndex secondIndex firstValue controlFlags decryptedData crc inputCursor state outputCursor result,c57705269844b057aec9c392becdcc018e82951b65680ba7ec5c65834019f76d,7ee4d39e1a67501811d70d7dd390be007a4a6569559fb4e4db8484326428b1ee,97.50779,97.69812,0,111,True,True,True,True,True,True
010,neighbor_evaluation,crc secondValue dataLength i crcIndex firstIndex secondIndex firstValue controlFlags stateIndex decryptedData inputCursor state outputCursor result,1faa1274128693c228a3bfa322aeaa2bb8bd1d81d6510ece83fe417fa2431a58,7ee4d39e1a67501811d70d7dd390be007a4a6569559fb4e4db8484326428b1ee,97.50779,97.69812,0,111,True,True,True,True,True,True
011,neighbor_evaluation,inputCursor secondValue dataLength i crcIndex firstIndex secondIndex firstValue controlFlags stateIndex crc decryptedData state outputCursor result,aae4b999cd8326cf2caf2502e494f9a6562667e7080fff86dcd9535c1d4b44fe,7ee4d39e1a67501811d70d7dd390be007a4a6569559fb4e4db8484326428b1ee,97.50779,97.69812,0,111,True,True,True,True,True,True
012,neighbor_evaluation,state secondValue dataLength i crcIndex firstIndex secondIndex firstValue controlFlags stateIndex crc inputCursor decryptedData outputCursor result,48ed237783b2b43188255f6562dc868bc31976104be24c472867be3e617e6ce2,7de3b89df1680a6ef1c43601e3a8aaf31122f1be86a80b24d4fbd0e67bbac1c5,97.61682,97.70677,0,111,True,True,True,True,True,True
013,neighbor_evaluation,outputCursor secondValue dataLength i crcIndex firstIndex secondIndex firstValue controlFlags stateIndex crc inputCursor state decryptedData result,e715e563fd19470070d7db2e1dd73cfe39bb5e1be7131848ce085d71ece967ab,b387857299c4cc6185aea0c4895bbec558a0c4437b4fb254f95b3082530aaf86,97.11838,97.667244,0,123,True,True,True,True,True,True
014,neighbor_evaluation,result secondValue dataLength i crcIndex firstIndex secondIndex firstValue controlFlags stateIndex crc inputCursor state outputCursor decryptedData,82f24df90f51fea119eed0a4d6ebcb366d3a7f62cfa7f875ee7550ca8869ad22,7ee4d39e1a67501811d70d7dd390be007a4a6569559fb4e4db8484326428b1ee,97.50779,97.69812,0,111,True,True,True,True,True,True
015,neighbor_evaluation,decryptedData dataLength secondValue i crcIndex firstIndex secondIndex firstValue controlFlags stateIndex crc inputCursor state outputCursor result,f6a73d721634d60273f1960a3e622a028c30a816571bffe0329bcd2fe0db4ba5,243e1cae7fc57681cee68ea32b602aa57c2c97a5454e8afb517ad11c2885d0d0,97.88162,97.72777,0,87,True,True,True,True,True,True
016,neighbor_evaluation,decryptedData i dataLength secondValue crcIndex firstIndex secondIndex firstValue controlFlags stateIndex crc inputCursor state outputCursor result,0c607380133f8e2dc1957a7f4d6e029207e69b14e8285d10d10ce9feffc43808,243e1cae7fc57681cee68ea32b602aa57c2c97a5454e8afb517ad11c2885d0d0,97.88162,97.72777,0,87,True,True,True,True,True,True
017,neighbor_evaluation,decryptedData crcIndex dataLength i secondValue firstIndex secondIndex firstValue controlFlags stateIndex crc inputCursor state outputCursor result,8e3659439d9f2e713de55543639a2f8b93441c9f624b30184620220aa363b9be,243e1cae7fc57681cee68ea32b602aa57c2c97a5454e8afb517ad11c2885d0d0,97.88162,97.72777,0,87,True,True,True,True,True,True
018,neighbor_evaluation,decryptedData firstIndex dataLength i crcIndex secondValue secondIndex firstValue controlFlags stateIndex crc inputCursor state outputCursor result,381151a3ee758bc7df915241ff7b148aa411f7ecb6b592c4724683b3015fda8f,243e1cae7fc57681cee68ea32b602aa57c2c97a5454e8afb517ad11c2885d0d0,97.88162,97.72777,0,87,True,True,True,True,True,True
019,neighbor_evaluation,decryptedData secondIndex dataLength i crcIndex firstIndex secondValue firstValue controlFlags stateIndex crc inputCursor state outputCursor result,c7d415a6b9d4e101934f16112054f98b8938534cc6d4680c095bf694b65078bb,8dcc1e9c2c25201b4cc4e70f04951c5526b171da95c30cd462a094136e702e09,97.74143,97.71665,0,87,True,True,True,True,True,True
020,neighbor_evaluation,decryptedData firstValue dataLength i crcIndex firstIndex secondIndex secondValue controlFlags stateIndex crc inputCursor state outputCursor result,250f73788fb4b49c9303818e40a6e1a6aad400ff9f9dd58e31ad106b5164e777,b5db6ee4f1a9ca5ffb476bd3e00e266108c408f6b35732bf7458cd193de9a9ac,97.55452,97.70183,0,90,True,True,True,True,True,True
021,neighbor_evaluation,decryptedData controlFlags dataLength i crcIndex firstIndex secondIndex firstValue secondValue stateIndex crc inputCursor state outputCursor result,ac7a459ef23327c3dd415b3146391da10553ce8bddeb82b9a4030c120dbd44b4,8dcc1e9c2c25201b4cc4e70f04951c5526b171da95c30cd462a094136e702e09,97.74143,97.71665,0,87,True,True,True,True,True,True
022,neighbor_evaluation,decryptedData stateIndex dataLength i crcIndex firstIndex secondIndex firstValue controlFlags secondValue crc inputCursor state outputCursor result,25fad9883ceff89c7e6d6bfb10362173484a0795752e6bcbe3b52baf91fb6ead,8dcc1e9c2c25201b4cc4e70f04951c5526b171da95c30cd462a094136e702e09,97.74143,97.71665,0,87,True,True,True,True,True,True
023,neighbor_evaluation,decryptedData crc dataLength i crcIndex firstIndex secondIndex firstValue controlFlags stateIndex secondValue inputCursor state outputCursor result,622a27a52260777e597185ac7b90614532151c3f91b9a15fe7b38be6bd1167a2,8dcc1e9c2c25201b4cc4e70f04951c5526b171da95c30cd462a094136e702e09,97.74143,97.71665,0,87,True,True,True,True,True,True
024,neighbor_evaluation,decryptedData inputCursor dataLength i crcIndex firstIndex secondIndex firstValue controlFlags stateIndex crc secondValue state outputCursor result,c21ad00ae5ca5869d095394f6b8b628890ebaa2f7d60f6e5d95a1363d40371a8,8dcc1e9c2c25201b4cc4e70f04951c5526b171da95c30cd462a094136e702e09,97.74143,97.71665,0,87,True,True,True,True,True,True
025,neighbor_evaluation,decryptedData state dataLength i crcIndex firstIndex secondIndex firstValue controlFlags stateIndex crc inputCursor secondValue outputCursor result,d4de96c712ea1bd19a713f902561e10f794ef87c5639e13000cba01b304145ad,dfd1d67850d1a29039c7d60ad6673ff04cbe0d18eb2128f75be6ab5f96255667,97.850464,97.725296,0,93,True,True,True,True,True,True
026,neighbor_evaluation,decryptedData outputCursor dataLength i crcIndex firstIndex secondIndex firstValue controlFlags stateIndex crc inputCursor state secondValue result,68aa6f7d0753b5161e8371a7a6f219b0aabc1ddcf0f6105a139bd9d7ff6cce57,484b432e3698e2d706c2a9136080516ffd5ff49012f8e406a0e6ee9498439138,97.25857,97.67836,0,102,True,True,True,True,True,True
027,neighbor_evaluation,decryptedData result dataLength i crcIndex firstIndex secondIndex firstValue controlFlags stateIndex crc inputCursor state outputCursor secondValue,19aaf5325ac1bdf66c6001efea079b8177c4e1919a30407e067e491740b94d83,fcc905302c7248d4657b3d1f11f336bed804f7451cbb410dea9da51459053510,97.38318,97.68824,0,99,True,True,True,True,True,True
028,neighbor_evaluation,decryptedData secondValue i dataLength crcIndex firstIndex secondIndex firstValue controlFlags stateIndex crc inputCursor state outputCursor result,753a65e0b0d7220af472d19ae477cb0f7ed18c77d98d7cee94ede02af5712a82,243e1cae7fc57681cee68ea32b602aa57c2c97a5454e8afb517ad11c2885d0d0,97.88162,97.72777,0,87,True,True,True,True,True,True
029,neighbor_evaluation,decryptedData secondValue crcIndex i dataLength firstIndex secondIndex firstValue controlFlags stateIndex crc inputCursor state outputCursor result,14bca9e1f68d19a25d8f766be6ff20aa49166006d365b32b1d91b085dc0c8704,243e1cae7fc57681cee68ea32b602aa57c2c97a5454e8afb517ad11c2885d0d0,97.88162,97.72777,0,87,True,True,True,True,True,True
030,neighbor_evaluation,decryptedData secondValue firstIndex i crcIndex dataLength secondIndex firstValue controlFlags stateIndex crc inputCursor state outputCursor result,b47559ed12aa9f302227eadf1c52186742d4d19b5f8fe4cb6613e8c5bc83d6bf,243e1cae7fc57681cee68ea32b602aa57c2c97a5454e8afb517ad11c2885d0d0,97.88162,97.72777,0,87,True,True,True,True,True,True
031,neighbor_evaluation,decryptedData secondValue secondIndex i crcIndex firstIndex dataLength firstValue controlFlags stateIndex crc inputCursor state outputCursor result,13e3d15f45d5bef4da5590c8e0bdadd04b7817824282c68692352c1a6727c491,243e1cae7fc57681cee68ea32b602aa57c2c97a5454e8afb517ad11c2885d0d0,97.88162,97.72777,0,87,True,True,True,True,True,True
032,neighbor_evaluation,decryptedData secondValue firstValue i crcIndex firstIndex secondIndex dataLength controlFlags stateIndex crc inputCursor state outputCursor result,d91ecb8b5c0766dc7c56737225682a14b9eaa2ba4ccadbb281b929c54168b86f,9dbfefa84c20a3c9ab86bc16d69b3aa78ac4f3908cd1251ea06252bf7186cc30,97.6947,97.712944,0,90,True,True,True,True,True,True
033,neighbor_evaluation,decryptedData secondValue controlFlags i crcIndex firstIndex secondIndex firstValue dataLength stateIndex crc inputCursor state outputCursor result,5438ca875fdee50517ee8b2caabc4b5e4c11b43e7a8513f9a3f4e6db7b0e8497,243e1cae7fc57681cee68ea32b602aa57c2c97a5454e8afb517ad11c2885d0d0,97.88162,97.72777,0,87,True,True,True,True,True,True
034,neighbor_evaluation,decryptedData secondValue stateIndex i crcIndex firstIndex secondIndex firstValue controlFlags dataLength crc inputCursor state outputCursor result,90a3c2d53e07fcddfd80d6037e2c1a9f090afc367c699b254245368fbae1bb09,243e1cae7fc57681cee68ea32b602aa57c2c97a5454e8afb517ad11c2885d0d0,97.88162,97.72777,0,87,True,True,True,True,True,True
035,neighbor_evaluation,decryptedData secondValue crc i crcIndex firstIndex secondIndex firstValue controlFlags stateIndex dataLength inputCursor state outputCursor result,48f8a95314e9055e2f2f1616e48f19273a64f59f7be49d7bbde730ae0170cf17,243e1cae7fc57681cee68ea32b602aa57c2c97a5454e8afb517ad11c2885d0d0,97.88162,97.72777,0,87,True,True,True,True,True,True
036,neighbor_evaluation,decryptedData secondValue inputCursor i crcIndex firstIndex secondIndex firstValue controlFlags stateIndex crc dataLength state outputCursor result,c732bc31156d0f5c15d9c5f5830106b0caefc5229f744649eade6e245a0b1928,243e1cae7fc57681cee68ea32b602aa57c2c97a5454e8afb517ad11c2885d0d0,97.88162,97.72777,0,87,True,True,True,True,True,True
037,neighbor_evaluation,decryptedData secondValue state i crcIndex firstIndex secondIndex firstValue controlFlags stateIndex crc inputCursor dataLength outputCursor result,059dfba32d87ac92600fe0352fd2eb282dc2980cd679aa8da9a9e2edbd6e7f4c,870d93a96190004b296f96bd7f41d05a547d6e69274574123b33f3caf2503509,97.990654,97.73641,0,90,True,True,True,True,True,True
038,neighbor_evaluation,decryptedData secondValue outputCursor i crcIndex firstIndex secondIndex firstValue controlFlags stateIndex crc inputCursor state dataLength result,0715b8f68676d8dbb8498b91a34b39e0d1379e50a924bfa44ce940149f2b1caa,555b72d2a30a01b4ff09c3a65d9aada844d55ff177a82c51968e97299f1ca4ad,97.49221,97.696884,0,102,True,True,True,True,True,True
039,neighbor_evaluation,decryptedData secondValue result i crcIndex firstIndex secondIndex firstValue controlFlags stateIndex crc inputCursor state outputCursor dataLength,baa732b1bf604049bfb3017fa26300b726c2e6a276ff373d7cefb221ddb594d7,243e1cae7fc57681cee68ea32b602aa57c2c97a5454e8afb517ad11c2885d0d0,97.88162,97.72777,0,87,True,True,True,True,True,True
040,neighbor_evaluation,decryptedData secondValue dataLength crcIndex i firstIndex secondIndex firstValue controlFlags stateIndex crc inputCursor state outputCursor result,2a02e7330de9a75cd76c2191df12c3fbee501f3cc7915dfaaa60376fe92b1110,243e1cae7fc57681cee68ea32b602aa57c2c97a5454e8afb517ad11c2885d0d0,97.88162,97.72777,0,87,True,True,True,True,True,True
041,neighbor_evaluation,decryptedData secondValue dataLength firstIndex crcIndex i secondIndex firstValue controlFlags stateIndex crc inputCursor state outputCursor result,8f1e71dc35e35a29072f15ac932f7c1c03aa7fbfa8e1e4e9c1c2eab79306a558,243e1cae7fc57681cee68ea32b602aa57c2c97a5454e8afb517ad11c2885d0d0,97.88162,97.72777,0,87,True,True,True,True,True,True
042,neighbor_evaluation,decryptedData secondValue dataLength secondIndex crcIndex firstIndex i firstValue controlFlags stateIndex crc inputCursor state outputCursor result,746b13413a69fc68e9ae7e8c93ccd89981be3053d838143341c46c98ecc9df62,243e1cae7fc57681cee68ea32b602aa57c2c97a5454e8afb517ad11c2885d0d0,97.88162,97.72777,0,87,True,True,True,True,True,True
043,neighbor_evaluation,decryptedData secondValue dataLength firstValue crcIndex firstIndex secondIndex i controlFlags stateIndex crc inputCursor state outputCursor result,edcc8bcbcf3cf1f94a7c5c2bfd7d5749c1e1beb49477587c6a7690cb92f55eab,9dbfefa84c20a3c9ab86bc16d69b3aa78ac4f3908cd1251ea06252bf7186cc30,97.6947,97.712944,0,90,True,True,True,True,True,True
044,neighbor_evaluation,decryptedData secondValue dataLength controlFlags crcIndex firstIndex secondIndex firstValue i stateIndex crc inputCursor state outputCursor result,b72d9ee3fd5dc01f4733fe4a612e7628b84e83172e4f6dbcb9350a78c55857e0,243e1cae7fc57681cee68ea32b602aa57c2c97a5454e8afb517ad11c2885d0d0,97.88162,97.72777,0,87,True,True,True,True,True,True
045,neighbor_evaluation,decryptedData secondValue dataLength stateIndex crcIndex firstIndex secondIndex firstValue controlFlags i crc inputCursor state outputCursor result,469c8e1fd300d1e37c36e9e43e0f7509634c892ed870f20854d6fb4fcae324f9,243e1cae7fc57681cee68ea32b602aa57c2c97a5454e8afb517ad11c2885d0d0,97.88162,97.72777,0,87,True,True,True,True,True,True
046,neighbor_evaluation,decryptedData secondValue dataLength crc crcIndex firstIndex secondIndex firstValue controlFlags stateIndex i inputCursor state outputCursor result,574c2480ee7cd298b615b63012a4a0976c6c51f8a0116c346ebf0e37340ab34c,243e1cae7fc57681cee68ea32b602aa57c2c97a5454e8afb517ad11c2885d0d0,97.88162,97.72777,0,87,True,True,True,True,True,True
047,neighbor_evaluation,decryptedData secondValue dataLength inputCursor crcIndex firstIndex secondIndex firstValue controlFlags stateIndex crc i state outputCursor result,c49927472551abb06f3fb271044527350f59061b26cbc554cef3dccbcc17f739,243e1cae7fc57681cee68ea32b602aa57c2c97a5454e8afb517ad11c2885d0d0,97.88162,97.72777,0,87,True,True,True,True,True,True
048,neighbor_evaluation,decryptedData secondValue dataLength state crcIndex firstIndex secondIndex firstValue controlFlags stateIndex crc inputCursor i outputCursor result,4fda1a55894ab8e6489a265880ce09643b51b228c543f098636873be217b3342,870d93a96190004b296f96bd7f41d05a547d6e69274574123b33f3caf2503509,97.990654,97.73641,0,90,True,True,True,True,True,True
049,neighbor_evaluation,decryptedData secondValue dataLength outputCursor crcIndex firstIndex secondIndex firstValue controlFlags stateIndex crc inputCursor state i result,63b5391ad3a846c154e8b06d39822cf0a91f2272980b3a665319bf54ce45ed26,555b72d2a30a01b4ff09c3a65d9aada844d55ff177a82c51968e97299f1ca4ad,97.49221,97.696884,0,102,True,True,True,True,True,True
050,neighbor_evaluation,decryptedData secondValue dataLength result crcIndex firstIndex secondIndex firstValue controlFlags stateIndex crc inputCursor state outputCursor i,3a3b535ff053ca18d9cc8c0b05d58cc1de5ddf91d6a83369f9e3e0a7f44e7d46,243e1cae7fc57681cee68ea32b602aa57c2c97a5454e8afb517ad11c2885d0d0,97.88162,97.72777,0,87,True,True,True,True,True,True
051,neighbor_evaluation,decryptedData secondValue dataLength i firstIndex crcIndex secondIndex firstValue controlFlags stateIndex crc inputCursor state outputCursor result,b5e4931c0ac92ca74799e92a3512f6569eb10d5fec411f72062598a001f6e778,243e1cae7fc57681cee68ea32b602aa57c2c97a5454e8afb517ad11c2885d0d0,97.88162,97.72777,0,87,True,True,True,True,True,True
052,neighbor_evaluation,decryptedData secondValue dataLength i secondIndex firstIndex crcIndex firstValue controlFlags stateIndex crc inputCursor state outputCursor result,4876f65b1f080fbe30ce8262225dfc21372836ffbd5947b7b02247c02cb76e71,243e1cae7fc57681cee68ea32b602aa57c2c97a5454e8afb517ad11c2885d0d0,97.88162,97.72777,0,87,True,True,True,True,True,True
053,neighbor_evaluation,decryptedData secondValue dataLength i firstValue firstIndex secondIndex crcIndex controlFlags stateIndex crc inputCursor state outputCursor result,e7467de2d675d0bc1e1ad1c95a1bdc7ff8fda4ef8651d6bd533af53578f51f5c,9dbfefa84c20a3c9ab86bc16d69b3aa78ac4f3908cd1251ea06252bf7186cc30,97.6947,97.712944,0,90,True,True,True,True,True,True
054,neighbor_evaluation,decryptedData secondValue dataLength i controlFlags firstIndex secondIndex firstValue crcIndex stateIndex crc inputCursor state outputCursor result,e022bfbc07a6fb89fe783d9bd92776edecf9b80548c062c3ca9a9a6e65d9ba92,243e1cae7fc57681cee68ea32b602aa57c2c97a5454e8afb517ad11c2885d0d0,97.88162,97.72777,0,87,True,True,True,True,True,True
055,neighbor_evaluation,decryptedData secondValue dataLength i stateIndex firstIndex secondIndex firstValue controlFlags crcIndex crc inputCursor state outputCursor result,a2269f0d0abeb03fffe87f6bd3bf7ded6e163bdaf7e44f455cda562616cfa01d,243e1cae7fc57681cee68ea32b602aa57c2c97a5454e8afb517ad11c2885d0d0,97.88162,97.72777,0,87,True,True,True,True,True,True
056,neighbor_evaluation,decryptedData secondValue dataLength i crc firstIndex secondIndex firstValue controlFlags stateIndex crcIndex inputCursor state outputCursor result,1cafaf071aef7d0e6888ec419cd400c5edbbb3837971f9a67e4a9250f0669c0c,243e1cae7fc57681cee68ea32b602aa57c2c97a5454e8afb517ad11c2885d0d0,97.88162,97.72777,0,87,True,True,True,True,True,True
057,neighbor_evaluation,decryptedData secondValue dataLength i inputCursor firstIndex secondIndex firstValue controlFlags stateIndex crc crcIndex state outputCursor result,9f927eedbdac5f4f49bb4f34c7af70a4b7eb568a6a49166cc7bcdc81ac3fae77,243e1cae7fc57681cee68ea32b602aa57c2c97a5454e8afb517ad11c2885d0d0,97.88162,97.72777,0,87,True,True,True,True,True,True
058,neighbor_evaluation,decryptedData secondValue dataLength i state firstIndex secondIndex firstValue controlFlags stateIndex crc inputCursor crcIndex outputCursor result,d5fd52c0e32a235a16fddb9f23e1681bc01a6792af37a8dd6f0b7a0afdc1294f,870d93a96190004b296f96bd7f41d05a547d6e69274574123b33f3caf2503509,97.990654,97.73641,0,90,True,True,True,True,True,True
059,neighbor_evaluation,decryptedData secondValue dataLength i outputCursor firstIndex secondIndex firstValue controlFlags stateIndex crc inputCursor state crcIndex result,d005d3b61e3327cca31778a1b843321a67cc88eb2dde1861b8413528a41641cd,555b72d2a30a01b4ff09c3a65d9aada844d55ff177a82c51968e97299f1ca4ad,97.49221,97.696884,0,102,True,True,True,True,True,True
060,neighbor_evaluation,decryptedData secondValue dataLength i result firstIndex secondIndex firstValue controlFlags stateIndex crc inputCursor state outputCursor crcIndex,2aec6ce9846d5afad0103368078864242b22bb65c5217fd92c6cc9feccca7f99,243e1cae7fc57681cee68ea32b602aa57c2c97a5454e8afb517ad11c2885d0d0,97.88162,97.72777,0,87,True,True,True,True,True,True
061,neighbor_evaluation,decryptedData secondValue dataLength i crcIndex secondIndex firstIndex firstValue controlFlags stateIndex crc inputCursor state outputCursor result,72d1b9b2f3d8dbff5e615efbcb2b71e1d6fa1f98a0a2bd4e6e6fa34543e0c5b7,243e1cae7fc57681cee68ea32b602aa57c2c97a5454e8afb517ad11c2885d0d0,97.88162,97.72777,0,87,True,True,True,True,True,True
062,neighbor_evaluation,decryptedData secondValue dataLength i crcIndex firstValue secondIndex firstIndex controlFlags stateIndex crc inputCursor state outputCursor result,b9d70bb063efd120e1e92c6258e2d82d993246cdfd1e46f2fc32b2d7af261576,9dbfefa84c20a3c9ab86bc16d69b3aa78ac4f3908cd1251ea06252bf7186cc30,97.6947,97.712944,0,90,True,True,True,True,True,True
063,neighbor_evaluation,decryptedData secondValue dataLength i crcIndex controlFlags secondIndex firstValue firstIndex stateIndex crc inputCursor state outputCursor result,ab50592d88ccea21150f07d363464f9a1fb355a1dba450e654f95a1822ed0aba,9dbfefa84c20a3c9ab86bc16d69b3aa78ac4f3908cd1251ea06252bf7186cc30,97.6947,97.712944,0,90,True,True,True,True,True,True
064,neighbor_evaluation,decryptedData secondValue dataLength i crcIndex stateIndex secondIndex firstValue controlFlags firstIndex crc inputCursor state outputCursor result,af489b6e2d341c5299cc9cce069965e1f2c423787b5bee612a84731cb640ee1a,9dbfefa84c20a3c9ab86bc16d69b3aa78ac4f3908cd1251ea06252bf7186cc30,97.6947,97.712944,0,90,True,True,True,True,True,True
065,neighbor_evaluation,decryptedData secondValue dataLength i crcIndex crc secondIndex firstValue controlFlags stateIndex firstIndex inputCursor state outputCursor result,80c2f24073fc8b29bf380521c8a1e0a91c45c55e617a42c1bd0d361f368ff945,9dbfefa84c20a3c9ab86bc16d69b3aa78ac4f3908cd1251ea06252bf7186cc30,97.6947,97.712944,0,90,True,True,True,True,True,True
066,neighbor_evaluation,decryptedData secondValue dataLength i crcIndex inputCursor secondIndex firstValue controlFlags stateIndex crc firstIndex state outputCursor result,ecb8e7e49f588adc06b29c57904c7ab8b56d1e40fdb049cce12733becdf7052f,9dbfefa84c20a3c9ab86bc16d69b3aa78ac4f3908cd1251ea06252bf7186cc30,97.6947,97.712944,0,90,True,True,True,True,True,True
067,neighbor_evaluation,decryptedData secondValue dataLength i crcIndex state secondIndex firstValue controlFlags stateIndex crc inputCursor firstIndex outputCursor result,7bac757f5a52ef1f577d7ebfbea2810308ec9df7dd14503cf3435b94715ff4ab,a2200b7d4779a7c3d3a9cad052f5fe11a6697bfbd1642149c4870d68d8eba3c9,97.80374,97.72159,0,96,True,True,True,True,True,True
068,neighbor_evaluation,decryptedData secondValue dataLength i crcIndex outputCursor secondIndex firstValue controlFlags stateIndex crc inputCursor state firstIndex result,5a35c5b7ab352904187bfab4b848ac1696415b077cb04d2f994251ae125302ea,d127516e54e2c151d0e127df6361c7fd0bee559c1046d168e187b2f1c9bfca66,97.39875,97.689476,0,102,True,True,True,True,True,True
069,neighbor_evaluation,decryptedData secondValue dataLength i crcIndex result secondIndex firstValue controlFlags stateIndex crc inputCursor state outputCursor firstIndex,720d47ba550321624231eb2be5d7d881bb7f8536e50812d6fae2cd3ef2151f68,609e8f4f1193c7774e671858d7f808648ca18fc574830e1692f139a4d03f0aa6,97.52336,97.699356,0,99,True,True,True,True,True,True
070,neighbor_evaluation,decryptedData secondValue dataLength i crcIndex firstIndex firstValue secondIndex controlFlags stateIndex crc inputCursor state outputCursor result,a0ba4823db81b303fa45248e40ccc9aee7f1ec88685662ee4d52ed2d04c0396f,243e1cae7fc57681cee68ea32b602aa57c2c97a5454e8afb517ad11c2885d0d0,97.88162,97.72777,0,87,True,True,True,True,True,True
071,neighbor_evaluation,decryptedData secondValue dataLength i crcIndex firstIndex controlFlags firstValue secondIndex stateIndex crc inputCursor state outputCursor result,de4bceb562525d338055d07d12f4d51f80645672de9d0d6b2278716854d47662,243e1cae7fc57681cee68ea32b602aa57c2c97a5454e8afb517ad11c2885d0d0,97.88162,97.72777,0,87,True,True,True,True,True,True
072,neighbor_evaluation,decryptedData secondValue dataLength i crcIndex firstIndex stateIndex firstValue controlFlags secondIndex crc inputCursor state outputCursor result,c99240193afd0903aaf61953e924081f757809483b67a7b336f0091bb425ada7,243e1cae7fc57681cee68ea32b602aa57c2c97a5454e8afb517ad11c2885d0d0,97.88162,97.72777,0,87,True,True,True,True,True,True
073,neighbor_evaluation,decryptedData secondValue dataLength i crcIndex firstIndex crc firstValue controlFlags stateIndex secondIndex inputCursor state outputCursor result,ff953dbfaa0c2639ebd0f89ee3af9aae07a16c9c2417f7ca7bf594ae73f45503,243e1cae7fc57681cee68ea32b602aa57c2c97a5454e8afb517ad11c2885d0d0,97.88162,97.72777,0,87,True,True,True,True,True,True
074,neighbor_evaluation,decryptedData secondValue dataLength i crcIndex firstIndex inputCursor firstValue controlFlags stateIndex crc secondIndex state outputCursor result,2a9ab3b3f69eddc169dd20e2a03b0c64d6a6c48038404adc67d0c129438783f1,243e1cae7fc57681cee68ea32b602aa57c2c97a5454e8afb517ad11c2885d0d0,97.88162,97.72777,0,87,True,True,True,True,True,True
075,neighbor_evaluation,decryptedData secondValue dataLength i crcIndex firstIndex state firstValue controlFlags stateIndex crc inputCursor secondIndex outputCursor result,e5103e44d31cf3afaae78f5f8aef92bc95f2e410202cc199ef45288a9bdff3cd,46711b4995ef7ea8250ae1ffe0cf9b9fdf30329f79d6ca2a0a507db357500c50,97.52336,97.699356,0,99,True,True,True,True,True,True
076,neighbor_evaluation,decryptedData secondValue dataLength i crcIndex firstIndex outputCursor firstValue controlFlags stateIndex crc inputCursor state secondIndex result,8c191865649615effbd8a1051118aab65c10d4eee576bcc3088924ad0bcfc78a,48e81fc2d04617885af36d62282efb79e42b539b710f6c23d74fa8294c375927,97.39875,97.689476,0,102,True,True,True,True,True,True
077,neighbor_evaluation,decryptedData secondValue dataLength i crcIndex firstIndex result firstValue controlFlags stateIndex crc inputCursor state outputCursor secondIndex,5af9f1d2e1406f035d137bc9355bf6691f996f596789d0f79aad69ac8ddd0195,43a330c5bc669cf5785f6a565954e1f4b7214e5293930464555ca9182ff7b52f,97.52336,97.699356,0,99,True,True,True,True,True,True
078,neighbor_evaluation,decryptedData secondValue dataLength i crcIndex firstIndex secondIndex controlFlags firstValue stateIndex crc inputCursor state outputCursor result,d085c99a0dabda78e110d54540d4e04d31e16b45293718bc20ffde8153e4fd6d,243e1cae7fc57681cee68ea32b602aa57c2c97a5454e8afb517ad11c2885d0d0,97.88162,97.72777,0,87,True,True,True,True,True,True
079,neighbor_evaluation,decryptedData secondValue dataLength i crcIndex firstIndex secondIndex stateIndex controlFlags firstValue crc inputCursor state outputCursor result,353ca70794ea4aec1db7af5d016351036a90a655b049bfcebd5fd45e26c5e153,243e1cae7fc57681cee68ea32b602aa57c2c97a5454e8afb517ad11c2885d0d0,97.88162,97.72777,0,87,True,True,True,True,True,True
080,neighbor_evaluation,decryptedData secondValue dataLength i crcIndex firstIndex secondIndex crc controlFlags stateIndex firstValue inputCursor state outputCursor result,3f27827496e272c6b2b339fc53e40000021e034f2045744c8e9308d147c66faf,243e1cae7fc57681cee68ea32b602aa57c2c97a5454e8afb517ad11c2885d0d0,97.88162,97.72777,0,87,True,True,True,True,True,True
081,neighbor_evaluation,decryptedData secondValue dataLength i crcIndex firstIndex secondIndex inputCursor controlFlags stateIndex crc firstValue state outputCursor result,bdc247d98f4729f8094c1e27ea68c831b091403aae2b810d158b0e060e47522e,243e1cae7fc57681cee68ea32b602aa57c2c97a5454e8afb517ad11c2885d0d0,97.88162,97.72777,0,87,True,True,True,True,True,True
082,neighbor_evaluation,decryptedData secondValue dataLength i crcIndex firstIndex secondIndex state controlFlags stateIndex crc inputCursor firstValue outputCursor result,599d7df1f946759f194f890d1d1be79ed8393c6d41ef3abfd6ac41b510fd9268,46711b4995ef7ea8250ae1ffe0cf9b9fdf30329f79d6ca2a0a507db357500c50,97.52336,97.699356,0,99,True,True,True,True,True,True
083,neighbor_evaluation,decryptedData secondValue dataLength i crcIndex firstIndex secondIndex outputCursor controlFlags stateIndex crc inputCursor state firstValue result,0e7c93af2681d40a5412f1aa60ce75beded428948eaa6a8692b210fac2d75f49,821e84a0ca627be18ccec4ab0c8c9570ab252da79a154cefc7b4ccf4df1aba06,97.39875,97.689476,0,102,True,True,True,True,True,True
084,neighbor_evaluation,decryptedData secondValue dataLength i crcIndex firstIndex secondIndex result controlFlags stateIndex crc inputCursor state outputCursor firstValue,dd3846d3dfac13541516f712555e0c15838846b53bf88fe93d013c572533d1de,46711b4995ef7ea8250ae1ffe0cf9b9fdf30329f79d6ca2a0a507db357500c50,97.52336,97.699356,0,99,True,True,True,True,True,True
085,neighbor_evaluation,decryptedData secondValue dataLength i crcIndex firstIndex secondIndex firstValue stateIndex controlFlags crc inputCursor state outputCursor result,7a446ce25350a302fa7f81df6a7197bdad38d6d13084877921df67b69ef80e00,243e1cae7fc57681cee68ea32b602aa57c2c97a5454e8afb517ad11c2885d0d0,97.88162,97.72777,0,87,True,True,True,True,True,True
086,neighbor_evaluation,decryptedData secondValue dataLength i crcIndex firstIndex secondIndex firstValue crc stateIndex controlFlags inputCursor state outputCursor result,d8f8926eb66efcd948a71b062f8cb83ac13cd5d859f40d4a203814f30a85114a,243e1cae7fc57681cee68ea32b602aa57c2c97a5454e8afb517ad11c2885d0d0,97.88162,97.72777,0,87,True,True,True,True,True,True
087,neighbor_evaluation,decryptedData secondValue dataLength i crcIndex firstIndex secondIndex firstValue inputCursor stateIndex crc controlFlags state outputCursor result,888bbe8a2ac33daa465f572857239cd17307d6759d776930c182ade11714f428,243e1cae7fc57681cee68ea32b602aa57c2c97a5454e8afb517ad11c2885d0d0,97.88162,97.72777,0,87,True,True,True,True,True,True
088,neighbor_evaluation,decryptedData secondValue dataLength i crcIndex firstIndex secondIndex firstValue state stateIndex crc inputCursor controlFlags outputCursor result,a7d7b8c609e9eb582f96b4cab6baa947ed23e424703ee5f1cdfc5a05c19fa526,2e81184223ab3243b9075cede618a46db365372b4340ada83e9a2319ffe51a29,97.61682,97.70677,0,96,True,True,True,True,True,True
089,neighbor_evaluation,decryptedData secondValue dataLength i crcIndex firstIndex secondIndex firstValue outputCursor stateIndex crc inputCursor state controlFlags result,dae16220d083d2942fa45738528a1d5b201009d4f986d8e586cf357a59ace0a3,555b72d2a30a01b4ff09c3a65d9aada844d55ff177a82c51968e97299f1ca4ad,97.49221,97.696884,0,102,True,True,True,True,True,True
090,neighbor_evaluation,decryptedData secondValue dataLength i crcIndex firstIndex secondIndex firstValue result stateIndex crc inputCursor state outputCursor controlFlags,4e53cf7b600a296d181fc331d023fbbdc16ab73a643cf0f95e64764947165cd9,243e1cae7fc57681cee68ea32b602aa57c2c97a5454e8afb517ad11c2885d0d0,97.88162,97.72777,0,87,True,True,True,True,True,True
091,neighbor_evaluation,decryptedData secondValue dataLength i crcIndex firstIndex secondIndex firstValue controlFlags crc stateIndex inputCursor state outputCursor result,0b1d5f81fef04b2845e0ec559a1435f2f41f60b4635c8521d76cf54884725e91,243e1cae7fc57681cee68ea32b602aa57c2c97a5454e8afb517ad11c2885d0d0,97.88162,97.72777,0,87,True,True,True,True,True,True
092,neighbor_evaluation,decryptedData secondValue dataLength i crcIndex firstIndex secondIndex firstValue controlFlags inputCursor crc stateIndex state outputCursor result,109bab3fc59dc0fb5ee0e30bb4233e2a35f85fb5eab942692b975057a59bfa51,243e1cae7fc57681cee68ea32b602aa57c2c97a5454e8afb517ad11c2885d0d0,97.88162,97.72777,0,87,True,True,True,True,True,True
093,neighbor_evaluation,decryptedData secondValue dataLength i crcIndex firstIndex secondIndex firstValue controlFlags state crc inputCursor stateIndex outputCursor result,290bcfd554a1babdaf7026e02b37d6c36751e3fbddf89fb60134fc4cbedda5d8,2e81184223ab3243b9075cede618a46db365372b4340ada83e9a2319ffe51a29,97.61682,97.70677,0,96,True,True,True,True,True,True
094,neighbor_evaluation,decryptedData secondValue dataLength i crcIndex firstIndex secondIndex firstValue controlFlags outputCursor crc inputCursor state stateIndex result,048ab764323aa04f122e670235401122168e37b78a9216c041be438728cde149,555b72d2a30a01b4ff09c3a65d9aada844d55ff177a82c51968e97299f1ca4ad,97.49221,97.696884,0,102,True,True,True,True,True,True
095,neighbor_evaluation,decryptedData secondValue dataLength i crcIndex firstIndex secondIndex firstValue controlFlags result crc inputCursor state outputCursor stateIndex,9c7ba28af9104449d6d4a5e6a83538b80d7d9e552f0ad16eb18266654bbf195a,243e1cae7fc57681cee68ea32b602aa57c2c97a5454e8afb517ad11c2885d0d0,97.88162,97.72777,0,87,True,True,True,True,True,True
096,neighbor_evaluation,decryptedData secondValue dataLength i crcIndex firstIndex secondIndex firstValue controlFlags stateIndex inputCursor crc state outputCursor result,87a27719396a61aea8f89c95626d4cabb0acea2b56995ef3af3212152dd25944,243e1cae7fc57681cee68ea32b602aa57c2c97a5454e8afb517ad11c2885d0d0,97.88162,97.72777,0,87,True,True,True,True,True,True
097,neighbor_evaluation,decryptedData secondValue dataLength i crcIndex firstIndex secondIndex firstValue controlFlags stateIndex state inputCursor crc outputCursor result,6fcdd33b637e7bfb4ac7ba3edc1501518ea570454e4c02398d785ee9b67bca23,2e81184223ab3243b9075cede618a46db365372b4340ada83e9a2319ffe51a29,97.61682,97.70677,0,96,True,True,True,True,True,True
098,neighbor_evaluation,decryptedData secondValue dataLength i crcIndex firstIndex secondIndex firstValue controlFlags stateIndex outputCursor inputCursor state crc result,fa936dda85dfd52a8b1879c61fe6dabaa7dd0156136ce78f823337f7e319328f,555b72d2a30a01b4ff09c3a65d9aada844d55ff177a82c51968e97299f1ca4ad,97.49221,97.696884,0,102,True,True,True,True,True,True
099,neighbor_evaluation,decryptedData secondValue dataLength i crcIndex firstIndex secondIndex firstValue controlFlags stateIndex result inputCursor state outputCursor crc,180f5c12cd2954fe719df1a60c25b7cdece092ed274280ffe799ac64ca80a022,243e1cae7fc57681cee68ea32b602aa57c2c97a5454e8afb517ad11c2885d0d0,97.88162,97.72777,0,87,True,True,True,True,True,True
100,neighbor_evaluation,decryptedData secondValue dataLength i crcIndex firstIndex secondIndex firstValue controlFlags stateIndex crc state inputCursor outputCursor result,a4f28f251a27e53af1828183f25b930a1b1120222b34b1f0d8d092dcd0597bc8,2e81184223ab3243b9075cede618a46db365372b4340ada83e9a2319ffe51a29,97.61682,97.70677,0,96,True,True,True,True,True,True
101,neighbor_evaluation,decryptedData secondValue dataLength i crcIndex firstIndex secondIndex firstValue controlFlags stateIndex crc outputCursor state inputCursor result,823f4d7e1cad9dbd802fca7e179d566493477f6e6323b85a93243d1e516e71d4,33479349215fd07a6d8b81d8e79b72646e6a21cce5c2d8ab05170b6051aa6a9f,97.6324,97.708,0,96,True,True,True,True,True,True
102,neighbor_evaluation,decryptedData secondValue dataLength i crcIndex firstIndex secondIndex firstValue controlFlags stateIndex crc result state outputCursor inputCursor,9e7ec86c415ceef158ab8cb3e803fe46a9c3ac525d6328c7b7adbb51920b1bcb,f08db301c0ae1c83e1a683652237055081ffed4d2c4275a2102bacb3dcc99758,97.49221,97.696884,0,102,True,True,True,True,True,True
103,neighbor_evaluation,decryptedData secondValue dataLength i crcIndex firstIndex secondIndex firstValue controlFlags stateIndex crc inputCursor outputCursor state result,d12645630dfe0c48e60e9d6496e9e22c9fe0f1e2c26685e099fd288547640a2e,0c2f3790fb2bc1613f9b013312946163046e0c726e00f6d2c39a24f53cbc739c,97.61682,97.70677,0,99,True,True,True,True,True,True
104,neighbor_evaluation,decryptedData secondValue dataLength i crcIndex firstIndex secondIndex firstValue controlFlags stateIndex crc inputCursor result outputCursor state,a11389f4ca9c4040f6c473736d4a93a21cb84043ceab1b282cad94c83120ca5e,0c2f3790fb2bc1613f9b013312946163046e0c726e00f6d2c39a24f53cbc739c,97.61682,97.70677,0,99,True,True,True,True,True,True
105,neighbor_evaluation,decryptedData secondValue dataLength i crcIndex firstIndex secondIndex firstValue controlFlags stateIndex crc inputCursor state result outputCursor,22bebce7c64c1a79cc8d19a94074c95294007c30800791650b578223a34f26e0,243e1cae7fc57681cee68ea32b602aa57c2c97a5454e8afb517ad11c2885d0d0,97.88162,97.72777,0,87,True,True,True,True,True,True
106,neighbor_evaluation,secondValue dataLength decryptedData i crcIndex firstIndex secondIndex firstValue controlFlags stateIndex crc inputCursor state outputCursor result,abb7c3ae40e7a5820dadcf072d63bee7b27d07bb1437e7bef519ecfe9f3b6186,7ee4d39e1a67501811d70d7dd390be007a4a6569559fb4e4db8484326428b1ee,97.50779,97.69812,0,111,True,True,True,True,True,True
107,neighbor_evaluation,secondValue dataLength i decryptedData crcIndex firstIndex secondIndex firstValue controlFlags stateIndex crc inputCursor state outputCursor result,e0e4a4f01726fe87d339553a4ed6b024b07aa88d7455d700bba9c15a1714453c,7ee4d39e1a67501811d70d7dd390be007a4a6569559fb4e4db8484326428b1ee,97.50779,97.69812,0,111,True,True,True,True,True,True
108,neighbor_evaluation,secondValue dataLength i crcIndex decryptedData firstIndex secondIndex firstValue controlFlags stateIndex crc inputCursor state outputCursor result,44aee78cd6626f6e302165e61fa80680d0e63188b605de2ab9d385183576b56a,7ee4d39e1a67501811d70d7dd390be007a4a6569559fb4e4db8484326428b1ee,97.50779,97.69812,0,111,True,True,True,True,True,True
109,neighbor_evaluation,secondValue dataLength i crcIndex firstIndex decryptedData secondIndex firstValue controlFlags stateIndex crc inputCursor state outputCursor result,85bcdb0e01bf499416bf75d63d9592caa904dd62c3f0456f6a2b110767ca9db7,7ee4d39e1a67501811d70d7dd390be007a4a6569559fb4e4db8484326428b1ee,97.50779,97.69812,0,111,True,True,True,True,True,True
110,neighbor_evaluation,secondValue dataLength i crcIndex firstIndex secondIndex decryptedData firstValue controlFlags stateIndex crc inputCursor state outputCursor result,d791690a9be87d43f193d95288693413a980e8e3333dbe548a6f06b198a01638,7ee4d39e1a67501811d70d7dd390be007a4a6569559fb4e4db8484326428b1ee,97.50779,97.69812,0,111,True,True,True,True,True,True
111,neighbor_evaluation,secondValue dataLength i crcIndex firstIndex secondIndex firstValue decryptedData controlFlags stateIndex crc inputCursor state outputCursor result,ca33a1a12663fbbe9f8529645de134f53c11146efb54cf259a2fee5d0b764972,7ee4d39e1a67501811d70d7dd390be007a4a6569559fb4e4db8484326428b1ee,97.50779,97.69812,0,111,True,True,True,True,True,True
112,neighbor_evaluation,secondValue dataLength i crcIndex firstIndex secondIndex firstValue controlFlags decryptedData stateIndex crc inputCursor state outputCursor result,961a2f34f183ce5c415c5271307dfa11a06a02cb9f5214a7680a2b282992898d,7ee4d39e1a67501811d70d7dd390be007a4a6569559fb4e4db8484326428b1ee,97.50779,97.69812,0,111,True,True,True,True,True,True
113,neighbor_evaluation,secondValue dataLength i crcIndex firstIndex secondIndex firstValue controlFlags stateIndex decryptedData crc inputCursor state outputCursor result,757e64815294d21900df7814e6a231cbb0f5766c80d4383acd98094cfc5573a4,7ee4d39e1a67501811d70d7dd390be007a4a6569559fb4e4db8484326428b1ee,97.50779,97.69812,0,111,True,True,True,True,True,True
114,neighbor_evaluation,secondValue dataLength i crcIndex firstIndex secondIndex firstValue controlFlags stateIndex crc decryptedData inputCursor state outputCursor result,8ce3faa9caa6326bcb7060d2d258ceb65299b79120791c5b11464e106acd30b9,7ee4d39e1a67501811d70d7dd390be007a4a6569559fb4e4db8484326428b1ee,97.50779,97.69812,0,111,True,True,True,True,True,True
115,neighbor_evaluation,secondValue dataLength i crcIndex firstIndex secondIndex firstValue controlFlags stateIndex crc inputCursor decryptedData state outputCursor result,ab5e8ef793a17c12145b5bda2d6f3834b2fefd47df606a2c0e46ea7b4e4bc678,7ee4d39e1a67501811d70d7dd390be007a4a6569559fb4e4db8484326428b1ee,97.50779,97.69812,0,111,True,True,True,True,True,True
116,neighbor_evaluation,secondValue dataLength i crcIndex firstIndex secondIndex firstValue controlFlags stateIndex crc inputCursor state decryptedData outputCursor result,e23a9767c97bd7099d223b1beefbac11b31bd4dac799237e69f6584af888b718,7ee4d39e1a67501811d70d7dd390be007a4a6569559fb4e4db8484326428b1ee,97.50779,97.69812,0,111,True,True,True,True,True,True
117,neighbor_evaluation,secondValue dataLength i crcIndex firstIndex secondIndex firstValue controlFlags stateIndex crc inputCursor state outputCursor decryptedData result,efebd8d4a588cfb1836361f96891f77b960e878617db509ee157d52d60ef78c7,7ee4d39e1a67501811d70d7dd390be007a4a6569559fb4e4db8484326428b1ee,97.50779,97.69812,0,111,True,True,True,True,True,True
118,neighbor_evaluation,secondValue dataLength i crcIndex firstIndex secondIndex firstValue controlFlags stateIndex crc inputCursor state outputCursor result decryptedData,28496737733640e2d24d87c6a357a1aaca2dae833794751d0ef9b814065ff364,7ee4d39e1a67501811d70d7dd390be007a4a6569559fb4e4db8484326428b1ee,97.50779,97.69812,0,111,True,True,True,True,True,True
119,neighbor_evaluation,decryptedData dataLength i secondValue crcIndex firstIndex secondIndex firstValue controlFlags stateIndex crc inputCursor state outputCursor result,0896039277d2574287c957d30ab3c9900f6912a8f10b6538613c40c1a5f8ae6a,243e1cae7fc57681cee68ea32b602aa57c2c97a5454e8afb517ad11c2885d0d0,97.88162,97.72777,0,87,True,True,True,True,True,True
120,neighbor_evaluation,decryptedData dataLength i crcIndex secondValue firstIndex secondIndex firstValue controlFlags stateIndex crc inputCursor state outputCursor result,991d975189a5f48ab11cf755973042bbc6f2d86f93f5f4f2856dcf9e8cef40cf,243e1cae7fc57681cee68ea32b602aa57c2c97a5454e8afb517ad11c2885d0d0,97.88162,97.72777,0,87,True,True,True,True,True,True
121,neighbor_evaluation,decryptedData dataLength i crcIndex firstIndex secondValue secondIndex firstValue controlFlags stateIndex crc inputCursor state outputCursor result,e558ddebccb82684b1ced25fec930e35508eb06e1bb347abfb189530848a8d45,243e1cae7fc57681cee68ea32b602aa57c2c97a5454e8afb517ad11c2885d0d0,97.88162,97.72777,0,87,True,True,True,True,True,True
122,neighbor_evaluation,decryptedData dataLength i crcIndex firstIndex secondIndex secondValue firstValue controlFlags stateIndex crc inputCursor state outputCursor result,521788280fd458035a32f2b0ca011ebe72592b11cd9a5fe872b510bd1dfb3c85,8dcc1e9c2c25201b4cc4e70f04951c5526b171da95c30cd462a094136e702e09,97.74143,97.71665,0,87,True,True,True,True,True,True
123,neighbor_evaluation,decryptedData dataLength i crcIndex firstIndex secondIndex firstValue secondValue controlFlags stateIndex crc inputCursor state outputCursor result,db824439667e6778073162bb4c1a74f412801296950fcfe892fa9de216c91537,8dcc1e9c2c25201b4cc4e70f04951c5526b171da95c30cd462a094136e702e09,97.74143,97.71665,0,87,True,True,True,True,True,True
124,neighbor_evaluation,decryptedData dataLength i crcIndex firstIndex secondIndex firstValue controlFlags secondValue stateIndex crc inputCursor state outputCursor result,536a7b1b11eb02587c5f3ee49f121a0bb1d2de24cc261778e9c89eb14e967c9d,8dcc1e9c2c25201b4cc4e70f04951c5526b171da95c30cd462a094136e702e09,97.74143,97.71665,0,87,True,True,True,True,True,True
125,neighbor_evaluation,decryptedData dataLength i crcIndex firstIndex secondIndex firstValue controlFlags stateIndex secondValue crc inputCursor state outputCursor result,0076a2c3fdbf3d83615264723e9d5bb9779513b1cc81aae1d36acb2530acb873,8dcc1e9c2c25201b4cc4e70f04951c5526b171da95c30cd462a094136e702e09,97.74143,97.71665,0,87,True,True,True,True,True,True
126,neighbor_evaluation,decryptedData dataLength i crcIndex firstIndex secondIndex firstValue controlFlags stateIndex crc secondValue inputCursor state outputCursor result,42d0779b98c22bdaf884cfb3c99908c1abaef210ccbf69c95926f2ecffd5ef8c,8dcc1e9c2c25201b4cc4e70f04951c5526b171da95c30cd462a094136e702e09,97.74143,97.71665,0,87,True,True,True,True,True,True
127,neighbor_evaluation,decryptedData dataLength i crcIndex firstIndex secondIndex firstValue controlFlags stateIndex crc inputCursor secondValue state outputCursor result,13a3748ab36a629cc6d22b5d250ccbd3026ca6e77dfa21b67d6717fbc104c08f,8dcc1e9c2c25201b4cc4e70f04951c5526b171da95c30cd462a094136e702e09,97.74143,97.71665,0,87,True,True,True,True,True,True
128,neighbor_evaluation,decryptedData dataLength i crcIndex firstIndex secondIndex firstValue controlFlags stateIndex crc inputCursor state secondValue outputCursor result,eb86afcf65529d13e4dcf04e7eb23db0873b0f8101e4cb8515b37d96043380e0,fcc905302c7248d4657b3d1f11f336bed804f7451cbb410dea9da51459053510,97.38318,97.68824,0,99,True,True,True,True,True,True
129,neighbor_evaluation,decryptedData dataLength i crcIndex firstIndex secondIndex firstValue controlFlags stateIndex crc inputCursor state outputCursor secondValue result,252242b9c84a2e695cbf67c4fab80c95b69ae41d6e00b5d143f21fdd0bc01766,fcc905302c7248d4657b3d1f11f336bed804f7451cbb410dea9da51459053510,97.38318,97.68824,0,99,True,True,True,True,True,True
130,neighbor_evaluation,decryptedData dataLength i crcIndex firstIndex secondIndex firstValue controlFlags stateIndex crc inputCursor state outputCursor result secondValue,5396be6b4334cead208c065bdd5d8339813480e305680ab472fdd07731a1938f,fcc905302c7248d4657b3d1f11f336bed804f7451cbb410dea9da51459053510,97.38318,97.68824,0,99,True,True,True,True,True,True
131,neighbor_evaluation,dataLength decryptedData secondValue i crcIndex firstIndex secondIndex firstValue controlFlags stateIndex crc inputCursor state outputCursor result,4cae3cd10e3822db76b3ed2540b3de398cb16518aa6ee64a1eb23ab022fb0281,7ee4d39e1a67501811d70d7dd390be007a4a6569559fb4e4db8484326428b1ee,97.50779,97.69812,0,111,True,True,True,True,True,True
132,neighbor_evaluation,decryptedData secondValue i crcIndex dataLength firstIndex secondIndex firstValue controlFlags stateIndex crc inputCursor state outputCursor result,4b7532a9ce3f98573d46c9c125384d99c4450c4520b370dddca5c660f739f09d,243e1cae7fc57681cee68ea32b602aa57c2c97a5454e8afb517ad11c2885d0d0,97.88162,97.72777,0,87,True,True,True,True,True,True
133,neighbor_evaluation,decryptedData secondValue i crcIndex firstIndex dataLength secondIndex firstValue controlFlags stateIndex crc inputCursor state outputCursor result,4e879cb2ce645d64816d23a5edf3229e1cc64a1f8471e86cfd4a7b736a366785,243e1cae7fc57681cee68ea32b602aa57c2c97a5454e8afb517ad11c2885d0d0,97.88162,97.72777,0,87,True,True,True,True,True,True
134,neighbor_evaluation,decryptedData secondValue i crcIndex firstIndex secondIndex dataLength firstValue controlFlags stateIndex crc inputCursor state outputCursor result,6d2e6cee633d0226cb8aa2de0adfba10194121ab4e13403a40b2043896f49cb3,243e1cae7fc57681cee68ea32b602aa57c2c97a5454e8afb517ad11c2885d0d0,97.88162,97.72777,0,87,True,True,True,True,True,True
135,neighbor_evaluation,decryptedData secondValue i crcIndex firstIndex secondIndex firstValue dataLength controlFlags stateIndex crc inputCursor state outputCursor result,42b6b0aba498470726277d626f8cdb91d2e8f4fbf5673091edda30f043a7c22d,243e1cae7fc57681cee68ea32b602aa57c2c97a5454e8afb517ad11c2885d0d0,97.88162,97.72777,0,87,True,True,True,True,True,True
136,neighbor_evaluation,decryptedData secondValue i crcIndex firstIndex secondIndex firstValue controlFlags dataLength stateIndex crc inputCursor state outputCursor result,520bd98c913d156f35e61e7a0a69dbc9f533294d93600617dc07336c560926e6,243e1cae7fc57681cee68ea32b602aa57c2c97a5454e8afb517ad11c2885d0d0,97.88162,97.72777,0,87,True,True,True,True,True,True
137,neighbor_evaluation,decryptedData secondValue i crcIndex firstIndex secondIndex firstValue controlFlags stateIndex dataLength crc inputCursor state outputCursor result,f098997a85fa858cd82c237d9ee5f4de7acef55e6e612b221728f5c027bf6d8a,243e1cae7fc57681cee68ea32b602aa57c2c97a5454e8afb517ad11c2885d0d0,97.88162,97.72777,0,87,True,True,True,True,True,True
138,neighbor_evaluation,decryptedData secondValue i crcIndex firstIndex secondIndex firstValue controlFlags stateIndex crc dataLength inputCursor state outputCursor result,494fef189fea598290ddcfac4b84ff0b328e38ac55a02bc315c8ce3ae28d256c,243e1cae7fc57681cee68ea32b602aa57c2c97a5454e8afb517ad11c2885d0d0,97.88162,97.72777,0,87,True,True,True,True,True,True
139,neighbor_evaluation,decryptedData secondValue i crcIndex firstIndex secondIndex firstValue controlFlags stateIndex crc inputCursor dataLength state outputCursor result,30db68c0a2157776442bc7d8f498a691c6b03764f76a7966419516f10d7cd3a6,243e1cae7fc57681cee68ea32b602aa57c2c97a5454e8afb517ad11c2885d0d0,97.88162,97.72777,0,87,True,True,True,True,True,True
140,neighbor_evaluation,decryptedData secondValue i crcIndex firstIndex secondIndex firstValue controlFlags stateIndex crc inputCursor state dataLength outputCursor result,2bc71824edfe96b085ec534873cff6ad0b4ec5bc447bed5b044708b3d9af1d40,243e1cae7fc57681cee68ea32b602aa57c2c97a5454e8afb517ad11c2885d0d0,97.88162,97.72777,0,87,True,True,True,True,True,True
141,neighbor_evaluation,decryptedData secondValue i crcIndex firstIndex secondIndex firstValue controlFlags stateIndex crc inputCursor state outputCursor dataLength result,843610957dc2e398cdc2abba65922f4dec764193d97cab5a2360be98bc715550,243e1cae7fc57681cee68ea32b602aa57c2c97a5454e8afb517ad11c2885d0d0,97.88162,97.72777,0,87,True,True,True,True,True,True
142,neighbor_evaluation,decryptedData secondValue i crcIndex firstIndex secondIndex firstValue controlFlags stateIndex crc inputCursor state outputCursor result dataLength,8879d3173965ed02d0e68b4a4fdacdc770e83c8853b4471272f8cf015ed6000b,243e1cae7fc57681cee68ea32b602aa57c2c97a5454e8afb517ad11c2885d0d0,97.88162,97.72777,0,87,True,True,True,True,True,True
143,neighbor_evaluation,i decryptedData secondValue dataLength crcIndex firstIndex secondIndex firstValue controlFlags stateIndex crc inputCursor state outputCursor result,c148d43df3df7c8f0a8adfe418328d04ef32fd681b77279f3de08a75011a0aa3,243e1cae7fc57681cee68ea32b602aa57c2c97a5454e8afb517ad11c2885d0d0,97.88162,97.72777,0,87,True,True,True,True,True,True
144,neighbor_evaluation,decryptedData i secondValue dataLength crcIndex firstIndex secondIndex firstValue controlFlags stateIndex crc inputCursor state outputCursor result,3b13055283056e3d8ad61159de79a979e6832645a2d4699c30d533e36f14537a,243e1cae7fc57681cee68ea32b602aa57c2c97a5454e8afb517ad11c2885d0d0,97.88162,97.72777,0,87,True,True,True,True,True,True
145,neighbor_evaluation,decryptedData secondValue dataLength crcIndex firstIndex i secondIndex firstValue controlFlags stateIndex crc inputCursor state outputCursor result,4640f01a649ffd1b33c9b4ace90faae6671f036048337f465ea8acf1b282c79a,243e1cae7fc57681cee68ea32b602aa57c2c97a5454e8afb517ad11c2885d0d0,97.88162,97.72777,0,87,True,True,True,True,True,True
146,neighbor_evaluation,decryptedData secondValue dataLength crcIndex firstIndex secondIndex i firstValue controlFlags stateIndex crc inputCursor state outputCursor result,3a16180cc204e2fe037c9988a7071241df5f3f4ce7ee977d442b0f4cce1c4a07,243e1cae7fc57681cee68ea32b602aa57c2c97a5454e8afb517ad11c2885d0d0,97.88162,97.72777,0,87,True,True,True,True,True,True
147,neighbor_evaluation,decryptedData secondValue dataLength crcIndex firstIndex secondIndex firstValue i controlFlags stateIndex crc inputCursor state outputCursor result,13200ba7bc456911103a9171018b8801369acbc907df700e54d5237f79fc849d,243e1cae7fc57681cee68ea32b602aa57c2c97a5454e8afb517ad11c2885d0d0,97.88162,97.72777,0,87,True,True,True,True,True,True
148,neighbor_evaluation,decryptedData secondValue dataLength crcIndex firstIndex secondIndex firstValue controlFlags i stateIndex crc inputCursor state outputCursor result,1efc8ff56bc03aafca57ff71b289e8c1e13a4cdf0e0e9bdb6321332f65f8f13b,243e1cae7fc57681cee68ea32b602aa57c2c97a5454e8afb517ad11c2885d0d0,97.88162,97.72777,0,87,True,True,True,True,True,True
149,neighbor_evaluation,decryptedData secondValue dataLength crcIndex firstIndex secondIndex firstValue controlFlags stateIndex i crc inputCursor state outputCursor result,84096229f8a68ccc06a1c7103315313755e14ba5500bd19f432e96058b1f88cb,243e1cae7fc57681cee68ea32b602aa57c2c97a5454e8afb517ad11c2885d0d0,97.88162,97.72777,0,87,True,True,True,True,True,True
150,neighbor_evaluation,decryptedData secondValue dataLength crcIndex firstIndex secondIndex firstValue controlFlags stateIndex crc i inputCursor state outputCursor result,2750ab60ee67a42ff8a56d7236970466f213c1cbbe0b32f9a0e72093ba3de1cf,243e1cae7fc57681cee68ea32b602aa57c2c97a5454e8afb517ad11c2885d0d0,97.88162,97.72777,0,87,True,True,True,True,True,True
151,neighbor_evaluation,decryptedData secondValue dataLength crcIndex firstIndex secondIndex firstValue controlFlags stateIndex crc inputCursor i state outputCursor result,0112d372111fa1062a8742940d284cabe8136e7757f36b8ed18fa68d5c4bd2c1,243e1cae7fc57681cee68ea32b602aa57c2c97a5454e8afb517ad11c2885d0d0,97.88162,97.72777,0,87,True,True,True,True,True,True
152,neighbor_evaluation,decryptedData secondValue dataLength crcIndex firstIndex secondIndex firstValue controlFlags stateIndex crc inputCursor state i outputCursor result,436fa56f0cc8d766dddfaf607abf198d50b8df6fec00171df585f7067d1d602f,243e1cae7fc57681cee68ea32b602aa57c2c97a5454e8afb517ad11c2885d0d0,97.88162,97.72777,0,87,True,True,True,True,True,True
153,neighbor_evaluation,decryptedData secondValue dataLength crcIndex firstIndex secondIndex firstValue controlFlags stateIndex crc inputCursor state outputCursor i result,dba06fa8f0d1db8833bf5f94e0d82fd52f2946dc287805a46f7d0bf36e15b176,243e1cae7fc57681cee68ea32b602aa57c2c97a5454e8afb517ad11c2885d0d0,97.88162,97.72777,0,87,True,True,True,True,True,True
154,neighbor_evaluation,decryptedData secondValue dataLength crcIndex firstIndex secondIndex firstValue controlFlags stateIndex crc inputCursor state outputCursor result i,2fe36388c514ed640d0bb2c501b2184acf3f40fa288ca3620f7b2cc9e9effb79,243e1cae7fc57681cee68ea32b602aa57c2c97a5454e8afb517ad11c2885d0d0,97.88162,97.72777,0,87,True,True,True,True,True,True
155,neighbor_evaluation,crcIndex decryptedData secondValue dataLength i firstIndex secondIndex firstValue controlFlags stateIndex crc inputCursor state outputCursor result,c7db764b1298424a679ac64b4f704d37c6f1a0f8fa54922df77dd4947c7e9071,243e1cae7fc57681cee68ea32b602aa57c2c97a5454e8afb517ad11c2885d0d0,97.88162,97.72777,0,87,True,True,True,True,True,True
156,neighbor_evaluation,decryptedData crcIndex secondValue dataLength i firstIndex secondIndex firstValue controlFlags stateIndex crc inputCursor state outputCursor result,6531a2e81ca1684de3927ca9c8338baeaf29b0877494d88bd1f3ec069b137b3d,243e1cae7fc57681cee68ea32b602aa57c2c97a5454e8afb517ad11c2885d0d0,97.88162,97.72777,0,87,True,True,True,True,True,True
157,neighbor_evaluation,decryptedData secondValue crcIndex dataLength i firstIndex secondIndex firstValue controlFlags stateIndex crc inputCursor state outputCursor result,f87fe8a9a1b8214a122fc7890b57ba0bf659c805b78fd553d2dd0454219948ef,243e1cae7fc57681cee68ea32b602aa57c2c97a5454e8afb517ad11c2885d0d0,97.88162,97.72777,0,87,True,True,True,True,True,True
158,neighbor_evaluation,decryptedData secondValue dataLength i firstIndex secondIndex crcIndex firstValue controlFlags stateIndex crc inputCursor state outputCursor result,905ee5903778e93e1306fc415330fee15394dfebe32aa9fdca1922d51b3704f4,243e1cae7fc57681cee68ea32b602aa57c2c97a5454e8afb517ad11c2885d0d0,97.88162,97.72777,0,87,True,True,True,True,True,True
159,neighbor_evaluation,decryptedData secondValue dataLength i firstIndex secondIndex firstValue crcIndex controlFlags stateIndex crc inputCursor state outputCursor result,ac4137594f3701756accead4d155d3bdf3399df2176ae9fbbdbedf8c08cc0123,243e1cae7fc57681cee68ea32b602aa57c2c97a5454e8afb517ad11c2885d0d0,97.88162,97.72777,0,87,True,True,True,True,True,True
160,neighbor_evaluation,decryptedData secondValue dataLength i firstIndex secondIndex firstValue controlFlags crcIndex stateIndex crc inputCursor state outputCursor result,97ec93193081b30e295e00058cadb8fb94fb0d7187e7c0a17c1a20b762d226b6,243e1cae7fc57681cee68ea32b602aa57c2c97a5454e8afb517ad11c2885d0d0,97.88162,97.72777,0,87,True,True,True,True,True,True
161,neighbor_evaluation,decryptedData secondValue dataLength i firstIndex secondIndex firstValue controlFlags stateIndex crcIndex crc inputCursor state outputCursor result,f4f51ea0145029353c4437a071484910444e6d9484819e1703132a4786b71947,243e1cae7fc57681cee68ea32b602aa57c2c97a5454e8afb517ad11c2885d0d0,97.88162,97.72777,0,87,True,True,True,True,True,True
162,neighbor_evaluation,decryptedData secondValue dataLength i firstIndex secondIndex firstValue controlFlags stateIndex crc crcIndex inputCursor state outputCursor result,14d20639976870d19b3a31b81794744a2b39003f6d9319de9a8ddefe0de058b3,243e1cae7fc57681cee68ea32b602aa57c2c97a5454e8afb517ad11c2885d0d0,97.88162,97.72777,0,87,True,True,True,True,True,True
163,neighbor_evaluation,decryptedData secondValue dataLength i firstIndex secondIndex firstValue controlFlags stateIndex crc inputCursor crcIndex state outputCursor result,12e2f9063d3d3e7e3435dbe94b3884ee13c85f4d7f366d42fd53e9258e1a648c,243e1cae7fc57681cee68ea32b602aa57c2c97a5454e8afb517ad11c2885d0d0,97.88162,97.72777,0,87,True,True,True,True,True,True
164,neighbor_evaluation,decryptedData secondValue dataLength i firstIndex secondIndex firstValue controlFlags stateIndex crc inputCursor state crcIndex outputCursor result,1bb05487da21bc0e369c21913c9c3e36b992d9526868c56c3be3bd1e6639fa9b,243e1cae7fc57681cee68ea32b602aa57c2c97a5454e8afb517ad11c2885d0d0,97.88162,97.72777,0,87,True,True,True,True,True,True
165,neighbor_evaluation,decryptedData secondValue dataLength i firstIndex secondIndex firstValue controlFlags stateIndex crc inputCursor state outputCursor crcIndex result,5d2a76b39c0a58f2a65a3218aace0014fa8abd5a01bb95b9a26a4eafd4b79eaa,243e1cae7fc57681cee68ea32b602aa57c2c97a5454e8afb517ad11c2885d0d0,97.88162,97.72777,0,87,True,True,True,True,True,True
166,neighbor_evaluation,decryptedData secondValue dataLength i firstIndex secondIndex firstValue controlFlags stateIndex crc inputCursor state outputCursor result crcIndex,deb0b71230cc3bbca13d9cba45cde3d648c9d8bcb6a3fc7d714e499801f0fa22,243e1cae7fc57681cee68ea32b602aa57c2c97a5454e8afb517ad11c2885d0d0,97.88162,97.72777,0,87,True,True,True,True,True,True
167,neighbor_evaluation,firstIndex decryptedData secondValue dataLength i crcIndex secondIndex firstValue controlFlags stateIndex crc inputCursor state outputCursor result,b9758c072ef98a359acda7c32e08272950e4f67b4c300e5a6e229522d2034332,243e1cae7fc57681cee68ea32b602aa57c2c97a5454e8afb517ad11c2885d0d0,97.88162,97.72777,0,87,True,True,True,True,True,True
168,neighbor_evaluation,decryptedData firstIndex secondValue dataLength i crcIndex secondIndex firstValue controlFlags stateIndex crc inputCursor state outputCursor result,b617f3c33abbeb5f3062c066dc3022def5f5088f8a56f01ac83d26226d0e8d05,243e1cae7fc57681cee68ea32b602aa57c2c97a5454e8afb517ad11c2885d0d0,97.88162,97.72777,0,87,True,True,True,True,True,True
169,neighbor_evaluation,decryptedData secondValue firstIndex dataLength i crcIndex secondIndex firstValue controlFlags stateIndex crc inputCursor state outputCursor result,ba0b89419d9aff84d0aad49c9127c67fc9e1f00b3f04a011bdcbd80578b64f89,243e1cae7fc57681cee68ea32b602aa57c2c97a5454e8afb517ad11c2885d0d0,97.88162,97.72777,0,87,True,True,True,True,True,True
170,neighbor_evaluation,decryptedData secondValue dataLength firstIndex i crcIndex secondIndex firstValue controlFlags stateIndex crc inputCursor state outputCursor result,82c5cd05a1cc751238f4287d5f122a4b2901bb3482002ec7501eeeb9d674ad77,243e1cae7fc57681cee68ea32b602aa57c2c97a5454e8afb517ad11c2885d0d0,97.88162,97.72777,0,87,True,True,True,True,True,True
171,neighbor_evaluation,decryptedData secondValue dataLength i crcIndex secondIndex firstValue firstIndex controlFlags stateIndex crc inputCursor state outputCursor result,c701b5e0667ed40f3f90dd9443ea14de5bcc1c31fa21f60aee99496b68481c1b,9dbfefa84c20a3c9ab86bc16d69b3aa78ac4f3908cd1251ea06252bf7186cc30,97.6947,97.712944,0,90,True,True,True,True,True,True
172,neighbor_evaluation,decryptedData secondValue dataLength i crcIndex secondIndex firstValue controlFlags firstIndex stateIndex crc inputCursor state outputCursor result,54aeb71c0d8d25e0f4bc54af917142d3655695e732f42e1b402b1290a6e3b20f,9dbfefa84c20a3c9ab86bc16d69b3aa78ac4f3908cd1251ea06252bf7186cc30,97.6947,97.712944,0,90,True,True,True,True,True,True
173,neighbor_evaluation,decryptedData secondValue dataLength i crcIndex secondIndex firstValue controlFlags stateIndex firstIndex crc inputCursor state outputCursor result,e4427f07c148763c3413f446631095c997501913ef647b6d582c4825a7516ca7,9dbfefa84c20a3c9ab86bc16d69b3aa78ac4f3908cd1251ea06252bf7186cc30,97.6947,97.712944,0,90,True,True,True,True,True,True
174,neighbor_evaluation,decryptedData secondValue dataLength i crcIndex secondIndex firstValue controlFlags stateIndex crc firstIndex inputCursor state outputCursor result,8b117d7d1adaebde1b7056372d78d072fa3723946b0fd167bda441d5515e7710,9dbfefa84c20a3c9ab86bc16d69b3aa78ac4f3908cd1251ea06252bf7186cc30,97.6947,97.712944,0,90,True,True,True,True,True,True
175,neighbor_evaluation,decryptedData secondValue dataLength i crcIndex secondIndex firstValue controlFlags stateIndex crc inputCursor firstIndex state outputCursor result,f3c59a5d99a4a88fe3cf110b47e5b41184f96e3842f3ff496511c151a393de48,9dbfefa84c20a3c9ab86bc16d69b3aa78ac4f3908cd1251ea06252bf7186cc30,97.6947,97.712944,0,90,True,True,True,True,True,True
176,neighbor_evaluation,decryptedData secondValue dataLength i crcIndex secondIndex firstValue controlFlags stateIndex crc inputCursor state firstIndex outputCursor result,df304203ae1d8eba912b21e17888d818b5f4618b5404191fe4936879c10d9e98,609e8f4f1193c7774e671858d7f808648ca18fc574830e1692f139a4d03f0aa6,97.52336,97.699356,0,99,True,True,True,True,True,True
177,neighbor_evaluation,decryptedData secondValue dataLength i crcIndex secondIndex firstValue controlFlags stateIndex crc inputCursor state outputCursor firstIndex result,77a2f5cc1077cb0489f274490d0f72f8a01c50bddbb03d14fb510dd196d0c2d9,609e8f4f1193c7774e671858d7f808648ca18fc574830e1692f139a4d03f0aa6,97.52336,97.699356,0,99,True,True,True,True,True,True
178,neighbor_evaluation,decryptedData secondValue dataLength i crcIndex secondIndex firstValue controlFlags stateIndex crc inputCursor state outputCursor result firstIndex,d820009ac1f96e1735b213e813ffe6786dbcfc5adfa754a362822cb5a7d874bb,609e8f4f1193c7774e671858d7f808648ca18fc574830e1692f139a4d03f0aa6,97.52336,97.699356,0,99,True,True,True,True,True,True
179,neighbor_evaluation,secondIndex decryptedData secondValue dataLength i crcIndex firstIndex firstValue controlFlags stateIndex crc inputCursor state outputCursor result,9b1d0defd3af5d607b8af31db2dbbd060af8a571b5eca83521626d4182c8cec5,8dcc1e9c2c25201b4cc4e70f04951c5526b171da95c30cd462a094136e702e09,97.74143,97.71665,0,87,True,True,True,True,True,True
180,neighbor_evaluation,decryptedData secondIndex secondValue dataLength i crcIndex firstIndex firstValue controlFlags stateIndex crc inputCursor state outputCursor result,10eb01eae06e8e5e159ccff4d4a044d43aa35ff191ea921e0ac6faeec5625a40,8dcc1e9c2c25201b4cc4e70f04951c5526b171da95c30cd462a094136e702e09,97.74143,97.71665,0,87,True,True,True,True,True,True
181,neighbor_evaluation,decryptedData secondValue secondIndex dataLength i crcIndex firstIndex firstValue controlFlags stateIndex crc inputCursor state outputCursor result,05706886c5b1947b27f809d2b1515ae0d570b6186839ec7e027a17834a43e21b,243e1cae7fc57681cee68ea32b602aa57c2c97a5454e8afb517ad11c2885d0d0,97.88162,97.72777,0,87,True,True,True,True,True,True
182,neighbor_evaluation,decryptedData secondValue dataLength secondIndex i crcIndex firstIndex firstValue controlFlags stateIndex crc inputCursor state outputCursor result,9834b81d5bccfdb05f448e7caee100138d8fcf7ccbeecd3b41f58ac11b2d8948,243e1cae7fc57681cee68ea32b602aa57c2c97a5454e8afb517ad11c2885d0d0,97.88162,97.72777,0,87,True,True,True,True,True,True
183,neighbor_evaluation,decryptedData secondValue dataLength i secondIndex crcIndex firstIndex firstValue controlFlags stateIndex crc inputCursor state outputCursor result,aa013d6759c4326ceaf1b503b41aa16e0200fd8f422f6629f0811193ae98920e,243e1cae7fc57681cee68ea32b602aa57c2c97a5454e8afb517ad11c2885d0d0,97.88162,97.72777,0,87,True,True,True,True,True,True
184,neighbor_evaluation,decryptedData secondValue dataLength i crcIndex firstIndex firstValue controlFlags secondIndex stateIndex crc inputCursor state outputCursor result,175f48199b8e0e33eb334265e698c17233351e1bb72b65803d2affa3deeded77,243e1cae7fc57681cee68ea32b602aa57c2c97a5454e8afb517ad11c2885d0d0,97.88162,97.72777,0,87,True,True,True,True,True,True
185,neighbor_evaluation,decryptedData secondValue dataLength i crcIndex firstIndex firstValue controlFlags stateIndex secondIndex crc inputCursor state outputCursor result,f23ce534eebc2ac64f6ab2d06ae5d2a577e0dcf8a90b04209efa5286a3b25277,243e1cae7fc57681cee68ea32b602aa57c2c97a5454e8afb517ad11c2885d0d0,97.88162,97.72777,0,87,True,True,True,True,True,True
186,neighbor_evaluation,decryptedData secondValue dataLength i crcIndex firstIndex firstValue controlFlags stateIndex crc secondIndex inputCursor state outputCursor result,4cc6ed05df9527a98a52e927e7fe14d6a4625debe7f6a00a996163f353915abb,243e1cae7fc57681cee68ea32b602aa57c2c97a5454e8afb517ad11c2885d0d0,97.88162,97.72777,0,87,True,True,True,True,True,True
187,neighbor_evaluation,decryptedData secondValue dataLength i crcIndex firstIndex firstValue controlFlags stateIndex crc inputCursor secondIndex state outputCursor result,82b75130238154443d0a97d274a41ec2a9697fbe43cb34b3575b6857d07f96ae,243e1cae7fc57681cee68ea32b602aa57c2c97a5454e8afb517ad11c2885d0d0,97.88162,97.72777,0,87,True,True,True,True,True,True
188,neighbor_evaluation,decryptedData secondValue dataLength i crcIndex firstIndex firstValue controlFlags stateIndex crc inputCursor state secondIndex outputCursor result,a81f279d065cff0fab516f544f8a0d30cdbd0d62bcb1d322dd1af107edeb7875,43a330c5bc669cf5785f6a565954e1f4b7214e5293930464555ca9182ff7b52f,97.52336,97.699356,0,99,True,True,True,True,True,True
189,neighbor_evaluation,decryptedData secondValue dataLength i crcIndex firstIndex firstValue controlFlags stateIndex crc inputCursor state outputCursor secondIndex result,2750b01a242680e8ccf2e3be56614e0933f6952358d3772d4223a33959c0b2f2,43a330c5bc669cf5785f6a565954e1f4b7214e5293930464555ca9182ff7b52f,97.52336,97.699356,0,99,True,True,True,True,True,True
190,neighbor_evaluation,decryptedData secondValue dataLength i crcIndex firstIndex firstValue controlFlags stateIndex crc inputCursor state outputCursor result secondIndex,6090ad69f5719dc95e4494aca4eda7bb315150322477968d760722c2bff21a62,43a330c5bc669cf5785f6a565954e1f4b7214e5293930464555ca9182ff7b52f,97.52336,97.699356,0,99,True,True,True,True,True,True
191,neighbor_evaluation,firstValue decryptedData secondValue dataLength i crcIndex firstIndex secondIndex controlFlags stateIndex crc inputCursor state outputCursor result,28d7541f8408ddf65c9a0c7e0d62dd250dc43ba0d65ec5a7997717596fcf5a44,9dbfefa84c20a3c9ab86bc16d69b3aa78ac4f3908cd1251ea06252bf7186cc30,97.6947,97.712944,0,90,True,True,True,True,True,True
192,neighbor_evaluation,decryptedData firstValue secondValue dataLength i crcIndex firstIndex secondIndex controlFlags stateIndex crc inputCursor state outputCursor result,3e0d6e08fbec7c4c315d89091544d75b1648fcc0c11cd6d9a6edbdccb3555d14,9dbfefa84c20a3c9ab86bc16d69b3aa78ac4f3908cd1251ea06252bf7186cc30,97.6947,97.712944,0,90,True,True,True,True,True,True
193,neighbor_evaluation,decryptedData secondValue firstValue dataLength i crcIndex firstIndex secondIndex controlFlags stateIndex crc inputCursor state outputCursor result,bacc1d32ba6dae42c504b96ddbec1ff1990e13418ed094c8b9d8189793665691,9dbfefa84c20a3c9ab86bc16d69b3aa78ac4f3908cd1251ea06252bf7186cc30,97.6947,97.712944,0,90,True,True,True,True,True,True
194,neighbor_evaluation,decryptedData secondValue dataLength firstValue i crcIndex firstIndex secondIndex controlFlags stateIndex crc inputCursor state outputCursor result,d3b9f2a3a83143c2e701421391462c43e6ab3c83f3854e8b191a7f77a5416165,9dbfefa84c20a3c9ab86bc16d69b3aa78ac4f3908cd1251ea06252bf7186cc30,97.6947,97.712944,0,90,True,True,True,True,True,True
195,neighbor_evaluation,decryptedData secondValue dataLength i firstValue crcIndex firstIndex secondIndex controlFlags stateIndex crc inputCursor state outputCursor result,e08977c636b617396f0d175d0c32009057b0cebbcedbab23c5f0b89a74f5563e,9dbfefa84c20a3c9ab86bc16d69b3aa78ac4f3908cd1251ea06252bf7186cc30,97.6947,97.712944,0,90,True,True,True,True,True,True
196,neighbor_evaluation,decryptedData secondValue dataLength i crcIndex firstValue firstIndex secondIndex controlFlags stateIndex crc inputCursor state outputCursor result,f28e20ece2768689a982855a0252ab30ccc51e101efe76208cfb334e0abc87f1,9dbfefa84c20a3c9ab86bc16d69b3aa78ac4f3908cd1251ea06252bf7186cc30,97.6947,97.712944,0,90,True,True,True,True,True,True
197,neighbor_evaluation,decryptedData secondValue dataLength i crcIndex firstIndex secondIndex controlFlags stateIndex firstValue crc inputCursor state outputCursor result,fff90e9913be682d51bccd34428c8961fef4b1eac762c275d9e0ad2122f081de,243e1cae7fc57681cee68ea32b602aa57c2c97a5454e8afb517ad11c2885d0d0,97.88162,97.72777,0,87,True,True,True,True,True,True
198,neighbor_evaluation,decryptedData secondValue dataLength i crcIndex firstIndex secondIndex controlFlags stateIndex crc firstValue inputCursor state outputCursor result,47cf795ace3ca111bf21391444a635e7ee4481a87c7c5fc360bc5a232851a222,243e1cae7fc57681cee68ea32b602aa57c2c97a5454e8afb517ad11c2885d0d0,97.88162,97.72777,0,87,True,True,True,True,True,True
199,neighbor_evaluation,decryptedData secondValue dataLength i crcIndex firstIndex secondIndex controlFlags stateIndex crc inputCursor firstValue state outputCursor result,f804ccf146b15a6a9531b6e3bc72f4f9cf5d633bd18ffdeb2a822b86c9abab35,243e1cae7fc57681cee68ea32b602aa57c2c97a5454e8afb517ad11c2885d0d0,97.88162,97.72777,0,87,True,True,True,True,True,True
200,neighbor_evaluation,decryptedData secondValue dataLength i crcIndex firstIndex secondIndex controlFlags stateIndex crc inputCursor state firstValue outputCursor result,30469c9b58793cef2af73f3348b8fa02042acb1455890900ce249e20bc6e1a54,46711b4995ef7ea8250ae1ffe0cf9b9fdf30329f79d6ca2a0a507db357500c50,97.52336,97.699356,0,99,True,True,True,True,True,True
201,neighbor_evaluation,decryptedData secondValue dataLength i crcIndex firstIndex secondIndex controlFlags stateIndex crc inputCursor state outputCursor firstValue result,40be8d61883c162c223ce0e248da25c1a5f0d9c2b9465d158d40e970f9bab12d,46711b4995ef7ea8250ae1ffe0cf9b9fdf30329f79d6ca2a0a507db357500c50,97.52336,97.699356,0,99,True,True,True,True,True,True
202,neighbor_evaluation,decryptedData secondValue dataLength i crcIndex firstIndex secondIndex controlFlags stateIndex crc inputCursor state outputCursor result firstValue,bfd85aa7e242339b6e083e5a0381dc2d1eb244a28f4fd9ec271394a6f3fac669,46711b4995ef7ea8250ae1ffe0cf9b9fdf30329f79d6ca2a0a507db357500c50,97.52336,97.699356,0,99,True,True,True,True,True,True
203,neighbor_evaluation,controlFlags decryptedData secondValue dataLength i crcIndex firstIndex secondIndex firstValue stateIndex crc inputCursor state outputCursor result,60e0e5f979beeadfe60eea5fa688ed8f9c630d14178bca0d00c6adf7a8938db8,243e1cae7fc57681cee68ea32b602aa57c2c97a5454e8afb517ad11c2885d0d0,97.88162,97.72777,0,87,True,True,True,True,True,True
204,neighbor_evaluation,decryptedData controlFlags secondValue dataLength i crcIndex firstIndex secondIndex firstValue stateIndex crc inputCursor state outputCursor result,3e7ec46c34a257b42031f82e357ae02e0a63a8e2f7917afe13bebca36c2f0d27,243e1cae7fc57681cee68ea32b602aa57c2c97a5454e8afb517ad11c2885d0d0,97.88162,97.72777,0,87,True,True,True,True,True,True
205,neighbor_evaluation,decryptedData secondValue controlFlags dataLength i crcIndex firstIndex secondIndex firstValue stateIndex crc inputCursor state outputCursor result,ab77aeb3042713d041dcbd1cea6cfb9ac4aeeab1b9f2aa01273c62b2057d82bf,243e1cae7fc57681cee68ea32b602aa57c2c97a5454e8afb517ad11c2885d0d0,97.88162,97.72777,0,87,True,True,True,True,True,True
206,neighbor_evaluation,decryptedData secondValue dataLength controlFlags i crcIndex firstIndex secondIndex firstValue stateIndex crc inputCursor state outputCursor result,97f4fd789db7c8ec2114047ae43068e3c8120c103b85375b6461cf9706885705,243e1cae7fc57681cee68ea32b602aa57c2c97a5454e8afb517ad11c2885d0d0,97.88162,97.72777,0,87,True,True,True,True,True,True
207,neighbor_evaluation,decryptedData secondValue dataLength i controlFlags crcIndex firstIndex secondIndex firstValue stateIndex crc inputCursor state outputCursor result,3662b31c7f8bccba77a22ecf9631eebf2f57433cce2343f8605c617c4edb0bb5,243e1cae7fc57681cee68ea32b602aa57c2c97a5454e8afb517ad11c2885d0d0,97.88162,97.72777,0,87,True,True,True,True,True,True
208,neighbor_evaluation,decryptedData secondValue dataLength i crcIndex controlFlags firstIndex secondIndex firstValue stateIndex crc inputCursor state outputCursor result,f2b4ec26080f32c162565f3335e4a40c514d991a80d98088168ffa8bc3b394c4,243e1cae7fc57681cee68ea32b602aa57c2c97a5454e8afb517ad11c2885d0d0,97.88162,97.72777,0,87,True,True,True,True,True,True
209,neighbor_evaluation,decryptedData secondValue dataLength i crcIndex firstIndex controlFlags secondIndex firstValue stateIndex crc inputCursor state outputCursor result,a19649f8370a681ca3fb9cd9b68d5bdcecc95afaf70deeed000cc63d04b83f20,243e1cae7fc57681cee68ea32b602aa57c2c97a5454e8afb517ad11c2885d0d0,97.88162,97.72777,0,87,True,True,True,True,True,True
210,neighbor_evaluation,decryptedData secondValue dataLength i crcIndex firstIndex secondIndex firstValue stateIndex crc controlFlags inputCursor state outputCursor result,725ceb4e58ed308a03c9314e773905699f6114fb8b36af65fb45642e39de6e0a,243e1cae7fc57681cee68ea32b602aa57c2c97a5454e8afb517ad11c2885d0d0,97.88162,97.72777,0,87,True,True,True,True,True,True
211,neighbor_evaluation,decryptedData secondValue dataLength i crcIndex firstIndex secondIndex firstValue stateIndex crc inputCursor controlFlags state outputCursor result,b4dac34591874ff05742775e9f77157e62a2d6564ddd1fcafa4652ce4a866828,243e1cae7fc57681cee68ea32b602aa57c2c97a5454e8afb517ad11c2885d0d0,97.88162,97.72777,0,87,True,True,True,True,True,True
212,neighbor_evaluation,decryptedData secondValue dataLength i crcIndex firstIndex secondIndex firstValue stateIndex crc inputCursor state controlFlags outputCursor result,ab3dcd0a5064255b6a709f112904c901f85e94f451f068fb4d86305fa4b322a0,243e1cae7fc57681cee68ea32b602aa57c2c97a5454e8afb517ad11c2885d0d0,97.88162,97.72777,0,87,True,True,True,True,True,True
213,neighbor_evaluation,decryptedData secondValue dataLength i crcIndex firstIndex secondIndex firstValue stateIndex crc inputCursor state outputCursor controlFlags result,1347f0adf50255ebd50da9d03e2a5828a78a1a331775b99a45ad4fa4827545cd,243e1cae7fc57681cee68ea32b602aa57c2c97a5454e8afb517ad11c2885d0d0,97.88162,97.72777,0,87,True,True,True,True,True,True
214,neighbor_evaluation,decryptedData secondValue dataLength i crcIndex firstIndex secondIndex firstValue stateIndex crc inputCursor state outputCursor result controlFlags,d54e2ec2ac57fcb28c6954c30dd8fdfb5600e71e6106729c02b936ad234640b9,243e1cae7fc57681cee68ea32b602aa57c2c97a5454e8afb517ad11c2885d0d0,97.88162,97.72777,0,87,True,True,True,True,True,True
215,neighbor_evaluation,stateIndex decryptedData secondValue dataLength i crcIndex firstIndex secondIndex firstValue controlFlags crc inputCursor state outputCursor result,45e2ce30b5c47bbc7546f8ee7b3b3ae320466f2fd6adbc31f36c65a7b85eeea7,243e1cae7fc57681cee68ea32b602aa57c2c97a5454e8afb517ad11c2885d0d0,97.88162,97.72777,0,87,True,True,True,True,True,True
216,neighbor_evaluation,decryptedData stateIndex secondValue dataLength i crcIndex firstIndex secondIndex firstValue controlFlags crc inputCursor state outputCursor result,f946b75f61178f7386155e250a8e94209263d2f67f99f725385d3468a51c6baf,243e1cae7fc57681cee68ea32b602aa57c2c97a5454e8afb517ad11c2885d0d0,97.88162,97.72777,0,87,True,True,True,True,True,True
217,neighbor_evaluation,decryptedData secondValue stateIndex dataLength i crcIndex firstIndex secondIndex firstValue controlFlags crc inputCursor state outputCursor result,2bfb3a782fe927444821f19850b5df204f7a859fc6d2de8275d630f0a34ee1f0,243e1cae7fc57681cee68ea32b602aa57c2c97a5454e8afb517ad11c2885d0d0,97.88162,97.72777,0,87,True,True,True,True,True,True
218,neighbor_evaluation,decryptedData secondValue dataLength stateIndex i crcIndex firstIndex secondIndex firstValue controlFlags crc inputCursor state outputCursor result,a93b8c247db897bca94d250a6395b5ea8a3aaff4af2afd3bf5996ef0ad4ecaff,243e1cae7fc57681cee68ea32b602aa57c2c97a5454e8afb517ad11c2885d0d0,97.88162,97.72777,0,87,True,True,True,True,True,True
219,neighbor_evaluation,decryptedData secondValue dataLength i stateIndex crcIndex firstIndex secondIndex firstValue controlFlags crc inputCursor state outputCursor result,00b5858380235c0cdd8b13f3256c989b8e7bafcdba94d7cfbfd728450d50a43e,243e1cae7fc57681cee68ea32b602aa57c2c97a5454e8afb517ad11c2885d0d0,97.88162,97.72777,0,87,True,True,True,True,True,True
220,neighbor_evaluation,decryptedData secondValue dataLength i crcIndex stateIndex firstIndex secondIndex firstValue controlFlags crc inputCursor state outputCursor result,b77df026d8d4bdb5e661832803cf15d755a4058041d0b1ecc74bbb06c88de497,243e1cae7fc57681cee68ea32b602aa57c2c97a5454e8afb517ad11c2885d0d0,97.88162,97.72777,0,87,True,True,True,True,True,True
221,neighbor_evaluation,decryptedData secondValue dataLength i crcIndex firstIndex stateIndex secondIndex firstValue controlFlags crc inputCursor state outputCursor result,3f5354985adc2b18218e850a9df441298b43e2124f98032c7209effe0a9f9f13,243e1cae7fc57681cee68ea32b602aa57c2c97a5454e8afb517ad11c2885d0d0,97.88162,97.72777,0,87,True,True,True,True,True,True
222,neighbor_evaluation,decryptedData secondValue dataLength i crcIndex firstIndex secondIndex stateIndex firstValue controlFlags crc inputCursor state outputCursor result,1281cbbd359de6548be2762e0be306510c3ff0f0a30d52574c35f2dc61989fe7,243e1cae7fc57681cee68ea32b602aa57c2c97a5454e8afb517ad11c2885d0d0,97.88162,97.72777,0,87,True,True,True,True,True,True
223,neighbor_evaluation,decryptedData secondValue dataLength i crcIndex firstIndex secondIndex firstValue controlFlags crc inputCursor stateIndex state outputCursor result,64abd64b6c4e0ecfe806efeb427b32352f2730f11fc5adfd492eb50fe0d3f04b,243e1cae7fc57681cee68ea32b602aa57c2c97a5454e8afb517ad11c2885d0d0,97.88162,97.72777,0,87,True,True,True,True,True,True
224,neighbor_evaluation,decryptedData secondValue dataLength i crcIndex firstIndex secondIndex firstValue controlFlags crc inputCursor state stateIndex outputCursor result,39c0ac4d3f71495791a710d2b551b0f14caa41a7c3fa7d7fb29f93ed2d0bea4d,243e1cae7fc57681cee68ea32b602aa57c2c97a5454e8afb517ad11c2885d0d0,97.88162,97.72777,0,87,True,True,True,True,True,True
225,neighbor_evaluation,decryptedData secondValue dataLength i crcIndex firstIndex secondIndex firstValue controlFlags crc inputCursor state outputCursor stateIndex result,af33a40cd5e54ababb591d6dd7eaaffdeeee15de04066544c4693e920d8cdd79,243e1cae7fc57681cee68ea32b602aa57c2c97a5454e8afb517ad11c2885d0d0,97.88162,97.72777,0,87,True,True,True,True,True,True
226,neighbor_evaluation,decryptedData secondValue dataLength i crcIndex firstIndex secondIndex firstValue controlFlags crc inputCursor state outputCursor result stateIndex,e1f839f9173ff5f079dc6aaf705f6f529f1ae5be1afc8e54bfe1a8378f306dd4,243e1cae7fc57681cee68ea32b602aa57c2c97a5454e8afb517ad11c2885d0d0,97.88162,97.72777,0,87,True,True,True,True,True,True
227,neighbor_evaluation,crc decryptedData secondValue dataLength i crcIndex firstIndex secondIndex firstValue controlFlags stateIndex inputCursor state outputCursor result,462b12a9fda2fe667b83d43e427bb04e9e58e9840b5320baa99e515c0338ca20,243e1cae7fc57681cee68ea32b602aa57c2c97a5454e8afb517ad11c2885d0d0,97.88162,97.72777,0,87,True,True,True,True,True,True
228,neighbor_evaluation,decryptedData crc secondValue dataLength i crcIndex firstIndex secondIndex firstValue controlFlags stateIndex inputCursor state outputCursor result,d0d5305861a14dc3fa771ac9f44644dcfb0c63174d756529bc866c235049ccff,243e1cae7fc57681cee68ea32b602aa57c2c97a5454e8afb517ad11c2885d0d0,97.88162,97.72777,0,87,True,True,True,True,True,True
229,neighbor_evaluation,decryptedData secondValue crc dataLength i crcIndex firstIndex secondIndex firstValue controlFlags stateIndex inputCursor state outputCursor result,de3bbcfc5d1abffb6e8594150734ed286e14524101a9e42056653e02ec51cf51,243e1cae7fc57681cee68ea32b602aa57c2c97a5454e8afb517ad11c2885d0d0,97.88162,97.72777,0,87,True,True,True,True,True,True
230,neighbor_evaluation,decryptedData secondValue dataLength crc i crcIndex firstIndex secondIndex firstValue controlFlags stateIndex inputCursor state outputCursor result,7790bcddd22dcc663caaec60de7458844b630e008f6ffdd329065fd3ce493198,243e1cae7fc57681cee68ea32b602aa57c2c97a5454e8afb517ad11c2885d0d0,97.88162,97.72777,0,87,True,True,True,True,True,True
231,neighbor_evaluation,decryptedData secondValue dataLength i crc crcIndex firstIndex secondIndex firstValue controlFlags stateIndex inputCursor state outputCursor result,7d9147488126a693ae3db071beb03f2beea79618498c5742d62e5e6be309c2ac,243e1cae7fc57681cee68ea32b602aa57c2c97a5454e8afb517ad11c2885d0d0,97.88162,97.72777,0,87,True,True,True,True,True,True
232,neighbor_evaluation,decryptedData secondValue dataLength i crcIndex crc firstIndex secondIndex firstValue controlFlags stateIndex inputCursor state outputCursor result,7f26e34b377a06d603adad5b394ba5192e1656236845cc2c31badfebee5dc1ae,243e1cae7fc57681cee68ea32b602aa57c2c97a5454e8afb517ad11c2885d0d0,97.88162,97.72777,0,87,True,True,True,True,True,True
233,neighbor_evaluation,decryptedData secondValue dataLength i crcIndex firstIndex crc secondIndex firstValue controlFlags stateIndex inputCursor state outputCursor result,9177f24d6cec01b9fe63313ec6030ef80a366c6152fd690f829ce9541d819e4c,243e1cae7fc57681cee68ea32b602aa57c2c97a5454e8afb517ad11c2885d0d0,97.88162,97.72777,0,87,True,True,True,True,True,True
234,neighbor_evaluation,decryptedData secondValue dataLength i crcIndex firstIndex secondIndex crc firstValue controlFlags stateIndex inputCursor state outputCursor result,1c498dc8274f989a44f923d563d0293326393f32f0d0f8fb567df52a49d50923,243e1cae7fc57681cee68ea32b602aa57c2c97a5454e8afb517ad11c2885d0d0,97.88162,97.72777,0,87,True,True,True,True,True,True
235,neighbor_evaluation,decryptedData secondValue dataLength i crcIndex firstIndex secondIndex firstValue crc controlFlags stateIndex inputCursor state outputCursor result,d54d7f04d92d8d52a69716024ebd9356f781cd59b4dbcf4b5296f9f85c6128f7,243e1cae7fc57681cee68ea32b602aa57c2c97a5454e8afb517ad11c2885d0d0,97.88162,97.72777,0,87,True,True,True,True,True,True
236,neighbor_evaluation,decryptedData secondValue dataLength i crcIndex firstIndex secondIndex firstValue controlFlags stateIndex inputCursor state crc outputCursor result,9d30c7ab6b220acf4a943c2fa6456a6ce2a3c774344a78c4a65dcff4c914751e,243e1cae7fc57681cee68ea32b602aa57c2c97a5454e8afb517ad11c2885d0d0,97.88162,97.72777,0,87,True,True,True,True,True,True
237,neighbor_evaluation,decryptedData secondValue dataLength i crcIndex firstIndex secondIndex firstValue controlFlags stateIndex inputCursor state outputCursor crc result,0728c30e59b16585dccb5c352a0b6d0802e7b2b50f6d1c2052b9afdb43cb62b7,243e1cae7fc57681cee68ea32b602aa57c2c97a5454e8afb517ad11c2885d0d0,97.88162,97.72777,0,87,True,True,True,True,True,True
238,neighbor_evaluation,decryptedData secondValue dataLength i crcIndex firstIndex secondIndex firstValue controlFlags stateIndex inputCursor state outputCursor result crc,a337198c090402888ef2a5205192440a4e649560b2feb326ac7d0f36c8d5ed12,243e1cae7fc57681cee68ea32b602aa57c2c97a5454e8afb517ad11c2885d0d0,97.88162,97.72777,0,87,True,True,True,True,True,True
239,neighbor_evaluation,inputCursor decryptedData secondValue dataLength i crcIndex firstIndex secondIndex firstValue controlFlags stateIndex crc state outputCursor result,c7e98a114d36e594dce02917d388321c4024c09968974faf526e83c30798dd10,243e1cae7fc57681cee68ea32b602aa57c2c97a5454e8afb517ad11c2885d0d0,97.88162,97.72777,0,87,True,True,True,True,True,True
240,neighbor_evaluation,decryptedData inputCursor secondValue dataLength i crcIndex firstIndex secondIndex firstValue controlFlags stateIndex crc state outputCursor result,8202b7e2e8a1dedef0b5231b2839fce606b1e9d65e4041a1d111eb1cd8786599,243e1cae7fc57681cee68ea32b602aa57c2c97a5454e8afb517ad11c2885d0d0,97.88162,97.72777,0,87,True,True,True,True,True,True
241,neighbor_evaluation,decryptedData secondValue inputCursor dataLength i crcIndex firstIndex secondIndex firstValue controlFlags stateIndex crc state outputCursor result,b1641ab0a4611666393b149400c11ec7c80876e4efc880836a82c8b5f6b3b432,243e1cae7fc57681cee68ea32b602aa57c2c97a5454e8afb517ad11c2885d0d0,97.88162,97.72777,0,87,True,True,True,True,True,True
242,neighbor_evaluation,decryptedData secondValue dataLength inputCursor i crcIndex firstIndex secondIndex firstValue controlFlags stateIndex crc state outputCursor result,1a8dc83419f05f4661c6392c19bf456bd10d68956dfb9eb78f94d08a123c4841,243e1cae7fc57681cee68ea32b602aa57c2c97a5454e8afb517ad11c2885d0d0,97.88162,97.72777,0,87,True,True,True,True,True,True
243,neighbor_evaluation,decryptedData secondValue dataLength i inputCursor crcIndex firstIndex secondIndex firstValue controlFlags stateIndex crc state outputCursor result,f538e25e554af69b181391b231fdd477ccbe83c809f16f20a226b9134017e662,243e1cae7fc57681cee68ea32b602aa57c2c97a5454e8afb517ad11c2885d0d0,97.88162,97.72777,0,87,True,True,True,True,True,True
244,neighbor_evaluation,decryptedData secondValue dataLength i crcIndex inputCursor firstIndex secondIndex firstValue controlFlags stateIndex crc state outputCursor result,226c22030f69274efc0d0a67568ab5c2a0af28c7e0eaf5f1321334147a55be5a,243e1cae7fc57681cee68ea32b602aa57c2c97a5454e8afb517ad11c2885d0d0,97.88162,97.72777,0,87,True,True,True,True,True,True
245,neighbor_evaluation,decryptedData secondValue dataLength i crcIndex firstIndex inputCursor secondIndex firstValue controlFlags stateIndex crc state outputCursor result,e27913e5299fb743a837844ac236497ba7b49b3878257cc47b04388480798247,243e1cae7fc57681cee68ea32b602aa57c2c97a5454e8afb517ad11c2885d0d0,97.88162,97.72777,0,87,True,True,True,True,True,True
246,neighbor_evaluation,decryptedData secondValue dataLength i crcIndex firstIndex secondIndex inputCursor firstValue controlFlags stateIndex crc state outputCursor result,1f8c7e0e61f7d8dc5d6e2824f80efd5f84ac065535f3a8d10b03ba4ce15a0ffd,243e1cae7fc57681cee68ea32b602aa57c2c97a5454e8afb517ad11c2885d0d0,97.88162,97.72777,0,87,True,True,True,True,True,True
247,neighbor_evaluation,decryptedData secondValue dataLength i crcIndex firstIndex secondIndex firstValue inputCursor controlFlags stateIndex crc state outputCursor result,123117b8a74b404629d16934f8231e225e5a6b7c5af5aa784f85ddf48f4161f7,243e1cae7fc57681cee68ea32b602aa57c2c97a5454e8afb517ad11c2885d0d0,97.88162,97.72777,0,87,True,True,True,True,True,True
248,neighbor_evaluation,decryptedData secondValue dataLength i crcIndex firstIndex secondIndex firstValue controlFlags inputCursor stateIndex crc state outputCursor result,741b92c094fd784d7d758b0d7943bae5f065dd7b2903af05f3f70d4922b9bca1,243e1cae7fc57681cee68ea32b602aa57c2c97a5454e8afb517ad11c2885d0d0,97.88162,97.72777,0,87,True,True,True,True,True,True
249,neighbor_evaluation,decryptedData secondValue dataLength i crcIndex firstIndex secondIndex firstValue controlFlags stateIndex crc state outputCursor inputCursor result,5ac3c0bf4eefd01a2640a169b8751bda3ff63a56c22a8a62634a9be21b7d47eb,f08db301c0ae1c83e1a683652237055081ffed4d2c4275a2102bacb3dcc99758,97.49221,97.696884,0,102,True,True,True,True,True,True
250,neighbor_evaluation,decryptedData secondValue dataLength i crcIndex firstIndex secondIndex firstValue controlFlags stateIndex crc state outputCursor result inputCursor,59b6f9bb3feff6cb64bae5dfcd649b3a9b8355061f17dd8353ab655137be30b6,f08db301c0ae1c83e1a683652237055081ffed4d2c4275a2102bacb3dcc99758,97.49221,97.696884,0,102,True,True,True,True,True,True
251,neighbor_evaluation,state decryptedData secondValue dataLength i crcIndex firstIndex secondIndex firstValue controlFlags stateIndex crc inputCursor outputCursor result,a81e5f34841521b0db6f3b69044a98487d6555f9f951ab5885221e44ad7325c8,870d93a96190004b296f96bd7f41d05a547d6e69274574123b33f3caf2503509,97.990654,97.73641,0,90,True,True,True,True,True,True
252,neighbor_evaluation,decryptedData state secondValue dataLength i crcIndex firstIndex secondIndex firstValue controlFlags stateIndex crc inputCursor outputCursor result,1d663076c753557ba24a5e73af3c366692603b06e0bd4c63220624815e6fe819,870d93a96190004b296f96bd7f41d05a547d6e69274574123b33f3caf2503509,97.990654,97.73641,0,90,True,True,True,True,True,True
253,neighbor_evaluation,decryptedData secondValue state dataLength i crcIndex firstIndex secondIndex firstValue controlFlags stateIndex crc inputCursor outputCursor result,492c41d1696639e565b83712841dd831274948412de5677c33151ce426f9ffdf,870d93a96190004b296f96bd7f41d05a547d6e69274574123b33f3caf2503509,97.990654,97.73641,0,90,True,True,True,True,True,True
254,neighbor_evaluation,decryptedData secondValue dataLength state i crcIndex firstIndex secondIndex firstValue controlFlags stateIndex crc inputCursor outputCursor result,14eb9cb3d12aae1cef2a65cca4529cbbacd522c963fce5899c866e4205c5a583,870d93a96190004b296f96bd7f41d05a547d6e69274574123b33f3caf2503509,97.990654,97.73641,0,90,True,True,True,True,True,True
255,neighbor_evaluation,decryptedData secondValue dataLength i state crcIndex firstIndex secondIndex firstValue controlFlags stateIndex crc inputCursor outputCursor result,21201d5bef0d028d053260e4798724952fc7d627e036a24067c60b27615b2f20,870d93a96190004b296f96bd7f41d05a547d6e69274574123b33f3caf2503509,97.990654,97.73641,0,90,True,True,True,True,True,True
256,neighbor_evaluation,decryptedData secondValue dataLength i crcIndex state firstIndex secondIndex firstValue controlFlags stateIndex crc inputCursor outputCursor result,4d31069945b1e6c5bd8b52fbe1cc5eec2ab93cd4b068b35e4438cb76c80b6d33,870d93a96190004b296f96bd7f41d05a547d6e69274574123b33f3caf2503509,97.990654,97.73641,0,90,True,True,True,True,True,True
257,neighbor_evaluation,decryptedData secondValue dataLength i crcIndex firstIndex state secondIndex firstValue controlFlags stateIndex crc inputCursor outputCursor result,861cb70930eefda56ec3b85391997c8509d7c5e0b702036c2b315d7fe7af0ca1,46711b4995ef7ea8250ae1ffe0cf9b9fdf30329f79d6ca2a0a507db357500c50,97.52336,97.699356,0,99,True,True,True,True,True,True
258,neighbor_evaluation,decryptedData secondValue dataLength i crcIndex firstIndex secondIndex state firstValue controlFlags stateIndex crc inputCursor outputCursor result,f689059b5138a932c15d727d45a6bfe0014e1e189595a2408ff0feaa93982584,46711b4995ef7ea8250ae1ffe0cf9b9fdf30329f79d6ca2a0a507db357500c50,97.52336,97.699356,0,99,True,True,True,True,True,True
259,neighbor_evaluation,decryptedData secondValue dataLength i crcIndex firstIndex secondIndex firstValue state controlFlags stateIndex crc inputCursor outputCursor result,edcec59d9d32ab871ee026e1e9e3a8b3d2ba0fd1400fe82b5361937fb9e5f4c5,2e81184223ab3243b9075cede618a46db365372b4340ada83e9a2319ffe51a29,97.61682,97.70677,0,96,True,True,True,True,True,True
260,neighbor_evaluation,decryptedData secondValue dataLength i crcIndex firstIndex secondIndex firstValue controlFlags state stateIndex crc inputCursor outputCursor result,4a1443565860cfa52cda3a1ef34a42b0dfa927a69db17bebf7128ba01499fd19,2e81184223ab3243b9075cede618a46db365372b4340ada83e9a2319ffe51a29,97.61682,97.70677,0,96,True,True,True,True,True,True
261,neighbor_evaluation,decryptedData secondValue dataLength i crcIndex firstIndex secondIndex firstValue controlFlags stateIndex state crc inputCursor outputCursor result,30c99d5eeca5e93a9ee8b06ab72cc8b07f5f6ec9ee0d6c5819d876a8598ccf42,2e81184223ab3243b9075cede618a46db365372b4340ada83e9a2319ffe51a29,97.61682,97.70677,0,96,True,True,True,True,True,True
262,neighbor_evaluation,decryptedData secondValue dataLength i crcIndex firstIndex secondIndex firstValue controlFlags stateIndex crc inputCursor outputCursor result state,d25bd21ddb279f5c95b4575704e4aa6f6462c44b49e76e8c84dcbad2093a78b2,0c2f3790fb2bc1613f9b013312946163046e0c726e00f6d2c39a24f53cbc739c,97.61682,97.70677,0,99,True,True,True,True,True,True
263,neighbor_evaluation,outputCursor decryptedData secondValue dataLength i crcIndex firstIndex secondIndex firstValue controlFlags stateIndex crc inputCursor state result,af8a5b4c0b194a57210dc06bf287c3308ca862dbb72730b5c71f9bbbe616ddb9,555b72d2a30a01b4ff09c3a65d9aada844d55ff177a82c51968e97299f1ca4ad,97.49221,97.696884,0,102,True,True,True,True,True,True
264,neighbor_evaluation,decryptedData outputCursor secondValue dataLength i crcIndex firstIndex secondIndex firstValue controlFlags stateIndex crc inputCursor state result,7c20addf0bb883d22044392eb8189e84e2c23c37803a865094bba2f87ff69639,555b72d2a30a01b4ff09c3a65d9aada844d55ff177a82c51968e97299f1ca4ad,97.49221,97.696884,0,102,True,True,True,True,True,True
265,neighbor_evaluation,decryptedData secondValue outputCursor dataLength i crcIndex firstIndex secondIndex firstValue controlFlags stateIndex crc inputCursor state result,3ab8a2848c3fd2b533ec87c0da8810d1115f05052b98c616439c26f8cc16b316,555b72d2a30a01b4ff09c3a65d9aada844d55ff177a82c51968e97299f1ca4ad,97.49221,97.696884,0,102,True,True,True,True,True,True
266,neighbor_evaluation,decryptedData secondValue dataLength outputCursor i crcIndex firstIndex secondIndex firstValue controlFlags stateIndex crc inputCursor state result,8b31b09bc69d16f3a7b6961e79eadc2b9fc332a4b78c50f472d12238ac80f7aa,555b72d2a30a01b4ff09c3a65d9aada844d55ff177a82c51968e97299f1ca4ad,97.49221,97.696884,0,102,True,True,True,True,True,True
267,neighbor_evaluation,decryptedData secondValue dataLength i outputCursor crcIndex firstIndex secondIndex firstValue controlFlags stateIndex crc inputCursor state result,e14113cbeeed3aefa63a2fde98efa195ce8dd4eb25c88eb559e0d2501a09cb39,555b72d2a30a01b4ff09c3a65d9aada844d55ff177a82c51968e97299f1ca4ad,97.49221,97.696884,0,102,True,True,True,True,True,True
268,neighbor_evaluation,decryptedData secondValue dataLength i crcIndex outputCursor firstIndex secondIndex firstValue controlFlags stateIndex crc inputCursor state result,c2d2f2d04778f1cad059f50752c39a7c6b7e9ca2037f523a8017648fdb2c6443,555b72d2a30a01b4ff09c3a65d9aada844d55ff177a82c51968e97299f1ca4ad,97.49221,97.696884,0,102,True,True,True,True,True,True
269,neighbor_evaluation,decryptedData secondValue dataLength i crcIndex firstIndex outputCursor secondIndex firstValue controlFlags stateIndex crc inputCursor state result,b126c299e535488d2d485bd021129e7300528794b2bfb461e99644d4851adf84,555b72d2a30a01b4ff09c3a65d9aada844d55ff177a82c51968e97299f1ca4ad,97.49221,97.696884,0,102,True,True,True,True,True,True
270,neighbor_evaluation,decryptedData secondValue dataLength i crcIndex firstIndex secondIndex outputCursor firstValue controlFlags stateIndex crc inputCursor state result,0e74adf66e71e184702ec17989942b1128c3c8da708aa27d26f82bb787462433,555b72d2a30a01b4ff09c3a65d9aada844d55ff177a82c51968e97299f1ca4ad,97.49221,97.696884,0,102,True,True,True,True,True,True
271,neighbor_evaluation,decryptedData secondValue dataLength i crcIndex firstIndex secondIndex firstValue outputCursor controlFlags stateIndex crc inputCursor state result,f881f190c69cd7e8c0b5d24e548a6e6801533ec812f15c49018af730ec06b40b,555b72d2a30a01b4ff09c3a65d9aada844d55ff177a82c51968e97299f1ca4ad,97.49221,97.696884,0,102,True,True,True,True,True,True
272,neighbor_evaluation,decryptedData secondValue dataLength i crcIndex firstIndex secondIndex firstValue controlFlags outputCursor stateIndex crc inputCursor state result,f7d19487a69d4a83af5a56ea2201e15995f111d8c299294557531ff110f05634,555b72d2a30a01b4ff09c3a65d9aada844d55ff177a82c51968e97299f1ca4ad,97.49221,97.696884,0,102,True,True,True,True,True,True
273,neighbor_evaluation,decryptedData secondValue dataLength i crcIndex firstIndex secondIndex firstValue controlFlags stateIndex outputCursor crc inputCursor state result,49fc1a83d0a1f359aadd0f81f31510a1d1a1b7318a56c2499e703f31a6eeeac7,555b72d2a30a01b4ff09c3a65d9aada844d55ff177a82c51968e97299f1ca4ad,97.49221,97.696884,0,102,True,True,True,True,True,True
274,neighbor_evaluation,decryptedData secondValue dataLength i crcIndex firstIndex secondIndex firstValue controlFlags stateIndex crc outputCursor inputCursor state result,8591cb7a467699928b1ad9e73940c73a7ac2d2ddeb793e4f05a481d8ec28aa81,555b72d2a30a01b4ff09c3a65d9aada844d55ff177a82c51968e97299f1ca4ad,97.49221,97.696884,0,102,True,True,True,True,True,True
275,neighbor_evaluation,result decryptedData secondValue dataLength i crcIndex firstIndex secondIndex firstValue controlFlags stateIndex crc inputCursor state outputCursor,7bba095c1e14e0fe5b28f83cea0e65f1b385a576c37972533c8f750d437a4498,243e1cae7fc57681cee68ea32b602aa57c2c97a5454e8afb517ad11c2885d0d0,97.88162,97.72777,0,87,True,True,True,True,True,True
276,neighbor_evaluation,decryptedData result secondValue dataLength i crcIndex firstIndex secondIndex firstValue controlFlags stateIndex crc inputCursor state outputCursor,551f1a7d75bb4f0645ac2eabaf81813c2e1cf2434b6bf3eb9246eb0dd558c421,243e1cae7fc57681cee68ea32b602aa57c2c97a5454e8afb517ad11c2885d0d0,97.88162,97.72777,0,87,True,True,True,True,True,True
277,neighbor_evaluation,decryptedData secondValue result dataLength i crcIndex firstIndex secondIndex firstValue controlFlags stateIndex crc inputCursor state outputCursor,ed308c107cbba685c9e388491dab2af6973380eb1eb1b32bdd5654a8c2fa2eab,243e1cae7fc57681cee68ea32b602aa57c2c97a5454e8afb517ad11c2885d0d0,97.88162,97.72777,0,87,True,True,True,True,True,True
278,neighbor_evaluation,decryptedData secondValue dataLength result i crcIndex firstIndex secondIndex firstValue controlFlags stateIndex crc inputCursor state outputCursor,55f23fbaba81ff6c89e029e015059988afd7b199970ace996f3a7a5b22eae175,243e1cae7fc57681cee68ea32b602aa57c2c97a5454e8afb517ad11c2885d0d0,97.88162,97.72777,0,87,True,True,True,True,True,True
279,neighbor_evaluation,decryptedData secondValue dataLength i result crcIndex firstIndex secondIndex firstValue controlFlags stateIndex crc inputCursor state outputCursor,f2a4d35e5df4ec2083129bca069fbed87712c8aaf49e500f080e8a357c61d019,243e1cae7fc57681cee68ea32b602aa57c2c97a5454e8afb517ad11c2885d0d0,97.88162,97.72777,0,87,True,True,True,True,True,True
280,neighbor_evaluation,decryptedData secondValue dataLength i crcIndex result firstIndex secondIndex firstValue controlFlags stateIndex crc inputCursor state outputCursor,d87ed6e8cc5dc57ff98d37390255962db2757c1c4bb31e710d4637466dbad284,243e1cae7fc57681cee68ea32b602aa57c2c97a5454e8afb517ad11c2885d0d0,97.88162,97.72777,0,87,True,True,True,True,True,True
281,neighbor_evaluation,decryptedData secondValue dataLength i crcIndex firstIndex result secondIndex firstValue controlFlags stateIndex crc inputCursor state outputCursor,034c87f61d897876e3c2ec87c6f0b816d7ef46b20ccf14a051e0ce6877f0b47b,243e1cae7fc57681cee68ea32b602aa57c2c97a5454e8afb517ad11c2885d0d0,97.88162,97.72777,0,87,True,True,True,True,True,True
282,neighbor_evaluation,decryptedData secondValue dataLength i crcIndex firstIndex secondIndex result firstValue controlFlags stateIndex crc inputCursor state outputCursor,c0db097dbe852bb39e799317060d5a6f46ba82171985608bcbc0c7e0adf3849b,243e1cae7fc57681cee68ea32b602aa57c2c97a5454e8afb517ad11c2885d0d0,97.88162,97.72777,0,87,True,True,True,True,True,True
283,neighbor_evaluation,decryptedData secondValue dataLength i crcIndex firstIndex secondIndex firstValue result controlFlags stateIndex crc inputCursor state outputCursor,86ee5f2f2a30e80fa57f1409ded34678244cd87c9744e551955e98610872eceb,243e1cae7fc57681cee68ea32b602aa57c2c97a5454e8afb517ad11c2885d0d0,97.88162,97.72777,0,87,True,True,True,True,True,True
284,neighbor_evaluation,decryptedData secondValue dataLength i crcIndex firstIndex secondIndex firstValue controlFlags result stateIndex crc inputCursor state outputCursor,ac047098ed3a22f15e63b68a58caea95442f9ce753c1ad24ec9e5d0c40545c1b,243e1cae7fc57681cee68ea32b602aa57c2c97a5454e8afb517ad11c2885d0d0,97.88162,97.72777,0,87,True,True,True,True,True,True
285,neighbor_evaluation,decryptedData secondValue dataLength i crcIndex firstIndex secondIndex firstValue controlFlags stateIndex result crc inputCursor state outputCursor,2ff6416666467757af15787953faead09c01f5de1f6032bda31154c3395324f8,243e1cae7fc57681cee68ea32b602aa57c2c97a5454e8afb517ad11c2885d0d0,97.88162,97.72777,0,87,True,True,True,True,True,True
286,neighbor_evaluation,decryptedData secondValue dataLength i crcIndex firstIndex secondIndex firstValue controlFlags stateIndex crc result inputCursor state outputCursor,728519289c9cabfd576501fdcbd3fa8cd607db47d5aa8bba638a8276e096eac9,243e1cae7fc57681cee68ea32b602aa57c2c97a5454e8afb517ad11c2885d0d0,97.88162,97.72777,0,87,True,True,True,True,True,True
287,neighbor_evaluation,decryptedData secondValue dataLength i crcIndex firstIndex secondIndex firstValue controlFlags stateIndex crc inputCursor result state outputCursor,f9d4e3c2f3b189f6e6f0caba0233e547a11d3b42da013f4c73ab9fa479732ebb,243e1cae7fc57681cee68ea32b602aa57c2c97a5454e8afb517ad11c2885d0d0,97.88162,97.72777,0,87,True,True,True,True,True,True
