call,order_indices,source_sha256,object_sha256,fuzzy,unit_fuzzy,function_bytes,compile_status,source_stable,object_build_message,admissible,gate_failures,previous_manifest_call
0,0 1 2 3 4 5 6 7 8 9 10 11 12 13 14 15 16 17 18 19 20 21 22 23,5807c83409afebc021a1311143f045eb5a147ce8a60ea7dd3b1d7bed1ec6314d,7f4ca0cfa4bfccfd13f7b0dc476830a8e4531a0e299930ce2ded76ed68b20c94,91.013824,96.86675,868,success_build,True,True,True,,40
1,1 0 2 3 4 5 6 7 8 9 10 11 12 13 14 15 16 17 18 19 20 21 22 23,371f6fc929b7bc6a2184280c952aba435e3128d947ea9fc2ddbc97ee6455f153,a56d8e06a1194126d3380e8922ed54c52a0de579e1a1afa8b5c4030d79419e36,90.78341,96.83441,868,success_build,True,True,False,unit fuzzy loss,
2,2 1 0 3 4 5 6 7 8 9 10 11 12 13 14 15 16 17 18 19 20 21 22 23,c2d2ac9ef53f7e2edbf471439284ac0a8ed7f0fdaa875f802b3574a02edf80b3,a56d8e06a1194126d3380e8922ed54c52a0de579e1a1afa8b5c4030d79419e36,90.78341,96.83441,868,success_build,True,True,False,unit fuzzy loss,
3,3 1 2 0 4 5 6 7 8 9 10 11 12 13 14 15 16 17 18 19 20 21 22 23,7caae1b2a7d02e3f058cd9689368accf95a4e80265dc93019b5ec7037a79226a,a56d8e06a1194126d3380e8922ed54c52a0de579e1a1afa8b5c4030d79419e36,90.78341,96.83441,868,success_build,True,True,False,unit fuzzy loss,
4,4 1 2 3 0 5 6 7 8 9 10 11 12 13 14 15 16 17 18 19 20 21 22 23,c74e2045c812bb87c34eb8690a256279b9fc06863439fbfe05946b92ae336f90,a56d8e06a1194126d3380e8922ed54c52a0de579e1a1afa8b5c4030d79419e36,90.78341,96.83441,868,success_build,True,True,False,unit fuzzy loss,
5,5 1 2 3 4 0 6 7 8 9 10 11 12 13 14 15 16 17 18 19 20 21 22 23,28bcb3d101abffe059eae1f756c1b05861e14e4d5261c6aff1075154db383532,2f1ba2abdecdced1b9d8af54f37de1c423a529fb8f31b5314777f71e449ec75c,90.89862,96.850586,868,success_build,True,True,False,unit fuzzy loss,
6,6 1 2 3 4 5 0 7 8 9 10 11 12 13 14 15 16 17 18 19 20 21 22 23,34acebef5bd3afff30679ddf662b7fb838a12ec793f2df14437318dcedba1a1e,e7b89aa9e6814475e684a9b6b1d410709e3cf72d017a5cc6518b2d054dc8bb46,90.622116,96.811775,868,success_build,True,True,False,unit fuzzy loss,
7,7 1 2 3 4 5 6 0 8 9 10 11 12 13 14 15 16 17 18 19 20 21 22 23,57de913668d6b2dff4fb1eb3454865f6c6ef3c958dc5d276f04ea29c9123a8c7,e7b89aa9e6814475e684a9b6b1d410709e3cf72d017a5cc6518b2d054dc8bb46,90.622116,96.811775,868,success_build,True,True,False,unit fuzzy loss,
8,8 1 2 3 4 5 6 7 0 9 10 11 12 13 14 15 16 17 18 19 20 21 22 23,f0b2ad9b65906a7f40c6ec574713cf7ddaf216807090a7a52619372ca8546abe,e7b89aa9e6814475e684a9b6b1d410709e3cf72d017a5cc6518b2d054dc8bb46,90.622116,96.811775,868,success_build,True,True,False,unit fuzzy loss,
9,9 1 2 3 4 5 6 7 8 0 10 11 12 13 14 15 16 17 18 19 20 21 22 23,37649a7f8dd57d7ac81f50bf7e35b55018de1d2431022a21e33a39ebf013f588,e0e327019ca268de4860887c1ef9eefb23d32afc8b27b8e241e0ddd6533dbe4c,90.89862,96.850586,868,success_build,True,True,False,unit fuzzy loss,
10,10 1 2 3 4 5 6 7 8 9 0 11 12 13 14 15 16 17 18 19 20 21 22 23,a7bfa714dd79da618057b05ee83775e5f7a764ce56d1ba8df8d9eac46600b788,3741d930fd6e1042568f08055799680566ca9ff42bd761b40446854e16373b6d,90.645164,96.81501,868,success_build,True,True,False,unit fuzzy loss,
11,11 1 2 3 4 5 6 7 8 9 10 0 12 13 14 15 16 17 18 19 20 21 22 23,0af50782d624d1bd096d94635544568be1ceb8dd5640eeca5f6d04511530d09e,43f3d12df3057352a99d47c8677069f4661bc2018e2217f03ed0c9c19005647a,90.576035,96.805305,868,success_build,True,True,False,unit fuzzy loss,
12,12 1 2 3 4 5 6 7 8 9 10 11 0 13 14 15 16 17 18 19 20 21 22 23,69449d79b79ec9c4422623c15daa0b3fe7828928d2e3895c4af789109b6ebebf,0b928852adc3ea3914b88c879dd75d70bdfecd408ef0a6a586a7b4cf10d48c44,89.62673,96.67206,868,success_build,True,True,False,unit fuzzy loss,
13,13 1 2 3 4 5 6 7 8 9 10 11 12 0 14 15 16 17 18 19 20 21 22 23,1f5d0dce4fea86f2621417aa2e1ac01d55dc55f1dcbbd89f1de871ab77b8c10b,99a39d73daf2adebcb8beacd8b3fd98a53fdefc078561e5a04f4a4c5b183d938,89.65438,96.67594,868,success_build,True,True,False,unit fuzzy loss,
14,14 1 2 3 4 5 6 7 8 9 10 11 12 13 0 15 16 17 18 19 20 21 22 23,c6be1926608b6840bba27795a8a37181500cd87d2c7df277102d2453879680ae,590f37127f82f9db3b69842b0c266434ef290aa2f5fb60c32c4807de3810d8f8,90.78341,96.83441,868,success_build,True,True,False,unit fuzzy loss,
15,15 1 2 3 4 5 6 7 8 9 10 11 12 13 14 0 16 17 18 19 20 21 22 23,b858905af351ccd0fffb2ea689e44cebeb0dc4eb40f343706ec23e62941e3997,dd123a83f7845bab07ee52b4ec7fdf330ac62f3baf03e945bea434f2c2018aed,90.82949,96.84088,868,success_build,True,True,False,unit fuzzy loss,
16,16 1 2 3 4 5 6 7 8 9 10 11 12 13 14 15 0 17 18 19 20 21 22 23,7e9ef4bfdbccf225845de423b49631c0e01fa50f86eef572ed1f7c732772ec97,ab11ad58fbd418fb31fa3143907b3a6a3616254b1068d609f61178d8031a492e,90.85253,96.84412,868,success_build,True,True,False,unit fuzzy loss,
17,17 1 2 3 4 5 6 7 8 9 10 11 12 13 14 15 16 0 18 19 20 21 22 23,0f76cff5eafbae5980088152e798204aad2da03c8da83ad0cdcad276e23311d0,30fa439bd118bbd0f2dc8e51b0456a2290b73b879791bf385968c878c29a4070,90.691246,96.82147,868,success_build,True,True,False,unit fuzzy loss,
18,18 1 2 3 4 5 6 7 8 9 10 11 12 13 14 15 16 17 0 19 20 21 22 23,75751bfd3fd7ca74a7797ab9e3159bcfa70e7a7798f5c7b0529e0a316e65983b,b352ae58431dd969677bcb2afe937119f8647be84167ef2c8139c349b425190f,90.89862,96.850586,868,success_build,True,True,False,unit fuzzy loss,
19,19 1 2 3 4 5 6 7 8 9 10 11 12 13 14 15 16 17 18 0 20 21 22 23,1bd0b4259c41a5457d41392f6a896fb04fdf9abf42e91eb1ea62e4fc7aa2069f,a673ab3d8c8ea88e2721086b4f58838e0634f2aaa92600fba362ceb65b7215ad,90.52995,96.798836,868,success_build,True,True,False,unit fuzzy loss,
20,20 1 2 3 4 5 6 7 8 9 10 11 12 13 14 15 16 17 18 19 0 21 22 23,422392553bb209d1ecfc6b91b69993d95cf6bf2e379cc1f299d7bbd28d9d10c5,f49124ff45015739b4a4110d9c7a3d2c379de4a27ebdb92112c6ce9b79056206,89.90784,96.71152,868,success_build,True,True,False,unit fuzzy loss,
21,21 1 2 3 4 5 6 7 8 9 10 11 12 13 14 15 16 17 18 19 20 0 22 23,37674f753af40e6085b3c75ba0b5e8f3f6b857921da136228589254bda7c600c,d74ffbc8869fa70fb506c9879413480086d2eb2e7a2194e03add0695d6f76f42,89.90784,96.71152,868,success_build,True,True,False,unit fuzzy loss,
22,22 1 2 3 4 5 6 7 8 9 10 11 12 13 14 15 16 17 18 19 20 21 0 23,0fafbccc6665d19aead4c8ebc11944ec6609d727cba21343cedc8c11629b579e,63cbe86d286877dbfca9bfb9267731bc5e0f4d19bd7761529b9e4b20b35155be,90.46083,96.78913,868,success_build,True,True,False,unit fuzzy loss,
23,23 1 2 3 4 5 6 7 8 9 10 11 12 13 14 15 16 17 18 19 20 21 22 0,d31c4c4c0603a67b9c943a6e159ebacd5ba793d5708f2ac9cddf76eb3621548c,5a710e99e33c81fe7714719710b8217a9ae39d9caa012b11910936d54e0fdeb2,87.92627,96.43338,868,success_build,True,True,False,unit fuzzy loss,
24,0 2 1 3 4 5 6 7 8 9 10 11 12 13 14 15 16 17 18 19 20 21 22 23,d06ea5088d7d0fa023e34e68b5539d637a18eee6256d0fed2a56378bd5eee5fd,7f4ca0cfa4bfccfd13f7b0dc476830a8e4531a0e299930ce2ded76ed68b20c94,91.013824,96.86675,868,success_build,True,True,True,,
25,0 3 2 1 4 5 6 7 8 9 10 11 12 13 14 15 16 17 18 19 20 21 22 23,accbcd29ba3deacc58170492a9a3664cc674d09ca537e8ff7ebf5ea5fadcdf32,7f4ca0cfa4bfccfd13f7b0dc476830a8e4531a0e299930ce2ded76ed68b20c94,91.013824,96.86675,868,success_build,True,True,True,,
26,0 4 2 3 1 5 6 7 8 9 10 11 12 13 14 15 16 17 18 19 20 21 22 23,2fc1abd0304a34001085e162d7c8e8cdac36aa0ac2b94820ff58c49f1888e8c8,7f4ca0cfa4bfccfd13f7b0dc476830a8e4531a0e299930ce2ded76ed68b20c94,91.013824,96.86675,868,success_build,True,True,True,,
27,0 5 2 3 4 1 6 7 8 9 10 11 12 13 14 15 16 17 18 19 20 21 22 23,6e78e4649b8660f210e3b1cf4320d82203e7e91ee8bc14b8568cdcaab804b965,4a641e4be0e8adcc5d813eb1b506c1c87832baa00dd8326caf3d6aee30cb397b,90.73733,96.82794,868,success_build,True,True,False,unit fuzzy loss,
28,0 6 2 3 4 5 1 7 8 9 10 11 12 13 14 15 16 17 18 19 20 21 22 23,3b07c11c6eb85e363f5ce43ff2b1e47135b8f26681863b14575c8397054813ef,4a641e4be0e8adcc5d813eb1b506c1c87832baa00dd8326caf3d6aee30cb397b,90.73733,96.82794,868,success_build,True,True,False,unit fuzzy loss,
29,0 7 2 3 4 5 6 1 8 9 10 11 12 13 14 15 16 17 18 19 20 21 22 23,77afd9a186a4a4138c1c1a2463db3546ef81bc7f2d7442e6601562a1308dd86b,4a641e4be0e8adcc5d813eb1b506c1c87832baa00dd8326caf3d6aee30cb397b,90.73733,96.82794,868,success_build,True,True,False,unit fuzzy loss,
30,0 8 2 3 4 5 6 7 1 9 10 11 12 13 14 15 16 17 18 19 20 21 22 23,f8b1ebebc98e81ce75955848268043f91b05bc51209375d2a1fa9f44ca472e58,4a641e4be0e8adcc5d813eb1b506c1c87832baa00dd8326caf3d6aee30cb397b,90.73733,96.82794,868,success_build,True,True,False,unit fuzzy loss,
31,0 9 2 3 4 5 6 7 8 1 10 11 12 13 14 15 16 17 18 19 20 21 22 23,3912a40199b4da3eac21d89ba3cb8043e2520475d0fb000f1ccb1493c5c92510,a132fa8acfd6da03c7be42f565a0b083b2c0c16a6f0243dbda2e53fde0a44b40,90.89862,96.850586,868,success_build,True,True,False,unit fuzzy loss,
32,0 10 2 3 4 5 6 7 8 9 1 11 12 13 14 15 16 17 18 19 20 21 22 23,85c5ee906a54d9295d9963293819d750c42ff1c7b6db7e08fa7a7a3c82047273,9a0be1deb27e2a7b690c20facff535f750f141f529fc707a850959200f59abb5,90.691246,96.82147,868,success_build,True,True,False,unit fuzzy loss,
33,0 11 2 3 4 5 6 7 8 9 10 1 12 13 14 15 16 17 18 19 20 21 22 23,b16df87b0e559ee382eb3d6dbffcfd5781a435120efb4807c86e03dee1f41554,dd01650e2de059ef5bcbb48556fd3ed968bcf858d5e189309db03e6eaa1c6866,90.622116,96.811775,868,success_build,True,True,False,unit fuzzy loss,
34,0 12 2 3 4 5 6 7 8 9 10 11 1 13 14 15 16 17 18 19 20 21 22 23,18133e004be8750f5f06b83013c72fe2ce07efc1d6780946bcbf39fdfc60c80a,83bcd3383e56c8fa8e61b8831038a585acf8cf6594e317b42df6d5ee81623030,89.67281,96.67853,868,success_build,True,True,False,unit fuzzy loss,
35,0 13 2 3 4 5 6 7 8 9 10 11 12 1 14 15 16 17 18 19 20 21 22 23,b2c8c59f9068834e66a8e8f4d9e7741314f2dd8ae0e1f40801271fd91f1535bf,8d3c1956ce717015c44349f0c7a4f27369ca521853c21b07a736ce1240ef3df9,89.70046,96.6824,868,success_build,True,True,False,unit fuzzy loss,
36,0 14 2 3 4 5 6 7 8 9 10 11 12 13 1 15 16 17 18 19 20 21 22 23,271fc2fdacc8833a3cce2a34693a281549cd01434df5ed3f63d7b09a74655e49,e76d7463bdda84c34b0cd0eb2508906c27e9ffef7ddedd063e65562ec6ca7070,90.78341,96.83441,868,success_build,True,True,False,unit fuzzy loss,
37,0 15 2 3 4 5 6 7 8 9 10 11 12 13 14 1 16 17 18 19 20 21 22 23,bca4e283017c3b875b1cd719a088731a08e1b2c52abaddd6f80a8da987e7e263,3c22a4fc79613d4bdca7e626256ca5506df16ca55b152b0814ead2907f94cb45,90.82949,96.84088,868,success_build,True,True,False,unit fuzzy loss,
38,0 16 2 3 4 5 6 7 8 9 10 11 12 13 14 15 1 17 18 19 20 21 22 23,e8c1cf0c21a350127d43c5e9ec47ec41c2b5ab255e74cca09a5958b4e371b044,88fec9f5ef8897d42680cdd0417632915fb81cdb94d366342a0945ea5233c3ea,90.85253,96.84412,868,success_build,True,True,False,unit fuzzy loss,
39,0 17 2 3 4 5 6 7 8 9 10 11 12 13 14 15 16 1 18 19 20 21 22 23,40f420109013ca9fae32b3414b403991be980d561b0a1d77aa0916078dbafe9f,e48723a9a0d00b5ce2207088632f337d6354fb3195b4707a163d512ab52ad7e2,90.691246,96.82147,868,success_build,True,True,False,unit fuzzy loss,
40,0 18 2 3 4 5 6 7 8 9 10 11 12 13 14 15 16 17 1 19 20 21 22 23,8fb0c89b7b0bcb7b0467ca1be3dfcdb70dfa43b1ec085d926d028e156470749a,f82e514864af9c85e1857e2fd59bfd976deb0aba1f651662b322730ced490ad6,90.89862,96.850586,868,success_build,True,True,False,unit fuzzy loss,0
41,0 19 2 3 4 5 6 7 8 9 10 11 12 13 14 15 16 17 18 1 20 21 22 23,b5a8589aa2d216ef2afd784b5c7737029375f71638fa4e3618133901cba56718,fa348e5b096a3a8305cfb67e5f04f352c76985c7d0782c368f59c96c84aa97a7,90.52995,96.798836,868,success_build,True,True,False,unit fuzzy loss,
42,0 20 2 3 4 5 6 7 8 9 10 11 12 13 14 15 16 17 18 19 1 21 22 23,14ca535a9a4175d6759d4e79a1a949f7f09eb63fac16faf33b7428c9d68e4336,8e54080728aacb4db0747738167aa2ba0752d416be97fa01eefb4091d8a5fb77,90.02304,96.727684,868,success_build,True,True,False,unit fuzzy loss,
43,0 21 2 3 4 5 6 7 8 9 10 11 12 13 14 15 16 17 18 19 20 1 22 23,98f08db06bb98c9a49b79fca2bf08bfa424139c27f7aff25f59b6b2dfc80659c,7b7cfb89aab5bc902350420923b7d749d541dfebffeac53ff4c27ab2f4469149,90.02304,96.727684,868,success_build,True,True,False,unit fuzzy loss,
44,0 22 2 3 4 5 6 7 8 9 10 11 12 13 14 15 16 17 18 19 20 21 1 23,931a07182b119466ca765efb57e0f651b0dfdf58dd7d7c3246289f16d669d874,c6b6273ce2a37f3518c2295110f90c482c2500778a9c9e9b0310127f7a577142,90.46083,96.78913,868,success_build,True,True,False,unit fuzzy loss,
45,0 23 2 3 4 5 6 7 8 9 10 11 12 13 14 15 16 17 18 19 20 21 22 1,0b3ea7602ef0bffc8857fe6032d61f4769934809140c97dc97223fae0d6d32c2,4f0a213956ee19d89a600a1273193782bd0121403f3476829c25ed594c5b7c17,88.04147,96.44955,868,success_build,True,True,False,unit fuzzy loss,
46,0 1 3 2 4 5 6 7 8 9 10 11 12 13 14 15 16 17 18 19 20 21 22 23,9fb3635c5df4e226aecaf89e74cb40185e386c67fcd536cdc05d515829603582,7f4ca0cfa4bfccfd13f7b0dc476830a8e4531a0e299930ce2ded76ed68b20c94,91.013824,96.86675,868,success_build,True,True,True,,
47,0 1 4 3 2 5 6 7 8 9 10 11 12 13 14 15 16 17 18 19 20 21 22 23,12251c93e0d2046b96b9d078bc07a0865f394a8c458b5cd9a81cbbc3b719245d,7f4ca0cfa4bfccfd13f7b0dc476830a8e4531a0e299930ce2ded76ed68b20c94,91.013824,96.86675,868,success_build,True,True,True,,
48,0 1 5 3 4 2 6 7 8 9 10 11 12 13 14 15 16 17 18 19 20 21 22 23,b985b272845daae7ea9ab264fb4c50eedb4e6839d4b113d377df85ea13769829,7f4ca0cfa4bfccfd13f7b0dc476830a8e4531a0e299930ce2ded76ed68b20c94,91.013824,96.86675,868,success_build,True,True,True,,
49,0 1 6 3 4 5 2 7 8 9 10 11 12 13 14 15 16 17 18 19 20 21 22 23,c508e11753d2a2947d1ae0bede8c2648a5dcb314ab201b48e49d794690961c2d,7f4ca0cfa4bfccfd13f7b0dc476830a8e4531a0e299930ce2ded76ed68b20c94,91.013824,96.86675,868,success_build,True,True,True,,
50,0 1 7 3 4 5 6 2 8 9 10 11 12 13 14 15 16 17 18 19 20 21 22 23,0c858192eaa2babaab9dac9d62babed1736bf0af4a32eecd3176dd66140c9d04,7f4ca0cfa4bfccfd13f7b0dc476830a8e4531a0e299930ce2ded76ed68b20c94,91.013824,96.86675,868,success_build,True,True,True,,
51,0 1 8 3 4 5 6 7 2 9 10 11 12 13 14 15 16 17 18 19 20 21 22 23,5e8e645b83949dd9a241edd6b17cab8bab34b891199712d8c9fed09ed09b5aef,7f4ca0cfa4bfccfd13f7b0dc476830a8e4531a0e299930ce2ded76ed68b20c94,91.013824,96.86675,868,success_build,True,True,True,,
52,0 1 9 3 4 5 6 7 8 2 10 11 12 13 14 15 16 17 18 19 20 21 22 23,0399e91d53b646c606639a49df52af3cd2227c30b20f28cca59bacb27f388e82,58249fae8b4a9718ecfda2a86640a9dcb0b5a8f9b8c0ae65e8264b6371f76cb3,91.013824,96.86675,868,success_build,True,True,True,,
53,0 1 10 3 4 5 6 7 8 9 2 11 12 13 14 15 16 17 18 19 20 21 22 23,1810ee70b7b6c9ffd00e67327610ecd7b6cab2b34f1019fee808411bd6cd8c96,2772ab253c221a36748f39a502587e4b75d6a927c2e301eaea3f6f127a08c33c,90.96774,96.86028,868,success_build,True,True,False,unit fuzzy loss,
54,0 1 11 3 4 5 6 7 8 9 10 2 12 13 14 15 16 17 18 19 20 21 22 23,61d3285ebbf6995ea48fc425ca4e562a80839b6a240e78ce03f6f82434023e94,d22dd643d79a9a18d6727afd0b43902d41f75c084e625d3198c2ffabe5c77d38,90.668205,96.81824,868,success_build,True,True,False,unit fuzzy loss,
55,0 1 12 3 4 5 6 7 8 9 10 11 2 13 14 15 16 17 18 19 20 21 22 23,1d46316ef1ba3e823af545347eff2ab694ed41627c8a5f22653114d61adb7aa3,f312209e09ed9c967f3b6bf547a6bb4457dfd8e785b55c455b94c4f7b23c99b1,89.741936,96.688225,868,success_build,True,True,False,unit fuzzy loss,
56,0 1 13 3 4 5 6 7 8 9 10 11 12 2 14 15 16 17 18 19 20 21 22 23,de261ec360b545aa319c76645031d017a39e601cf3ffe22d32ec070495b73ce3,a5e8df4ea333aa6e329223ac94ba6dfb9f34206ded3c3cd408e4729619ec1759,89.622116,96.67141,868,success_build,True,True,False,unit fuzzy loss,
57,0 1 14 3 4 5 6 7 8 9 10 11 12 13 2 15 16 17 18 19 20 21 22 23,f5ea55ae8bd9711cd55092e66787dce9c943c018cbf98b6f5311ef0316a9819b,aa752f0818f52270a189ee8cceded629be1e5edeab2eb13644290f02f614319f,89.50691,96.65524,868,success_build,True,True,False,unit fuzzy loss,
58,0 1 15 3 4 5 6 7 8 9 10 11 12 13 14 2 16 17 18 19 20 21 22 23,086909148c6223278ac0ecb2517b33485eadc7c9bddb801fd7578af621e506fb,d2c733a04d0039b2ed31eddf8dac0d4c4ba36270077fa6dd1b01136e6ba2a784,89.43779,96.64554,868,success_build,True,True,False,unit fuzzy loss,
59,0 1 16 3 4 5 6 7 8 9 10 11 12 13 14 15 2 17 18 19 20 21 22 23,b3ba6e724464814831e3c0ff0e6662c57cf1d0d139a4a2cc391a4be5dafbb369,89c98770fa7816d862c97d7276b7b82e162c724304bf64d18443c3ae7c032b88,89.39171,96.63907,868,success_build,True,True,False,unit fuzzy loss,
60,0 1 17 3 4 5 6 7 8 9 10 11 12 13 14 15 16 2 18 19 20 21 22 23,d309d6ac6a8d6eebfae369f2428d1b16e58d525ae663753aa83222ba6ca1bdfc,02812ab4c9e7e6bb5548fc4bcefb66cfdafefba8c96ccb2fcecb3e5b0bc0173c,89.18433,96.60996,868,success_build,True,True,False,unit fuzzy loss,
61,0 1 18 3 4 5 6 7 8 9 10 11 12 13 14 15 16 17 2 19 20 21 22 23,fe510ae756277fdd09554d9250ef2eb21259b9cd77385b04beca27e741a846f7,6218cd580d68cb127fb3ae4800aa0ee87782885ed28703a951c45cc77ed6aaeb,89.46083,96.64877,868,success_build,True,True,False,unit fuzzy loss,
62,0 1 19 3 4 5 6 7 8 9 10 11 12 13 14 15 16 17 18 2 20 21 22 23,7dbbf37c7a5ad330193b4f6810a362f62032e04a1181bcca2675456780a8c046,a07d38f50d49e7b51d3b5178bcb96ae23322ca2f90cf1266d2d96769a640e40e,89.09216,96.59702,868,success_build,True,True,False,unit fuzzy loss,
63,0 1 20 3 4 5 6 7 8 9 10 11 12 13 14 15 16 17 18 19 2 21 22 23,d3a0e07bc23fb238f0672be4813ab2616f1d409586ab96cd07d6be5b60fe16a2,7f4ca0cfa4bfccfd13f7b0dc476830a8e4531a0e299930ce2ded76ed68b20c94,91.013824,96.86675,868,success_build,True,True,True,,
64,0 1 21 3 4 5 6 7 8 9 10 11 12 13 14 15 16 17 18 19 20 2 22 23,cfc3c218660279964b84683372084b1a1366985783a70404baaab90c046e516c,796c2b5e9d5453c6aabbc463b79dd69a9b0ac0268773c7a6386407b9bccfc029,91.013824,96.86675,868,success_build,True,True,True,,
65,0 1 22 3 4 5 6 7 8 9 10 11 12 13 14 15 16 17 18 19 20 21 2 23,53c4bd201e412bb6f0f9bc9cd81f40802d2baf67689e515b78816698f8f03bb7,cd49a48ff9b9a60e67c5e5af9791052e173c7135facd0b8bc2eacc4b4221faa9,88.97696,96.58086,868,success_build,True,True,False,unit fuzzy loss,
66,0 1 23 3 4 5 6 7 8 9 10 11 12 13 14 15 16 17 18 19 20 21 22 2,23c37d81cd37566654d31d8a821aa94230c452dfe6f2704e6969f77ddb76235d,d7ec7397c44851098a66a64d5a8d6a4f43968ce31efa73cd39da2dceec1259ca,88.80184,96.556274,868,success_build,True,True,False,unit fuzzy loss,
67,0 1 2 4 3 5 6 7 8 9 10 11 12 13 14 15 16 17 18 19 20 21 22 23,c38300582b061afacb8f970e99e62e7c5fca4dee2d1a3c16572cb4b93ec9fd7f,7f4ca0cfa4bfccfd13f7b0dc476830a8e4531a0e299930ce2ded76ed68b20c94,91.013824,96.86675,868,success_build,True,True,True,,
68,0 1 2 5 4 3 6 7 8 9 10 11 12 13 14 15 16 17 18 19 20 21 22 23,5d27b5688d65da7def495ce0f2b1335019ba2487d88803cb1791c1a7b300f8d7,7f4ca0cfa4bfccfd13f7b0dc476830a8e4531a0e299930ce2ded76ed68b20c94,91.013824,96.86675,868,success_build,True,True,True,,
69,0 1 2 6 4 5 3 7 8 9 10 11 12 13 14 15 16 17 18 19 20 21 22 23,f244e25088b2bcd8676a27557bd0f7cb641aba57e287a4f0a3011f21343a856c,7f4ca0cfa4bfccfd13f7b0dc476830a8e4531a0e299930ce2ded76ed68b20c94,91.013824,96.86675,868,success_build,True,True,True,,
70,0 1 2 7 4 5 6 3 8 9 10 11 12 13 14 15 16 17 18 19 20 21 22 23,2cef13b0a3dba926a7440baabb4dc42b3e1c96c18b9c9d5bd64578d462e16fec,7f4ca0cfa4bfccfd13f7b0dc476830a8e4531a0e299930ce2ded76ed68b20c94,91.013824,96.86675,868,success_build,True,True,True,,
71,0 1 2 8 4 5 6 7 3 9 10 11 12 13 14 15 16 17 18 19 20 21 22 23,aa2eca40d72fe2e0450879cd59eeb1d02ac727119b3541c490a6b9a7df046aa7,7f4ca0cfa4bfccfd13f7b0dc476830a8e4531a0e299930ce2ded76ed68b20c94,91.013824,96.86675,868,success_build,True,True,True,,
72,0 1 2 9 4 5 6 7 8 3 10 11 12 13 14 15 16 17 18 19 20 21 22 23,d82b31a5d2fc117727ddc21779484385da0a4324d2fe5f9a7f41cbaa895e422f,58249fae8b4a9718ecfda2a86640a9dcb0b5a8f9b8c0ae65e8264b6371f76cb3,91.013824,96.86675,868,success_build,True,True,True,,
73,0 1 2 10 4 5 6 7 8 9 3 11 12 13 14 15 16 17 18 19 20 21 22 23,fc027199b70cdba4392903bdf15920eabdfd9c1632e51ddd327b6346190dc6fd,2772ab253c221a36748f39a502587e4b75d6a927c2e301eaea3f6f127a08c33c,90.96774,96.86028,868,success_build,True,True,False,unit fuzzy loss,
74,0 1 2 11 4 5 6 7 8 9 10 3 12 13 14 15 16 17 18 19 20 21 22 23,d0f4ea0dcf1df7292461f412ce41df936ec6ba7e2805e80d927a81b56624e3ba,d22dd643d79a9a18d6727afd0b43902d41f75c084e625d3198c2ffabe5c77d38,90.668205,96.81824,868,success_build,True,True,False,unit fuzzy loss,
75,0 1 2 12 4 5 6 7 8 9 10 11 3 13 14 15 16 17 18 19 20 21 22 23,ff3fa9d09f3cd99892b7b6e3b927be2b86c7f207b8baef1d3a92ca73214c89b7,f312209e09ed9c967f3b6bf547a6bb4457dfd8e785b55c455b94c4f7b23c99b1,89.741936,96.688225,868,success_build,True,True,False,unit fuzzy loss,
76,0 1 2 13 4 5 6 7 8 9 10 11 12 3 14 15 16 17 18 19 20 21 22 23,d4e05ab02d6334fb7d5d1d8f3869d923a47d81dd66a1bce89cf02a7c8663aa1e,a5e8df4ea333aa6e329223ac94ba6dfb9f34206ded3c3cd408e4729619ec1759,89.622116,96.67141,868,success_build,True,True,False,unit fuzzy loss,
77,0 1 2 14 4 5 6 7 8 9 10 11 12 13 3 15 16 17 18 19 20 21 22 23,205c54c796eab5f2eca1948546d155f05c48bbc38e94c9c848f0a65ebadda8cc,aa752f0818f52270a189ee8cceded629be1e5edeab2eb13644290f02f614319f,89.50691,96.65524,868,success_build,True,True,False,unit fuzzy loss,
78,0 1 2 15 4 5 6 7 8 9 10 11 12 13 14 3 16 17 18 19 20 21 22 23,bf62bb074a486080d12bfd4bbc3c4de679908a8150b985a144da4f88f698ca10,d2c733a04d0039b2ed31eddf8dac0d4c4ba36270077fa6dd1b01136e6ba2a784,89.43779,96.64554,868,success_build,True,True,False,unit fuzzy loss,
79,0 1 2 16 4 5 6 7 8 9 10 11 12 13 14 15 3 17 18 19 20 21 22 23,3b2d03b890d20f211ff8d1a447f589630fe88cbbdfda99eb10637612d264d12e,89c98770fa7816d862c97d7276b7b82e162c724304bf64d18443c3ae7c032b88,89.39171,96.63907,868,success_build,True,True,False,unit fuzzy loss,
80,0 1 2 17 4 5 6 7 8 9 10 11 12 13 14 15 16 3 18 19 20 21 22 23,c433bd89cff6cb2c422fe27070932d90d340ba24783ef3ce96f060435b3f871d,02812ab4c9e7e6bb5548fc4bcefb66cfdafefba8c96ccb2fcecb3e5b0bc0173c,89.18433,96.60996,868,success_build,True,True,False,unit fuzzy loss,
81,0 1 2 18 4 5 6 7 8 9 10 11 12 13 14 15 16 17 3 19 20 21 22 23,3935ccd8c00f524544726b09bd71002e2c7b95da25da7f4b868aa6589a7e359c,6218cd580d68cb127fb3ae4800aa0ee87782885ed28703a951c45cc77ed6aaeb,89.46083,96.64877,868,success_build,True,True,False,unit fuzzy loss,
82,0 1 2 19 4 5 6 7 8 9 10 11 12 13 14 15 16 17 18 3 20 21 22 23,07422552a1fea13e3d809d80c3263e269b9dc92205f2284174937ced33756fe7,a07d38f50d49e7b51d3b5178bcb96ae23322ca2f90cf1266d2d96769a640e40e,89.09216,96.59702,868,success_build,True,True,False,unit fuzzy loss,
83,0 1 2 20 4 5 6 7 8 9 10 11 12 13 14 15 16 17 18 19 3 21 22 23,ed57489f23e490bdef147fc24a8a7c5acb537641e7a3c84ee6adcbb1fbf0a7d0,7f4ca0cfa4bfccfd13f7b0dc476830a8e4531a0e299930ce2ded76ed68b20c94,91.013824,96.86675,868,success_build,True,True,True,,
84,0 1 2 21 4 5 6 7 8 9 10 11 12 13 14 15 16 17 18 19 20 3 22 23,8df2bdfdd08f256a80853324309beef00ad6dca03e712fc515c5d07a8e0aacb0,796c2b5e9d5453c6aabbc463b79dd69a9b0ac0268773c7a6386407b9bccfc029,91.013824,96.86675,868,success_build,True,True,True,,
85,0 1 2 22 4 5 6 7 8 9 10 11 12 13 14 15 16 17 18 19 20 21 3 23,d77ba06ad222c112676556922ac87b838020a6b090993107183ae9161f2c7c44,cd49a48ff9b9a60e67c5e5af9791052e173c7135facd0b8bc2eacc4b4221faa9,88.97696,96.58086,868,success_build,True,True,False,unit fuzzy loss,
86,0 1 2 23 4 5 6 7 8 9 10 11 12 13 14 15 16 17 18 19 20 21 22 3,221d3da322850fe23045137ae729db36a2c9406f95f4e788a9c214aee4571863,d7ec7397c44851098a66a64d5a8d6a4f43968ce31efa73cd39da2dceec1259ca,88.80184,96.556274,868,success_build,True,True,False,unit fuzzy loss,
87,0 1 2 3 5 4 6 7 8 9 10 11 12 13 14 15 16 17 18 19 20 21 22 23,ea26b5f746257794791ab0a268dabd7f56be1fe991b2802190852e3149932b64,7f4ca0cfa4bfccfd13f7b0dc476830a8e4531a0e299930ce2ded76ed68b20c94,91.013824,96.86675,868,success_build,True,True,True,,
88,0 1 2 3 6 5 4 7 8 9 10 11 12 13 14 15 16 17 18 19 20 21 22 23,269043827bd6e80bf57b6664a2c9d8cff54b04ceb1e30eacccfe03fb046be1f3,7f4ca0cfa4bfccfd13f7b0dc476830a8e4531a0e299930ce2ded76ed68b20c94,91.013824,96.86675,868,success_build,True,True,True,,
89,0 1 2 3 7 5 6 4 8 9 10 11 12 13 14 15 16 17 18 19 20 21 22 23,d03069a4363422f4d0df5c61a3b962f966ca4d8bc5db28bc5054ebd380af2ff3,7f4ca0cfa4bfccfd13f7b0dc476830a8e4531a0e299930ce2ded76ed68b20c94,91.013824,96.86675,868,success_build,True,True,True,,
90,0 1 2 3 8 5 6 7 4 9 10 11 12 13 14 15 16 17 18 19 20 21 22 23,656f1b22e926705a83f803d3543517be8f3451454093c064faa2059338aeca60,7f4ca0cfa4bfccfd13f7b0dc476830a8e4531a0e299930ce2ded76ed68b20c94,91.013824,96.86675,868,success_build,True,True,True,,
91,0 1 2 3 9 5 6 7 8 4 10 11 12 13 14 15 16 17 18 19 20 21 22 23,2b84c512ac923f46d88e2bbb7548f41af57b2489485eba3638de46c479a6f1d9,58249fae8b4a9718ecfda2a86640a9dcb0b5a8f9b8c0ae65e8264b6371f76cb3,91.013824,96.86675,868,success_build,True,True,True,,
92,0 1 2 3 10 5 6 7 8 9 4 11 12 13 14 15 16 17 18 19 20 21 22 23,d516d5b79b8f697314c7de161b15a47d6c69c406af07710660e857aee4a1841e,2772ab253c221a36748f39a502587e4b75d6a927c2e301eaea3f6f127a08c33c,90.96774,96.86028,868,success_build,True,True,False,unit fuzzy loss,
93,0 1 2 3 11 5 6 7 8 9 10 4 12 13 14 15 16 17 18 19 20 21 22 23,0dd45ade2705ef1a637e93e7485aeb5f48f2de6b3225ca79e7c3b3eca49cd174,d22dd643d79a9a18d6727afd0b43902d41f75c084e625d3198c2ffabe5c77d38,90.668205,96.81824,868,success_build,True,True,False,unit fuzzy loss,
94,0 1 2 3 12 5 6 7 8 9 10 11 4 13 14 15 16 17 18 19 20 21 22 23,d8b3b72de6323b32c44bc79884dc5cf031963693a1ce76b5afc61aeb5da1ead4,f312209e09ed9c967f3b6bf547a6bb4457dfd8e785b55c455b94c4f7b23c99b1,89.741936,96.688225,868,success_build,True,True,False,unit fuzzy loss,
95,0 1 2 3 13 5 6 7 8 9 10 11 12 4 14 15 16 17 18 19 20 21 22 23,c426a924202898a98548ccfa7937459e64c752d915efe3fdd36a6169ab31394a,a5e8df4ea333aa6e329223ac94ba6dfb9f34206ded3c3cd408e4729619ec1759,89.622116,96.67141,868,success_build,True,True,False,unit fuzzy loss,
96,0 1 2 3 14 5 6 7 8 9 10 11 12 13 4 15 16 17 18 19 20 21 22 23,f4f786f3c00f71d23e5c5bfac48b4f6cdc8e7f03245dd57352c0b5796535aa1b,aa752f0818f52270a189ee8cceded629be1e5edeab2eb13644290f02f614319f,89.50691,96.65524,868,success_build,True,True,False,unit fuzzy loss,
97,0 1 2 3 15 5 6 7 8 9 10 11 12 13 14 4 16 17 18 19 20 21 22 23,91ab880a0cb3126795e53556e55e8bd4c1ace987b1fa187e798c30953842f211,d2c733a04d0039b2ed31eddf8dac0d4c4ba36270077fa6dd1b01136e6ba2a784,89.43779,96.64554,868,success_build,True,True,False,unit fuzzy loss,
98,0 1 2 3 16 5 6 7 8 9 10 11 12 13 14 15 4 17 18 19 20 21 22 23,0f739b86d05c24dea642302c4faac14204db5099026498c0ad50745fb2d7cf15,89c98770fa7816d862c97d7276b7b82e162c724304bf64d18443c3ae7c032b88,89.39171,96.63907,868,success_build,True,True,False,unit fuzzy loss,
99,0 1 2 3 17 5 6 7 8 9 10 11 12 13 14 15 16 4 18 19 20 21 22 23,bec147e2f611a270a179cd60b26b4a5bfb2be0add204d1998bdd4163095b21a6,02812ab4c9e7e6bb5548fc4bcefb66cfdafefba8c96ccb2fcecb3e5b0bc0173c,89.18433,96.60996,868,success_build,True,True,False,unit fuzzy loss,
100,0 1 2 3 18 5 6 7 8 9 10 11 12 13 14 15 16 17 4 19 20 21 22 23,3cbe4da3d17c7c8b45012b03595a47bfabd9c1bd0433f341bd4cac6c3da8d232,6218cd580d68cb127fb3ae4800aa0ee87782885ed28703a951c45cc77ed6aaeb,89.46083,96.64877,868,success_build,True,True,False,unit fuzzy loss,
101,0 1 2 3 19 5 6 7 8 9 10 11 12 13 14 15 16 17 18 4 20 21 22 23,f834baf621da538ac636eba99bef5b41f527575347e304b2bbdede7f2b9a9879,a07d38f50d49e7b51d3b5178bcb96ae23322ca2f90cf1266d2d96769a640e40e,89.09216,96.59702,868,success_build,True,True,False,unit fuzzy loss,
102,0 1 2 3 20 5 6 7 8 9 10 11 12 13 14 15 16 17 18 19 4 21 22 23,9d33d27b3d6c5321f4496d95ee4fceb1923f2c92f2decf61b3c04d4a32bf8bd7,7f4ca0cfa4bfccfd13f7b0dc476830a8e4531a0e299930ce2ded76ed68b20c94,91.013824,96.86675,868,success_build,True,True,True,,
103,0 1 2 3 21 5 6 7 8 9 10 11 12 13 14 15 16 17 18 19 20 4 22 23,b4a8daefed43f0835b0fa22bd5a60b6eb0760c026c2c2977d1d613e1cf4fbf35,796c2b5e9d5453c6aabbc463b79dd69a9b0ac0268773c7a6386407b9bccfc029,91.013824,96.86675,868,success_build,True,True,True,,
104,0 1 2 3 22 5 6 7 8 9 10 11 12 13 14 15 16 17 18 19 20 21 4 23,2acb43c600f798806a790b909f76e412ad4af3a0d227d9a7c110b095aba43702,cd49a48ff9b9a60e67c5e5af9791052e173c7135facd0b8bc2eacc4b4221faa9,88.97696,96.58086,868,success_build,True,True,False,unit fuzzy loss,
105,0 1 2 3 23 5 6 7 8 9 10 11 12 13 14 15 16 17 18 19 20 21 22 4,12298b82872660eb8471d01cbf49e9df39119245dca366813aa310f9975a8858,d7ec7397c44851098a66a64d5a8d6a4f43968ce31efa73cd39da2dceec1259ca,88.80184,96.556274,868,success_build,True,True,False,unit fuzzy loss,
106,0 1 2 3 4 6 5 7 8 9 10 11 12 13 14 15 16 17 18 19 20 21 22 23,91dc1adae2819bffc28bca93ec0ea4520a983788204c8d30d2a5eb20a14ea8ac,7f4ca0cfa4bfccfd13f7b0dc476830a8e4531a0e299930ce2ded76ed68b20c94,91.013824,96.86675,868,success_build,True,True,True,,
107,0 1 2 3 4 7 6 5 8 9 10 11 12 13 14 15 16 17 18 19 20 21 22 23,1b84db870bac39168f6a1670faa4c224922402544aab167052c4d69bfddb3831,7f4ca0cfa4bfccfd13f7b0dc476830a8e4531a0e299930ce2ded76ed68b20c94,91.013824,96.86675,868,success_build,True,True,True,,
108,0 1 2 3 4 8 6 7 5 9 10 11 12 13 14 15 16 17 18 19 20 21 22 23,9f329302b7b62fcf75207bf4b06b2a07d7429dfafbe5299cacd8d5f2fc9b8033,7f4ca0cfa4bfccfd13f7b0dc476830a8e4531a0e299930ce2ded76ed68b20c94,91.013824,96.86675,868,success_build,True,True,True,,
109,0 1 2 3 4 9 6 7 8 5 10 11 12 13 14 15 16 17 18 19 20 21 22 23,3969e0e8a18ab38711fc53a9f3917b39d9ef58af98e62f8a0fc168851f5c68a9,58249fae8b4a9718ecfda2a86640a9dcb0b5a8f9b8c0ae65e8264b6371f76cb3,91.013824,96.86675,868,success_build,True,True,True,,
110,0 1 2 3 4 10 6 7 8 9 5 11 12 13 14 15 16 17 18 19 20 21 22 23,db343a9ed0f10c149f42ff20609de2958a690a7bbbd4eb571af90b6df32bf91e,3845dfa881e083d36ff09f37f4d84fc38078151dd58d31d84cafe5a3318c24ab,90.96774,96.86028,868,success_build,True,True,False,unit fuzzy loss,
111,0 1 2 3 4 11 6 7 8 9 10 5 12 13 14 15 16 17 18 19 20 21 22 23,969aed2f4f291372705b8371fddfa8e443730f61166a4c8f8f6205bbfa8f3fe9,7b02fe6efbb9f6e883deb4b9087dfb9168a868057ccfdb0b73d41805b3f92baf,90.71429,96.82471,868,success_build,True,True,False,unit fuzzy loss,
112,0 1 2 3 4 12 6 7 8 9 10 11 5 13 14 15 16 17 18 19 20 21 22 23,aec7a166d24fe14d2f0b9551cc6ed6dd785774ba9a088c601d7af375f80117fd,d50012f20eddbd06a80ee34f344e3f171e476e07b5a4614e438093d9ec945414,89.94931,96.71734,868,success_build,True,True,False,unit fuzzy loss,
113,0 1 2 3 4 13 6 7 8 9 10 11 12 5 14 15 16 17 18 19 20 21 22 23,e93b74c5318324408c923b145a7eccd777ea5fdd2a5ca6b726e7764acf01abe6,019e009410e7933ebbc12a9bd7d889e4bd90b7065c4e25a5bbfe9e7e17aeeb8d,89.97696,96.721214,868,success_build,True,True,False,unit fuzzy loss,
114,0 1 2 3 4 14 6 7 8 9 10 11 12 13 5 15 16 17 18 19 20 21 22 23,18129a86d13a1f6a81586d21052f38cd6d285c70577e723931928bf99d59b602,c498218ce3c314cbe9c99ab3a94609e169012162251ab7d6259b0667c89ec7e5,90.89862,96.850586,868,success_build,True,True,False,unit fuzzy loss,
115,0 1 2 3 4 15 6 7 8 9 10 11 12 13 14 5 16 17 18 19 20 21 22 23,063f2b351715d0321e496755acf2cb07e9a62061d157208c0c56b28d3b284e5c,9e2ab1eef7ef473225327bb8c579121fbd08bf1c2c89e3ccd19e05a4f1658a79,90.9447,96.85705,868,success_build,True,True,False,unit fuzzy loss,
116,0 1 2 3 4 16 6 7 8 9 10 11 12 13 14 15 5 17 18 19 20 21 22 23,ce22600bce22459e2dc66e76e6834626c01655227731a9e8263a6dbba3721690,0046b21b947f9bf086fe48a8887ecd6cec19760e45a02f4e248be507992a274a,90.96774,96.86028,868,success_build,True,True,False,unit fuzzy loss,
117,0 1 2 3 4 17 6 7 8 9 10 11 12 13 14 15 16 5 18 19 20 21 22 23,1cf5b990b34d13fd28a1dab24eb789cfe9d257a4775cfdf16e40fbfdc7e54610,4632f6157ab1afaa38d6bd96c76f006522222b1f36cfc3fa2d6a2dec7026b533,90.85253,96.84412,868,success_build,True,True,False,unit fuzzy loss,
118,0 1 2 3 4 18 6 7 8 9 10 11 12 13 14 15 16 17 5 19 20 21 22 23,618842e7d62b4f74893289ba4c71d51609dc16939e37352e8bd711327d23b51c,7fdeaa9c2e36c930c110b21f28aaaf9879f6612c8b6eb55909905409cce75ba3,91.013824,96.86675,868,success_build,True,True,True,,
119,0 1 2 3 4 19 6 7 8 9 10 11 12 13 14 15 16 17 18 5 20 21 22 23,579db67a27165eed51cbbbc3c8adc37013e886cc536bfac4274c6c866d4746c1,9f00b0639bf823cac0fbe51cf711b09d34b50b951ec57ff019b22e57a14fd16b,90.645164,96.81501,868,success_build,True,True,False,unit fuzzy loss,
120,0 1 2 3 4 20 6 7 8 9 10 11 12 13 14 15 16 17 18 19 5 21 22 23,3d4767e0dadade14f556dfdc7723157b4bfb0ffa4701f7be0327259ad8a80e14,ce881b3f4a8c7544cc967fd631f72a021108b60dd3e47ac542faa51d47d1b957,90.29954,96.766495,868,success_build,True,True,False,unit fuzzy loss,
121,0 1 2 3 4 21 6 7 8 9 10 11 12 13 14 15 16 17 18 19 20 5 22 23,88b35e734a4e39a431f29bcaac35eac51721a28cb0e415631b2a3a6dafbc7276,c39f17c67a5f46b414eadcba17046adc732b9e86473199e4ce86db55fbf6b4e4,90.29954,96.766495,868,success_build,True,True,False,unit fuzzy loss,
122,0 1 2 3 4 22 6 7 8 9 10 11 12 13 14 15 16 17 18 19 20 21 5 23,19eab28480f3e3f3786262b521004ff75cc7537c552b1f801dd31b1a751b26be,cc3e1536f0b97dccd994ce337c85f4ecd10a893c9fe05f6e05a25d5e3239de68,90.576035,96.805305,868,success_build,True,True,False,unit fuzzy loss,
123,0 1 2 3 4 23 6 7 8 9 10 11 12 13 14 15 16 17 18 19 20 21 22 5,5cb366ec8a59bf4df026e10ee9691dbdb37bde92bc6eb302730ae5609f9aa680,1268f904aa3641cbd39865026f0ca7fd34b20ec2394722884f1a29b1afd7c836,88.31797,96.48836,868,success_build,True,True,False,unit fuzzy loss,
124,0 1 2 3 4 5 7 6 8 9 10 11 12 13 14 15 16 17 18 19 20 21 22 23,8d6599d12cbf8373246bf57ca5f11c2e94d828b18cd8b71821d8b15337d18829,7f4ca0cfa4bfccfd13f7b0dc476830a8e4531a0e299930ce2ded76ed68b20c94,91.013824,96.86675,868,success_build,True,True,True,,
125,0 1 2 3 4 5 8 7 6 9 10 11 12 13 14 15 16 17 18 19 20 21 22 23,ef9b59126f35aa2b598342c9447b66c2aebc18cf2758905002a695b2350823b2,7f4ca0cfa4bfccfd13f7b0dc476830a8e4531a0e299930ce2ded76ed68b20c94,91.013824,96.86675,868,success_build,True,True,True,,
126,0 1 2 3 4 5 9 7 8 6 10 11 12 13 14 15 16 17 18 19 20 21 22 23,7377fd0e83ac7c8f3c519a2da8380bc91a3703669b7d23651afad0fa983393f7,7f4ca0cfa4bfccfd13f7b0dc476830a8e4531a0e299930ce2ded76ed68b20c94,91.013824,96.86675,868,success_build,True,True,True,,
127,0 1 2 3 4 5 10 7 8 9 6 11 12 13 14 15 16 17 18 19 20 21 22 23,d251f4809000813ac7e3080e48696ddc7a1e7b33b744ba831c68305d33eb54d6,a7407733d822b9a13cbd070aae9b7e997e2734c925c4cbcca0afa893f08fae2f,90.96774,96.86028,868,success_build,True,True,False,unit fuzzy loss,
128,0 1 2 3 4 5 11 7 8 9 10 6 12 13 14 15 16 17 18 19 20 21 22 23,156edd1f4abe714071e52501e0f9f05615273378c9c2f9c082bcaa6a59b9abce,8522c9419688f9fe55d23e75bae8f54ccc490d3eb613958785b8f3fb6b0ad451,90.76037,96.83118,868,success_build,True,True,False,unit fuzzy loss,
129,0 1 2 3 4 5 12 7 8 9 10 11 6 13 14 15 16 17 18 19 20 21 22 23,d60d57dd14b5a8fe0e577d58e66d3939c2cf60345404ad799ab1130c7d7d1337,e525b056a215a764589642ece74d7375ac357f4ce0fd096cafa58a00e7a4074d,90.63595,96.81371,868,success_build,True,True,False,unit fuzzy loss,
130,0 1 2 3 4 5 13 7 8 9 10 11 12 6 14 15 16 17 18 19 20 21 22 23,505333abc4ced2dba2174c1e5f1c5ac9b0bcb292f5ce1458d5df97f78b8b2103,b4f44aa62f482e1150d6c5da43b2de4df01b8d36437b32cfa40e1f373f7e4edf,90.51613,96.7969,868,success_build,True,True,False,unit fuzzy loss,
131,0 1 2 3 4 5 14 7 8 9 10 11 12 13 6 15 16 17 18 19 20 21 22 23,7c3ff927a2402de4cdfbc99418d3edcc670593d8adec2efea392c8493830a5ba,4c02c3fac9a7416740f60d060cd6a49fd462b30763578f03ce6307b1b1c7d390,89.50691,96.65524,868,success_build,True,True,False,unit fuzzy loss,
132,0 1 2 3 4 5 15 7 8 9 10 11 12 13 14 6 16 17 18 19 20 21 22 23,157a7e871b3b8ef7af7fd17e9bf9024a4317b81b0bb72a39a691257285257766,6487b8f60de038a1fd37e2651e94904afe3ff882e448761cfd35766fcb024382,89.43779,96.64554,868,success_build,True,True,False,unit fuzzy loss,
133,0 1 2 3 4 5 16 7 8 9 10 11 12 13 14 15 6 17 18 19 20 21 22 23,62f8fd6c69c9f0f230897bf5de3e8e3abb9e24168d75a97fd99e84ebe85f8d3e,3e52b8c6048a120fa11f15173eb0e159d88cb667f96a1ef2348dab22bfeb9bba,89.39171,96.63907,868,success_build,True,True,False,unit fuzzy loss,
134,0 1 2 3 4 5 17 7 8 9 10 11 12 13 14 15 16 6 18 19 20 21 22 23,f7ab081f2f7a96c5ea7d8a3fbddcd7fded51f7812e0ae7a394c0fe270ddd3455,99e8b6ed9a6f0050213733a0a459643480e627757611c1b756aeecdd4a550343,89.18433,96.60996,868,success_build,True,True,False,unit fuzzy loss,
135,0 1 2 3 4 5 18 7 8 9 10 11 12 13 14 15 16 17 6 19 20 21 22 23,5a62fec1f0915084b017428044fe4aae4d26715529d06f06173646922734000b,2ad1bfc7e5a8b108b376b55803f50268bb63f43dc31b3fdab786a1a72b65b01f,89.46083,96.64877,868,success_build,True,True,False,unit fuzzy loss,
136,0 1 2 3 4 5 19 7 8 9 10 11 12 13 14 15 16 17 18 6 20 21 22 23,6128c9d381c1cd9797206ef0ac7ea9ea2447bde6c623442811230ec024d92dda,99e380c73d353e0f004f09b2581b70d595ff305fd7e8b6ff3ee1b32d788ed981,89.29954,96.62613,868,success_build,True,True,False,unit fuzzy loss,
137,0 1 2 3 4 5 20 7 8 9 10 11 12 13 14 15 16 17 18 19 6 21 22 23,367592753319b8857f98ccfcccf6ea2bb247aff3517725603cde63dfb63af6c4,7f4ca0cfa4bfccfd13f7b0dc476830a8e4531a0e299930ce2ded76ed68b20c94,91.013824,96.86675,868,success_build,True,True,True,,
138,0 1 2 3 4 5 21 7 8 9 10 11 12 13 14 15 16 17 18 19 20 6 22 23,aa745e28eb233607465b04d1763d6763d998f660611df5d3c643451a4601650f,796c2b5e9d5453c6aabbc463b79dd69a9b0ac0268773c7a6386407b9bccfc029,91.013824,96.86675,868,success_build,True,True,True,,
139,0 1 2 3 4 5 22 7 8 9 10 11 12 13 14 15 16 17 18 19 20 21 6 23,53c74361f115855a4dc30668d1cb2b61d393833b79bb0685349ea62c4835c500,662d8b098f60d2f6750b665f5b04f01bf0f96a4d92e9bfce2fff736e15a28f6c,89.18433,96.60996,868,success_build,True,True,False,unit fuzzy loss,
140,0 1 2 3 4 5 23 7 8 9 10 11 12 13 14 15 16 17 18 19 20 21 22 6,27e657c68c91df6e7bc2df0e5668c7cc9cbab69030f07e332d4f5c9591e4e51d,d7ec7397c44851098a66a64d5a8d6a4f43968ce31efa73cd39da2dceec1259ca,88.80184,96.556274,868,success_build,True,True,False,unit fuzzy loss,
141,0 1 2 3 4 5 6 8 7 9 10 11 12 13 14 15 16 17 18 19 20 21 22 23,fc3b62e069528451403ca0905bc01376f21bcac39392198c24b8526395e07132,7f4ca0cfa4bfccfd13f7b0dc476830a8e4531a0e299930ce2ded76ed68b20c94,91.013824,96.86675,868,success_build,True,True,True,,
142,0 1 2 3 4 5 6 9 8 7 10 11 12 13 14 15 16 17 18 19 20 21 22 23,169365d8f8a664dd54591b2416a779c5f3b29320e117cdc08eaa19b165d08a1d,7f4ca0cfa4bfccfd13f7b0dc476830a8e4531a0e299930ce2ded76ed68b20c94,91.013824,96.86675,868,success_build,True,True,True,,
143,0 1 2 3 4 5 6 10 8 9 7 11 12 13 14 15 16 17 18 19 20 21 22 23,c6f26c257f61a766f85275e52c95d5edb7ebd007a281ec890e5a828346aa2510,a7407733d822b9a13cbd070aae9b7e997e2734c925c4cbcca0afa893f08fae2f,90.96774,96.86028,868,success_build,True,True,False,unit fuzzy loss,
144,0 1 2 3 4 5 6 11 8 9 10 7 12 13 14 15 16 17 18 19 20 21 22 23,428296e11539d281b70a40c6d1ba253bdbe884e8badeeaddc23508f713880bff,8522c9419688f9fe55d23e75bae8f54ccc490d3eb613958785b8f3fb6b0ad451,90.76037,96.83118,868,success_build,True,True,False,unit fuzzy loss,
145,0 1 2 3 4 5 6 12 8 9 10 11 7 13 14 15 16 17 18 19 20 21 22 23,59630091ee3be338aabea8e497424c77c7c0b02e91993a47aa452685ef0bfc0c,e525b056a215a764589642ece74d7375ac357f4ce0fd096cafa58a00e7a4074d,90.63595,96.81371,868,success_build,True,True,False,unit fuzzy loss,
146,0 1 2 3 4 5 6 13 8 9 10 11 12 7 14 15 16 17 18 19 20 21 22 23,3662d7d649ed8f5e70fa14211ceb4b193c27c09149ed2ec3d22d60bc23d78ab1,b4f44aa62f482e1150d6c5da43b2de4df01b8d36437b32cfa40e1f373f7e4edf,90.51613,96.7969,868,success_build,True,True,False,unit fuzzy loss,
147,0 1 2 3 4 5 6 14 8 9 10 11 12 13 7 15 16 17 18 19 20 21 22 23,5cf8c90c6c769175e7db828ac6f5d12cc95d2874dfc7c6d6d252b1723f719ca5,4c02c3fac9a7416740f60d060cd6a49fd462b30763578f03ce6307b1b1c7d390,89.50691,96.65524,868,success_build,True,True,False,unit fuzzy loss,
148,0 1 2 3 4 5 6 15 8 9 10 11 12 13 14 7 16 17 18 19 20 21 22 23,64a670260b99a3380f079c97ca18dc7f3e7fc907aa6422acb5b9a109e9a14b53,6487b8f60de038a1fd37e2651e94904afe3ff882e448761cfd35766fcb024382,89.43779,96.64554,868,success_build,True,True,False,unit fuzzy loss,
149,0 1 2 3 4 5 6 16 8 9 10 11 12 13 14 15 7 17 18 19 20 21 22 23,6bacaa6d4a2a43bc063639c044f80b2083885849ec61862bfc1ae3a96461c967,3e52b8c6048a120fa11f15173eb0e159d88cb667f96a1ef2348dab22bfeb9bba,89.39171,96.63907,868,success_build,True,True,False,unit fuzzy loss,
150,0 1 2 3 4 5 6 17 8 9 10 11 12 13 14 15 16 7 18 19 20 21 22 23,ff909dde46602be72bdbc6cfbb04f9f89ad5dd8d3aebf5b91120a63ed03826c2,99e8b6ed9a6f0050213733a0a459643480e627757611c1b756aeecdd4a550343,89.18433,96.60996,868,success_build,True,True,False,unit fuzzy loss,
151,0 1 2 3 4 5 6 18 8 9 10 11 12 13 14 15 16 17 7 19 20 21 22 23,1dd29d01ef97bbcfb49a6a5fac44cbb963e1d366bcce2887862b3ea99a131b54,2ad1bfc7e5a8b108b376b55803f50268bb63f43dc31b3fdab786a1a72b65b01f,89.46083,96.64877,868,success_build,True,True,False,unit fuzzy loss,
152,0 1 2 3 4 5 6 19 8 9 10 11 12 13 14 15 16 17 18 7 20 21 22 23,dbb69b3b1f116b9c241e9f7cd210ad9c817ec80bd35c0cf4587e49480b9eeb5f,99e380c73d353e0f004f09b2581b70d595ff305fd7e8b6ff3ee1b32d788ed981,89.29954,96.62613,868,success_build,True,True,False,unit fuzzy loss,
153,0 1 2 3 4 5 6 20 8 9 10 11 12 13 14 15 16 17 18 19 7 21 22 23,7c27b1325d13f1dbe5ecc2c0058aac23bb19384c81352b1aa21ad727fb45fcc2,7f4ca0cfa4bfccfd13f7b0dc476830a8e4531a0e299930ce2ded76ed68b20c94,91.013824,96.86675,868,success_build,True,True,True,,
154,0 1 2 3 4 5 6 21 8 9 10 11 12 13 14 15 16 17 18 19 20 7 22 23,850b92fc5d058c947399a0b404720659272e36faa9730e1d9db84da73773f2cb,796c2b5e9d5453c6aabbc463b79dd69a9b0ac0268773c7a6386407b9bccfc029,91.013824,96.86675,868,success_build,True,True,True,,
155,0 1 2 3 4 5 6 22 8 9 10 11 12 13 14 15 16 17 18 19 20 21 7 23,007fe2401a411824d1e0fb5c3a2bd39703759a2b1307fb50bb92056a0982b11a,662d8b098f60d2f6750b665f5b04f01bf0f96a4d92e9bfce2fff736e15a28f6c,89.18433,96.60996,868,success_build,True,True,False,unit fuzzy loss,
156,0 1 2 3 4 5 6 23 8 9 10 11 12 13 14 15 16 17 18 19 20 21 22 7,6754a1c7cf2bbe6371a415a30d40a3a32ce01ab20edfaea9a1870f7f6e408c0c,d7ec7397c44851098a66a64d5a8d6a4f43968ce31efa73cd39da2dceec1259ca,88.80184,96.556274,868,success_build,True,True,False,unit fuzzy loss,
157,0 1 2 3 4 5 6 7 9 8 10 11 12 13 14 15 16 17 18 19 20 21 22 23,5c425bbfee1b1880650c19df482f05f6a2dcd3d80ba5b7ec3ba526e68e2eb328,7f4ca0cfa4bfccfd13f7b0dc476830a8e4531a0e299930ce2ded76ed68b20c94,91.013824,96.86675,868,success_build,True,True,True,,
158,0 1 2 3 4 5 6 7 10 9 8 11 12 13 14 15 16 17 18 19 20 21 22 23,08558e7431b3eb48f6d3513af57940d5a9e58bd5a4569cafd86b30d9f340e5f4,a7407733d822b9a13cbd070aae9b7e997e2734c925c4cbcca0afa893f08fae2f,90.96774,96.86028,868,success_build,True,True,False,unit fuzzy loss,
159,0 1 2 3 4 5 6 7 11 9 10 8 12 13 14 15 16 17 18 19 20 21 22 23,8925fa21902011628f480e8fd52389a676d6c3e3e585118cfe628c91a5e800de,8522c9419688f9fe55d23e75bae8f54ccc490d3eb613958785b8f3fb6b0ad451,90.76037,96.83118,868,success_build,True,True,False,unit fuzzy loss,
160,0 1 2 3 4 5 6 7 12 9 10 11 8 13 14 15 16 17 18 19 20 21 22 23,9a2016fe7ed7655d4aa5b6ddb3ce159577b43da4808cfd3ced01dc314f6aa595,e525b056a215a764589642ece74d7375ac357f4ce0fd096cafa58a00e7a4074d,90.63595,96.81371,868,success_build,True,True,False,unit fuzzy loss,
161,0 1 2 3 4 5 6 7 13 9 10 11 12 8 14 15 16 17 18 19 20 21 22 23,a032d5f6b2d19177e3fd3f560ed933f6a7957448204019299930b427853a8b1e,b4f44aa62f482e1150d6c5da43b2de4df01b8d36437b32cfa40e1f373f7e4edf,90.51613,96.7969,868,success_build,True,True,False,unit fuzzy loss,
162,0 1 2 3 4 5 6 7 14 9 10 11 12 13 8 15 16 17 18 19 20 21 22 23,14ba208e2fc34fd4f5e98b0ae2bcb4f4af782db5002d1f1fb8ce3177db14263f,4c02c3fac9a7416740f60d060cd6a49fd462b30763578f03ce6307b1b1c7d390,89.50691,96.65524,868,success_build,True,True,False,unit fuzzy loss,
163,0 1 2 3 4 5 6 7 15 9 10 11 12 13 14 8 16 17 18 19 20 21 22 23,2f177dfafc05312f7f2c308cd6bc88111250c5a2fa5681a75a6a3d66fb0e9792,6487b8f60de038a1fd37e2651e94904afe3ff882e448761cfd35766fcb024382,89.43779,96.64554,868,success_build,True,True,False,unit fuzzy loss,
164,0 1 2 3 4 5 6 7 16 9 10 11 12 13 14 15 8 17 18 19 20 21 22 23,888f6a9b2840c155c287adda079b9d29b9d80b6895e29604cd340db1864d666d,3e52b8c6048a120fa11f15173eb0e159d88cb667f96a1ef2348dab22bfeb9bba,89.39171,96.63907,868,success_build,True,True,False,unit fuzzy loss,
165,0 1 2 3 4 5 6 7 17 9 10 11 12 13 14 15 16 8 18 19 20 21 22 23,14b07afd09cdf199e274b9b25a019466d74cad58f854876facb9ba88b7a56d68,99e8b6ed9a6f0050213733a0a459643480e627757611c1b756aeecdd4a550343,89.18433,96.60996,868,success_build,True,True,False,unit fuzzy loss,
166,0 1 2 3 4 5 6 7 18 9 10 11 12 13 14 15 16 17 8 19 20 21 22 23,fdaaec16ef0ae03a951fa77a29006f5e4e558c9c2928fcd950dc9f1f18f08409,2ad1bfc7e5a8b108b376b55803f50268bb63f43dc31b3fdab786a1a72b65b01f,89.46083,96.64877,868,success_build,True,True,False,unit fuzzy loss,
167,0 1 2 3 4 5 6 7 19 9 10 11 12 13 14 15 16 17 18 8 20 21 22 23,021d59edc9c6f4d3462c3a6bd47720a5a937270424b955cc16660d0d7be7d1e0,99e380c73d353e0f004f09b2581b70d595ff305fd7e8b6ff3ee1b32d788ed981,89.29954,96.62613,868,success_build,True,True,False,unit fuzzy loss,
168,0 1 2 3 4 5 6 7 20 9 10 11 12 13 14 15 16 17 18 19 8 21 22 23,2c30d7b2ccc99cca7e145e3f2dfda9a9703f79f0e398e69c0ab2bf6f09117e87,7f4ca0cfa4bfccfd13f7b0dc476830a8e4531a0e299930ce2ded76ed68b20c94,91.013824,96.86675,868,success_build,True,True,True,,
169,0 1 2 3 4 5 6 7 21 9 10 11 12 13 14 15 16 17 18 19 20 8 22 23,e8ce1d0df0b4ade86da69929a44368bc7f31093640e485220da91683cf662d05,796c2b5e9d5453c6aabbc463b79dd69a9b0ac0268773c7a6386407b9bccfc029,91.013824,96.86675,868,success_build,True,True,True,,
170,0 1 2 3 4 5 6 7 22 9 10 11 12 13 14 15 16 17 18 19 20 21 8 23,55cd773229a3f5a3363247bf765c4f1577b85fa67c47fc73c2c9764c25d1a4ce,662d8b098f60d2f6750b665f5b04f01bf0f96a4d92e9bfce2fff736e15a28f6c,89.18433,96.60996,868,success_build,True,True,False,unit fuzzy loss,
171,0 1 2 3 4 5 6 7 23 9 10 11 12 13 14 15 16 17 18 19 20 21 22 8,f02ceeb9ef71b118f00ff678132a6fef6379670337080fcd2aa0ffb02eb34480,d7ec7397c44851098a66a64d5a8d6a4f43968ce31efa73cd39da2dceec1259ca,88.80184,96.556274,868,success_build,True,True,False,unit fuzzy loss,
172,0 1 2 3 4 5 6 7 8 10 9 11 12 13 14 15 16 17 18 19 20 21 22 23,ec9f5ee1a4ff45a3bc65b750c54e3706507c7f30ac3534ffcec82d032ae69f73,a7407733d822b9a13cbd070aae9b7e997e2734c925c4cbcca0afa893f08fae2f,90.96774,96.86028,868,success_build,True,True,False,unit fuzzy loss,
173,0 1 2 3 4 5 6 7 8 11 10 9 12 13 14 15 16 17 18 19 20 21 22 23,813880fc8dfc115f2c33353ac1a30fda05d80c3f9543956618bac28c9da9a665,d2228a5e775ca5963da8b1a60ebb91d69f2276e42d129a39b8a82f6932456283,90.80645,96.83765,868,success_build,True,True,False,unit fuzzy loss,
174,0 1 2 3 4 5 6 7 8 12 10 11 9 13 14 15 16 17 18 19 20 21 22 23,b0b430713857e6342a3ba01178a7dcd62a068e089c080fe59d638367f81e2c01,5a54ceed2a0770d30cd6452f827b280ba436cb18af511da65f05d4bb4f98b214,90.87558,96.84735,868,success_build,True,True,False,unit fuzzy loss,
175,0 1 2 3 4 5 6 7 8 13 10 11 12 9 14 15 16 17 18 19 20 21 22 23,0b4dccf0a8b2e1b7cc4203acb2d1cf3306a9ba53dcbb169c8b41a0d876ee859c,848e941cf9f2d5cc10c910ea92372cc07b13d99ca82832a7ca0439a5d71c0330,90.87558,96.84735,868,success_build,True,True,False,unit fuzzy loss,
176,0 1 2 3 4 5 6 7 8 14 10 11 12 13 9 15 16 17 18 19 20 21 22 23,48509e5a6309a0f3dfd123af985abd37cf8caad2ecf06bdb855ef86d84d5621d,eba416078b938fc43ef176b80785cca11ac39ca0ea8467ba28762ac7982337e2,90.89862,96.850586,868,success_build,True,True,False,unit fuzzy loss,
177,0 1 2 3 4 5 6 7 8 15 10 11 12 13 14 9 16 17 18 19 20 21 22 23,c8b7ce6c3f9c3f70e8a389d4e0396821a569354b5591192065795ee62661affa,b60901f4de187959c96e8d89a84f5f5c43dfb1729fbb9c440ea3012f9d1e6c57,90.9447,96.85705,868,success_build,True,True,False,unit fuzzy loss,
178,0 1 2 3 4 5 6 7 8 16 10 11 12 13 14 15 9 17 18 19 20 21 22 23,74fe6a3e96ec4bd35bd375ea4422cc2afca075e0de0f79bbff4fb2758c91d8e1,ea54a4ced1f9d5af4b4a1aa9bd94b162d89e686851801f92bb12b26bb0153d2d,90.96774,96.86028,868,success_build,True,True,False,unit fuzzy loss,
179,0 1 2 3 4 5 6 7 8 17 10 11 12 13 14 15 16 9 18 19 20 21 22 23,71ff84b5e6f9c5f11862b9c71a7ba385b2235d94d2f21115be9f30bf5d3280a0,86dc44d633fa44d0ca72b74c727e8f3e70d917ea1f04518b91c04be77971fc34,90.80645,96.83765,868,success_build,True,True,False,unit fuzzy loss,
180,0 1 2 3 4 5 6 7 8 18 10 11 12 13 14 15 16 17 9 19 20 21 22 23,b5e94ec7a8178eb12d7a9aa5b340a98f39477a23dd9246f732e5cc57cf9d5d44,83c67836c3e01d1256e1c892081eeebe532f9f33b2d79f3009d2187fcf15029a,91.013824,96.86675,868,success_build,True,True,True,,
181,0 1 2 3 4 5 6 7 8 19 10 11 12 13 14 15 16 17 18 9 20 21 22 23,22e3c0d18b3a2ea960d34545a63f25de2b0190a4ded598ccd93b3356bf78f738,798adda1a7c70fc466816fef25f80bb7a555a98f267bac453e06126e1b04e9c5,90.85253,96.84412,868,success_build,True,True,False,unit fuzzy loss,
182,0 1 2 3 4 5 6 7 8 20 10 11 12 13 14 15 16 17 18 19 9 21 22 23,ae8f80227505c18f28f8f6c26d3c4c37c6023300417814cb03033eca96154428,6b7f63ce6b799c95e8fdf2d3b06599851c8adac71108118e624d50f85d74956b,90.29954,96.766495,868,success_build,True,True,False,unit fuzzy loss,
183,0 1 2 3 4 5 6 7 8 21 10 11 12 13 14 15 16 17 18 19 20 9 22 23,1aae8f30e930889a2647d08110c79e2fe7b590b6a9c8b3bd0ab6d4d976f63f17,95727187992cf05a32d7e346382b7fe418e66d282a4628122d49740da7efcc21,90.29954,96.766495,868,success_build,True,True,False,unit fuzzy loss,
184,0 1 2 3 4 5 6 7 8 22 10 11 12 13 14 15 16 17 18 19 20 21 9 23,8489481bff80fe525046784021948cd9c5376f9e5e1d8caaa4bd41d47a49fa69,8257e75327210c3eb78bbaa774135421bca60c6c7d9e49db52091b201c7b00c0,90.78341,96.83441,868,success_build,True,True,False,unit fuzzy loss,
185,0 1 2 3 4 5 6 7 8 23 10 11 12 13 14 15 16 17 18 19 20 21 22 9,2a38b7f2b6de4c205d0f6bd5f6e7839228d6fef5931632f7f7861c12530c8ffa,1b5fb5fb5eba53dc1830ce7818eed59030e3630b2fbe289ec7c7a94288ef7ab1,88.31797,96.48836,868,success_build,True,True,False,unit fuzzy loss,
186,0 1 2 3 4 5 6 7 8 9 11 10 12 13 14 15 16 17 18 19 20 21 22 23,922a43fa1b077522ffb5a5dd89e1759b827da8040e15082c72dafcd32d5409b7,aba863a6e627eb61c900d1fa6642573baed153575a7c7eef1bc8799fc4cb14a1,90.76037,96.83118,868,success_build,True,True,False,unit fuzzy loss,
187,0 1 2 3 4 5 6 7 8 9 12 11 10 13 14 15 16 17 18 19 20 21 22 23,66e4ddb24cca9e561781570e2cc229427d1ae2e9c221ac8d8fb541f120c941b3,7506e7601e861087eaf30da53357f017ead1a3c13c07ce9702be8dc94e2068ce,90.82949,96.84088,868,success_build,True,True,False,unit fuzzy loss,
188,0 1 2 3 4 5 6 7 8 9 13 11 12 10 14 15 16 17 18 19 20 21 22 23,15fd5c89119ece9239877fc09a9afb1367176fb5bcc56cc86e9ccef527282a77,b9c524433e4e052829d3abf493532ccca8ba762e69820d6d588a6b10fdb1b51a,90.82949,96.84088,868,success_build,True,True,False,unit fuzzy loss,
189,0 1 2 3 4 5 6 7 8 9 14 11 12 13 10 15 16 17 18 19 20 21 22 23,89431d36a86b2dbafaabb063c7bc16b422998cb1fab72359f21a6a79e42594a0,1d42b5f40b33ea0b18d73476cd782c83f7bbf3ccf5f3f04f9b0d9911b92fce8f,90.85253,96.84412,868,success_build,True,True,False,unit fuzzy loss,
190,0 1 2 3 4 5 6 7 8 9 15 11 12 13 14 10 16 17 18 19 20 21 22 23,260cc1cb0d9bf4130edde6064aadda0226bdd2b6b23b616cbcdd683ea5d89db3,d24081b5b4f442f93374c49f5bd91562c2d72fed30eae491a15106b022d8034e,90.89862,96.850586,868,success_build,True,True,False,unit fuzzy loss,
191,0 1 2 3 4 5 6 7 8 9 16 11 12 13 14 15 10 17 18 19 20 21 22 23,2c7e279904d379bcc16d559c13b50ed258cff610874859e853d4a99291ca1310,15e9a75e3ab3ebadf5e6480f64651ae9859b334e8db8e3f95330f36e0be34ede,90.92166,96.85381,868,success_build,True,True,False,unit fuzzy loss,
192,0 1 2 3 4 5 6 7 8 9 17 11 12 13 14 15 16 10 18 19 20 21 22 23,aaca895da84777f4830caf6c91506d55c09e73502fd2d30044a45d3ed9a2b353,32e4ae9eff84e1952c1579278c505d76136f7f9d2da4ff6a9a9af6101ee7a9f6,90.76037,96.83118,868,success_build,True,True,False,unit fuzzy loss,
193,0 1 2 3 4 5 6 7 8 9 18 11 12 13 14 15 16 17 10 19 20 21 22 23,886e242067cc3ef1a01bf86de80a1be75563ef52ea67ce37176535a42ad0a387,7e7cc816a7dfab9bc05ff289df2e9f89bad6303dc28a5dcc2f9dded7634fb75b,90.96774,96.86028,868,success_build,True,True,False,unit fuzzy loss,
194,0 1 2 3 4 5 6 7 8 9 19 11 12 13 14 15 16 17 18 10 20 21 22 23,bbabcad2a25d669bbbf1f7893280382910d4a4ce2c937c36c969d8070832aaf7,b47132636340595a155026389dfa3fdebd9635aed40e747497d49e337732cd13,90.599075,96.80854,868,success_build,True,True,False,unit fuzzy loss,
195,0 1 2 3 4 5 6 7 8 9 20 11 12 13 14 15 16 17 18 19 10 21 22 23,70d616b3269c350f0631dfb5d281e13b0b469af9fa1c51d0156d7d9e34df12cb,777aec085ef88e228d2a2613eebf91fecc6a3dd675d1b6903979b08506940c0f,90.29954,96.766495,868,success_build,True,True,False,unit fuzzy loss,
196,0 1 2 3 4 5 6 7 8 9 21 11 12 13 14 15 16 17 18 19 20 10 22 23,d9d52c8e388e400e69c9fd726e31319a7ad09adcbb69196c5e2d1b01de8d44a1,daeb174d53eb4a9c9defa84c0225e330574c6f8aadd698b65c01e628062b8525,90.29954,96.766495,868,success_build,True,True,False,unit fuzzy loss,
197,0 1 2 3 4 5 6 7 8 9 22 11 12 13 14 15 16 17 18 19 20 21 10 23,70a5811409fea75af13e194a6a25e0f11131176f604e07a0920c618dd8cb9b69,985991a41566667f4d03296a70e6a0ad3c750e53fcf0e5912837fb414074d84e,90.52995,96.798836,868,success_build,True,True,False,unit fuzzy loss,
198,0 1 2 3 4 5 6 7 8 9 23 11 12 13 14 15 16 17 18 19 20 21 22 10,ba7d004d74a6447398533c371665e6297f351196c964687b7c1da7ea9a713504,a81536eac393db601a64f22d84d31f28067aee9c32fa64daa1462b9b0e00fe8b,88.31797,96.48836,868,success_build,True,True,False,unit fuzzy loss,
199,0 1 2 3 4 5 6 7 8 9 10 12 11 13 14 15 16 17 18 19 20 21 22 23,a9b81ab28117aa3175cee3abde11e4bf0f9ff459558c7978ecf888d013b58c0c,56d905083a8f20dfed3c724dc9e2f0da854eea71799086c5f046875cc33db0f2,90.70507,96.82342,868,success_build,True,True,False,unit fuzzy loss,
200,0 1 2 3 4 5 6 7 8 9 10 13 12 11 14 15 16 17 18 19 20 21 22 23,391191cbece98ad7f01bc53e1aef021be0c60039701c1be4112cdc7c9e4ec60c,4ab9bdb9042af2b674f9e230c752075f9890208d4c67c5c6b62312e30d7d15d9,90.65438,96.8163,868,success_build,True,True,False,unit fuzzy loss,
201,0 1 2 3 4 5 6 7 8 9 10 14 12 13 11 15 16 17 18 19 20 21 22 23,a025a9c3452bc56a0b9df870a44c8ab6390ebfd8fdf63b39ae0e410db1e9ad96,1f4a63ceba218149f094de4ba99d124858a49efb551f44bbccdde48ab5fd3bd5,89.73733,96.687584,868,success_build,True,True,False,unit fuzzy loss,
202,0 1 2 3 4 5 6 7 8 9 10 15 12 13 14 11 16 17 18 19 20 21 22 23,b9c3d00b0a2ef44a629abf5750cd3bccec65fa844d970415f652e6c78f359b8e,2e870ff6f5afdc456f6ee9a440648bc2d53986ef197b925da7779a644862a3a7,89.78341,96.694046,868,success_build,True,True,False,unit fuzzy loss,
203,0 1 2 3 4 5 6 7 8 9 10 16 12 13 14 15 11 17 18 19 20 21 22 23,5d25c2348bc860ab82881c5967bd7d725940db7816662a0ceaf1ded4c489224f,07b367d7bb4ee38db95fc49b2e6dd3713d60915ea2c77a61414679f51ad0be72,89.80645,96.69728,868,success_build,True,True,False,unit fuzzy loss,
204,0 1 2 3 4 5 6 7 8 9 10 17 12 13 14 15 16 11 18 19 20 21 22 23,b9582a044f6928bade74771e8e4be3989187846a890c905323285a1d712892c0,eeeb49ae5ecf34df9df29293e8292a43836e4e0a58c7e08e8ae9cc21959804a7,89.645164,96.674644,868,success_build,True,True,False,unit fuzzy loss,
205,0 1 2 3 4 5 6 7 8 9 10 18 12 13 14 15 16 17 11 19 20 21 22 23,5742e2352468a7fb2b4835a1c41950c7e6ef843d56783d1f71e27912f1a07bc4,65cdd55d4e4397b98797cff61c9c42e4687f6669eba7a7ac1bdb7673c0116f8e,89.85253,96.70375,868,success_build,True,True,False,unit fuzzy loss,
206,0 1 2 3 4 5 6 7 8 9 10 19 12 13 14 15 16 17 18 11 20 21 22 23,2677602da1104dcdf3d0111b8f1d2867b77bc1804e38afc50b1160322f2e6130,a8d01bbd3189f237e3f5fc3d267f6a15c8125765a6f2408a247b4b4abb76ce78,89.48387,96.65201,868,success_build,True,True,False,unit fuzzy loss,
207,0 1 2 3 4 5 6 7 8 9 10 20 12 13 14 15 16 17 18 19 11 21 22 23,6459c35aa06af596e11d244e2a7beaa3839dec7396f20beba5e3ee816f47b878,24d503eeb177cf357d630188d33be83076e5ff29dbd46399aa987aa2a3eaf2d8,90.35944,96.7749,868,success_build,True,True,False,unit fuzzy loss,
208,0 1 2 3 4 5 6 7 8 9 10 21 12 13 14 15 16 17 18 19 20 11 22 23,4aa7a46101d890303877ea0185b245c146a948e8dde754d2c1c7f81f26629b07,21441fe05ec499fa52c97a3c638a06c4d76ba31b714d97a3ce5fc39698726866,90.35944,96.7749,868,success_build,True,True,False,unit fuzzy loss,
209,0 1 2 3 4 5 6 7 8 9 10 22 12 13 14 15 16 17 18 19 20 21 11 23,48a09f5075678fe1022b4c44f95ee50c065521633381e0d46892aefe8d6627d8,de0a8268e9360b2776a9ebc639ebc84dde56bc9a6c0913d4f157f825b1a2aad5,89.41475,96.6423,868,success_build,True,True,False,unit fuzzy loss,
210,0 1 2 3 4 5 6 7 8 9 10 23 12 13 14 15 16 17 18 19 20 21 22 11,457311e12dfc54cfa56318bb43836df3c75c0866cad336dcb869b093e5750f41,5bc6fdb43cc2d6dddb23e0052f4a7ad5a7e28cbdc7af89ca24b2eb10357f34db,88.064514,96.45278,868,success_build,True,True,False,unit fuzzy loss,
211,0 1 2 3 4 5 6 7 8 9 10 11 13 12 14 15 16 17 18 19 20 21 22 23,a27b918898fc58818c20ea77a22ee8e31ca789ce28bea08eaa1a9ad3c69b97e7,fbcdf1cc15aa9d13130b0c98b4889b72ef1d40ae27bfbae3c0cf0ece494a5e3b,90.73733,96.82794,868,success_build,True,True,False,unit fuzzy loss,
212,0 1 2 3 4 5 6 7 8 9 10 11 14 13 12 15 16 17 18 19 20 21 22 23,41fdf491239887ffbce66c9e5a90f6f916530382dc9dae6ff7bbba5a187c9e20,7bc568fac4a62d4aa94bcd2149fade040a3effc72bb913c53806e52e458829e6,90.76037,96.83118,868,success_build,True,True,False,unit fuzzy loss,
213,0 1 2 3 4 5 6 7 8 9 10 11 15 13 14 12 16 17 18 19 20 21 22 23,85f01312449f05b1a3aad8c12ce5e1c9c65132f6743c483b28127020304e75e7,85fd162cb635730a705a3dd8bc635fb6353c1729097f2104dd2abef12c8c528f,90.80645,96.83765,868,success_build,True,True,False,unit fuzzy loss,
214,0 1 2 3 4 5 6 7 8 9 10 11 16 13 14 15 12 17 18 19 20 21 22 23,2e9584de63cb53a6554cece00c0f30e6c9939b20e8555fae92d7c5b595432bc9,3fa3f9df67ec57141219e6eb1add2a9f1477dbe57b6f7f72c8275838df7614d7,90.82949,96.84088,868,success_build,True,True,False,unit fuzzy loss,
215,0 1 2 3 4 5 6 7 8 9 10 11 17 13 14 15 16 12 18 19 20 21 22 23,08c5a090e1de8e341494aaf5fb3b7297aca2f27929dbf9cc34adb9295ecfdde8,a39fd19c8575074a589310993584d70fda10650022924b7d6dbc6e438ebb2008,90.87558,96.84735,868,success_build,True,True,False,unit fuzzy loss,
216,0 1 2 3 4 5 6 7 8 9 10 11 18 13 14 15 16 17 12 19 20 21 22 23,b70a7bdb9bf402a6d779f30747d222f11b6507aaf5a08a40bc680921df31f668,ae3ba5ff727d9599f80c7f36beb8fee4214645f565299d2dbc6422f76be1e446,90.87558,96.84735,868,success_build,True,True,False,unit fuzzy loss,
217,0 1 2 3 4 5 6 7 8 9 10 11 19 13 14 15 16 17 18 12 20 21 22 23,1b253c838e75110055db9d6c862c1b1961f2685cbd4261d848c707fea00c69a7,7d0b2666f5139a5ebabab12189bae65e097833bb58bb9c27c952934ef13f62ce,90.82949,96.84088,868,success_build,True,True,False,unit fuzzy loss,
218,0 1 2 3 4 5 6 7 8 9 10 11 20 13 14 15 16 17 18 19 12 21 22 23,64ae1b4dd8926bef915e7c68e9a4d53c795995d4bab364641c943e3a5080d6c1,e9a9c2e0f5e9592851c35e85d68ea3c53467b5468cc66c0b8676802100a2442d,90.55299,96.80207,868,success_build,True,True,False,unit fuzzy loss,
219,0 1 2 3 4 5 6 7 8 9 10 11 21 13 14 15 16 17 18 19 20 12 22 23,bbdef376202433fad1425237a8134ff78943f0443eaac6521fcbd327afa43ffa,2bd1e7dbc2db96f62fe2de06a95207406c16402d9b4f36a534fe8ccd7487d3ea,90.55299,96.80207,868,success_build,True,True,False,unit fuzzy loss,
220,0 1 2 3 4 5 6 7 8 9 10 11 22 13 14 15 16 17 18 19 20 21 12 23,a5e8f87c6cfab970fe9ef4d352906e9a37495f028ce7231f594f6e3954cd4bc2,eee4dd8aae4d88e944f803d3dccb94950ed826d4de920575c5822f01a96d0548,90.80645,96.83765,868,success_build,True,True,False,unit fuzzy loss,
221,0 1 2 3 4 5 6 7 8 9 10 11 23 13 14 15 16 17 18 19 20 21 22 12,1c6bbd7dca9538bdf301ee939c6d7a0b3fef09b85da40effc5af8ad4027939b6,e4b3cb5f5449991088d912860036d9905bd9729d17b32648ecc6c4e549e0b455,87.36866,96.35511,868,success_build,True,True,False,unit fuzzy loss,
222,0 1 2 3 4 5 6 7 8 9 10 11 12 14 13 15 16 17 18 19 20 21 22 23,900e3cb416a508bc6af0450f0c478fea62918482008092e07be91513a8a316f7,9c808f473c367b947c09b851fe8189eb14391e839146dd52f84c953e622a0d5f,90.76037,96.83118,868,success_build,True,True,False,unit fuzzy loss,
223,0 1 2 3 4 5 6 7 8 9 10 11 12 15 14 13 16 17 18 19 20 21 22 23,a463b4704221273530593354e1474405eb44249dc05669de97071246cf6f6362,2a341a36a6a9d8f601b37cdb1df4ad0f6f840c1905a95d98e91652a53a430fa0,90.80645,96.83765,868,success_build,True,True,False,unit fuzzy loss,
224,0 1 2 3 4 5 6 7 8 9 10 11 12 16 14 15 13 17 18 19 20 21 22 23,332a87c57c8957c30d1faf298cb11fa20041c5e39d67c1f4d420c36da44387c4,8e5ce76a72de40188d919fb0099967e01882e4e0dbf0fe5e050628e786d15ac2,90.82949,96.84088,868,success_build,True,True,False,unit fuzzy loss,
225,0 1 2 3 4 5 6 7 8 9 10 11 12 17 14 15 16 13 18 19 20 21 22 23,ccd62f31640c8ec531ecbf494be57079ff13beac54a6094d5de72514d176541c,7fc3f44daabbb8f718b2a3060a6f2cb856dc7b5d6c4c0e0ef7504e2ed333c53d,90.87558,96.84735,868,success_build,True,True,False,unit fuzzy loss,
226,0 1 2 3 4 5 6 7 8 9 10 11 12 18 14 15 16 17 13 19 20 21 22 23,43ef533f4fea3bf8f4851fd0ae98b3e8788c23b4d3efc834952c60c549110fe4,a416509b2dea1da9de6e95283de3e9cf057b8e55a645bc61458ccf97db2a04ed,90.87558,96.84735,868,success_build,True,True,False,unit fuzzy loss,
227,0 1 2 3 4 5 6 7 8 9 10 11 12 19 14 15 16 17 18 13 20 21 22 23,14b9e036ce26934b63dc0251b6ea03a2dd17f869cf072012d6b8aa50597a5d17,921363686d5aac261530f647146a712231ffe100f9afe0c4d6b6bc7c83ec3c49,90.82949,96.84088,868,success_build,True,True,False,unit fuzzy loss,
228,0 1 2 3 4 5 6 7 8 9 10 11 12 20 14 15 16 17 18 19 13 21 22 23,411933f0e7c230516f392ef16c7d4d20ab206c9356d3901860f93addb0a4a952,8d4eb6284152f973cde7b79d359508211468521979ba32aff7657e747833264d,90.691246,96.82147,868,success_build,True,True,False,unit fuzzy loss,
229,0 1 2 3 4 5 6 7 8 9 10 11 12 21 14 15 16 17 18 19 20 13 22 23,4b9dc3aaa442405216b8b318d6409f93b4cec8176eb4a77913524f4e1d658256,541dc9e89e21ee6be12592beb0f2d44949bac56986a35c5f0bb1dae3ef1342e5,90.691246,96.82147,868,success_build,True,True,False,unit fuzzy loss,
230,0 1 2 3 4 5 6 7 8 9 10 11 12 22 14 15 16 17 18 19 20 21 13 23,f6c481d4cbaf17f683444b9ec40a786d012a3ddb3aeb088fa4c55f7b014bb8d7,7ab89a2b4417c07cc986ecc6047144445d794d84b0c9cf100b4657abbf719102,90.80645,96.83765,868,success_build,True,True,False,unit fuzzy loss,
231,0 1 2 3 4 5 6 7 8 9 10 11 12 23 14 15 16 17 18 19 20 21 22 13,4c3f278385a329b6eea97cd753b16c752c5ab65d6468082a3b0b05e05e1fbe18,ca2dbf6033265053ae8fb1ff60f49f5ddec255f76d7db095a7dcd85648e4011f,88.57143,96.52393,868,success_build,True,True,False,unit fuzzy loss,
232,0 1 2 3 4 5 6 7 8 9 10 11 12 13 15 14 16 17 18 19 20 21 22 23,1a85315e01b29073a7c8660519ed3fd5bfb142fa39893ea26568390b964212dd,918e64c9f7a991057062cf1e695cf5059472568294b0b1ef9f281e57b27919d7,90.82949,96.84088,868,success_build,True,True,False,unit fuzzy loss,
233,0 1 2 3 4 5 6 7 8 9 10 11 12 13 16 15 14 17 18 19 20 21 22 23,612e07d3128f709f361476da49166d1a1bb5cfb8bda55bb01e7e6344945dc9fd,edd8e79d0067cedd50d1220e61946f686d44c3ad493adbe46c9e21b13b3bcf40,90.85253,96.84412,868,success_build,True,True,False,unit fuzzy loss,
234,0 1 2 3 4 5 6 7 8 9 10 11 12 13 17 15 16 14 18 19 20 21 22 23,f4cc3da90f276f1b0d6ce472a4c0dd951c55c1af7e146ad7db0ff802c0271ff5,ce80cabd7b381ba0edf6bea5452dc50860460400dc3d65575f31d09b5fd9c2e8,90.89862,96.850586,868,success_build,True,True,False,unit fuzzy loss,
235,0 1 2 3 4 5 6 7 8 9 10 11 12 13 18 15 16 17 14 19 20 21 22 23,2703c73356103cebe790e03460db4f2e5239630da413f34a63e03cd4e8662863,482df8bd46792db34e11619b27d8461f1ec4d56596ac485e9c80cc22605f596e,90.89862,96.850586,868,success_build,True,True,False,unit fuzzy loss,
236,0 1 2 3 4 5 6 7 8 9 10 11 12 13 19 15 16 17 18 14 20 21 22 23,47f7665e75ea266f7d4fbd816f87e2025070e0d62f8c7998931ddb554f19422e,e8fd8368979bb728ee403400e0d458fab064df6cce4b096c71e1612e36f92127,90.85253,96.84412,868,success_build,True,True,False,unit fuzzy loss,
237,0 1 2 3 4 5 6 7 8 9 10 11 12 13 20 15 16 17 18 19 14 21 22 23,d77fc8a5dbe4132947623d6338593eba728dbad62fb3c9535d43d1837ce2f1c3,6890b1368144930814dafd855eac4e953e5f602a09c4b7b76ed65030db84e752,90.82949,96.84088,868,success_build,True,True,False,unit fuzzy loss,
238,0 1 2 3 4 5 6 7 8 9 10 11 12 13 21 15 16 17 18 19 20 14 22 23,a8c3ac3e03d44af947862b349f79e5a715c39253398db190d2619b46b6122145,5dfdcfdaa74d71ecc36dd2272c93e04293f5579b169b017b86294b664db3a1d8,90.82949,96.84088,868,success_build,True,True,False,unit fuzzy loss,
239,0 1 2 3 4 5 6 7 8 9 10 11 12 13 22 15 16 17 18 19 20 21 14 23,16ffe7684acf97fa2109a5247984f79db8eb21369a464f315633a10e4469aa95,513e9fd4ae696d42085c67fbe3a2d692fb40c242b41eab98adfaa41d6d0d9c80,90.82949,96.84088,868,success_build,True,True,False,unit fuzzy loss,
240,0 1 2 3 4 5 6 7 8 9 10 11 12 13 23 15 16 17 18 19 20 21 22 14,2adc1acdde7014b1c5d67fc1a17c753307085583646956971fbb31b91527ac3a,473c882c0b15549e05d21d5a231501dff81c5d4208fd5fe09d04eef9af491082,88.64056,96.53364,868,success_build,True,True,False,unit fuzzy loss,
241,0 1 2 3 4 5 6 7 8 9 10 11 12 13 14 16 15 17 18 19 20 21 22 23,8fa232ab890a942b1f318c224d2845439e991cd737c4204dfdfe40de1f2183b3,9635771a1d6528bb7bb9e4107d5599cf64ab80a3f6bc59ad7df032b4a60e3b8a,90.89862,96.850586,868,success_build,True,True,False,unit fuzzy loss,
242,0 1 2 3 4 5 6 7 8 9 10 11 12 13 14 17 16 15 18 19 20 21 22 23,d632d1544ed49c463a8992414b540638e621b97690b652b3cc426e841acef9ae,64e1cb08d2dce58c576b88dcc59e587eeda9b1172181b8298a4838d0cf9cbd4b,90.9447,96.85705,868,success_build,True,True,False,unit fuzzy loss,
243,0 1 2 3 4 5 6 7 8 9 10 11 12 13 14 18 16 17 15 19 20 21 22 23,40a16ed301607682f73b3672b477f44fd19caf4a2b0cd1868906b2773aa9551d,cd7d27107330d24d40675cf442bc6071d1b40bf531d3fac614303e155ccc6446,90.9447,96.85705,868,success_build,True,True,False,unit fuzzy loss,
244,0 1 2 3 4 5 6 7 8 9 10 11 12 13 14 19 16 17 18 15 20 21 22 23,4f6a430d71b69d8e8ddfbcb1512830ed4d1f10cb8da6ddb81798753660fd816c,dcfc47f15f1af17e472b405ce662da54b4bb4db373c051d99c6bded31222914a,90.89862,96.850586,868,success_build,True,True,False,unit fuzzy loss,
245,0 1 2 3 4 5 6 7 8 9 10 11 12 13 14 20 16 17 18 19 15 21 22 23,7f364e12b8f74f33653217f05793b7a63d7ab3473674d7962a3805d11b1e2011,44de755e8c78b5d035d02fdb26741be67bb3401cb90df3bdef1c68a53632a5db,90.9447,96.85705,868,success_build,True,True,False,unit fuzzy loss,
246,0 1 2 3 4 5 6 7 8 9 10 11 12 13 14 21 16 17 18 19 20 15 22 23,e6f9268ba15c6f0621f096530227e586a790f56e50b758bd447706fded53e84e,a4992d7cf6daec00e477273a98deb1e512a2fe089cf4e2ae3ea057ab3477bdd5,90.9447,96.85705,868,success_build,True,True,False,unit fuzzy loss,
247,0 1 2 3 4 5 6 7 8 9 10 11 12 13 14 22 16 17 18 19 20 21 15 23,94deeed544d7fccc734912658b07004e3f656f42312b9196e74dffc915d92bc1,d960212765566155be906260e30095b00cfe21f6ef21ff14bd6eacb460d0bc97,90.87558,96.84735,868,success_build,True,True,False,unit fuzzy loss,
248,0 1 2 3 4 5 6 7 8 9 10 11 12 13 14 23 16 17 18 19 20 21 22 15,17cec4d10c3ef870643c846236b4af9daa13387abb9d07d837e84ae573a62adf,0704d16379b0d654ca7e22256a7cc9d67a27eccb6c1f37c6042025b5baed31a1,88.75576,96.549805,868,success_build,True,True,False,unit fuzzy loss,
249,0 1 2 3 4 5 6 7 8 9 10 11 12 13 14 15 17 16 18 19 20 21 22 23,70e2fff972bea629f515104f16f04bde099815f91d5e6c7bf73b8b217ceef2be,12379aa2787ff9fd3570ee766166fe15a3ef7796c68524a5c70f83f1ddb0fcb0,90.96774,96.86028,868,success_build,True,True,False,unit fuzzy loss,
250,0 1 2 3 4 5 6 7 8 9 10 11 12 13 14 15 18 17 16 19 20 21 22 23,7f0efc4858a3d5e4feb83cbe04715faa8f2e467aad3d1345cd7f92e59fb5cc20,3b8ed89d06526974990dde48f85f81d5786b80ea8808cb04b43765423aed9416,90.96774,96.86028,868,success_build,True,True,False,unit fuzzy loss,
251,0 1 2 3 4 5 6 7 8 9 10 11 12 13 14 15 19 17 18 16 20 21 22 23,2140e25cfb8ef084667711e0807d11424aac22874f70b36b1519858f7a722936,f5294410e3c32948a48c2c692c11719b1c392d65518e2db4332f1273f32397a4,90.92166,96.85381,868,success_build,True,True,False,unit fuzzy loss,
252,0 1 2 3 4 5 6 7 8 9 10 11 12 13 14 15 20 17 18 19 16 21 22 23,3009016a09a182bfcc65e22d42c4a2df28e02cc775a25d798d765590c5c793cf,cdc2e4e747a967e2ea9f422e5de3df169f0bbf0b543d8b69c6e5edca4e98c843,91.013824,96.86675,868,success_build,True,True,True,,
253,0 1 2 3 4 5 6 7 8 9 10 11 12 13 14 15 21 17 18 19 20 16 22 23,1041195c8198139f6f82fefa77c336f38a5e61c40e9c8ef1fb43b1b46f8c2671,efbaad14a84e195097b5c084edc3f440ae9e294183723ed9ce7e39fa0222f424,91.013824,96.86675,868,success_build,True,True,True,,
254,0 1 2 3 4 5 6 7 8 9 10 11 12 13 14 15 22 17 18 19 20 21 16 23,579abda6895a38a986458333f1a37e28f9c2140c70fa01bfc496ea47b9134d7d,56c1f37066ab171afefb06ed1534ebacc0e002241659e02b08ede59055aea9e9,90.89862,96.850586,868,success_build,True,True,False,unit fuzzy loss,
255,0 1 2 3 4 5 6 7 8 9 10 11 12 13 14 15 23 17 18 19 20 21 22 16,202c1a16da73acd166d4957a28f9797c6034f991f677835350f13da0d70638af,8623d63c52f5e0b20e6a506ec8ee652ba248a559a5bcb49f9711af5a278609c1,88.82488,96.55951,868,success_build,True,True,False,unit fuzzy loss,
256,0 1 2 3 4 5 6 7 8 9 10 11 12 13 14 15 16 18 17 19 20 21 22 23,951ff92e9f0d961d8d15680d39c0f3dc9bb2edf3186b6e1380ccd41fb38e0a62,d71e368a6b4661264f6558693e061a2c0eb44fc21171084906d55af185e471fd,91.08295,96.87646,868,success_build,True,True,True,,
257,0 1 2 3 4 5 6 7 8 9 10 11 12 13 14 15 16 19 18 17 20 21 22 23,dd7dceb3fad0b2d878ae32397580ae84f8d9f1f0a322a0c72ff59a96c68617b8,9945e123307ed3fff28c8bf4c61c9322c761d2271c811d2a88a72296ea85738a,91.036865,96.86999,868,success_build,True,True,True,,
258,0 1 2 3 4 5 6 7 8 9 10 11 12 13 14 15 16 20 18 19 17 21 22 23,dd72be279635ec04682558ba09b79e74284f52a70e7cbe22620b0190fdc4fc5f,e01d44ae67a7bd0d969025f3bbe21d389c3d70c0ce0ced1ce3650d748d3a7c15,91.129036,96.88293,868,success_build,True,True,True,,
259,0 1 2 3 4 5 6 7 8 9 10 11 12 13 14 15 16 21 18 19 20 17 22 23,494d853a43274d3645259c6a81cd7161f6ec1f547d1b0ce3dd66eb88f95b5d9f,57a47fdb52c14c76036d72627b96bb6c7c6138d8f13cbbff13f0eebf38933037,91.129036,96.88293,868,success_build,True,True,True,,
260,0 1 2 3 4 5 6 7 8 9 10 11 12 13 14 15 16 22 18 19 20 21 17 23,1b75c67eb6eab035eb2b57f164abb4638b86b5c3fb777e5fd01b8d89947dda33,f38f6e534e0c888f0fd74a9e462fa0ea83d41527c7c007fbf3d25ca809dac85b,90.89862,96.850586,868,success_build,True,True,False,unit fuzzy loss,
261,0 1 2 3 4 5 6 7 8 9 10 11 12 13 14 15 16 23 18 19 20 21 22 17,09f846eff4434190de9908ddaa4cb6989686579b1ff255fe1fc186f33dbcadf6,ad11ef2b809bdad0c7dd4f631d93f4509076651326be956b122ce9826a0db3f9,88.963135,96.57891,868,success_build,True,True,False,unit fuzzy loss,
262,0 1 2 3 4 5 6 7 8 9 10 11 12 13 14 15 16 17 19 18 20 21 22 23,42a95f0e5cf0d62c89e8ac08ec79b471def70ebaa60e8de8f260bb9e64277149,3ce9cb9ec77779a4dd875bf595a746ff13c4180d568d616ffcd4cb56cac4b6fd,91.059906,96.87322,868,success_build,True,True,True,,
263,0 1 2 3 4 5 6 7 8 9 10 11 12 13 14 15 16 17 20 19 18 21 22 23,2df5d017a68d864f0bb5358bca2d4e5c8706c357a416860b90e101f906e6bfa2,3ce9cb9ec77779a4dd875bf595a746ff13c4180d568d616ffcd4cb56cac4b6fd,91.059906,96.87322,868,success_build,True,True,True,,
264,0 1 2 3 4 5 6 7 8 9 10 11 12 13 14 15 16 17 21 19 20 18 22 23,ce224a1cf7a567559472310c92292f0f61ed2035de04946db419d645f6c45855,fd77fdcd3b63d9932fea122461fef3be278fed879c67aa06769f935f143fe486,91.059906,96.87322,868,success_build,True,True,True,,
265,0 1 2 3 4 5 6 7 8 9 10 11 12 13 14 15 16 17 22 19 20 21 18 23,1cd3994f8796990c5ba2a5cb9bbfa6b44ed34791166b5ee8f80fea5549779f26,2c871df5c3a14b6476c3b51176e311797069af602498e13fef2665aa06e68a2a,90.96774,96.86028,868,success_build,True,True,False,unit fuzzy loss,
266,0 1 2 3 4 5 6 7 8 9 10 11 12 13 14 15 16 17 23 19 20 21 22 18,9e475cf576a0f0810cab144c816b8c8029d8a2c95041ee72c4b1bf913df5177c,128517f240aa6d7f763486e7cd2354517cb4d04642cded1bf3b17cd503f3e495,88.870964,96.56598,868,success_build,True,True,False,unit fuzzy loss,
267,0 1 2 3 4 5 6 7 8 9 10 11 12 13 14 15 16 17 18 20 19 21 22 23,2be2692aa49e8cc3b9c84c57c4812e5c877758c25a66def95773f47e7793a4db,7f4ca0cfa4bfccfd13f7b0dc476830a8e4531a0e299930ce2ded76ed68b20c94,91.013824,96.86675,868,success_build,True,True,True,,
268,0 1 2 3 4 5 6 7 8 9 10 11 12 13 14 15 16 17 18 21 20 19 22 23,b8121921e8a968f7d58721c7a5047ec27468c47fc554fd6859ff48d20f10dbce,796c2b5e9d5453c6aabbc463b79dd69a9b0ac0268773c7a6386407b9bccfc029,91.013824,96.86675,868,success_build,True,True,True,,
269,0 1 2 3 4 5 6 7 8 9 10 11 12 13 14 15 16 17 18 22 20 21 19 23,413a77539c14f6070d9f000ff7d3567ebb6aa9a9aa18340d0fd3a2cc781f15e0,49b7412db65fa55432df2e8954658f245a60d0373646c6004e29826bb6285ab7,90.85253,96.84412,868,success_build,True,True,False,unit fuzzy loss,
270,0 1 2 3 4 5 6 7 8 9 10 11 12 13 14 15 16 17 18 23 20 21 22 19,72e4a4a882977ad032dfd8106a089eb40f672f12d1f48cc937950bb4ea8fca98,f8eaf502681ca533869cd01fcba4717c61da252fe70f106c33d5ca7245a807c5,88.870964,96.56598,868,success_build,True,True,False,unit fuzzy loss,
271,0 1 2 3 4 5 6 7 8 9 10 11 12 13 14 15 16 17 18 19 21 20 22 23,a5f54d0b399f03e6fd6aa4f0d25e3e278e1db0fdde5f4bb76b7690eba6d09edc,796c2b5e9d5453c6aabbc463b79dd69a9b0ac0268773c7a6386407b9bccfc029,91.013824,96.86675,868,success_build,True,True,True,,
272,0 1 2 3 4 5 6 7 8 9 10 11 12 13 14 15 16 17 18 19 22 21 20 23,37dd628df93c55035f45be6070d9e60bdaeec97a70f363a845d34a9831ef7b86,796c2b5e9d5453c6aabbc463b79dd69a9b0ac0268773c7a6386407b9bccfc029,91.013824,96.86675,868,success_build,True,True,True,,
273,0 1 2 3 4 5 6 7 8 9 10 11 12 13 14 15 16 17 18 19 23 21 22 20,2b3f3f7bd34e49880b893d4edd284a65a837f919962e9202541a7d0051e4e969,a572afd0cb3a05682d233a0cc5993a3fb0cc7cedec2a1d414420fbdedc716b87,90.39171,96.779434,868,success_build,True,True,False,unit fuzzy loss,
274,0 1 2 3 4 5 6 7 8 9 10 11 12 13 14 15 16 17 18 19 20 22 21 23,b926f7bcd7b0627655408de54cc47096162caa085617452a88cdbc5337ca2d21,7f4ca0cfa4bfccfd13f7b0dc476830a8e4531a0e299930ce2ded76ed68b20c94,91.013824,96.86675,868,success_build,True,True,True,,
275,0 1 2 3 4 5 6 7 8 9 10 11 12 13 14 15 16 17 18 19 20 23 22 21,1ca459abc81a4dbc7fc2b2db9676796aff5911a11e11b4070365e08b042afe79,ef44f577d64b1b59fa185c224ada81ba8f1e8b6cda76c80d84697ba9e770a4fa,89.03226,96.588615,868,success_build,True,True,False,unit fuzzy loss,
276,0 1 2 3 4 5 6 7 8 9 10 11 12 13 14 15 16 17 18 19 20 21 23 22,a7a56f5f7560c2e521ba75f5b9b09c5938df7a8802675072a6da2e058c7c04c8,379e0a96986508fe074cb62fbc6928127353781195e55758bdc1070a37c80fe6,90.76037,96.83118,868,success_build,True,True,False,unit fuzzy loss,
277,1 2 0 3 4 5 6 7 8 9 10 11 12 13 14 15 16 17 18 19 20 21 22 23,92a41d1c8a1a7c7e1a53c42ab16c7a0f358112045f914c8bdc9902f3047502fd,a56d8e06a1194126d3380e8922ed54c52a0de579e1a1afa8b5c4030d79419e36,90.78341,96.83441,868,success_build,True,True,False,unit fuzzy loss,
278,1 2 3 0 4 5 6 7 8 9 10 11 12 13 14 15 16 17 18 19 20 21 22 23,cf31fed11c8ae94de6cc44f5b519b281c98b5083f2f5b6c76328a269cc87194c,a56d8e06a1194126d3380e8922ed54c52a0de579e1a1afa8b5c4030d79419e36,90.78341,96.83441,868,success_build,True,True,False,unit fuzzy loss,
279,1 2 3 4 0 5 6 7 8 9 10 11 12 13 14 15 16 17 18 19 20 21 22 23,6cb0070d098263c6bb90aa0a3f6e90b1620063bad4772e374053f66b974b6ee0,a56d8e06a1194126d3380e8922ed54c52a0de579e1a1afa8b5c4030d79419e36,90.78341,96.83441,868,success_build,True,True,False,unit fuzzy loss,
280,1 2 3 4 5 0 6 7 8 9 10 11 12 13 14 15 16 17 18 19 20 21 22 23,2c2e7bd81d8a20bef5a5e75d23f0869b89252dba06f346ef11aa32da028809c4,e7b89aa9e6814475e684a9b6b1d410709e3cf72d017a5cc6518b2d054dc8bb46,90.622116,96.811775,868,success_build,True,True,False,unit fuzzy loss,
281,1 2 3 4 5 6 0 7 8 9 10 11 12 13 14 15 16 17 18 19 20 21 22 23,77ca68590c443fd25f141592404c9dadd7ccbafdcbd6564e2e09758a6ddab31a,e7b89aa9e6814475e684a9b6b1d410709e3cf72d017a5cc6518b2d054dc8bb46,90.622116,96.811775,868,success_build,True,True,False,unit fuzzy loss,
282,1 2 3 4 5 6 7 0 8 9 10 11 12 13 14 15 16 17 18 19 20 21 22 23,6d50710a41a9d808c7a922c6c927523e63f6ef6afbf1e58ad7b54135f032923e,e7b89aa9e6814475e684a9b6b1d410709e3cf72d017a5cc6518b2d054dc8bb46,90.622116,96.811775,868,success_build,True,True,False,unit fuzzy loss,
283,1 2 3 4 5 6 7 8 0 9 10 11 12 13 14 15 16 17 18 19 20 21 22 23,006a5efe91ddb9c9129a407682ceb7f8a0300ffaa7c8331e106324b3b0fb0f46,e7b89aa9e6814475e684a9b6b1d410709e3cf72d017a5cc6518b2d054dc8bb46,90.622116,96.811775,868,success_build,True,True,False,unit fuzzy loss,
284,1 2 3 4 5 6 7 8 9 0 10 11 12 13 14 15 16 17 18 19 20 21 22 23,561cc8cd19234ec5606f77d07b9d8beca208bacc2853e53da83f8c3aff7d9cd5,0be8f4b985e99eca990550f0918917d5f0c9dff0984a3b0b8057c49edf29fe96,90.622116,96.811775,868,success_build,True,True,False,unit fuzzy loss,
285,1 2 3 4 5 6 7 8 9 10 0 11 12 13 14 15 16 17 18 19 20 21 22 23,ba820b8508baf8efb1590c350a888c549327b64376368fcdbc1a7ee11ad17188,2e9a8fdc39ec7ffcde9cb496ef9fe57dcdfb9a3c5df68624e58163b3516799e0,90.576035,96.805305,868,success_build,True,True,False,unit fuzzy loss,
286,1 2 3 4 5 6 7 8 9 10 11 0 12 13 14 15 16 17 18 19 20 21 22 23,475be6ca828ee4acf8f02bc2b771b784ef84828629d4dd8d7798ead83c174b1e,8de957821174a25594d086e3ef825b7086d57f01a75092ac845c9895205d2791,90.36866,96.7762,868,success_build,True,True,False,unit fuzzy loss,
287,1 2 3 4 5 6 7 8 9 10 11 12 0 13 14 15 16 17 18 19 20 21 22 23,487cc7598a151f8cfc2e089aba13a83ab93f8dbf1e39d32036bebe425f60dc55,0500df7d7aeffd414cd6267f05591ab5fc039e374a9c23413f6946b754ecf5c9,90.230415,96.75679,868,success_build,True,True,False,unit fuzzy loss,
288,1 2 3 4 5 6 7 8 9 10 11 12 13 0 14 15 16 17 18 19 20 21 22 23,b2f582c4ca6db76f33fc95139dafae9f21355d42c10bc6c8dc75b8da60925396,cb62176bbe81db6469d3fd4db659a3506607b0586b77e0233c33c7a12b4b3983,90.09216,96.73739,868,success_build,True,True,False,unit fuzzy loss,
289,1 2 3 4 5 6 7 8 9 10 11 12 13 14 0 15 16 17 18 19 20 21 22 23,a680f7671098d4028cf51f95a12424a839c59411720fb95db23bc129104b841d,a4d821f83b24bc5e155764e2bd1d7f7e2cf35bf9cbeb5fe580a4576a72eb42ee,89.97696,96.721214,868,success_build,True,True,False,unit fuzzy loss,
290,1 2 3 4 5 6 7 8 9 10 11 12 13 14 15 0 16 17 18 19 20 21 22 23,123b0597e505f17b754cf141b5c44cc71d27b3f2116a550170b95a3e9cf3eea8,5cca9e0e80bb46be5724fa95249c2043d253710068ac96d66b950692af7418b2,89.90784,96.71152,868,success_build,True,True,False,unit fuzzy loss,
291,1 2 3 4 5 6 7 8 9 10 11 12 13 14 15 16 0 17 18 19 20 21 22 23,82049ca15efb2df7ecf4154c2a5fe5ef5ad0a9cefc7a426e9d59cd8eb44acd69,35069b11d2b6e43960c96c3e1021b322f495e1b788cac9365dbf44d260311806,89.86175,96.70505,868,success_build,True,True,False,unit fuzzy loss,
292,1 2 3 4 5 6 7 8 9 10 11 12 13 14 15 16 17 0 18 19 20 21 22 23,db8529f8b159f916eb9d7f3bfcf82ee3aebb42a7854b44c173efc60bc202ab58,0d6b2285f675ba416e263e967b0dd8cbb8e7e211668efb07f579afe4000d9e1d,89.86175,96.70505,868,success_build,True,True,False,unit fuzzy loss,
293,1 2 3 4 5 6 7 8 9 10 11 12 13 14 15 16 17 18 0 19 20 21 22 23,c114b6948cbe2472dc81bfaeb50c46f9854eef20c33afa6426e76453f9eb14ce,097f83d31a94115dd3432d8d827bf747062f02085724db92aea01a80ecb83ca1,89.86175,96.70505,868,success_build,True,True,False,unit fuzzy loss,
294,1 2 3 4 5 6 7 8 9 10 11 12 13 14 15 16 17 18 19 0 20 21 22 23,22ec7162f29a41c0192de093a91ad364783fa005b832a6eceb9e548a6cda11ed,f49124ff45015739b4a4110d9c7a3d2c379de4a27ebdb92112c6ce9b79056206,89.90784,96.71152,868,success_build,True,True,False,unit fuzzy loss,
295,1 2 3 4 5 6 7 8 9 10 11 12 13 14 15 16 17 18 19 20 0 21 22 23,05b8b9fd93a8bfa202667da1cf437fdf5e06b55bb224e4fb01246e790297a87e,f49124ff45015739b4a4110d9c7a3d2c379de4a27ebdb92112c6ce9b79056206,89.90784,96.71152,868,success_build,True,True,False,unit fuzzy loss,
296,1 2 3 4 5 6 7 8 9 10 11 12 13 14 15 16 17 18 19 20 21 0 22 23,2bfbc46bbbcb86050ba66fac00c809e6fc085ed22424eab4305b8a62c77e4bd7,f49124ff45015739b4a4110d9c7a3d2c379de4a27ebdb92112c6ce9b79056206,89.90784,96.71152,868,success_build,True,True,False,unit fuzzy loss,
297,1 2 3 4 5 6 7 8 9 10 11 12 13 14 15 16 17 18 19 20 21 22 0 23,20e73db8dd7ad4ec761cd9154b3ef0b036bc2e0db9ba73780815b55635e12cb8,c82b315b98cc3c28f45a6206d7d5de7d7e2b5122fe3bb5d8830187c9e9facfa2,89.83871,96.70181,868,success_build,True,True,False,unit fuzzy loss,
298,1 2 3 4 5 6 7 8 9 10 11 12 13 14 15 16 17 18 19 20 21 22 23 0,11c97dbc02c0da2a439a249d9ed11c3b7d68d94b610d5f2797e8d12bc8c636c2,99651f8d2a7f68a6ef1496e2e939cede4fc8184e793b130a60b3ae0168f792aa,89.56221,96.663,868,success_build,True,True,False,unit fuzzy loss,
299,0 2 3 1 4 5 6 7 8 9 10 11 12 13 14 15 16 17 18 19 20 21 22 23,45fc64d4f8ad0629bbaf676de221b3de7a692c4fa48d5ec117f1f4f279edf803,7f4ca0cfa4bfccfd13f7b0dc476830a8e4531a0e299930ce2ded76ed68b20c94,91.013824,96.86675,868,success_build,True,True,True,,
300,0 2 3 4 1 5 6 7 8 9 10 11 12 13 14 15 16 17 18 19 20 21 22 23,b2657c46de13f08b639d22b35843db0e4f1ed36a81f1d15b854001d462381f10,7f4ca0cfa4bfccfd13f7b0dc476830a8e4531a0e299930ce2ded76ed68b20c94,91.013824,96.86675,868,success_build,True,True,True,,
301,0 2 3 4 5 1 6 7 8 9 10 11 12 13 14 15 16 17 18 19 20 21 22 23,78e46a498e626000ad2fc5b59feac7936481338d6dc735b1872fda7b54787180,4a641e4be0e8adcc5d813eb1b506c1c87832baa00dd8326caf3d6aee30cb397b,90.73733,96.82794,868,success_build,True,True,False,unit fuzzy loss,
302,0 2 3 4 5 6 1 7 8 9 10 11 12 13 14 15 16 17 18 19 20 21 22 23,ea5e84003cfff7f39a69b408f1a06251634bba2e2eadd80b5bc5358c0ebdde6a,4a641e4be0e8adcc5d813eb1b506c1c87832baa00dd8326caf3d6aee30cb397b,90.73733,96.82794,868,success_build,True,True,False,unit fuzzy loss,
303,0 2 3 4 5 6 7 1 8 9 10 11 12 13 14 15 16 17 18 19 20 21 22 23,607bf183f7e0878021c971a8629804e6ef9a04279d63d83587afd57806a57796,4a641e4be0e8adcc5d813eb1b506c1c87832baa00dd8326caf3d6aee30cb397b,90.73733,96.82794,868,success_build,True,True,False,unit fuzzy loss,
304,0 2 3 4 5 6 7 8 1 9 10 11 12 13 14 15 16 17 18 19 20 21 22 23,d5b062e6710dce390fce8197b3b4200f55699f76bb345a2efae652e61bbe15e0,4a641e4be0e8adcc5d813eb1b506c1c87832baa00dd8326caf3d6aee30cb397b,90.73733,96.82794,868,success_build,True,True,False,unit fuzzy loss,
305,0 2 3 4 5 6 7 8 9 1 10 11 12 13 14 15 16 17 18 19 20 21 22 23,b97271a2ead28dbb337f9eff64aa7435e9d4551b90641aeb86a2b0cd96827bd6,0744f588943ec33f8e3c731fa1c44340aac565bc1a92e29351aae488fcf61832,90.73733,96.82794,868,success_build,True,True,False,unit fuzzy loss,
306,0 2 3 4 5 6 7 8 9 10 1 11 12 13 14 15 16 17 18 19 20 21 22 23,337245a800f2824adf07c01757891019a4234ba5f4cd0aa6a47b0ea68e04cfe9,94044ad828348f994950a07a83430124864fe043dec928e0bb8ef6c8435e8247,90.691246,96.82147,868,success_build,True,True,False,unit fuzzy loss,
307,0 2 3 4 5 6 7 8 9 10 11 1 12 13 14 15 16 17 18 19 20 21 22 23,abae0dd4c49ea59b9d6888c9d832c5db92d0d29727b8983315086cba457d2e64,7de000ab952dbadc65e7c55c48cd5f4932c581a46f8a67fdcf52322cf6031b10,90.48387,96.792366,868,success_build,True,True,False,unit fuzzy loss,
308,0 2 3 4 5 6 7 8 9 10 11 12 1 13 14 15 16 17 18 19 20 21 22 23,08580451736107fc107d126f761ece9f210eb68ac72219451ecf94c7438a385e,56ce8282b8a3e1e62a4e65530385ec66422b9a8f3cd3c6362b10193bacdcf227,90.34562,96.772964,868,success_build,True,True,False,unit fuzzy loss,
309,0 2 3 4 5 6 7 8 9 10 11 12 13 1 14 15 16 17 18 19 20 21 22 23,73842edd79fec8679da29f15b7292121df51ae5ab834d2eaa2909ff9466c1444,c76e23f5c9469ebdddeee58a688c21cb95d99ce0a9ef8f4499aaf0054c04c3fb,90.207375,96.753555,868,success_build,True,True,False,unit fuzzy loss,
310,0 2 3 4 5 6 7 8 9 10 11 12 13 14 1 15 16 17 18 19 20 21 22 23,13ccf03bc8ffdc323730d2189e33579ba783d67d8b2ae68bdc780164e265739a,3bf97280d5de7a68efa3ae09adf3013c0e8264ace0de9d883b24981d831631b3,90.09216,96.73739,868,success_build,True,True,False,unit fuzzy loss,
311,0 2 3 4 5 6 7 8 9 10 11 12 13 14 15 1 16 17 18 19 20 21 22 23,397ac9d52b97b6838dc04923159c2176de3d384818b34c149a865a550dc71d25,3114a11490714b0c50d61991a0115760854fdac1924e03773f79202d156bd147,90.02304,96.727684,868,success_build,True,True,False,unit fuzzy loss,
312,0 2 3 4 5 6 7 8 9 10 11 12 13 14 15 16 1 17 18 19 20 21 22 23,f22d957375917e7b141e698f7ae21acc9062878ea740ab4bf26f14752059871f,de5e1f89b21f4e73cd4fe86c13e6bc79116fc6f36a95f441641c38f62d87292b,89.97696,96.721214,868,success_build,True,True,False,unit fuzzy loss,
313,0 2 3 4 5 6 7 8 9 10 11 12 13 14 15 16 17 1 18 19 20 21 22 23,21dd63313cd91b54a50cc5b1c494b8a4846e4c0f0c86c1853c00cc1b5d912cc9,12ee36ea97f2b7af073148e2fe26b9b145b1d8b3e157232e266a0dd21e68fe3a,89.97696,96.721214,868,success_build,True,True,False,unit fuzzy loss,314
314,0 2 3 4 5 6 7 8 9 10 11 12 13 14 15 16 17 18 1 19 20 21 22 23,4d35806ebb39f5f7629ab4272242132d25ea1c3027563516fc942dc64e2d3555,f9fbff70a862cf04bbbd698cd3698960e70506f6744af57de2725b0dd638ea37,89.97696,96.721214,868,success_build,True,True,False,unit fuzzy loss,313
315,0 2 3 4 5 6 7 8 9 10 11 12 13 14 15 16 17 18 19 1 20 21 22 23,3e5b8df5734aea99ce8993b96d4d1f538cb24e41c2a5f0a725a0326c7231abeb,8e54080728aacb4db0747738167aa2ba0752d416be97fa01eefb4091d8a5fb77,90.02304,96.727684,868,success_build,True,True,False,unit fuzzy loss,
316,0 2 3 4 5 6 7 8 9 10 11 12 13 14 15 16 17 18 19 20 1 21 22 23,6b6b7f163b171e2790b0fc01eef1bb1e149a7544d79c2e8bcc5d5d46e1283eb9,8e54080728aacb4db0747738167aa2ba0752d416be97fa01eefb4091d8a5fb77,90.02304,96.727684,868,success_build,True,True,False,unit fuzzy loss,
317,0 2 3 4 5 6 7 8 9 10 11 12 13 14 15 16 17 18 19 20 21 1 22 23,07780fc05a9293fcb894926caed3ecb7a1bce230d6cd60c3ec7c5b9e9190eaa7,8e54080728aacb4db0747738167aa2ba0752d416be97fa01eefb4091d8a5fb77,90.02304,96.727684,868,success_build,True,True,False,unit fuzzy loss,
318,0 2 3 4 5 6 7 8 9 10 11 12 13 14 15 16 17 18 19 20 21 22 1 23,f64656e12182b067d2f7d1f29f9d7199b9958a6a681af5be9967e73cf82fce22,86f75e4377d66613606dba9956a82740cff8f6cde6d75ecd75eab719236d0939,89.95392,96.71798,868,success_build,True,True,False,unit fuzzy loss,
319,0 2 3 4 5 6 7 8 9 10 11 12 13 14 15 16 17 18 19 20 21 22 23 1,8ef5dabf8b872423968665d3f74bec2d9974b2c6a07d612cfdd12cd5a713c91c,01d133abb5e93f51df6708af21d42b8b32ed270e82dc2b7506e3b4dfb750d295,89.67742,96.67917,868,success_build,True,True,False,unit fuzzy loss,
320,2 0 1 3 4 5 6 7 8 9 10 11 12 13 14 15 16 17 18 19 20 21 22 23,e5844aa75546afc4fdaf8b08ceff3d21949c8bb9e34e2571811cebf55b51f224,7f4ca0cfa4bfccfd13f7b0dc476830a8e4531a0e299930ce2ded76ed68b20c94,91.013824,96.86675,868,success_build,True,True,True,,
321,0 1 3 4 2 5 6 7 8 9 10 11 12 13 14 15 16 17 18 19 20 21 22 23,6a3c1a3916a9bc79b4c9713509dccc4a152f4594c69fcfedc509d79402d51e9c,7f4ca0cfa4bfccfd13f7b0dc476830a8e4531a0e299930ce2ded76ed68b20c94,91.013824,96.86675,868,success_build,True,True,True,,
322,0 1 3 4 5 2 6 7 8 9 10 11 12 13 14 15 16 17 18 19 20 21 22 23,0469d1bc4c545ab1bfde534981b79a564f021c6b6da925fe46e8bb8e92c689cf,7f4ca0cfa4bfccfd13f7b0dc476830a8e4531a0e299930ce2ded76ed68b20c94,91.013824,96.86675,868,success_build,True,True,True,,
323,0 1 3 4 5 6 2 7 8 9 10 11 12 13 14 15 16 17 18 19 20 21 22 23,e0477b49163b0541d10433808192852b0bb6d7c141cd5a6fa4126ab02c9b6b23,7f4ca0cfa4bfccfd13f7b0dc476830a8e4531a0e299930ce2ded76ed68b20c94,91.013824,96.86675,868,success_build,True,True,True,,
324,0 1 3 4 5 6 7 2 8 9 10 11 12 13 14 15 16 17 18 19 20 21 22 23,2dd45d95a19f1c5ea3a220801f5e3026725b8225ef9b1f6b8d8b87e4abf55686,7f4ca0cfa4bfccfd13f7b0dc476830a8e4531a0e299930ce2ded76ed68b20c94,91.013824,96.86675,868,success_build,True,True,True,,
325,0 1 3 4 5 6 7 8 2 9 10 11 12 13 14 15 16 17 18 19 20 21 22 23,20e186c937e5b7f2c6e9d9e616966ea0442d9f0a5dfc65d91bb3af016f1565e2,7f4ca0cfa4bfccfd13f7b0dc476830a8e4531a0e299930ce2ded76ed68b20c94,91.013824,96.86675,868,success_build,True,True,True,,
326,0 1 3 4 5 6 7 8 9 2 10 11 12 13 14 15 16 17 18 19 20 21 22 23,d16b3e2594811566e13e1826e229c402ce3cfd01efceed989cdb51f7e6616e0e,7f4ca0cfa4bfccfd13f7b0dc476830a8e4531a0e299930ce2ded76ed68b20c94,91.013824,96.86675,868,success_build,True,True,True,,
327,0 1 3 4 5 6 7 8 9 10 2 11 12 13 14 15 16 17 18 19 20 21 22 23,11135db71e4daae90fb9c35028553277477794a3f9bfd9518c67a0ba54114d8f,7f4ca0cfa4bfccfd13f7b0dc476830a8e4531a0e299930ce2ded76ed68b20c94,91.013824,96.86675,868,success_build,True,True,True,,
328,0 1 3 4 5 6 7 8 9 10 11 2 12 13 14 15 16 17 18 19 20 21 22 23,52dae30102ae3237e9da12574a0e6ff8d81c26d231d8503c51cfcd0426db5369,7f4ca0cfa4bfccfd13f7b0dc476830a8e4531a0e299930ce2ded76ed68b20c94,91.013824,96.86675,868,success_build,True,True,True,,
329,0 1 3 4 5 6 7 8 9 10 11 12 2 13 14 15 16 17 18 19 20 21 22 23,b7b1e8606afa0f66b14f7b01c8116789764f218547bb396b9d2e38a94e30d8c9,7f4ca0cfa4bfccfd13f7b0dc476830a8e4531a0e299930ce2ded76ed68b20c94,91.013824,96.86675,868,success_build,True,True,True,,
330,0 1 3 4 5 6 7 8 9 10 11 12 13 2 14 15 16 17 18 19 20 21 22 23,2476e8d867034e92f31708e66b51f4ba2be7e5f2dd5951931453402ab6dbf366,7f4ca0cfa4bfccfd13f7b0dc476830a8e4531a0e299930ce2ded76ed68b20c94,91.013824,96.86675,868,success_build,True,True,True,,
331,0 1 3 4 5 6 7 8 9 10 11 12 13 14 2 15 16 17 18 19 20 21 22 23,81f5343d6f69ec8cc8d75fafc5f2c3b20543f9f5b45af5f4c680aed917350eab,7f4ca0cfa4bfccfd13f7b0dc476830a8e4531a0e299930ce2ded76ed68b20c94,91.013824,96.86675,868,success_build,True,True,True,,
332,0 1 3 4 5 6 7 8 9 10 11 12 13 14 15 2 16 17 18 19 20 21 22 23,05b6d281396166a335e0d907256c95469a2c462f9b2fdbccb661c4e3de605db1,7f4ca0cfa4bfccfd13f7b0dc476830a8e4531a0e299930ce2ded76ed68b20c94,91.013824,96.86675,868,success_build,True,True,True,,
333,0 1 3 4 5 6 7 8 9 10 11 12 13 14 15 16 2 17 18 19 20 21 22 23,08d2120ddc416c7a7fdd4a0a285b40b6299a979dc0fe3192c40cd6b9d7bf7d4a,7f4ca0cfa4bfccfd13f7b0dc476830a8e4531a0e299930ce2ded76ed68b20c94,91.013824,96.86675,868,success_build,True,True,True,,
334,0 1 3 4 5 6 7 8 9 10 11 12 13 14 15 16 17 2 18 19 20 21 22 23,b4c935464397463c108f58f94ff7795255cac59359af87ea526fd12fe0fceea4,7f4ca0cfa4bfccfd13f7b0dc476830a8e4531a0e299930ce2ded76ed68b20c94,91.013824,96.86675,868,success_build,True,True,True,,
335,0 1 3 4 5 6 7 8 9 10 11 12 13 14 15 16 17 18 2 19 20 21 22 23,24315baa317344361652b31c29ecd0a0d9486f3dc760735267e67c1b33c4af53,7f4ca0cfa4bfccfd13f7b0dc476830a8e4531a0e299930ce2ded76ed68b20c94,91.013824,96.86675,868,success_build,True,True,True,,
336,0 1 3 4 5 6 7 8 9 10 11 12 13 14 15 16 17 18 19 2 20 21 22 23,64a3e324aeca2eb107d87233471b7de4d9e920348886d6c8eb94f3f89ca2eb07,7f4ca0cfa4bfccfd13f7b0dc476830a8e4531a0e299930ce2ded76ed68b20c94,91.013824,96.86675,868,success_build,True,True,True,,
337,0 1 3 4 5 6 7 8 9 10 11 12 13 14 15 16 17 18 19 20 2 21 22 23,193fec9af5390adccfdb887866e8bb39a9b077e44d532a74601ae2e457e75831,7f4ca0cfa4bfccfd13f7b0dc476830a8e4531a0e299930ce2ded76ed68b20c94,91.013824,96.86675,868,success_build,True,True,True,,
338,0 1 3 4 5 6 7 8 9 10 11 12 13 14 15 16 17 18 19 20 21 2 22 23,79db5ad161812724cc7af8155be8a15a993f76a8bff59293424d4f6c82098ba8,7f4ca0cfa4bfccfd13f7b0dc476830a8e4531a0e299930ce2ded76ed68b20c94,91.013824,96.86675,868,success_build,True,True,True,,
339,0 1 3 4 5 6 7 8 9 10 11 12 13 14 15 16 17 18 19 20 21 22 2 23,14105ec24edcde6ec6573e8bab3442b289be3029638954effc0b69b6f4c70a6c,7f4ca0cfa4bfccfd13f7b0dc476830a8e4531a0e299930ce2ded76ed68b20c94,91.013824,96.86675,868,success_build,True,True,True,,
340,0 1 3 4 5 6 7 8 9 10 11 12 13 14 15 16 17 18 19 20 21 22 23 2,4d213f11f7b712200a1d6da15a8471a98d3b4eeb77fee3819d2c930cbcf3a28d,7f4ca0cfa4bfccfd13f7b0dc476830a8e4531a0e299930ce2ded76ed68b20c94,91.013824,96.86675,868,success_build,True,True,True,,
341,3 0 1 2 4 5 6 7 8 9 10 11 12 13 14 15 16 17 18 19 20 21 22 23,071a7327b4242c703c9d90c5363b29e3b32ee650f0d86d6776339c06b02a90a1,7f4ca0cfa4bfccfd13f7b0dc476830a8e4531a0e299930ce2ded76ed68b20c94,91.013824,96.86675,868,success_build,True,True,True,,
342,0 3 1 2 4 5 6 7 8 9 10 11 12 13 14 15 16 17 18 19 20 21 22 23,17a2ac9da806803b8cca3cf66f1d60e648c4e96b6b52caf59c002c4c69309292,7f4ca0cfa4bfccfd13f7b0dc476830a8e4531a0e299930ce2ded76ed68b20c94,91.013824,96.86675,868,success_build,True,True,True,,
343,0 1 2 4 5 3 6 7 8 9 10 11 12 13 14 15 16 17 18 19 20 21 22 23,ef95f33118e73c00438589fbfb2d6364b100da029e97d2c36005c22fbf2ba33c,7f4ca0cfa4bfccfd13f7b0dc476830a8e4531a0e299930ce2ded76ed68b20c94,91.013824,96.86675,868,success_build,True,True,True,,
344,0 1 2 4 5 6 3 7 8 9 10 11 12 13 14 15 16 17 18 19 20 21 22 23,306b0ba44c69873f251c870f688cdf120102262c87cc19c3ce0ae6c566f32269,7f4ca0cfa4bfccfd13f7b0dc476830a8e4531a0e299930ce2ded76ed68b20c94,91.013824,96.86675,868,success_build,True,True,True,,
345,0 1 2 4 5 6 7 3 8 9 10 11 12 13 14 15 16 17 18 19 20 21 22 23,d3cfd1275f9e5f3d7c3cdbc9f50b913085c4affd73c19e4c4ac22db19be40c12,7f4ca0cfa4bfccfd13f7b0dc476830a8e4531a0e299930ce2ded76ed68b20c94,91.013824,96.86675,868,success_build,True,True,True,,
346,0 1 2 4 5 6 7 8 3 9 10 11 12 13 14 15 16 17 18 19 20 21 22 23,09777ee0e424ab97ec870f5112e77b7bdc79b3e9770f7b3ec91430c8acdcd563,7f4ca0cfa4bfccfd13f7b0dc476830a8e4531a0e299930ce2ded76ed68b20c94,91.013824,96.86675,868,success_build,True,True,True,,
347,0 1 2 4 5 6 7 8 9 3 10 11 12 13 14 15 16 17 18 19 20 21 22 23,9d386910d16027abf109b1ffe1854fbcd1b8f3f4378684fa9047af7535f1c18d,7f4ca0cfa4bfccfd13f7b0dc476830a8e4531a0e299930ce2ded76ed68b20c94,91.013824,96.86675,868,success_build,True,True,True,,
348,0 1 2 4 5 6 7 8 9 10 3 11 12 13 14 15 16 17 18 19 20 21 22 23,2ccdd8a9a19a9adfc038ae66baad62feb74f11bebb38d25a0214aa89890f34bb,7f4ca0cfa4bfccfd13f7b0dc476830a8e4531a0e299930ce2ded76ed68b20c94,91.013824,96.86675,868,success_build,True,True,True,,
349,0 1 2 4 5 6 7 8 9 10 11 3 12 13 14 15 16 17 18 19 20 21 22 23,fd3ea992f1cb69368c0b57dc6f51465bedb574f2b441475010631794b58eac26,7f4ca0cfa4bfccfd13f7b0dc476830a8e4531a0e299930ce2ded76ed68b20c94,91.013824,96.86675,868,success_build,True,True,True,,
350,0 1 2 4 5 6 7 8 9 10 11 12 3 13 14 15 16 17 18 19 20 21 22 23,b22bd49ab2514c4013415fca560d694de7f5d97d437d8e3e36d543d0ece1b0a1,7f4ca0cfa4bfccfd13f7b0dc476830a8e4531a0e299930ce2ded76ed68b20c94,91.013824,96.86675,868,success_build,True,True,True,,
351,0 1 2 4 5 6 7 8 9 10 11 12 13 3 14 15 16 17 18 19 20 21 22 23,7bf83b91d9509f8c3bc4b657c7d2c3405df24b3a643b246ee363b9baed27db2a,7f4ca0cfa4bfccfd13f7b0dc476830a8e4531a0e299930ce2ded76ed68b20c94,91.013824,96.86675,868,success_build,True,True,True,,
352,0 1 2 4 5 6 7 8 9 10 11 12 13 14 3 15 16 17 18 19 20 21 22 23,22ec5727e28b0d77cfe35d695e2d20e2257f1562aa36019950dc14026695e174,7f4ca0cfa4bfccfd13f7b0dc476830a8e4531a0e299930ce2ded76ed68b20c94,91.013824,96.86675,868,success_build,True,True,True,,
353,0 1 2 4 5 6 7 8 9 10 11 12 13 14 15 3 16 17 18 19 20 21 22 23,a740fc50ab3e4b57499c177a0d77ebb5bdc5d102b4537ca7e11bed485c5ec873,7f4ca0cfa4bfccfd13f7b0dc476830a8e4531a0e299930ce2ded76ed68b20c94,91.013824,96.86675,868,success_build,True,True,True,,
354,0 1 2 4 5 6 7 8 9 10 11 12 13 14 15 16 3 17 18 19 20 21 22 23,d3df6c5693f16a4a30dd3a7e15af105449de87de143fffac5f42876bd4f66a8a,7f4ca0cfa4bfccfd13f7b0dc476830a8e4531a0e299930ce2ded76ed68b20c94,91.013824,96.86675,868,success_build,True,True,True,,
355,0 1 2 4 5 6 7 8 9 10 11 12 13 14 15 16 17 3 18 19 20 21 22 23,52f07195cb65e1d7a86d2dfab2ba59b03762172a30d815199e22937a90fbb2ab,7f4ca0cfa4bfccfd13f7b0dc476830a8e4531a0e299930ce2ded76ed68b20c94,91.013824,96.86675,868,success_build,True,True,True,,
356,0 1 2 4 5 6 7 8 9 10 11 12 13 14 15 16 17 18 3 19 20 21 22 23,10e592a4f4f6841210d3d5f3e919cc542b2bf5df6612d28ac7285ec0f40e9ab5,7f4ca0cfa4bfccfd13f7b0dc476830a8e4531a0e299930ce2ded76ed68b20c94,91.013824,96.86675,868,success_build,True,True,True,,
357,0 1 2 4 5 6 7 8 9 10 11 12 13 14 15 16 17 18 19 3 20 21 22 23,83537c8a6b263623d1b6a01cd2591b3f4fe2085f1e702013d1480160983b89fe,7f4ca0cfa4bfccfd13f7b0dc476830a8e4531a0e299930ce2ded76ed68b20c94,91.013824,96.86675,868,success_build,True,True,True,,
358,0 1 2 4 5 6 7 8 9 10 11 12 13 14 15 16 17 18 19 20 3 21 22 23,04daba919ffd66926e24ae81647a1d78cd96c56e49cc4a48f9ef74788c7a82d9,7f4ca0cfa4bfccfd13f7b0dc476830a8e4531a0e299930ce2ded76ed68b20c94,91.013824,96.86675,868,success_build,True,True,True,,
359,0 1 2 4 5 6 7 8 9 10 11 12 13 14 15 16 17 18 19 20 21 3 22 23,6a9c878075f3a014bada2fe609e44d0b135ce30fa5be9f06c397da4cdf3498cb,7f4ca0cfa4bfccfd13f7b0dc476830a8e4531a0e299930ce2ded76ed68b20c94,91.013824,96.86675,868,success_build,True,True,True,,
360,0 1 2 4 5 6 7 8 9 10 11 12 13 14 15 16 17 18 19 20 21 22 3 23,d4ffe3d84021603f82739615e7367a3d67abc04af1338ce5c1b8638b2adb77f1,7f4ca0cfa4bfccfd13f7b0dc476830a8e4531a0e299930ce2ded76ed68b20c94,91.013824,96.86675,868,success_build,True,True,True,,
361,0 1 2 4 5 6 7 8 9 10 11 12 13 14 15 16 17 18 19 20 21 22 23 3,f56070d6ba51ffcd5df5aa76b43c3df2706a1dbef1a307e25b0fac51cabd2b8b,7f4ca0cfa4bfccfd13f7b0dc476830a8e4531a0e299930ce2ded76ed68b20c94,91.013824,96.86675,868,success_build,True,True,True,,
362,4 0 1 2 3 5 6 7 8 9 10 11 12 13 14 15 16 17 18 19 20 21 22 23,80515c98c176fdefa1276f9918da57ea02b208e2a6d0d969d49440afa4a9b07e,7f4ca0cfa4bfccfd13f7b0dc476830a8e4531a0e299930ce2ded76ed68b20c94,91.013824,96.86675,868,success_build,True,True,True,,
363,0 4 1 2 3 5 6 7 8 9 10 11 12 13 14 15 16 17 18 19 20 21 22 23,2c0abadfd44c893167262313c61bcf9c56e4b9c36708af8f3b5db25631c2f416,7f4ca0cfa4bfccfd13f7b0dc476830a8e4531a0e299930ce2ded76ed68b20c94,91.013824,96.86675,868,success_build,True,True,True,,
364,0 1 4 2 3 5 6 7 8 9 10 11 12 13 14 15 16 17 18 19 20 21 22 23,d26bb2733729d13bc65c8b6a216c13fc67d6cb56a5950aa5388bf002d794e06f,7f4ca0cfa4bfccfd13f7b0dc476830a8e4531a0e299930ce2ded76ed68b20c94,91.013824,96.86675,868,success_build,True,True,True,,
365,0 1 2 3 5 6 4 7 8 9 10 11 12 13 14 15 16 17 18 19 20 21 22 23,c008403cee6f4bbbd022db75b54e6cd694bd9ee859f466a10a7b62ffa17b4535,7f4ca0cfa4bfccfd13f7b0dc476830a8e4531a0e299930ce2ded76ed68b20c94,91.013824,96.86675,868,success_build,True,True,True,,
366,0 1 2 3 5 6 7 4 8 9 10 11 12 13 14 15 16 17 18 19 20 21 22 23,7556e4a68c3b12b937b2634d8b9cdd263da95bec0ab76c512ca623d1781e9da3,7f4ca0cfa4bfccfd13f7b0dc476830a8e4531a0e299930ce2ded76ed68b20c94,91.013824,96.86675,868,success_build,True,True,True,,
367,0 1 2 3 5 6 7 8 4 9 10 11 12 13 14 15 16 17 18 19 20 21 22 23,88dfddc0969a3d8195683d61cd72fbde325b27b98f15bc249273aa268a10bc22,7f4ca0cfa4bfccfd13f7b0dc476830a8e4531a0e299930ce2ded76ed68b20c94,91.013824,96.86675,868,success_build,True,True,True,,
368,0 1 2 3 5 6 7 8 9 4 10 11 12 13 14 15 16 17 18 19 20 21 22 23,40a2d9a55ce553fc15a635fa6ea661579a03074e519c0a87ad048f43360a4c40,7f4ca0cfa4bfccfd13f7b0dc476830a8e4531a0e299930ce2ded76ed68b20c94,91.013824,96.86675,868,success_build,True,True,True,,
369,0 1 2 3 5 6 7 8 9 10 4 11 12 13 14 15 16 17 18 19 20 21 22 23,1dbd85b5fffa17b59d4d142a4573fafb2466e7d311fe4e6c3918d3147ac3f691,7f4ca0cfa4bfccfd13f7b0dc476830a8e4531a0e299930ce2ded76ed68b20c94,91.013824,96.86675,868,success_build,True,True,True,,
370,0 1 2 3 5 6 7 8 9 10 11 4 12 13 14 15 16 17 18 19 20 21 22 23,aa738d0bab9d96ae41659cd635ff5f195e20b8b7d0df0e995f64b6178a43f12e,7f4ca0cfa4bfccfd13f7b0dc476830a8e4531a0e299930ce2ded76ed68b20c94,91.013824,96.86675,868,success_build,True,True,True,,
371,0 1 2 3 5 6 7 8 9 10 11 12 4 13 14 15 16 17 18 19 20 21 22 23,1a0b7b90a92c68f59e9ee4dce70243981757a17f307df2964c0b7e28501936f1,7f4ca0cfa4bfccfd13f7b0dc476830a8e4531a0e299930ce2ded76ed68b20c94,91.013824,96.86675,868,success_build,True,True,True,,
372,0 1 2 3 5 6 7 8 9 10 11 12 13 4 14 15 16 17 18 19 20 21 22 23,22a0f47c46dfe36439711d43e2c5f53518c1b517426d4f790e0bf6c8207180e0,7f4ca0cfa4bfccfd13f7b0dc476830a8e4531a0e299930ce2ded76ed68b20c94,91.013824,96.86675,868,success_build,True,True,True,,
373,0 1 2 3 5 6 7 8 9 10 11 12 13 14 4 15 16 17 18 19 20 21 22 23,04e68a3447d2049136047932ff069bbf7ab395c15927aa785d520ded68bcdefc,7f4ca0cfa4bfccfd13f7b0dc476830a8e4531a0e299930ce2ded76ed68b20c94,91.013824,96.86675,868,success_build,True,True,True,,
374,0 1 2 3 5 6 7 8 9 10 11 12 13 14 15 4 16 17 18 19 20 21 22 23,1da4cae91129a5f45c140fc1d89135860cacf8af2b922a6c079f2a2d7b2edde6,7f4ca0cfa4bfccfd13f7b0dc476830a8e4531a0e299930ce2ded76ed68b20c94,91.013824,96.86675,868,success_build,True,True,True,,
375,0 1 2 3 5 6 7 8 9 10 11 12 13 14 15 16 4 17 18 19 20 21 22 23,6851d90cabd33c7f7afae63e7bba14cfdc6140a6a6341b2cf71365ace40f2d69,7f4ca0cfa4bfccfd13f7b0dc476830a8e4531a0e299930ce2ded76ed68b20c94,91.013824,96.86675,868,success_build,True,True,True,,
376,0 1 2 3 5 6 7 8 9 10 11 12 13 14 15 16 17 4 18 19 20 21 22 23,6e3f3709dbc70f97683cb5a5d8e7fbae3be6c8267df287c4555d3a8e8c7cfdd1,7f4ca0cfa4bfccfd13f7b0dc476830a8e4531a0e299930ce2ded76ed68b20c94,91.013824,96.86675,868,success_build,True,True,True,,
377,0 1 2 3 5 6 7 8 9 10 11 12 13 14 15 16 17 18 4 19 20 21 22 23,bff7bbb363c732493dfdbb0f5b26709153dd543e608622e93881045cf861df68,7f4ca0cfa4bfccfd13f7b0dc476830a8e4531a0e299930ce2ded76ed68b20c94,91.013824,96.86675,868,success_build,True,True,True,,
378,0 1 2 3 5 6 7 8 9 10 11 12 13 14 15 16 17 18 19 4 20 21 22 23,f03662e83438dfc4a0b7802b2abd4073e615947d3eccc601c763c276d4560fbd,7f4ca0cfa4bfccfd13f7b0dc476830a8e4531a0e299930ce2ded76ed68b20c94,91.013824,96.86675,868,success_build,True,True,True,,
379,0 1 2 3 5 6 7 8 9 10 11 12 13 14 15 16 17 18 19 20 4 21 22 23,21bba5ad7a821e956dcb10e0b8a9514f9e8641992bea2bace9526e6f5c945571,7f4ca0cfa4bfccfd13f7b0dc476830a8e4531a0e299930ce2ded76ed68b20c94,91.013824,96.86675,868,success_build,True,True,True,,
380,0 1 2 3 5 6 7 8 9 10 11 12 13 14 15 16 17 18 19 20 21 4 22 23,34e6b6fedfe45775ad44a9a55f8964717280287aaef166b001a31987f21c8526,7f4ca0cfa4bfccfd13f7b0dc476830a8e4531a0e299930ce2ded76ed68b20c94,91.013824,96.86675,868,success_build,True,True,True,,
381,0 1 2 3 5 6 7 8 9 10 11 12 13 14 15 16 17 18 19 20 21 22 4 23,8e8481f627fa60d06cb58db54d9fc9edfbbb2be096f33be070f3edd714691de1,7f4ca0cfa4bfccfd13f7b0dc476830a8e4531a0e299930ce2ded76ed68b20c94,91.013824,96.86675,868,success_build,True,True,True,,
382,0 1 2 3 5 6 7 8 9 10 11 12 13 14 15 16 17 18 19 20 21 22 23 4,3503a59a4121ae98ccaa67dd1e35fa365408a963fcd07454ffd7851ee33d564b,7f4ca0cfa4bfccfd13f7b0dc476830a8e4531a0e299930ce2ded76ed68b20c94,91.013824,96.86675,868,success_build,True,True,True,,
383,5 0 1 2 3 4 6 7 8 9 10 11 12 13 14 15 16 17 18 19 20 21 22 23,e37ab0151a500e0d087305f7e774f24fc65edb1017dd4c48a617897b8452e33a,43709abe471c17ae2dab40eb3f14daff6b25deec734fa37300fbc693dce8017a,90.78341,96.83441,868,success_build,True,True,False,unit fuzzy loss,
384,0 5 1 2 3 4 6 7 8 9 10 11 12 13 14 15 16 17 18 19 20 21 22 23,2107dcf15442fed51291da06d59f256f637daf7efac300ecbad05df6a800cda6,4a641e4be0e8adcc5d813eb1b506c1c87832baa00dd8326caf3d6aee30cb397b,90.73733,96.82794,868,success_build,True,True,False,unit fuzzy loss,
385,0 1 5 2 3 4 6 7 8 9 10 11 12 13 14 15 16 17 18 19 20 21 22 23,e60f1d0728f2231cf5ac8af4a046a543af9e10b85d6930d975e1a893e40ac549,7f4ca0cfa4bfccfd13f7b0dc476830a8e4531a0e299930ce2ded76ed68b20c94,91.013824,96.86675,868,success_build,True,True,True,,
386,0 1 2 5 3 4 6 7 8 9 10 11 12 13 14 15 16 17 18 19 20 21 22 23,10a811bde50568acb340118c82004145d712bfb3f5281a4742d13848c4718460,7f4ca0cfa4bfccfd13f7b0dc476830a8e4531a0e299930ce2ded76ed68b20c94,91.013824,96.86675,868,success_build,True,True,True,,
387,0 1 2 3 4 6 7 5 8 9 10 11 12 13 14 15 16 17 18 19 20 21 22 23,442838f69f9848709c5b7d285335f5875c164003338d3fe713ff06c8746c87cb,7f4ca0cfa4bfccfd13f7b0dc476830a8e4531a0e299930ce2ded76ed68b20c94,91.013824,96.86675,868,success_build,True,True,True,,
388,0 1 2 3 4 6 7 8 5 9 10 11 12 13 14 15 16 17 18 19 20 21 22 23,7a23e7097cdae72d6aeb75300df5a02d5ea76ac7a29a2bcc22a9ddf0bcba1301,7f4ca0cfa4bfccfd13f7b0dc476830a8e4531a0e299930ce2ded76ed68b20c94,91.013824,96.86675,868,success_build,True,True,True,,
389,0 1 2 3 4 6 7 8 9 5 10 11 12 13 14 15 16 17 18 19 20 21 22 23,dcb8621dedadb928fc3aa3ff86dbcf49695b705590da5c880b0a2932092404f4,58249fae8b4a9718ecfda2a86640a9dcb0b5a8f9b8c0ae65e8264b6371f76cb3,91.013824,96.86675,868,success_build,True,True,True,,
390,0 1 2 3 4 6 7 8 9 10 5 11 12 13 14 15 16 17 18 19 20 21 22 23,e7ae8e499695c472c43a7d76bcf008be64884efffb314bf254b03c9b6d1364ae,aa0892d4bbfa3788192b3876e132f9f5dae34313904c097dc2e515c477a221a0,90.96774,96.86028,868,success_build,True,True,False,unit fuzzy loss,
391,0 1 2 3 4 6 7 8 9 10 11 5 12 13 14 15 16 17 18 19 20 21 22 23,b10d96d1b07f86376f385c400e67744a8c3dffdc9d7b82373c5d391f608973fe,e295b54c39fdcd6268396d8e20e771c3684adb4dc7d60d1af45949ed939069c4,90.76037,96.83118,868,success_build,True,True,False,unit fuzzy loss,
392,0 1 2 3 4 6 7 8 9 10 11 12 5 13 14 15 16 17 18 19 20 21 22 23,737fd5c80d618b52d3e88102f74e2958b924d48d9124690164721d09da76dcca,f746053ac27b33ecd3f5aa939239760d7cd36b80dbae8cabb2d228045cd57cb2,90.622116,96.811775,868,success_build,True,True,False,unit fuzzy loss,
393,0 1 2 3 4 6 7 8 9 10 11 12 13 5 14 15 16 17 18 19 20 21 22 23,e1f3d2123633122031b7dcaccd221e68fd7ae1e2e13f8d9a947d62d8d444eb66,cc3c915418066dc50b4b2fd5ed16b3318615abbb75b992e70f32c0a0b2d16d00,90.48387,96.792366,868,success_build,True,True,False,unit fuzzy loss,
394,0 1 2 3 4 6 7 8 9 10 11 12 13 14 5 15 16 17 18 19 20 21 22 23,006a8126f084921aa38fe80c7199a42dacd0bd9ae2488066fd13f87243bc041d,1dcfdc048ec70e00e07056c710a0f712a6c92fa7b3a139e52e348d5b45803ba6,90.36866,96.7762,868,success_build,True,True,False,unit fuzzy loss,
395,0 1 2 3 4 6 7 8 9 10 11 12 13 14 15 5 16 17 18 19 20 21 22 23,2a6554f875d4af62bcd16c791c8bb1282887e8d385370e08d7202730d582323d,a0234e5da7f56a6c4d974ff9d5476e68e4120872a4d7cbb4347470fc723c89a8,90.29954,96.766495,868,success_build,True,True,False,unit fuzzy loss,
396,0 1 2 3 4 6 7 8 9 10 11 12 13 14 15 16 5 17 18 19 20 21 22 23,5a1ada9acebbf9745b4373955f0d0c186934da1bf010141ce62b861c7f16ee23,76499407ef55857590b3eddc4dd5cd62c96dd443ef58c434bc100ec2fada9fca,90.253456,96.760025,868,success_build,True,True,False,unit fuzzy loss,
397,0 1 2 3 4 6 7 8 9 10 11 12 13 14 15 16 17 5 18 19 20 21 22 23,bb56e9416c5b3e0d63f0c5e42341ad92c198b1e547b59b62342c9765d4438fcd,d621d38f4a562e74414deca7b79bdb570424b5c6ecc4de6db67e11613a62e334,90.29954,96.766495,868,success_build,True,True,False,unit fuzzy loss,
398,0 1 2 3 4 6 7 8 9 10 11 12 13 14 15 16 17 18 5 19 20 21 22 23,4781d5cb03fff7e58718c653f1c70d056af2589bd8fa4a6a461e8f36f12e72e1,21d4b4c2f0e45cd7d4933c195118e7197459adbe2da44b0651bef259c4c1d29e,90.253456,96.760025,868,success_build,True,True,False,unit fuzzy loss,
399,0 1 2 3 4 6 7 8 9 10 11 12 13 14 15 16 17 18 19 5 20 21 22 23,1fd9c10a9e976d5fb031971a806c6c8764aca9d514fc3c16b34353a4e7ff8f71,ce881b3f4a8c7544cc967fd631f72a021108b60dd3e47ac542faa51d47d1b957,90.29954,96.766495,868,success_build,True,True,False,unit fuzzy loss,
400,0 1 2 3 4 6 7 8 9 10 11 12 13 14 15 16 17 18 19 20 5 21 22 23,b89b0d7907fd772dad797354eca90cbf4996b9e8d3d2f561160c0a8b701ba57b,ce881b3f4a8c7544cc967fd631f72a021108b60dd3e47ac542faa51d47d1b957,90.29954,96.766495,868,success_build,True,True,False,unit fuzzy loss,
401,0 1 2 3 4 6 7 8 9 10 11 12 13 14 15 16 17 18 19 20 21 5 22 23,73d08c8c34d8d79b4296ef762735aa19da3c6620d8b1c3503e3adc993085f62b,ce881b3f4a8c7544cc967fd631f72a021108b60dd3e47ac542faa51d47d1b957,90.29954,96.766495,868,success_build,True,True,False,unit fuzzy loss,
402,0 1 2 3 4 6 7 8 9 10 11 12 13 14 15 16 17 18 19 20 21 22 5 23,008b0cc8e35e59fee8d358ef8d3c2d75105a473d4e5a8a7896fcd5edfebf143a,ed3d8665691ef5708eb8bf5a8af9d481e3c7aa6d1d0b36d23ecf9dc73db76f7b,90.230415,96.75679,868,success_build,True,True,False,unit fuzzy loss,
403,0 1 2 3 4 6 7 8 9 10 11 12 13 14 15 16 17 18 19 20 21 22 23 5,1a5e2c6440a1540203223155fea62480caf9f44290fb937578e18a39531ef7ad,dd0fc03f1575e9e7107b318bd540e34c131cbe89824de54e7797191d323c389b,89.95392,96.71798,868,success_build,True,True,False,unit fuzzy loss,
404,6 0 1 2 3 4 5 7 8 9 10 11 12 13 14 15 16 17 18 19 20 21 22 23,6a79f309840587d379d25f04ac99e976417d588ff9c7edf07b32c2e8f36bbcfb,7f4ca0cfa4bfccfd13f7b0dc476830a8e4531a0e299930ce2ded76ed68b20c94,91.013824,96.86675,868,success_build,True,True,True,,
405,0 6 1 2 3 4 5 7 8 9 10 11 12 13 14 15 16 17 18 19 20 21 22 23,cab2d2108a18556ced25887a02d889de2bb9a30d50f6433e9f97aa293d7d989a,7f4ca0cfa4bfccfd13f7b0dc476830a8e4531a0e299930ce2ded76ed68b20c94,91.013824,96.86675,868,success_build,True,True,True,,
406,0 1 6 2 3 4 5 7 8 9 10 11 12 13 14 15 16 17 18 19 20 21 22 23,319972f0d757dda89bfbe53281098ebebea4f4706f46d76080d7f5a693cfea65,7f4ca0cfa4bfccfd13f7b0dc476830a8e4531a0e299930ce2ded76ed68b20c94,91.013824,96.86675,868,success_build,True,True,True,,
407,0 1 2 6 3 4 5 7 8 9 10 11 12 13 14 15 16 17 18 19 20 21 22 23,23de43313d5a991ad4b659bb07609233866c3af2d70dfa3f1987c2de2684961d,7f4ca0cfa4bfccfd13f7b0dc476830a8e4531a0e299930ce2ded76ed68b20c94,91.013824,96.86675,868,success_build,True,True,True,,
408,0 1 2 3 6 4 5 7 8 9 10 11 12 13 14 15 16 17 18 19 20 21 22 23,215e74b58863f35565255e83f7d5a0720649bebe4b4aeeab5dad583be1af1eb4,7f4ca0cfa4bfccfd13f7b0dc476830a8e4531a0e299930ce2ded76ed68b20c94,91.013824,96.86675,868,success_build,True,True,True,,
409,0 1 2 3 4 5 7 8 6 9 10 11 12 13 14 15 16 17 18 19 20 21 22 23,d0d14e3d1deff8393baa5ce695f5474b790eace8b98ae5e6a6f6d5c93c7a57be,7f4ca0cfa4bfccfd13f7b0dc476830a8e4531a0e299930ce2ded76ed68b20c94,91.013824,96.86675,868,success_build,True,True,True,,
410,0 1 2 3 4 5 7 8 9 6 10 11 12 13 14 15 16 17 18 19 20 21 22 23,e8201ad9d9d1ab1bdea59b6ebb6a300d4459b6677f9000b24f3947ed98cfbb3a,7f4ca0cfa4bfccfd13f7b0dc476830a8e4531a0e299930ce2ded76ed68b20c94,91.013824,96.86675,868,success_build,True,True,True,,
411,0 1 2 3 4 5 7 8 9 10 6 11 12 13 14 15 16 17 18 19 20 21 22 23,24f4580f20ee675b0b1e0b99453f4a0a0b6c85f14b06cfd8ff439383b044201b,7f4ca0cfa4bfccfd13f7b0dc476830a8e4531a0e299930ce2ded76ed68b20c94,91.013824,96.86675,868,success_build,True,True,True,,
412,0 1 2 3 4 5 7 8 9 10 11 6 12 13 14 15 16 17 18 19 20 21 22 23,04924e6251e41ee3e50c274e603ba1bbad63c851bfe227f6fff0c63621f32bb6,7f4ca0cfa4bfccfd13f7b0dc476830a8e4531a0e299930ce2ded76ed68b20c94,91.013824,96.86675,868,success_build,True,True,True,,
413,0 1 2 3 4 5 7 8 9 10 11 12 6 13 14 15 16 17 18 19 20 21 22 23,f38c75e54fd7dcf93da104252a4ed81be1afddb6b1ee4cb4e59d0fd5e4cc5f2e,7f4ca0cfa4bfccfd13f7b0dc476830a8e4531a0e299930ce2ded76ed68b20c94,91.013824,96.86675,868,success_build,True,True,True,,
414,0 1 2 3 4 5 7 8 9 10 11 12 13 6 14 15 16 17 18 19 20 21 22 23,e9263c1b6ed385b68efcd9af75d4c2dc26a58575a850ac97598fef12ea7ba420,7f4ca0cfa4bfccfd13f7b0dc476830a8e4531a0e299930ce2ded76ed68b20c94,91.013824,96.86675,868,success_build,True,True,True,,
415,0 1 2 3 4 5 7 8 9 10 11 12 13 14 6 15 16 17 18 19 20 21 22 23,50559e97ead7bfe0e472a5236b1012108e9bdef5fba628f9c315c3f3be6c2fbc,7f4ca0cfa4bfccfd13f7b0dc476830a8e4531a0e299930ce2ded76ed68b20c94,91.013824,96.86675,868,success_build,True,True,True,,
416,0 1 2 3 4 5 7 8 9 10 11 12 13 14 15 6 16 17 18 19 20 21 22 23,d55c676bd657309fce1b5be644f2da5939d18d481dafe141233802608d0cc541,7f4ca0cfa4bfccfd13f7b0dc476830a8e4531a0e299930ce2ded76ed68b20c94,91.013824,96.86675,868,success_build,True,True,True,,
417,0 1 2 3 4 5 7 8 9 10 11 12 13 14 15 16 6 17 18 19 20 21 22 23,4db807bb9780e830aa0ee2578e918045ec85c3ef3c5160d2a14e0a9af371f905,7f4ca0cfa4bfccfd13f7b0dc476830a8e4531a0e299930ce2ded76ed68b20c94,91.013824,96.86675,868,success_build,True,True,True,,
418,0 1 2 3 4 5 7 8 9 10 11 12 13 14 15 16 17 6 18 19 20 21 22 23,2f78e88e543b1162d2d35d5f64c08e4fc58ed3543270cc048c864ba4f78b3385,7f4ca0cfa4bfccfd13f7b0dc476830a8e4531a0e299930ce2ded76ed68b20c94,91.013824,96.86675,868,success_build,True,True,True,,
419,0 1 2 3 4 5 7 8 9 10 11 12 13 14 15 16 17 18 6 19 20 21 22 23,2d178477d95be6d0e3297b305d2dc7b3327b3c966f334ef32dd51226403dc180,7f4ca0cfa4bfccfd13f7b0dc476830a8e4531a0e299930ce2ded76ed68b20c94,91.013824,96.86675,868,success_build,True,True,True,,
420,0 1 2 3 4 5 7 8 9 10 11 12 13 14 15 16 17 18 19 6 20 21 22 23,4e7548407a13e5c38d26434d6a012fc6825bc0521ca25d41dd72924d559760cf,7f4ca0cfa4bfccfd13f7b0dc476830a8e4531a0e299930ce2ded76ed68b20c94,91.013824,96.86675,868,success_build,True,True,True,,
421,0 1 2 3 4 5 7 8 9 10 11 12 13 14 15 16 17 18 19 20 6 21 22 23,f195dc80a326ecca4d45fa2ef55fed9db42e7bd39defc936cec7ec4ef86987aa,7f4ca0cfa4bfccfd13f7b0dc476830a8e4531a0e299930ce2ded76ed68b20c94,91.013824,96.86675,868,success_build,True,True,True,,
422,0 1 2 3 4 5 7 8 9 10 11 12 13 14 15 16 17 18 19 20 21 6 22 23,c5020be5056cf4b5f6022c5b93433e6e653c23099b6e8f0136877713faf76a5b,7f4ca0cfa4bfccfd13f7b0dc476830a8e4531a0e299930ce2ded76ed68b20c94,91.013824,96.86675,868,success_build,True,True,True,,
423,0 1 2 3 4 5 7 8 9 10 11 12 13 14 15 16 17 18 19 20 21 22 6 23,fffefa0da55206b0b0f10fcd0d62753c9aacd5c1d38fd103c10d1caddd2d2618,7f4ca0cfa4bfccfd13f7b0dc476830a8e4531a0e299930ce2ded76ed68b20c94,91.013824,96.86675,868,success_build,True,True,True,,
424,0 1 2 3 4 5 7 8 9 10 11 12 13 14 15 16 17 18 19 20 21 22 23 6,e17ee62d6070263708b7da2aa14bdf5438b35d7cd03e37911e41c1785fe45ce2,7f4ca0cfa4bfccfd13f7b0dc476830a8e4531a0e299930ce2ded76ed68b20c94,91.013824,96.86675,868,success_build,True,True,True,,
425,7 0 1 2 3 4 5 6 8 9 10 11 12 13 14 15 16 17 18 19 20 21 22 23,36f6733841dc92cbf7e485d3b54e3817daaf41fc38e9c43bf67aca9ce67e40f5,7f4ca0cfa4bfccfd13f7b0dc476830a8e4531a0e299930ce2ded76ed68b20c94,91.013824,96.86675,868,success_build,True,True,True,,
426,0 7 1 2 3 4 5 6 8 9 10 11 12 13 14 15 16 17 18 19 20 21 22 23,396d977c0de784796defb4ca343ddde72b6b3987f5ae6b97a9ebed778b65f9f2,7f4ca0cfa4bfccfd13f7b0dc476830a8e4531a0e299930ce2ded76ed68b20c94,91.013824,96.86675,868,success_build,True,True,True,,
427,0 1 7 2 3 4 5 6 8 9 10 11 12 13 14 15 16 17 18 19 20 21 22 23,79fa18214ca074ed1bbf35dc8351717ce53bd5a4b052f11ed144b335a5d5406d,7f4ca0cfa4bfccfd13f7b0dc476830a8e4531a0e299930ce2ded76ed68b20c94,91.013824,96.86675,868,success_build,True,True,True,,
428,0 1 2 7 3 4 5 6 8 9 10 11 12 13 14 15 16 17 18 19 20 21 22 23,8ffcaaa46a4caded87b12fa05d9e32a7ccf4e543a0114e85e98a186baf010113,7f4ca0cfa4bfccfd13f7b0dc476830a8e4531a0e299930ce2ded76ed68b20c94,91.013824,96.86675,868,success_build,True,True,True,,
429,0 1 2 3 7 4 5 6 8 9 10 11 12 13 14 15 16 17 18 19 20 21 22 23,79d6aa8e21be4496585c27457c4385c34ed75cba215900c61740e6f1ee2bcefb,7f4ca0cfa4bfccfd13f7b0dc476830a8e4531a0e299930ce2ded76ed68b20c94,91.013824,96.86675,868,success_build,True,True,True,,
430,0 1 2 3 4 7 5 6 8 9 10 11 12 13 14 15 16 17 18 19 20 21 22 23,760b49dfc3c05099ea6cf7f2ceb1fd2beda63da0ee1b26139aad5354780c704d,7f4ca0cfa4bfccfd13f7b0dc476830a8e4531a0e299930ce2ded76ed68b20c94,91.013824,96.86675,868,success_build,True,True,True,,
431,0 1 2 3 4 5 6 8 9 7 10 11 12 13 14 15 16 17 18 19 20 21 22 23,45fbdd8bc102feb34c22d34a45af39d17f692df13eeaad001b74534aa831c596,7f4ca0cfa4bfccfd13f7b0dc476830a8e4531a0e299930ce2ded76ed68b20c94,91.013824,96.86675,868,success_build,True,True,True,,
432,0 1 2 3 4 5 6 8 9 10 7 11 12 13 14 15 16 17 18 19 20 21 22 23,1a01f245e5d74939094819d30c001e2e4de7ae08db462c51d10d5160d43d445f,7f4ca0cfa4bfccfd13f7b0dc476830a8e4531a0e299930ce2ded76ed68b20c94,91.013824,96.86675,868,success_build,True,True,True,,
433,0 1 2 3 4 5 6 8 9 10 11 7 12 13 14 15 16 17 18 19 20 21 22 23,73ee76a99c37bc556550836520c7d870a8f1b53652090bb23742d2e2c788b19c,7f4ca0cfa4bfccfd13f7b0dc476830a8e4531a0e299930ce2ded76ed68b20c94,91.013824,96.86675,868,success_build,True,True,True,,
434,0 1 2 3 4 5 6 8 9 10 11 12 7 13 14 15 16 17 18 19 20 21 22 23,af1a2768f62fac059785c0a93615e73070109c7137295f1b60940a80ab86537d,7f4ca0cfa4bfccfd13f7b0dc476830a8e4531a0e299930ce2ded76ed68b20c94,91.013824,96.86675,868,success_build,True,True,True,,
435,0 1 2 3 4 5 6 8 9 10 11 12 13 7 14 15 16 17 18 19 20 21 22 23,b7624135de60e6139e183e8df2a92e7ffa4e9af74718a02471a04b9973286690,7f4ca0cfa4bfccfd13f7b0dc476830a8e4531a0e299930ce2ded76ed68b20c94,91.013824,96.86675,868,success_build,True,True,True,,
436,0 1 2 3 4 5 6 8 9 10 11 12 13 14 7 15 16 17 18 19 20 21 22 23,2bf8db4eac6bec1247edd477475e07f9d4a01a0171afabb24111f17500bf75e5,7f4ca0cfa4bfccfd13f7b0dc476830a8e4531a0e299930ce2ded76ed68b20c94,91.013824,96.86675,868,success_build,True,True,True,,
437,0 1 2 3 4 5 6 8 9 10 11 12 13 14 15 7 16 17 18 19 20 21 22 23,d437929f954267dad7c613d2e0299b92ab2df359293b32adb511a7d0ccf5ef67,7f4ca0cfa4bfccfd13f7b0dc476830a8e4531a0e299930ce2ded76ed68b20c94,91.013824,96.86675,868,success_build,True,True,True,,
438,0 1 2 3 4 5 6 8 9 10 11 12 13 14 15 16 7 17 18 19 20 21 22 23,e1e4aa5736b97305182545381a679e006ed3f5f5c8cd712a47a818609b23f4e1,7f4ca0cfa4bfccfd13f7b0dc476830a8e4531a0e299930ce2ded76ed68b20c94,91.013824,96.86675,868,success_build,True,True,True,,
439,0 1 2 3 4 5 6 8 9 10 11 12 13 14 15 16 17 7 18 19 20 21 22 23,e6b1cec5687e60c5650b3f0e90f27c744b21acc3bd095c98b63bbeb085df1911,7f4ca0cfa4bfccfd13f7b0dc476830a8e4531a0e299930ce2ded76ed68b20c94,91.013824,96.86675,868,success_build,True,True,True,,
440,0 1 2 3 4 5 6 8 9 10 11 12 13 14 15 16 17 18 7 19 20 21 22 23,5a58473f910508bbc2959c92b2e2cdb55a42d3e2f3da224dca9a3e5f7d25f8b2,7f4ca0cfa4bfccfd13f7b0dc476830a8e4531a0e299930ce2ded76ed68b20c94,91.013824,96.86675,868,success_build,True,True,True,,
441,0 1 2 3 4 5 6 8 9 10 11 12 13 14 15 16 17 18 19 7 20 21 22 23,97aa743e87f262305dfde6ac14ed974b76c3d478a667089699ed0a4876ce6f58,7f4ca0cfa4bfccfd13f7b0dc476830a8e4531a0e299930ce2ded76ed68b20c94,91.013824,96.86675,868,success_build,True,True,True,,
442,0 1 2 3 4 5 6 8 9 10 11 12 13 14 15 16 17 18 19 20 7 21 22 23,13b977e34f74126204588e0625c4e0255847227e34c4c2c82e8d3278525d8808,7f4ca0cfa4bfccfd13f7b0dc476830a8e4531a0e299930ce2ded76ed68b20c94,91.013824,96.86675,868,success_build,True,True,True,,
443,0 1 2 3 4 5 6 8 9 10 11 12 13 14 15 16 17 18 19 20 21 7 22 23,2c4ffcb794d6e3405a49adae1b13f848d6d5f8c9cbfc5e55fb41f8a203718094,7f4ca0cfa4bfccfd13f7b0dc476830a8e4531a0e299930ce2ded76ed68b20c94,91.013824,96.86675,868,success_build,True,True,True,,
444,0 1 2 3 4 5 6 8 9 10 11 12 13 14 15 16 17 18 19 20 21 22 7 23,c822284b30a7f7e3eec778a32992036a57a2e18f2f8e024807ada069128e6752,7f4ca0cfa4bfccfd13f7b0dc476830a8e4531a0e299930ce2ded76ed68b20c94,91.013824,96.86675,868,success_build,True,True,True,,
445,0 1 2 3 4 5 6 8 9 10 11 12 13 14 15 16 17 18 19 20 21 22 23 7,6c9c47d846bab4a2912ff8340ab0ec6f0de50042b1d58b1f8a1baaee58c9ecaa,7f4ca0cfa4bfccfd13f7b0dc476830a8e4531a0e299930ce2ded76ed68b20c94,91.013824,96.86675,868,success_build,True,True,True,,
446,8 0 1 2 3 4 5 6 7 9 10 11 12 13 14 15 16 17 18 19 20 21 22 23,532c4147a266066f953ef3b284f2b4a59b84b937f6272bb8f0b075e3fa5c078d,7f4ca0cfa4bfccfd13f7b0dc476830a8e4531a0e299930ce2ded76ed68b20c94,91.013824,96.86675,868,success_build,True,True,True,,
447,0 8 1 2 3 4 5 6 7 9 10 11 12 13 14 15 16 17 18 19 20 21 22 23,ff2dd3e66b2c2aa163b7473377424acf7f5ba155e1549882f65926dd07400054,7f4ca0cfa4bfccfd13f7b0dc476830a8e4531a0e299930ce2ded76ed68b20c94,91.013824,96.86675,868,success_build,True,True,True,,
448,0 1 8 2 3 4 5 6 7 9 10 11 12 13 14 15 16 17 18 19 20 21 22 23,66a4d3c0aef47765614993e5bcba798866e86dba0eefbc8dfefea611fb1f5edd,7f4ca0cfa4bfccfd13f7b0dc476830a8e4531a0e299930ce2ded76ed68b20c94,91.013824,96.86675,868,success_build,True,True,True,,
449,0 1 2 8 3 4 5 6 7 9 10 11 12 13 14 15 16 17 18 19 20 21 22 23,2771fd553eaa8521a0b3dab4b1fc49c01e0d3396a5b4d55969b7af2a394891cf,7f4ca0cfa4bfccfd13f7b0dc476830a8e4531a0e299930ce2ded76ed68b20c94,91.013824,96.86675,868,success_build,True,True,True,,
450,0 1 2 3 8 4 5 6 7 9 10 11 12 13 14 15 16 17 18 19 20 21 22 23,8002049836a5e8aeb9db50a44c0d601460ee87b4851f56618f7042ee67f59f60,7f4ca0cfa4bfccfd13f7b0dc476830a8e4531a0e299930ce2ded76ed68b20c94,91.013824,96.86675,868,success_build,True,True,True,,
451,0 1 2 3 4 8 5 6 7 9 10 11 12 13 14 15 16 17 18 19 20 21 22 23,008ad268fc04fc6eaeb5f3b3a4089db227e8e43b181316669d529fa92602ce7c,7f4ca0cfa4bfccfd13f7b0dc476830a8e4531a0e299930ce2ded76ed68b20c94,91.013824,96.86675,868,success_build,True,True,True,,
452,0 1 2 3 4 5 8 6 7 9 10 11 12 13 14 15 16 17 18 19 20 21 22 23,68dfe38d95c4280ee2d3f510ffde73ae7e512b41ac983dd08f5950f6b52e11ef,7f4ca0cfa4bfccfd13f7b0dc476830a8e4531a0e299930ce2ded76ed68b20c94,91.013824,96.86675,868,success_build,True,True,True,,
453,0 1 2 3 4 5 6 7 9 10 8 11 12 13 14 15 16 17 18 19 20 21 22 23,8c4f3db2e5040adeb78e713232cd840f042e1279f7930829d04ed7e638283846,7f4ca0cfa4bfccfd13f7b0dc476830a8e4531a0e299930ce2ded76ed68b20c94,91.013824,96.86675,868,success_build,True,True,True,,
454,0 1 2 3 4 5 6 7 9 10 11 8 12 13 14 15 16 17 18 19 20 21 22 23,c3eafe9bf8da1b470d88502bf6146d7f099e2824413d0fc60d7a40d67f16b44b,7f4ca0cfa4bfccfd13f7b0dc476830a8e4531a0e299930ce2ded76ed68b20c94,91.013824,96.86675,868,success_build,True,True,True,,
455,0 1 2 3 4 5 6 7 9 10 11 12 8 13 14 15 16 17 18 19 20 21 22 23,bb28a4c44fb5353f86a282d97128b7ca9d61eeead1abbca6991e94e1b46e3935,7f4ca0cfa4bfccfd13f7b0dc476830a8e4531a0e299930ce2ded76ed68b20c94,91.013824,96.86675,868,success_build,True,True,True,,
456,0 1 2 3 4 5 6 7 9 10 11 12 13 8 14 15 16 17 18 19 20 21 22 23,a8410f6a398d20c9f5b6844e5f57213c8b552466f5cfcfada28c8f485a7d78e2,7f4ca0cfa4bfccfd13f7b0dc476830a8e4531a0e299930ce2ded76ed68b20c94,91.013824,96.86675,868,success_build,True,True,True,,
457,0 1 2 3 4 5 6 7 9 10 11 12 13 14 8 15 16 17 18 19 20 21 22 23,337979e9c07ef33d3c9fe53f2f687454aeee6b146b55aac4a9b8c7866efc76e5,7f4ca0cfa4bfccfd13f7b0dc476830a8e4531a0e299930ce2ded76ed68b20c94,91.013824,96.86675,868,success_build,True,True,True,,
458,0 1 2 3 4 5 6 7 9 10 11 12 13 14 15 8 16 17 18 19 20 21 22 23,a5a2d04ad50a02c292caeacae5d8417e21656c3af22960c684971c045370e367,7f4ca0cfa4bfccfd13f7b0dc476830a8e4531a0e299930ce2ded76ed68b20c94,91.013824,96.86675,868,success_build,True,True,True,,
459,0 1 2 3 4 5 6 7 9 10 11 12 13 14 15 16 8 17 18 19 20 21 22 23,e6349c163c5642c722a18638050515eb90bddb5f2f6eef588d708742b2d951e0,7f4ca0cfa4bfccfd13f7b0dc476830a8e4531a0e299930ce2ded76ed68b20c94,91.013824,96.86675,868,success_build,True,True,True,,
460,0 1 2 3 4 5 6 7 9 10 11 12 13 14 15 16 17 8 18 19 20 21 22 23,5eaba39f5db6b872a0896ad0ec856c2b6d3e0c57bff6088b25abe4404c7ce7e6,7f4ca0cfa4bfccfd13f7b0dc476830a8e4531a0e299930ce2ded76ed68b20c94,91.013824,96.86675,868,success_build,True,True,True,,
461,0 1 2 3 4 5 6 7 9 10 11 12 13 14 15 16 17 18 8 19 20 21 22 23,28a663ed34c1f5b9e7d99d47929592ab2e08c0863d465b9584b2aac5e3394259,7f4ca0cfa4bfccfd13f7b0dc476830a8e4531a0e299930ce2ded76ed68b20c94,91.013824,96.86675,868,success_build,True,True,True,,
462,0 1 2 3 4 5 6 7 9 10 11 12 13 14 15 16 17 18 19 8 20 21 22 23,51540e383a35908f6d98a9c9a22bc8eefcf359a26987c9117839a633e3a558d8,7f4ca0cfa4bfccfd13f7b0dc476830a8e4531a0e299930ce2ded76ed68b20c94,91.013824,96.86675,868,success_build,True,True,True,,
463,0 1 2 3 4 5 6 7 9 10 11 12 13 14 15 16 17 18 19 20 8 21 22 23,6d1438d272220c7ca4af4f8d6a4c2bc4d9a50e4142fdf3aec6696a9d7aa6ac2a,7f4ca0cfa4bfccfd13f7b0dc476830a8e4531a0e299930ce2ded76ed68b20c94,91.013824,96.86675,868,success_build,True,True,True,,
464,0 1 2 3 4 5 6 7 9 10 11 12 13 14 15 16 17 18 19 20 21 8 22 23,a7a3d51251c27bad063f404a245267a8403a6cc237663c7558423feedca61092,7f4ca0cfa4bfccfd13f7b0dc476830a8e4531a0e299930ce2ded76ed68b20c94,91.013824,96.86675,868,success_build,True,True,True,,
465,0 1 2 3 4 5 6 7 9 10 11 12 13 14 15 16 17 18 19 20 21 22 8 23,33a5c6515751f2d100069df8614bc87e48a88a722854a0321b0f1e1a9550c45e,7f4ca0cfa4bfccfd13f7b0dc476830a8e4531a0e299930ce2ded76ed68b20c94,91.013824,96.86675,868,success_build,True,True,True,,
466,0 1 2 3 4 5 6 7 9 10 11 12 13 14 15 16 17 18 19 20 21 22 23 8,66c5139714951e1a8666ab5b1c1c3dc7c6854cbc94ae0c3fb3febd4fe491b4e1,7f4ca0cfa4bfccfd13f7b0dc476830a8e4531a0e299930ce2ded76ed68b20c94,91.013824,96.86675,868,success_build,True,True,True,,
467,9 0 1 2 3 4 5 6 7 8 10 11 12 13 14 15 16 17 18 19 20 21 22 23,a016165159026e8572012825c17179c02cfc2dcf4854b8260e01c1b31fbbc119,648971e70be7d0ffdabd720ce5c715723923b78a34540ae8586342ff5b73b2d3,90.78341,96.83441,868,success_build,True,True,False,unit fuzzy loss,
468,0 9 1 2 3 4 5 6 7 8 10 11 12 13 14 15 16 17 18 19 20 21 22 23,1b7af2f119347da20e046fa4feabe97d9a9eef5e612166136be45487867d2e85,7b9582b3a30b91adb1a25558b5020980b987c10a68d804d5c06ae66ae97394f4,90.89862,96.850586,868,success_build,True,True,False,unit fuzzy loss,
469,0 1 9 2 3 4 5 6 7 8 10 11 12 13 14 15 16 17 18 19 20 21 22 23,af068b0b8e0a3969b28a25485442ef2d0274a499906333fbcb0d8ba8c95d006a,58249fae8b4a9718ecfda2a86640a9dcb0b5a8f9b8c0ae65e8264b6371f76cb3,91.013824,96.86675,868,success_build,True,True,True,,
470,0 1 2 9 3 4 5 6 7 8 10 11 12 13 14 15 16 17 18 19 20 21 22 23,7258e6bcdd7ba4fed71fd0d3266164e8716f099558db0cd4e7ea0993c8882955,58249fae8b4a9718ecfda2a86640a9dcb0b5a8f9b8c0ae65e8264b6371f76cb3,91.013824,96.86675,868,success_build,True,True,True,,
471,0 1 2 3 9 4 5 6 7 8 10 11 12 13 14 15 16 17 18 19 20 21 22 23,2a9fc0b0b6fa3351bdb2ef55a07a4476dd455adb00cb328109c5ea34d2bed1db,58249fae8b4a9718ecfda2a86640a9dcb0b5a8f9b8c0ae65e8264b6371f76cb3,91.013824,96.86675,868,success_build,True,True,True,,
472,0 1 2 3 4 9 5 6 7 8 10 11 12 13 14 15 16 17 18 19 20 21 22 23,e67775155a87b1f1b4f8075000d2286ea2ce2562e26bb91104a1775a97221189,58249fae8b4a9718ecfda2a86640a9dcb0b5a8f9b8c0ae65e8264b6371f76cb3,91.013824,96.86675,868,success_build,True,True,True,,
473,0 1 2 3 4 5 9 6 7 8 10 11 12 13 14 15 16 17 18 19 20 21 22 23,47effd2989f55fd9a717752ec18caf04e8486e16a7a0d50693b1794f7b40c6f4,7f4ca0cfa4bfccfd13f7b0dc476830a8e4531a0e299930ce2ded76ed68b20c94,91.013824,96.86675,868,success_build,True,True,True,,
474,0 1 2 3 4 5 6 9 7 8 10 11 12 13 14 15 16 17 18 19 20 21 22 23,f4c41a00e7fbd0fecc33828b14a43101d5ee4ffc1c027b3b3fedeed89963e315,7f4ca0cfa4bfccfd13f7b0dc476830a8e4531a0e299930ce2ded76ed68b20c94,91.013824,96.86675,868,success_build,True,True,True,,
475,0 1 2 3 4 5 6 7 8 10 11 9 12 13 14 15 16 17 18 19 20 21 22 23,63bb97bdf526a257a98334781d140565c677f38416a3ae1bc42e2333a8518aa5,6c40ee045d67f08dac6be06f21064c0652949626708b5127e657ae73318824a3,90.76037,96.83118,868,success_build,True,True,False,unit fuzzy loss,
476,0 1 2 3 4 5 6 7 8 10 11 12 9 13 14 15 16 17 18 19 20 21 22 23,b2938e334ac61fdf848d8c049d6e8fb65e3914bc380d415a006f09546f7bf8aa,ddc4fa6031f395c3c4b914113e37175b817ffd1a314ebc2c7458267832c894ed,90.622116,96.811775,868,success_build,True,True,False,unit fuzzy loss,
477,0 1 2 3 4 5 6 7 8 10 11 12 13 9 14 15 16 17 18 19 20 21 22 23,e76088c6f5931e0fca61d800b916458f344127c4092e15a5d31d9256759b907a,7b9a671c66108a15494497be1aa9750b48ad095a781573fdbbb0d418eaf356c5,90.48387,96.792366,868,success_build,True,True,False,unit fuzzy loss,
478,0 1 2 3 4 5 6 7 8 10 11 12 13 14 9 15 16 17 18 19 20 21 22 23,e6594ff42b51ca6d208f311567978d963554da63eb088ba34664458b0d7567aa,7b3fd4ffb90cbe57e655f0eba6d4a41bfa9fc770212c23e89ced13367558354a,90.36866,96.7762,868,success_build,True,True,False,unit fuzzy loss,
479,0 1 2 3 4 5 6 7 8 10 11 12 13 14 15 9 16 17 18 19 20 21 22 23,7430a806e8b27bb9c88551c17264ac0d12210dc4c5b1e498ff31f79f71b5ccd1,b96614ec5dfd022ca9101b1f6cfae61fc4438a73fd98ccb6ac35013ca3822b3f,90.29954,96.766495,868,success_build,True,True,False,unit fuzzy loss,
480,0 1 2 3 4 5 6 7 8 10 11 12 13 14 15 16 9 17 18 19 20 21 22 23,7b6a48bf488745faa87b6d08e4716f26235319686f87f8330c2346eb4689074b,2b99df4a1bfa923fc6743f2d9b2b1dbc6f109644dbf7827e0f6cabe9dd75b7fb,90.253456,96.760025,868,success_build,True,True,False,unit fuzzy loss,
481,0 1 2 3 4 5 6 7 8 10 11 12 13 14 15 16 17 9 18 19 20 21 22 23,28072e4e5e817ffdc08e355566128f1495d74e1b4e5a36e360cb96165ce6d90a,a16aa091e29633a0da075a95a3ab4a9caf03b1b1d37b7b0a92ed6ee601fca8d8,90.253456,96.760025,868,success_build,True,True,False,unit fuzzy loss,
482,0 1 2 3 4 5 6 7 8 10 11 12 13 14 15 16 17 18 9 19 20 21 22 23,e264b73d6c27a8735916da2b9279df5fa9ffb298927a3b1d9c4f960efe33db79,2dbedd82c235f6897311b242c8d52f5360a23e0c860d9a74b1210bde2d01a81d,90.253456,96.760025,868,success_build,True,True,False,unit fuzzy loss,
483,0 1 2 3 4 5 6 7 8 10 11 12 13 14 15 16 17 18 19 9 20 21 22 23,81ff412a67da6c9fb1c16ff94f8361e59c9cf10e96d8ab0a286de8f67dbad476,6b7f63ce6b799c95e8fdf2d3b06599851c8adac71108118e624d50f85d74956b,90.29954,96.766495,868,success_build,True,True,False,unit fuzzy loss,
484,0 1 2 3 4 5 6 7 8 10 11 12 13 14 15 16 17 18 19 20 9 21 22 23,19ed962108c0b4de6bb8121617beb427008bce5160533377660c66d39f320ff8,6b7f63ce6b799c95e8fdf2d3b06599851c8adac71108118e624d50f85d74956b,90.29954,96.766495,868,success_build,True,True,False,unit fuzzy loss,
485,0 1 2 3 4 5 6 7 8 10 11 12 13 14 15 16 17 18 19 20 21 9 22 23,3fa724dee1e7f68427e43b4801847fac9472e35324fe7e99302775e982a642dc,6b7f63ce6b799c95e8fdf2d3b06599851c8adac71108118e624d50f85d74956b,90.29954,96.766495,868,success_build,True,True,False,unit fuzzy loss,
486,0 1 2 3 4 5 6 7 8 10 11 12 13 14 15 16 17 18 19 20 21 22 9 23,d16d6eb1a3afdd17aaa1a926b3755bb30bbfffd20e70d7812a96dd1852d63a58,2f8021e132c137743e32cf7b92616ecb94a91c805780248c60225509fdae7e1a,90.230415,96.75679,868,success_build,True,True,False,unit fuzzy loss,
487,0 1 2 3 4 5 6 7 8 10 11 12 13 14 15 16 17 18 19 20 21 22 23 9,45b05193535dffaf1a3ea4b7cf87771283227db725d17857b8789350a25e84e6,6b66ee5ebb3fa1a6771574b477dd2535a36b45f825f8b13883750fe2a4d4c8f8,89.95392,96.71798,868,success_build,True,True,False,unit fuzzy loss,
488,10 0 1 2 3 4 5 6 7 8 9 11 12 13 14 15 16 17 18 19 20 21 22 23,894e5ca0d909d2cd81ae07a103b96db7f9eac042d28c71ea5f3149e115a38c24,cf9709e40a4cf3c087aa1a17cd92e3a029f594c7bc3747eda339e70a174aad0d,90.52995,96.798836,868,success_build,True,True,False,unit fuzzy loss,
489,0 10 1 2 3 4 5 6 7 8 9 11 12 13 14 15 16 17 18 19 20 21 22 23,4e00f1b3b0a1bd58ed5b257ad3b34e4eff598025a60d9457b179e952c7e084d8,0b732f00c231eb54600ff319bccb05f18b8630fd7c260b7cb6a406d3467d4b6c,90.691246,96.82147,868,success_build,True,True,False,unit fuzzy loss,
490,0 1 10 2 3 4 5 6 7 8 9 11 12 13 14 15 16 17 18 19 20 21 22 23,85bfb80f8191ca906a9109a277ecb870e9f51cd09cc6e57228390d9d4a542b16,2772ab253c221a36748f39a502587e4b75d6a927c2e301eaea3f6f127a08c33c,90.96774,96.86028,868,success_build,True,True,False,unit fuzzy loss,
491,0 1 2 10 3 4 5 6 7 8 9 11 12 13 14 15 16 17 18 19 20 21 22 23,e10ce5ff6b7718306a9ac7e998d0c5d03975a2d41bc65c7949a77255ecb6bccb,2772ab253c221a36748f39a502587e4b75d6a927c2e301eaea3f6f127a08c33c,90.96774,96.86028,868,success_build,True,True,False,unit fuzzy loss,
492,0 1 2 3 10 4 5 6 7 8 9 11 12 13 14 15 16 17 18 19 20 21 22 23,9f0c887528ddb14c9e48368e3aa61a1c539b756c4a26c83a1b4dce15cf028092,2772ab253c221a36748f39a502587e4b75d6a927c2e301eaea3f6f127a08c33c,90.96774,96.86028,868,success_build,True,True,False,unit fuzzy loss,
493,0 1 2 3 4 10 5 6 7 8 9 11 12 13 14 15 16 17 18 19 20 21 22 23,6affd8061f9d532817a8382a57c1cb74174b3b21885418b5e629b5ad16fab115,2772ab253c221a36748f39a502587e4b75d6a927c2e301eaea3f6f127a08c33c,90.96774,96.86028,868,success_build,True,True,False,unit fuzzy loss,
494,0 1 2 3 4 5 10 6 7 8 9 11 12 13 14 15 16 17 18 19 20 21 22 23,8ecde273a0eba6da599c31b7f4463908511edbdefa66a6e7f606a9185b749389,a7407733d822b9a13cbd070aae9b7e997e2734c925c4cbcca0afa893f08fae2f,90.96774,96.86028,868,success_build,True,True,False,unit fuzzy loss,
495,0 1 2 3 4 5 6 10 7 8 9 11 12 13 14 15 16 17 18 19 20 21 22 23,7d5c16257df4548a5a1e329d1604a5e59dfaa0f305e5840c692bed8f05fabd9b,a7407733d822b9a13cbd070aae9b7e997e2734c925c4cbcca0afa893f08fae2f,90.96774,96.86028,868,success_build,True,True,False,unit fuzzy loss,
496,0 1 2 3 4 5 6 7 10 8 9 11 12 13 14 15 16 17 18 19 20 21 22 23,1e7b27fdf0c924f84ad1b307da263190d302f8f61cbaeb68e20c0403923ef7d8,a7407733d822b9a13cbd070aae9b7e997e2734c925c4cbcca0afa893f08fae2f,90.96774,96.86028,868,success_build,True,True,False,unit fuzzy loss,
497,0 1 2 3 4 5 6 7 8 9 11 12 10 13 14 15 16 17 18 19 20 21 22 23,5b2b5632c0574d06694da44d716465f106f4453c39d32ca9672889696b4c8714,b356e553a91afc31416b26247cccc7a8ea72775b29e427a830c7afff62f272ea,90.622116,96.811775,868,success_build,True,True,False,unit fuzzy loss,
498,0 1 2 3 4 5 6 7 8 9 11 12 13 10 14 15 16 17 18 19 20 21 22 23,1a97fa4dc7bb975de42984ada1c481e4fa54452a809c3b059f3e8df1881dce01,0649d705c921bf17c746e6b11f79c4153620b7c84b36b0a2b79d7b38da1f90e6,90.48387,96.792366,868,success_build,True,True,False,unit fuzzy loss,
499,0 1 2 3 4 5 6 7 8 9 11 12 13 14 10 15 16 17 18 19 20 21 22 23,b6895eae85ba05ac72b45916a5de065f077d77460f7219fc542ad47ef0b81fd4,d3e2b7dea2dc68444d8c8a70e53ea42d43ea2fa259148bef0dcd9d70e194c419,90.36866,96.7762,868,success_build,True,True,False,unit fuzzy loss,
500,0 1 2 3 4 5 6 7 8 9 11 12 13 14 15 10 16 17 18 19 20 21 22 23,374571d3501069c969e2ccd3eaeeb63c76ce88ac6615c2dd2c44d713c29585f5,653584d8ee40307346b334a8ee7aa27402986b3276bd7b11a4fdac53910d78a1,90.29954,96.766495,868,success_build,True,True,False,unit fuzzy loss,
501,0 1 2 3 4 5 6 7 8 9 11 12 13 14 15 16 10 17 18 19 20 21 22 23,9bdcdbb54c9bb501fbf6603427ec0be2504766554c1d7ca823e2e90dcabe1234,f889f6b47af2b03f2b71375e43b47201ea93d961e4ecf55bbaf187838d877bf5,90.253456,96.760025,868,success_build,True,True,False,unit fuzzy loss,
502,0 1 2 3 4 5 6 7 8 9 11 12 13 14 15 16 17 10 18 19 20 21 22 23,02fceda0112f123a438605276b10e292d69607dc13d1340dc967e5c848e1991e,9194168949e5b43a0541e1a518b8de84512117c6686670c6b03537cb0be557d3,90.253456,96.760025,868,success_build,True,True,False,unit fuzzy loss,
503,0 1 2 3 4 5 6 7 8 9 11 12 13 14 15 16 17 18 10 19 20 21 22 23,04324c66dc7b48012b2072203fe6b6f804d35140fe362e8d9ead7abb3ed159e0,5e6a9276aa1d61f68027903378e80b6adaec98a928923691af58f6ada04789fd,90.253456,96.760025,868,success_build,True,True,False,unit fuzzy loss,
504,0 1 2 3 4 5 6 7 8 9 11 12 13 14 15 16 17 18 19 10 20 21 22 23,69c4d9e3ee6084d939448d5b08646f60246811afcd6a937819677996e0db7e9d,777aec085ef88e228d2a2613eebf91fecc6a3dd675d1b6903979b08506940c0f,90.29954,96.766495,868,success_build,True,True,False,unit fuzzy loss,
505,0 1 2 3 4 5 6 7 8 9 11 12 13 14 15 16 17 18 19 20 10 21 22 23,5ddd403f0cc1d483954690f89a68dbc60f0a42b35672425606c291a9b32400ca,777aec085ef88e228d2a2613eebf91fecc6a3dd675d1b6903979b08506940c0f,90.29954,96.766495,868,success_build,True,True,False,unit fuzzy loss,
506,0 1 2 3 4 5 6 7 8 9 11 12 13 14 15 16 17 18 19 20 21 10 22 23,e9e882aa5c3e7f24a2f048565a6495bb091dd72ff1198a1cd49a6f9c67948e85,777aec085ef88e228d2a2613eebf91fecc6a3dd675d1b6903979b08506940c0f,90.29954,96.766495,868,success_build,True,True,False,unit fuzzy loss,
507,0 1 2 3 4 5 6 7 8 9 11 12 13 14 15 16 17 18 19 20 21 22 10 23,df4e85cdf03422df5b96589cc86436dcd91d03cf7d5b5770b96d24d24517f8e0,dcc579760e33fa8fea5e57c4a814154404ffe56f22f3a723ab816f264db8dc4c,90.230415,96.75679,868,success_build,True,True,False,unit fuzzy loss,
508,0 1 2 3 4 5 6 7 8 9 11 12 13 14 15 16 17 18 19 20 21 22 23 10,212e2aae8c961e7fc1dfb7b38ddadf497bb478bf2a6d3a99ed4f3392b3aebae8,ad0d2446603ecb643282ff19c4a473cf655b52ffc5a9acde8e9d38ba9aec934c,89.95392,96.71798,868,success_build,True,True,False,unit fuzzy loss,
509,11 0 1 2 3 4 5 6 7 8 9 10 12 13 14 15 16 17 18 19 20 21 22 23,3ee0b1038048322ef795d2806dd804d96367deb9820aecb7322ee3c5cbc9772d,7081e2365549572148364599a553c4fdfd6bf24cfc711fa555b54999a1461c12,90.32258,96.76973,868,success_build,True,True,False,unit fuzzy loss,
510,0 11 1 2 3 4 5 6 7 8 9 10 12 13 14 15 16 17 18 19 20 21 22 23,33bc8c412cdc97b8f961177e18917966486c5b138cde68c223b266d020c5ba40,09ab62187e00ef344dfee27c796dfa3ff344070180fe70930da744870aedf1db,90.48387,96.792366,868,success_build,True,True,False,unit fuzzy loss,
511,0 1 11 2 3 4 5 6 7 8 9 10 12 13 14 15 16 17 18 19 20 21 22 23,865a91eb6b91e27b5e4a813827479c4e598baef1a3b296cc99374a760934a6b1,d22dd643d79a9a18d6727afd0b43902d41f75c084e625d3198c2ffabe5c77d38,90.668205,96.81824,868,success_build,True,True,False,unit fuzzy loss,
512,0 1 2 11 3 4 5 6 7 8 9 10 12 13 14 15 16 17 18 19 20 21 22 23,c242125355afae8cd3c84f0bc53a551ca654f10c31330cf80f830f68f0b73435,d22dd643d79a9a18d6727afd0b43902d41f75c084e625d3198c2ffabe5c77d38,90.668205,96.81824,868,success_build,True,True,False,unit fuzzy loss,
513,0 1 2 3 11 4 5 6 7 8 9 10 12 13 14 15 16 17 18 19 20 21 22 23,fd57f6356f9a4ec05db9e4378439ff703aca1406f29b579fb0fa3a11422d3101,d22dd643d79a9a18d6727afd0b43902d41f75c084e625d3198c2ffabe5c77d38,90.668205,96.81824,868,success_build,True,True,False,unit fuzzy loss,
514,0 1 2 3 4 11 5 6 7 8 9 10 12 13 14 15 16 17 18 19 20 21 22 23,1e7f4edc72281cfee424dc6d862001b92ae9ed1ffbee088dca720c4b6d7ad4d7,d22dd643d79a9a18d6727afd0b43902d41f75c084e625d3198c2ffabe5c77d38,90.668205,96.81824,868,success_build,True,True,False,unit fuzzy loss,
515,0 1 2 3 4 5 11 6 7 8 9 10 12 13 14 15 16 17 18 19 20 21 22 23,2e4c2531647016e394bc93d625c1c4b9be72d86c3d02db1e70efb379fb3cb9ad,8522c9419688f9fe55d23e75bae8f54ccc490d3eb613958785b8f3fb6b0ad451,90.76037,96.83118,868,success_build,True,True,False,unit fuzzy loss,
516,0 1 2 3 4 5 6 11 7 8 9 10 12 13 14 15 16 17 18 19 20 21 22 23,883209766f20729b5c375bc7e296c5898244bed590449697f7545b125531b090,8522c9419688f9fe55d23e75bae8f54ccc490d3eb613958785b8f3fb6b0ad451,90.76037,96.83118,868,success_build,True,True,False,unit fuzzy loss,
517,0 1 2 3 4 5 6 7 11 8 9 10 12 13 14 15 16 17 18 19 20 21 22 23,752cc01c3fa264232a92c337b44bc2537cf42d4521117ce49ddf95d3fe2e874b,8522c9419688f9fe55d23e75bae8f54ccc490d3eb613958785b8f3fb6b0ad451,90.76037,96.83118,868,success_build,True,True,False,unit fuzzy loss,
518,0 1 2 3 4 5 6 7 8 11 9 10 12 13 14 15 16 17 18 19 20 21 22 23,92cbdf34ef518d31ad66258fdd13032eeeca7e42d8d7d8f2bdd07802e2c340c8,8522c9419688f9fe55d23e75bae8f54ccc490d3eb613958785b8f3fb6b0ad451,90.76037,96.83118,868,success_build,True,True,False,unit fuzzy loss,
519,0 1 2 3 4 5 6 7 8 9 10 12 13 11 14 15 16 17 18 19 20 21 22 23,1edbfbd573c36a2caa8acb6b84ff61d10a6fd717264897e6996a65cdc751f998,035b86a7994fbd43090134c81fde7f6fbd2912d15457573a0f869064ca3c870c,90.54378,96.80077,868,success_build,True,True,False,unit fuzzy loss,
520,0 1 2 3 4 5 6 7 8 9 10 12 13 14 11 15 16 17 18 19 20 21 22 23,950884aced04eb0372e8fdd2ef0a0f91141696043e8cbc806058a6e005593db6,8fc6f4d188c560708d2e6f5f1b50046a034b2898990e96d0980c31cff549f6a7,90.42857,96.78461,868,success_build,True,True,False,unit fuzzy loss,
521,0 1 2 3 4 5 6 7 8 9 10 12 13 14 15 11 16 17 18 19 20 21 22 23,e6d3cf1ee58ce2a6822a4300a41fbe0bf8f06894ee718e44e9d2ee55db2dff6b,ffa2e458a9e848b149e1bc53c1f062ac245915252a740c923497b27b02769381,90.35944,96.7749,868,success_build,True,True,False,unit fuzzy loss,
522,0 1 2 3 4 5 6 7 8 9 10 12 13 14 15 16 11 17 18 19 20 21 22 23,782ce9594000317ec1d2e57fb799b5cc95ea23554de8618abe9ffb27765ba966,d2d2d42aaff4ab22c9a418940672679c967f7fa839752f214a9d0b15a33c6c43,90.31336,96.76843,868,success_build,True,True,False,unit fuzzy loss,
523,0 1 2 3 4 5 6 7 8 9 10 12 13 14 15 16 17 11 18 19 20 21 22 23,c884cd496c111ba3559d0810024e434381ea72ba2a141f38af905fff407fa990,1b8223c6d67e38223fcd80d77c686ac1084223e0825caf9c09235f0b5d134f48,90.31336,96.76843,868,success_build,True,True,False,unit fuzzy loss,
524,0 1 2 3 4 5 6 7 8 9 10 12 13 14 15 16 17 18 11 19 20 21 22 23,b97c053fa87a2c0e9ced01f3c09eaf7bd8f0edc873b2722ef0ff3ad2986d8a63,c97d43c0f81403a277309db494f05a52876ddc6b8a8aa64ce8602430b526a021,90.31336,96.76843,868,success_build,True,True,False,unit fuzzy loss,
525,0 1 2 3 4 5 6 7 8 9 10 12 13 14 15 16 17 18 19 11 20 21 22 23,f64e6b0daae97aa4e67c4329cd33d542c5249b6ea7d118a93068b51d5577145a,24d503eeb177cf357d630188d33be83076e5ff29dbd46399aa987aa2a3eaf2d8,90.35944,96.7749,868,success_build,True,True,False,unit fuzzy loss,
526,0 1 2 3 4 5 6 7 8 9 10 12 13 14 15 16 17 18 19 20 11 21 22 23,343607cc963369c1d14da133496a43172657c687707d34829079f9b87ea0685f,24d503eeb177cf357d630188d33be83076e5ff29dbd46399aa987aa2a3eaf2d8,90.35944,96.7749,868,success_build,True,True,False,unit fuzzy loss,
527,0 1 2 3 4 5 6 7 8 9 10 12 13 14 15 16 17 18 19 20 21 11 22 23,0a87139c799ba2bbf58ed4f29a7fce2069a89d1a5bd0fd758e083309562f7c24,24d503eeb177cf357d630188d33be83076e5ff29dbd46399aa987aa2a3eaf2d8,90.35944,96.7749,868,success_build,True,True,False,unit fuzzy loss,
528,0 1 2 3 4 5 6 7 8 9 10 12 13 14 15 16 17 18 19 20 21 22 11 23,b4f6b7672121fd88ad6d856db35e313e86121b7aee52ded73e38b6c463a3f631,eab1fbb793298e69181b6b31654ab717ade05af72d203eed9fbd2cef41db141f,90.29032,96.7652,868,success_build,True,True,False,unit fuzzy loss,
529,0 1 2 3 4 5 6 7 8 9 10 12 13 14 15 16 17 18 19 20 21 22 23 11,3d091a9268a6a7e46d07b476276ed2fc4cddcd75de8d89d0a08001d8f1de5748,1e4460f63ceb803f242fd918523e4ecea240de236adaa8e406357d201577e993,90.2765,96.76326,868,success_build,True,True,False,unit fuzzy loss,
530,12 0 1 2 3 4 5 6 7 8 9 10 11 13 14 15 16 17 18 19 20 21 22 23,3f2a6d6e120f5fd1b9bc215166dabfba6cd046fbf28835fbafbfdf010d67b282,67fc8acc6f6654866421649431e904b20fe38933952b08e7683757c7c22ae8b4,89.304146,96.62678,868,success_build,True,True,False,unit fuzzy loss,
531,0 12 1 2 3 4 5 6 7 8 9 10 11 13 14 15 16 17 18 19 20 21 22 23,a3132d0ea8a73d8aaae7d26974b79344d876dcad66ba0117980f0fd3a6c85c90,8e9df360913774bf27ce576af7fc87bf1656c5182da027badc10bf0169eefc2d,89.46544,96.649414,868,success_build,True,True,False,unit fuzzy loss,
532,0 1 12 2 3 4 5 6 7 8 9 10 11 13 14 15 16 17 18 19 20 21 22 23,5f387b005e3ba195537b1ec1bb7f0a2682b81fb4850dc03ec90dbf2bd6814164,f312209e09ed9c967f3b6bf547a6bb4457dfd8e785b55c455b94c4f7b23c99b1,89.741936,96.688225,868,success_build,True,True,False,unit fuzzy loss,
533,0 1 2 12 3 4 5 6 7 8 9 10 11 13 14 15 16 17 18 19 20 21 22 23,44c5cefe656ec9d4c15519757a04e49f3326ecf1c77b46b9de690c8c43a971bb,f312209e09ed9c967f3b6bf547a6bb4457dfd8e785b55c455b94c4f7b23c99b1,89.741936,96.688225,868,success_build,True,True,False,unit fuzzy loss,
534,0 1 2 3 12 4 5 6 7 8 9 10 11 13 14 15 16 17 18 19 20 21 22 23,d918b321300e65cd285cec459e86e5f996cab798a94cd2ecebef40e5066d89bc,f312209e09ed9c967f3b6bf547a6bb4457dfd8e785b55c455b94c4f7b23c99b1,89.741936,96.688225,868,success_build,True,True,False,unit fuzzy loss,
535,0 1 2 3 4 12 5 6 7 8 9 10 11 13 14 15 16 17 18 19 20 21 22 23,432fe2a089cac501247ef9326dc8784b41f42dc744bed57f4f175311908ac47d,f312209e09ed9c967f3b6bf547a6bb4457dfd8e785b55c455b94c4f7b23c99b1,89.741936,96.688225,868,success_build,True,True,False,unit fuzzy loss,
536,0 1 2 3 4 5 12 6 7 8 9 10 11 13 14 15 16 17 18 19 20 21 22 23,312ad45041733f493f6210062de532a09b41b79223c11aecdb5a4e7cda6b8fae,e525b056a215a764589642ece74d7375ac357f4ce0fd096cafa58a00e7a4074d,90.63595,96.81371,868,success_build,True,True,False,unit fuzzy loss,
537,0 1 2 3 4 5 6 12 7 8 9 10 11 13 14 15 16 17 18 19 20 21 22 23,6a6b9873fa2e4a2695eb2929adf3b1ba77544820962d5851bbd60c2469e98075,e525b056a215a764589642ece74d7375ac357f4ce0fd096cafa58a00e7a4074d,90.63595,96.81371,868,success_build,True,True,False,unit fuzzy loss,
538,0 1 2 3 4 5 6 7 12 8 9 10 11 13 14 15 16 17 18 19 20 21 22 23,1d000f7c4f489f3c6ccef02d9f976a469b4e40d62df4f7bab609783abe24cbf9,e525b056a215a764589642ece74d7375ac357f4ce0fd096cafa58a00e7a4074d,90.63595,96.81371,868,success_build,True,True,False,unit fuzzy loss,
539,0 1 2 3 4 5 6 7 8 12 9 10 11 13 14 15 16 17 18 19 20 21 22 23,0057675c3c485f7f776c8146c21781ed7d7eb0f5a1c9a2dd568317a2f45be8d4,e525b056a215a764589642ece74d7375ac357f4ce0fd096cafa58a00e7a4074d,90.63595,96.81371,868,success_build,True,True,False,unit fuzzy loss,
540,0 1 2 3 4 5 6 7 8 9 12 10 11 13 14 15 16 17 18 19 20 21 22 23,4e8c272ebb78298595b6a100f9bae4d28f5b437bd04279af3a76b79ef2476875,508737cdb4d4accff202eefa08ba0c27588be26c2278d6b7c9375b4c26692605,90.63595,96.81371,868,success_build,True,True,False,unit fuzzy loss,
541,0 1 2 3 4 5 6 7 8 9 10 11 13 14 12 15 16 17 18 19 20 21 22 23,8e7a87bf241acea8135fccea7e963eac7fbea8cfd1a6ea25932d28a8d62c7a61,17e6419f707004b9a7fc4fc5cb7d3b163582daef999f8937fab834ce984188e7,90.622116,96.811775,868,success_build,True,True,False,unit fuzzy loss,
542,0 1 2 3 4 5 6 7 8 9 10 11 13 14 15 12 16 17 18 19 20 21 22 23,c865b345395208094ed310f5e73ffbb4cf20f0f0812faa0923b2f8c92543a5d1,67cac6f6f027568fc8d47b1ac236aa5b665d1036cdd8bd51f272f3605cb83526,90.55299,96.80207,868,success_build,True,True,False,unit fuzzy loss,
543,0 1 2 3 4 5 6 7 8 9 10 11 13 14 15 16 12 17 18 19 20 21 22 23,cb373e1838b787a3d69a6c34c3688d38f8640903dfded32c8d1f8a78c1fe3070,3341fd56991909586df0cbd6afa28d5491172fecbf8712d030e0beb0ec59b600,90.50691,96.7956,868,success_build,True,True,False,unit fuzzy loss,
544,0 1 2 3 4 5 6 7 8 9 10 11 13 14 15 16 17 12 18 19 20 21 22 23,9e80629dd61bf719ca23f5b66fbb8f36fc4c852fddfe0e60bd8bca551eb8537d,c69c29eff63eda64b060026de665cc137e1c9a0fc689a1ff19aaa3e4353637ee,90.50691,96.7956,868,success_build,True,True,False,unit fuzzy loss,
545,0 1 2 3 4 5 6 7 8 9 10 11 13 14 15 16 17 18 12 19 20 21 22 23,327ca8cf91c5cee8271a8fba943abd71e75adc96d68abe74cbcca00c399e20a3,3a36ae468b3462f6d2015180dfa185f26d0ecc2ccf61f6a39d4650a4c800540b,90.50691,96.7956,868,success_build,True,True,False,unit fuzzy loss,
546,0 1 2 3 4 5 6 7 8 9 10 11 13 14 15 16 17 18 19 12 20 21 22 23,c425335c3938d233fc1d76c2bc27a75b0f7cf5468b4a7a1d2a7f398116b933c3,e9a9c2e0f5e9592851c35e85d68ea3c53467b5468cc66c0b8676802100a2442d,90.55299,96.80207,868,success_build,True,True,False,unit fuzzy loss,
547,0 1 2 3 4 5 6 7 8 9 10 11 13 14 15 16 17 18 19 20 12 21 22 23,37d16e4d5be7c8d5f6bdbf2bdda9608fadd28dc1209a1ad8a24fd5e9335bde35,e9a9c2e0f5e9592851c35e85d68ea3c53467b5468cc66c0b8676802100a2442d,90.55299,96.80207,868,success_build,True,True,False,unit fuzzy loss,
548,0 1 2 3 4 5 6 7 8 9 10 11 13 14 15 16 17 18 19 20 21 12 22 23,cafd87139c8b4235a52752275e1052d75d80e939727e842f82bb6510e90c6fad,e9a9c2e0f5e9592851c35e85d68ea3c53467b5468cc66c0b8676802100a2442d,90.55299,96.80207,868,success_build,True,True,False,unit fuzzy loss,
549,0 1 2 3 4 5 6 7 8 9 10 11 13 14 15 16 17 18 19 20 21 22 12 23,8c3c7ba09f9eaa1ef1e3ceb71e2b99e2eb8bb91c248b4496201bc7ec729b7f34,065dec77013d7d1c8f7dd47a5e68c75835a287d3932d3b322a0e72d1dfb6afa9,90.48387,96.792366,868,success_build,True,True,False,unit fuzzy loss,
550,0 1 2 3 4 5 6 7 8 9 10 11 13 14 15 16 17 18 19 20 21 22 23 12,ea32039d4f76fc69847df4f3596cfc0f64364956ac46b15f608f07fa1e5db418,7367a81335cff284f18380b5820e0a31401f3eb70c02871d2078a216af76f7c3,89.51152,96.65588,868,success_build,True,True,False,unit fuzzy loss,
551,13 0 1 2 3 4 5 6 7 8 9 10 11 12 14 15 16 17 18 19 20 21 22 23,648ce12f71a24bdcaa3169ede5d7b40615e5ef45cb0ed4d88c3669b9c06eb929,7303fccf65dc1672e14f3d3a2fa9018b94f6c3780c294d577ba502a86a3201be,89.18433,96.60996,868,success_build,True,True,False,unit fuzzy loss,
552,0 13 1 2 3 4 5 6 7 8 9 10 11 12 14 15 16 17 18 19 20 21 22 23,f597b4e516f9c31556d53273336c8b20e03c10dd1f4b66c333cb61a5f913da00,eb1d021f72bda926a7c61a2cb522b85ed002fe7e32896bedda1ee9864a87d5ac,89.34562,96.6326,868,success_build,True,True,False,unit fuzzy loss,
553,0 1 13 2 3 4 5 6 7 8 9 10 11 12 14 15 16 17 18 19 20 21 22 23,26445b68b1ba3ad218dfad651a5a0cdcffea5a813142937d1cbd080eed1f63ea,a5e8df4ea333aa6e329223ac94ba6dfb9f34206ded3c3cd408e4729619ec1759,89.622116,96.67141,868,success_build,True,True,False,unit fuzzy loss,
554,0 1 2 13 3 4 5 6 7 8 9 10 11 12 14 15 16 17 18 19 20 21 22 23,8755dd811a9137f658a4e81065799570785c90393c6d5a4fa1644fd2e9c7220b,a5e8df4ea333aa6e329223ac94ba6dfb9f34206ded3c3cd408e4729619ec1759,89.622116,96.67141,868,success_build,True,True,False,unit fuzzy loss,
555,0 1 2 3 13 4 5 6 7 8 9 10 11 12 14 15 16 17 18 19 20 21 22 23,c68191d0c8daf7637eebf909c108b51786447b9fe6d62ae3fb34f28cb988645c,a5e8df4ea333aa6e329223ac94ba6dfb9f34206ded3c3cd408e4729619ec1759,89.622116,96.67141,868,success_build,True,True,False,unit fuzzy loss,
556,0 1 2 3 4 13 5 6 7 8 9 10 11 12 14 15 16 17 18 19 20 21 22 23,fc951952b23eae659be52a814c837c610d25325a8634a71e5d62f31723d0f9df,a5e8df4ea333aa6e329223ac94ba6dfb9f34206ded3c3cd408e4729619ec1759,89.622116,96.67141,868,success_build,True,True,False,unit fuzzy loss,
557,0 1 2 3 4 5 13 6 7 8 9 10 11 12 14 15 16 17 18 19 20 21 22 23,8be0aded89c835362c16ddb14b72beee4ac7e71489ce602bcc5cdf1b38b1bafb,b4f44aa62f482e1150d6c5da43b2de4df01b8d36437b32cfa40e1f373f7e4edf,90.51613,96.7969,868,success_build,True,True,False,unit fuzzy loss,
558,0 1 2 3 4 5 6 13 7 8 9 10 11 12 14 15 16 17 18 19 20 21 22 23,837a6636e338eb6b675f9d11f4acd7fa686db75a66c94721bfc22e22d6a620b0,b4f44aa62f482e1150d6c5da43b2de4df01b8d36437b32cfa40e1f373f7e4edf,90.51613,96.7969,868,success_build,True,True,False,unit fuzzy loss,
559,0 1 2 3 4 5 6 7 13 8 9 10 11 12 14 15 16 17 18 19 20 21 22 23,fa8a622c7d2637de7ea61c022b3bc417bbce37d5af9761831886ba7ab64a3d77,b4f44aa62f482e1150d6c5da43b2de4df01b8d36437b32cfa40e1f373f7e4edf,90.51613,96.7969,868,success_build,True,True,False,unit fuzzy loss,
560,0 1 2 3 4 5 6 7 8 13 9 10 11 12 14 15 16 17 18 19 20 21 22 23,e32c7acd844eecf80d0f5af98abefbdeca47e82dc65018878b47cd43e20c9c66,b4f44aa62f482e1150d6c5da43b2de4df01b8d36437b32cfa40e1f373f7e4edf,90.51613,96.7969,868,success_build,True,True,False,unit fuzzy loss,
561,0 1 2 3 4 5 6 7 8 9 13 10 11 12 14 15 16 17 18 19 20 21 22 23,c2324cb8538a265c2bd6203e47735c428c4069c5a34278ef1d208cc08faf6614,c6ace7dffc065b6e60392eed620ac36e6b557d588285dce5c2c03bc8505eda89,90.51613,96.7969,868,success_build,True,True,False,unit fuzzy loss,
562,0 1 2 3 4 5 6 7 8 9 10 13 11 12 14 15 16 17 18 19 20 21 22 23,a75b7e342a5ae574741007a107d5e06013861424d67ce07fccbc7fcb35560371,eb72afa56105d82b833bc349b9d254660e3725072373c30fcd6372c8f7184e98,90.58525,96.806595,868,success_build,True,True,False,unit fuzzy loss,
563,0 1 2 3 4 5 6 7 8 9 10 11 12 14 15 13 16 17 18 19 20 21 22 23,fea97922313335dccf3339c27a45d5e10b82aef8a1ad998698f704f209204c44,ccac2f74c3cdde45c458f01299a5b19629dcaa200c5e87a963f0b425e265e4c6,90.691246,96.82147,868,success_build,True,True,False,unit fuzzy loss,
564,0 1 2 3 4 5 6 7 8 9 10 11 12 14 15 16 13 17 18 19 20 21 22 23,10b9308898484d77fcc51d38309a7ea018ede4e4f016bb305fea897f4c0c61d4,5e3345b25e2a4147b02315171b9b8f1ecb6e2e7336aef98f3c9b7b380240cc8e,90.645164,96.81501,868,success_build,True,True,False,unit fuzzy loss,
565,0 1 2 3 4 5 6 7 8 9 10 11 12 14 15 16 17 13 18 19 20 21 22 23,4912384db093f10e60fef9d9a804c3831e83015cd264dbebea147807188584cc,9c47012782847b8bc33d1e598897639639684403aa8665923b056100fac7056f,90.645164,96.81501,868,success_build,True,True,False,unit fuzzy loss,
566,0 1 2 3 4 5 6 7 8 9 10 11 12 14 15 16 17 18 13 19 20 21 22 23,3859f33a08599c889a3edd0749b008eaafa31596068da49290e32875b527b401,b82c48f5d69f98ff645a7ed5ca3dbe8002084f8c30895e7e495109c2909a9838,90.645164,96.81501,868,success_build,True,True,False,unit fuzzy loss,
567,0 1 2 3 4 5 6 7 8 9 10 11 12 14 15 16 17 18 19 13 20 21 22 23,8a389d063137eb1cad0b453ef7465a3a78e9655635dda4d17d73be7552d28fe1,8d4eb6284152f973cde7b79d359508211468521979ba32aff7657e747833264d,90.691246,96.82147,868,success_build,True,True,False,unit fuzzy loss,
568,0 1 2 3 4 5 6 7 8 9 10 11 12 14 15 16 17 18 19 20 13 21 22 23,644951554c362daaa8d650590be60c7909d7e578e78e643f0f37b91cb851a8be,8d4eb6284152f973cde7b79d359508211468521979ba32aff7657e747833264d,90.691246,96.82147,868,success_build,True,True,False,unit fuzzy loss,
569,0 1 2 3 4 5 6 7 8 9 10 11 12 14 15 16 17 18 19 20 21 13 22 23,d6e44354cacb20a9b9d87e9fd62c58adfb3863aa1440acd5522e068d71fee25c,8d4eb6284152f973cde7b79d359508211468521979ba32aff7657e747833264d,90.691246,96.82147,868,success_build,True,True,False,unit fuzzy loss,
570,0 1 2 3 4 5 6 7 8 9 10 11 12 14 15 16 17 18 19 20 21 22 13 23,c4032aa5b8423a7420a422b4489f572dc3549b66188ee6256f7ea0b30db06235,90c5a1553a0dfb9d4332b04a0ac807b4252d559aeb0d934af2cdfd2b2f773e0b,90.622116,96.811775,868,success_build,True,True,False,unit fuzzy loss,
571,0 1 2 3 4 5 6 7 8 9 10 11 12 14 15 16 17 18 19 20 21 22 23 13,249e8db7a8c970d92f86e5f27b0bf220d8d2233958c86a299c165cd283592d83,0d00e5c783a3435a49445080483e3604a042e9689b50beb58f3e7fd23f5a123b,90.34562,96.772964,868,success_build,True,True,False,unit fuzzy loss,
572,14 0 1 2 3 4 5 6 7 8 9 10 11 12 13 15 16 17 18 19 20 21 22 23,1b818ee04732995501ac4b29b487e0d0d29c91642692eb7f7c21c8db22277418,a486489e0f14001ae7ced276cd2fe0f7ba05c5514b3767217c4ec6f8e5a805a6,89.2765,96.622894,868,success_build,True,True,False,unit fuzzy loss,
573,0 14 1 2 3 4 5 6 7 8 9 10 11 12 13 15 16 17 18 19 20 21 22 23,d5f7b67c5e1ee3537a3f471554990fb335c9bf7b476829eff819942af37f3b9e,fa2ad039991a9c567ba8deec6e46e422427e5b0673adfd27b1a8eb9de8ad7fee,89.39171,96.63907,868,success_build,True,True,False,unit fuzzy loss,
574,0 1 14 2 3 4 5 6 7 8 9 10 11 12 13 15 16 17 18 19 20 21 22 23,25f4fb6952e1efe4099304d9750349a96697c0fa157a5638db1fdc4cc749a159,aa752f0818f52270a189ee8cceded629be1e5edeab2eb13644290f02f614319f,89.50691,96.65524,868,success_build,True,True,False,unit fuzzy loss,
575,0 1 2 14 3 4 5 6 7 8 9 10 11 12 13 15 16 17 18 19 20 21 22 23,903f864a4fab7a18c7bd5afdefb3d19df931dbbc8299b9ba139d85fccbc4e54d,aa752f0818f52270a189ee8cceded629be1e5edeab2eb13644290f02f614319f,89.50691,96.65524,868,success_build,True,True,False,unit fuzzy loss,
576,0 1 2 3 14 4 5 6 7 8 9 10 11 12 13 15 16 17 18 19 20 21 22 23,37db212110edb88330a802ae7294b4e060dc0be16c71d04ecda2b0b3c11d51dc,aa752f0818f52270a189ee8cceded629be1e5edeab2eb13644290f02f614319f,89.50691,96.65524,868,success_build,True,True,False,unit fuzzy loss,
577,0 1 2 3 4 14 5 6 7 8 9 10 11 12 13 15 16 17 18 19 20 21 22 23,13718e94a1f5354d339722921bf5ee78a5cc20feea17d9e569feff82cf2d70eb,aa752f0818f52270a189ee8cceded629be1e5edeab2eb13644290f02f614319f,89.50691,96.65524,868,success_build,True,True,False,unit fuzzy loss,
578,0 1 2 3 4 5 14 6 7 8 9 10 11 12 13 15 16 17 18 19 20 21 22 23,8e6a071f88eac1bc1c8ce0935f8b6cca9f4c0dabec4c867b8697e3f5e50cc101,4c02c3fac9a7416740f60d060cd6a49fd462b30763578f03ce6307b1b1c7d390,89.50691,96.65524,868,success_build,True,True,False,unit fuzzy loss,
579,0 1 2 3 4 5 6 14 7 8 9 10 11 12 13 15 16 17 18 19 20 21 22 23,7251dced6d88b7ca1032d258bc66307d6704fe2ab2c21b7ed4afd4529fc0cf4d,4c02c3fac9a7416740f60d060cd6a49fd462b30763578f03ce6307b1b1c7d390,89.50691,96.65524,868,success_build,True,True,False,unit fuzzy loss,
580,0 1 2 3 4 5 6 7 14 8 9 10 11 12 13 15 16 17 18 19 20 21 22 23,1dd18685887a8106d98bdaff7fa32c6ab94407028210817c70bbe992c01d5c1c,4c02c3fac9a7416740f60d060cd6a49fd462b30763578f03ce6307b1b1c7d390,89.50691,96.65524,868,success_build,True,True,False,unit fuzzy loss,
581,0 1 2 3 4 5 6 7 8 14 9 10 11 12 13 15 16 17 18 19 20 21 22 23,bd70d0054384dd2d9c11842080ad17a4c6dc713c7f043e4676dfa30558d77181,4c02c3fac9a7416740f60d060cd6a49fd462b30763578f03ce6307b1b1c7d390,89.50691,96.65524,868,success_build,True,True,False,unit fuzzy loss,
582,0 1 2 3 4 5 6 7 8 9 14 10 11 12 13 15 16 17 18 19 20 21 22 23,11e62c15a92cb8c7b33bfc1c89842d7d2f44363f999da02f61a5164d7d99a754,7b69728a087ea4eb24c256511209834a863e059a5d93e5542afd45c9dd123372,89.50691,96.65524,868,success_build,True,True,False,unit fuzzy loss,
583,0 1 2 3 4 5 6 7 8 9 10 14 11 12 13 15 16 17 18 19 20 21 22 23,ebc1e99b9b2ff3491135e595fca294a2b8f5d1a181452618fce6894aca1a73e6,4de1408dfb92c2395535f57de9699ce39768be77b236b10bacd47dbdf60ac8c4,89.55299,96.661705,868,success_build,True,True,False,unit fuzzy loss,
584,0 1 2 3 4 5 6 7 8 9 10 11 14 12 13 15 16 17 18 19 20 21 22 23,829fcb998e42583e7b7f4572f72e2059b6711717799550563f7db14ff02abc43,e3913632732eeb6b8dce1fb57b8b9f0c9054375af8b73e81f40716b6d37011a8,90.622116,96.811775,868,success_build,True,True,False,unit fuzzy loss,
585,0 1 2 3 4 5 6 7 8 9 10 11 12 13 15 16 14 17 18 19 20 21 22 23,194ae83cf27459a42c4fc7be88aebc27b283e93092882f9f1708df1720c0e264,c4b9edd05db7e7a478366142157fdbf07a5cfcb0a90658b35545190b760c9f37,90.78341,96.83441,868,success_build,True,True,False,unit fuzzy loss,
586,0 1 2 3 4 5 6 7 8 9 10 11 12 13 15 16 17 14 18 19 20 21 22 23,69c543caac43984b9ae660a3fce70e0aa066a7f3b796a7f8dd936ecc7b54bec8,af930ec78d4701f483b2acaca1ddf22d947e3b0db2117f5809d2d46eaca48c7a,90.78341,96.83441,868,success_build,True,True,False,unit fuzzy loss,
587,0 1 2 3 4 5 6 7 8 9 10 11 12 13 15 16 17 18 14 19 20 21 22 23,febdf6a5f0de78f551d1b83e5ad4579d30c5f72e3f19b2d179b295bea8f177d5,fc9af130d4fd495af35b5a9fde8cb18d9f065e99f62c584caac1aeb6c402bccf,90.78341,96.83441,868,success_build,True,True,False,unit fuzzy loss,
588,0 1 2 3 4 5 6 7 8 9 10 11 12 13 15 16 17 18 19 14 20 21 22 23,8ab700ee3ac315140bdb879eeec67b0de66bb44cf7670d1ead3983a1fd4e56ef,6890b1368144930814dafd855eac4e953e5f602a09c4b7b76ed65030db84e752,90.82949,96.84088,868,success_build,True,True,False,unit fuzzy loss,
589,0 1 2 3 4 5 6 7 8 9 10 11 12 13 15 16 17 18 19 20 14 21 22 23,6d230fc633462368e504d5d0512dedc447318342a0e7ac9920354276be34aa34,6890b1368144930814dafd855eac4e953e5f602a09c4b7b76ed65030db84e752,90.82949,96.84088,868,success_build,True,True,False,unit fuzzy loss,
590,0 1 2 3 4 5 6 7 8 9 10 11 12 13 15 16 17 18 19 20 21 14 22 23,087dbf0cc0e9bcf7c69d3d85cad97cb51c618fe53fa244c923b1ae8b0f5170fa,6890b1368144930814dafd855eac4e953e5f602a09c4b7b76ed65030db84e752,90.82949,96.84088,868,success_build,True,True,False,unit fuzzy loss,
591,0 1 2 3 4 5 6 7 8 9 10 11 12 13 15 16 17 18 19 20 21 22 14 23,ed086d094a671519ab6444c3ca5572b325fd2134de432593462b529fb406fe8b,ab630978a175404568715933addb1401533ce6682b3d6ccb9f1766f65fc849c0,90.76037,96.83118,868,success_build,True,True,False,unit fuzzy loss,
592,0 1 2 3 4 5 6 7 8 9 10 11 12 13 15 16 17 18 19 20 21 22 23 14,6a128ead136749bbde42b932ecd179adda038e8c805310b79dc2ea7a135fa7b6,a15a2bd088ce3cf3d39ec61db04671633631fd2f358fc1bb50b8e12aade93e9a,90.48387,96.792366,868,success_build,True,True,False,unit fuzzy loss,
593,15 0 1 2 3 4 5 6 7 8 9 10 11 12 13 14 16 17 18 19 20 21 22 23,255ef130134dd2cc2318fe12977ed28ce0b0f41573db59644ce811f060aef235,4b9cf512cf2df1a839304e0246a930534784e06c93e4d013ef696ad19e8f0435,89.207375,96.6132,868,success_build,True,True,False,unit fuzzy loss,
594,0 15 1 2 3 4 5 6 7 8 9 10 11 12 13 14 16 17 18 19 20 21 22 23,5878fc521aa22c9b3912df6d4211481f683006d9eacb4061dc57183c21b34d92,8b66563bc16adb2878be9f342a80bf66ecc5a1b43fea26f8e1d62363ade66b5d,89.32258,96.629364,868,success_build,True,True,False,unit fuzzy loss,
595,0 1 15 2 3 4 5 6 7 8 9 10 11 12 13 14 16 17 18 19 20 21 22 23,28ad1c1fe41b5e272c7e4b40716e6b462acbcc5c71313c9dbdff593b801d82b2,d2c733a04d0039b2ed31eddf8dac0d4c4ba36270077fa6dd1b01136e6ba2a784,89.43779,96.64554,868,success_build,True,True,False,unit fuzzy loss,
596,0 1 2 15 3 4 5 6 7 8 9 10 11 12 13 14 16 17 18 19 20 21 22 23,44be69ee738988a58cde90854f7309ff8a781610388fe260fa9d6c264410b615,d2c733a04d0039b2ed31eddf8dac0d4c4ba36270077fa6dd1b01136e6ba2a784,89.43779,96.64554,868,success_build,True,True,False,unit fuzzy loss,
597,0 1 2 3 15 4 5 6 7 8 9 10 11 12 13 14 16 17 18 19 20 21 22 23,6e39ca32f7313e2840f767e2731928703844565713425b1c7095e26b503e4ab8,d2c733a04d0039b2ed31eddf8dac0d4c4ba36270077fa6dd1b01136e6ba2a784,89.43779,96.64554,868,success_build,True,True,False,unit fuzzy loss,
598,0 1 2 3 4 15 5 6 7 8 9 10 11 12 13 14 16 17 18 19 20 21 22 23,abbddc902607e9f4a1b2e35548f0aa6f89d377c613fbec154123011e8fc024f6,d2c733a04d0039b2ed31eddf8dac0d4c4ba36270077fa6dd1b01136e6ba2a784,89.43779,96.64554,868,success_build,True,True,False,unit fuzzy loss,
599,0 1 2 3 4 5 15 6 7 8 9 10 11 12 13 14 16 17 18 19 20 21 22 23,da69b50c1f6349b0e059799aee21d98c966e3eaaf62a33ec7107367738564310,6487b8f60de038a1fd37e2651e94904afe3ff882e448761cfd35766fcb024382,89.43779,96.64554,868,success_build,True,True,False,unit fuzzy loss,
600,0 1 2 3 4 5 6 15 7 8 9 10 11 12 13 14 16 17 18 19 20 21 22 23,6fb7deacd4226257d76cf8fbbe5cd6161fe20f68537294c7646982d5cd6a37b4,6487b8f60de038a1fd37e2651e94904afe3ff882e448761cfd35766fcb024382,89.43779,96.64554,868,success_build,True,True,False,unit fuzzy loss,
601,0 1 2 3 4 5 6 7 15 8 9 10 11 12 13 14 16 17 18 19 20 21 22 23,57586c9d938e16df8cf462447abb90191aeab53c17d9a242d31261596a024a56,6487b8f60de038a1fd37e2651e94904afe3ff882e448761cfd35766fcb024382,89.43779,96.64554,868,success_build,True,True,False,unit fuzzy loss,
602,0 1 2 3 4 5 6 7 8 15 9 10 11 12 13 14 16 17 18 19 20 21 22 23,9ac9af0279834993d26fd6dea6fbee2a85374d86846a40216236bea535c5e515,6487b8f60de038a1fd37e2651e94904afe3ff882e448761cfd35766fcb024382,89.43779,96.64554,868,success_build,True,True,False,unit fuzzy loss,
603,0 1 2 3 4 5 6 7 8 9 15 10 11 12 13 14 16 17 18 19 20 21 22 23,e1cafc615cbddb954132a32eb0b76b95a9a713fa58cee2664031e0bd8e503dac,2f695bac0ef980c00fec9ab260f72171298d162bc5d276e88bcdd48e9abf4e88,89.43779,96.64554,868,success_build,True,True,False,unit fuzzy loss,
604,0 1 2 3 4 5 6 7 8 9 10 15 11 12 13 14 16 17 18 19 20 21 22 23,641b8dead8241344df7e56438399a0218c6bfc276221f782c5087cf8afb9a3c8,bcd62c1d22b3e45ff6633f8113a8053717b7b6960b73e72b3e92374505de9184,89.48387,96.65201,868,success_build,True,True,False,unit fuzzy loss,
605,0 1 2 3 4 5 6 7 8 9 10 11 15 12 13 14 16 17 18 19 20 21 22 23,8d9fd82b57509debfeaf15b906fdc0055f9e7a4126c9f8460915f4e627f99bbb,efd7ea2953feafd4ae7699bf45ba467d6521e403f610e5fcd42f24b84d41d872,90.55299,96.80207,868,success_build,True,True,False,unit fuzzy loss,
606,0 1 2 3 4 5 6 7 8 9 10 11 12 15 13 14 16 17 18 19 20 21 22 23,4ba2e429ced078ae28ee4faacb0f9c8ca26a25b53274747f58de6c5eb7f3477d,aaea785ebd4e87946f5a5474e6c3db8bbf58e10b7753b52ed83471f2a541eb81,90.691246,96.82147,868,success_build,True,True,False,unit fuzzy loss,
607,0 1 2 3 4 5 6 7 8 9 10 11 12 13 14 16 17 15 18 19 20 21 22 23,ceeb19fbc933b2f3abe4c03add836dc1a8ba0194ad2565cd3f5374eacf59f33f,4af22762a1b4d3233fb1d20356f6077898e3c3dfdac1aa20352510800247b269,90.89862,96.850586,868,success_build,True,True,False,unit fuzzy loss,
608,0 1 2 3 4 5 6 7 8 9 10 11 12 13 14 16 17 18 15 19 20 21 22 23,3242731d4c0d80d065fedb75ce381641ab0a29ecbddc9e4e6427ec387532bec5,8d4b1a52acfb9dce6d5cfa15ef94608a123333eab61b62bca7a9695f59e59f9f,90.89862,96.850586,868,success_build,True,True,False,unit fuzzy loss,
609,0 1 2 3 4 5 6 7 8 9 10 11 12 13 14 16 17 18 19 15 20 21 22 23,bc2acdde5332a6a0af1d04ef0ec547f73713c4055bc000f7abdcdd387faa280f,44de755e8c78b5d035d02fdb26741be67bb3401cb90df3bdef1c68a53632a5db,90.9447,96.85705,868,success_build,True,True,False,unit fuzzy loss,
610,0 1 2 3 4 5 6 7 8 9 10 11 12 13 14 16 17 18 19 20 15 21 22 23,174878e4d1e75b8d62ccf6bd856780cbcf50eb23cb755a3d3bcf7617e5817455,44de755e8c78b5d035d02fdb26741be67bb3401cb90df3bdef1c68a53632a5db,90.9447,96.85705,868,success_build,True,True,False,unit fuzzy loss,
611,0 1 2 3 4 5 6 7 8 9 10 11 12 13 14 16 17 18 19 20 21 15 22 23,f14a6b55d8f4e474bdf592394a6df7fc4222a2e95657d310f4f8786da64b791d,44de755e8c78b5d035d02fdb26741be67bb3401cb90df3bdef1c68a53632a5db,90.9447,96.85705,868,success_build,True,True,False,unit fuzzy loss,
612,0 1 2 3 4 5 6 7 8 9 10 11 12 13 14 16 17 18 19 20 21 22 15 23,43e8ffa667ef8da49d06a15a66b9b149abe8f05d853fd111a96d40a1f0059dac,6256d513853c9baa28f2d757416b7b10328ae2a82d5c800411a3a7de4120a578,90.87558,96.84735,868,success_build,True,True,False,unit fuzzy loss,
613,0 1 2 3 4 5 6 7 8 9 10 11 12 13 14 16 17 18 19 20 21 22 23 15,a5123b0048fc5ba136a51b79a0a56f5406795e4d31a145abd9f64441c34d66cf,6f433b51c68d57b87ae9b011c5959005df8815d5b1231a88115e237e897406cc,90.599075,96.80854,868,success_build,True,True,False,unit fuzzy loss,
614,16 0 1 2 3 4 5 6 7 8 9 10 11 12 13 14 15 17 18 19 20 21 22 23,8b67c307364eede4cf8fa5d7e411c08ce351cd10a6db74424cec1c8c505f3657,fe5650ea84399b6f1e90a20a1c19722fa1a9ca95e9ec4143c95cdc3760d75898,89.16129,96.60673,868,success_build,True,True,False,unit fuzzy loss,
615,0 16 1 2 3 4 5 6 7 8 9 10 11 12 13 14 15 17 18 19 20 21 22 23,507b442e583c2b955ebca146aee7e71782720103e63741494c4af888354e1b08,78f58e012dad4f5938150785be9e77b0ef9720749b4b650fbd0dabff4d9c7207,89.2765,96.622894,868,success_build,True,True,False,unit fuzzy loss,
616,0 1 16 2 3 4 5 6 7 8 9 10 11 12 13 14 15 17 18 19 20 21 22 23,d2093be48e82915ea7368309864e27bc79d323c42de81922064f2edd284715b7,89c98770fa7816d862c97d7276b7b82e162c724304bf64d18443c3ae7c032b88,89.39171,96.63907,868,success_build,True,True,False,unit fuzzy loss,
617,0 1 2 16 3 4 5 6 7 8 9 10 11 12 13 14 15 17 18 19 20 21 22 23,94c7fe45f8051218923f6d990f22e36f2918f1c96889af457d229ac45e44c5d0,89c98770fa7816d862c97d7276b7b82e162c724304bf64d18443c3ae7c032b88,89.39171,96.63907,868,success_build,True,True,False,unit fuzzy loss,
618,0 1 2 3 16 4 5 6 7 8 9 10 11 12 13 14 15 17 18 19 20 21 22 23,a3f85d85d7c2d5b9076c8372705494561c6478bc41c25557c1eff77568994b41,89c98770fa7816d862c97d7276b7b82e162c724304bf64d18443c3ae7c032b88,89.39171,96.63907,868,success_build,True,True,False,unit fuzzy loss,
619,0 1 2 3 4 16 5 6 7 8 9 10 11 12 13 14 15 17 18 19 20 21 22 23,1fdd5686a73d557afc5180cf59090b58b3dbd8d080da23624e29bddf6c272f53,89c98770fa7816d862c97d7276b7b82e162c724304bf64d18443c3ae7c032b88,89.39171,96.63907,868,success_build,True,True,False,unit fuzzy loss,
620,0 1 2 3 4 5 16 6 7 8 9 10 11 12 13 14 15 17 18 19 20 21 22 23,73c015ac3b93d390724805ca94120653ee693dc978f8216ffccb13bf55e3d7d4,3e52b8c6048a120fa11f15173eb0e159d88cb667f96a1ef2348dab22bfeb9bba,89.39171,96.63907,868,success_build,True,True,False,unit fuzzy loss,
621,0 1 2 3 4 5 6 16 7 8 9 10 11 12 13 14 15 17 18 19 20 21 22 23,1b31e12c472883ab496b9cbae9737e6d67c257ae703e7ad9b90b9088f7ef29d6,3e52b8c6048a120fa11f15173eb0e159d88cb667f96a1ef2348dab22bfeb9bba,89.39171,96.63907,868,success_build,True,True,False,unit fuzzy loss,
622,0 1 2 3 4 5 6 7 16 8 9 10 11 12 13 14 15 17 18 19 20 21 22 23,f45caafcd5944ccd3ed0c18d386d4f2c9a54be17f209330ad04dec25be5974c9,3e52b8c6048a120fa11f15173eb0e159d88cb667f96a1ef2348dab22bfeb9bba,89.39171,96.63907,868,success_build,True,True,False,unit fuzzy loss,
623,0 1 2 3 4 5 6 7 8 16 9 10 11 12 13 14 15 17 18 19 20 21 22 23,b96705273e1d0eaabaa4eacc8fa0ad63bf5b7826349b38b56587428695df1542,3e52b8c6048a120fa11f15173eb0e159d88cb667f96a1ef2348dab22bfeb9bba,89.39171,96.63907,868,success_build,True,True,False,unit fuzzy loss,
624,0 1 2 3 4 5 6 7 8 9 16 10 11 12 13 14 15 17 18 19 20 21 22 23,7243c270675810ca7c7a1a2cf062fdfa96a1eee372467571ead6481f716c2343,70fbd9fe58b826372f2b602b56174279fe82723126323da0486c4456446f1fea,89.39171,96.63907,868,success_build,True,True,False,unit fuzzy loss,
625,0 1 2 3 4 5 6 7 8 9 10 16 11 12 13 14 15 17 18 19 20 21 22 23,bb4141bf69b1115f002fc9824055a9cd37015a5889262687f53151c8e9f1a8b3,3a4f43ccb6bc8b19bba8cbf6e1c6318a692970fbb87a5c5edaf7fae5a2769c4d,89.43779,96.64554,868,success_build,True,True,False,unit fuzzy loss,
626,0 1 2 3 4 5 6 7 8 9 10 11 16 12 13 14 15 17 18 19 20 21 22 23,7605403f22022822461dec4c7aecb84a0a3080008152bb15ed8f1ed48466ffbc,b2ec176eae19d1ee4155c44b92f52db45a661cc7446bb81c811daccf40a64419,90.50691,96.7956,868,success_build,True,True,False,unit fuzzy loss,
627,0 1 2 3 4 5 6 7 8 9 10 11 12 16 13 14 15 17 18 19 20 21 22 23,a8a68e3539b6c709f1778738615e30582070b7595df0bb289bbd0d875f14f857,aa0cde4c5fb033a81842579fadee957cc64353e2dce56372fb320ab44d919f5f,90.645164,96.81501,868,success_build,True,True,False,unit fuzzy loss,
628,0 1 2 3 4 5 6 7 8 9 10 11 12 13 16 14 15 17 18 19 20 21 22 23,14b10baa8cdd84fcc75fa73ad1b525daa927f0292183676b3d1560efd313bb54,7b55cc980a93ae3a453f2bd13465ce8518a012598433c49d9039e9faddb2e99b,90.78341,96.83441,868,success_build,True,True,False,unit fuzzy loss,
629,0 1 2 3 4 5 6 7 8 9 10 11 12 13 14 15 17 18 16 19 20 21 22 23,6f08a8549edbfe879f52adef4d1868e428d0f9cee82b0b3d70dd4f7857577cf2,5df439b5c535af22d13644ec127c3cb2c26f1c8eeb9b10d92a1d2d1d4fd0c4c0,90.96774,96.86028,868,success_build,True,True,False,unit fuzzy loss,
630,0 1 2 3 4 5 6 7 8 9 10 11 12 13 14 15 17 18 19 16 20 21 22 23,4392cd368dc7046c8249999c757f597eac4a931bd191ae122f66a3ac042fe969,cdc2e4e747a967e2ea9f422e5de3df169f0bbf0b543d8b69c6e5edca4e98c843,91.013824,96.86675,868,success_build,True,True,True,,
631,0 1 2 3 4 5 6 7 8 9 10 11 12 13 14 15 17 18 19 20 16 21 22 23,1579d3ed41b1151d200caa6afc68226412487e7383b739d8483c880a59761bfc,cdc2e4e747a967e2ea9f422e5de3df169f0bbf0b543d8b69c6e5edca4e98c843,91.013824,96.86675,868,success_build,True,True,True,,
632,0 1 2 3 4 5 6 7 8 9 10 11 12 13 14 15 17 18 19 20 21 16 22 23,fc3072e48f755514f37f04f5c0f44c35705fd1c4e3fbc6118dece929324a270f,cdc2e4e747a967e2ea9f422e5de3df169f0bbf0b543d8b69c6e5edca4e98c843,91.013824,96.86675,868,success_build,True,True,True,,
633,0 1 2 3 4 5 6 7 8 9 10 11 12 13 14 15 17 18 19 20 21 22 16 23,eceaebb0e25f74b850886c6a8221edeab2aa95070c60715c34636fbee252ea30,d94d882c4485f36cee324eb8a6eb97f0f59de00041bdc44576fa43a0d969467f,90.9447,96.85705,868,success_build,True,True,False,unit fuzzy loss,
634,0 1 2 3 4 5 6 7 8 9 10 11 12 13 14 15 17 18 19 20 21 22 23 16,e8fb4cc4729aff8f7030f030129c2534c9ff0791e7238af19c2127d1796c372a,e8a9dcb47e42e4907063c22b0162e3ef3db31be382daa85ac90954200fbcf503,90.668205,96.81824,868,success_build,True,True,False,unit fuzzy loss,
635,17 0 1 2 3 4 5 6 7 8 9 10 11 12 13 14 15 16 18 19 20 21 22 23,68a740fa520e755df22c5f1b9dddcbbc071a4df29c3e6b2a29c1f8fe85708e0e,82acf4442b04e919d947816967528323255f788022388b0581acee9454e3e02a,88.95392,96.57762,868,success_build,True,True,False,unit fuzzy loss,
636,0 17 1 2 3 4 5 6 7 8 9 10 11 12 13 14 15 16 18 19 20 21 22 23,91d2bad64e8c4e119d017dbdf75f65a5170b8046b374113ebc4ffe8415350a1d,e168a7fd77620f0551a11a223dc672700319771c69e65042d66f822dc348423a,89.06912,96.59379,868,success_build,True,True,False,unit fuzzy loss,
637,0 1 17 2 3 4 5 6 7 8 9 10 11 12 13 14 15 16 18 19 20 21 22 23,af66c6e7ebea7aaa093e4a9cdfb9942c5c50c7a80dd0b3f1085154121d8d598f,02812ab4c9e7e6bb5548fc4bcefb66cfdafefba8c96ccb2fcecb3e5b0bc0173c,89.18433,96.60996,868,success_build,True,True,False,unit fuzzy loss,
638,0 1 2 17 3 4 5 6 7 8 9 10 11 12 13 14 15 16 18 19 20 21 22 23,dc1cb37133a35cf1acc95996f92979a3d6d6c38306b6e2078f1b1678883a3263,02812ab4c9e7e6bb5548fc4bcefb66cfdafefba8c96ccb2fcecb3e5b0bc0173c,89.18433,96.60996,868,success_build,True,True,False,unit fuzzy loss,
639,0 1 2 3 17 4 5 6 7 8 9 10 11 12 13 14 15 16 18 19 20 21 22 23,a13f400d733cbea74dcec34515c36346b353cd516070aeed78322562ccbb6554,02812ab4c9e7e6bb5548fc4bcefb66cfdafefba8c96ccb2fcecb3e5b0bc0173c,89.18433,96.60996,868,success_build,True,True,False,unit fuzzy loss,
640,0 1 2 3 4 17 5 6 7 8 9 10 11 12 13 14 15 16 18 19 20 21 22 23,07817eb9fb1a84654fcf0808ca4009c2e100e2b424374c8a474b1f1d4ec72523,02812ab4c9e7e6bb5548fc4bcefb66cfdafefba8c96ccb2fcecb3e5b0bc0173c,89.18433,96.60996,868,success_build,True,True,False,unit fuzzy loss,
641,0 1 2 3 4 5 17 6 7 8 9 10 11 12 13 14 15 16 18 19 20 21 22 23,1b884cd79ce9be3853c5bcfe05b037101c57b6215677c442b0b2e6fbfaecd021,99e8b6ed9a6f0050213733a0a459643480e627757611c1b756aeecdd4a550343,89.18433,96.60996,868,success_build,True,True,False,unit fuzzy loss,
642,0 1 2 3 4 5 6 17 7 8 9 10 11 12 13 14 15 16 18 19 20 21 22 23,e14c2a529d312d7ced94868f238834d020075a8fa9a942b8baba84a128964c63,99e8b6ed9a6f0050213733a0a459643480e627757611c1b756aeecdd4a550343,89.18433,96.60996,868,success_build,True,True,False,unit fuzzy loss,
643,0 1 2 3 4 5 6 7 17 8 9 10 11 12 13 14 15 16 18 19 20 21 22 23,7d82ae68cc244def803ef8d381ff5db27df5233f24c08f42b1add19f61e9327a,99e8b6ed9a6f0050213733a0a459643480e627757611c1b756aeecdd4a550343,89.18433,96.60996,868,success_build,True,True,False,unit fuzzy loss,
644,0 1 2 3 4 5 6 7 8 17 9 10 11 12 13 14 15 16 18 19 20 21 22 23,a75fdbe15fcb26b07e514e36f8937e2f2cf79cdab28bca983dfe310cd31ed992,99e8b6ed9a6f0050213733a0a459643480e627757611c1b756aeecdd4a550343,89.18433,96.60996,868,success_build,True,True,False,unit fuzzy loss,
645,0 1 2 3 4 5 6 7 8 9 17 10 11 12 13 14 15 16 18 19 20 21 22 23,a565c3501385b2c025f8e301849392eeb5124cbb0458ff8037e483f4d495ac85,55b3f914ba7b4e5f68402d8aa9a4298cfade84dd67243a48a7e1804d51941857,89.18433,96.60996,868,success_build,True,True,False,unit fuzzy loss,
646,0 1 2 3 4 5 6 7 8 9 10 17 11 12 13 14 15 16 18 19 20 21 22 23,109ec64d8841ab116e6d28ffdcbcafbac41ff4d99377bdf625e3a1f578ec9711,2a528ca82106e5b5dcd49fa185b11f51d9a41493608a8bf0a1025fd68fb333ed,89.230415,96.61643,868,success_build,True,True,False,unit fuzzy loss,
647,0 1 2 3 4 5 6 7 8 9 10 11 17 12 13 14 15 16 18 19 20 21 22 23,cf8fc0d7dfda1a3bad089db63272112cbb96c7573a98c648f89b3707993721b4,e87689eaa73c684160e7f0cd0c8a0c71b9690496fbcaf031a6117fe5d7efdad9,90.50691,96.7956,868,success_build,True,True,False,unit fuzzy loss,
648,0 1 2 3 4 5 6 7 8 9 10 11 12 17 13 14 15 16 18 19 20 21 22 23,d606c2b15865248cb54f6f2ff487bc06a2ddd9fe0a9029369d4253b18f695415,2540d6e73c8a851df48a8057e10c08619352d750efe97171bb917ba7922681bf,90.645164,96.81501,868,success_build,True,True,False,unit fuzzy loss,
649,0 1 2 3 4 5 6 7 8 9 10 11 12 13 17 14 15 16 18 19 20 21 22 23,e9af233c76c7113b7136586d9df78e2e950bf69680fb007707e46b75ba2fb4a3,62df1fd59897faaba71e4cf1d355792ced53d495b674e62811082e6e1f972991,90.78341,96.83441,868,success_build,True,True,False,unit fuzzy loss,
650,0 1 2 3 4 5 6 7 8 9 10 11 12 13 14 17 15 16 18 19 20 21 22 23,f17984cebe0631ce58a64978a4641611d7bfb6af08a275b1b3af2a69b9cc7fe5,49568b660efc24b6f6f1faa642ef593c9af7a2f5352c0b43f7e926146ace59cd,90.89862,96.850586,868,success_build,True,True,False,unit fuzzy loss,
651,0 1 2 3 4 5 6 7 8 9 10 11 12 13 14 15 16 18 19 17 20 21 22 23,85cc6fe86b9f212bdaa756dec201d3339a09e11b4ba9793d3d23123307d8bbd6,e01d44ae67a7bd0d969025f3bbe21d389c3d70c0ce0ced1ce3650d748d3a7c15,91.129036,96.88293,868,success_build,True,True,True,,
652,0 1 2 3 4 5 6 7 8 9 10 11 12 13 14 15 16 18 19 20 17 21 22 23,fe0ea276dcb62a7323bcb6a82918258ad7e910f233c461318283356e2bcea429,e01d44ae67a7bd0d969025f3bbe21d389c3d70c0ce0ced1ce3650d748d3a7c15,91.129036,96.88293,868,success_build,True,True,True,,
653,0 1 2 3 4 5 6 7 8 9 10 11 12 13 14 15 16 18 19 20 21 17 22 23,5b519ac1a23094d9a305a25bd866010d7c1fa18bd5ee5eb5f3bca85c2c032e22,e01d44ae67a7bd0d969025f3bbe21d389c3d70c0ce0ced1ce3650d748d3a7c15,91.129036,96.88293,868,success_build,True,True,True,,
654,0 1 2 3 4 5 6 7 8 9 10 11 12 13 14 15 16 18 19 20 21 22 17 23,c1af5df966a0db2c4b3e1696760a67d3d090d1b42714b65820cd6c4ca08788c8,2a22f60d0d0d57e91a4a55b3042387665cd4b6af296dc4d9a5596d3823e8aa01,90.9447,96.85705,868,success_build,True,True,False,unit fuzzy loss,
655,0 1 2 3 4 5 6 7 8 9 10 11 12 13 14 15 16 18 19 20 21 22 23 17,3b97dfefcef1536eb2f8726ad20ea01134c2c6b385cca02eeadab9905b1e3a9d,fb0f11f99ce867b22028be95c287324caa651d5a3ea1ca4bceaa1352e8cc93f8,90.80645,96.83765,868,success_build,True,True,False,unit fuzzy loss,
656,18 0 1 2 3 4 5 6 7 8 9 10 11 12 13 14 15 16 17 19 20 21 22 23,8fd50a2b3c7d81b353629ec4a1ffb9104c95f26cb950ea16d4ba0b019c308dc1,8ea3fba0e2ec4b9882649223e28c5ed98055d6d2f8f85bcd3f76fb467289d896,89.230415,96.61643,868,success_build,True,True,False,unit fuzzy loss,
657,0 18 1 2 3 4 5 6 7 8 9 10 11 12 13 14 15 16 17 19 20 21 22 23,4fdad292651c1e4e4732dc8f917c11ab79c3a8c30bb8cccb953756e339f8042d,72aaf4e116fa058b01cb3d0a1ac4ba7b9c59e88b1eb85224428890d4d5788867,89.34562,96.6326,868,success_build,True,True,False,unit fuzzy loss,658
658,0 1 18 2 3 4 5 6 7 8 9 10 11 12 13 14 15 16 17 19 20 21 22 23,abc32c9a4d969fdadc70dfcd5eaaa59492a9811d0889c119f6a1926c66b2628a,6218cd580d68cb127fb3ae4800aa0ee87782885ed28703a951c45cc77ed6aaeb,89.46083,96.64877,868,success_build,True,True,False,unit fuzzy loss,657
659,0 1 2 18 3 4 5 6 7 8 9 10 11 12 13 14 15 16 17 19 20 21 22 23,39c325802366ac612043187fd4f0ac31106b1a035c0eacbb3119038257ef3f36,6218cd580d68cb127fb3ae4800aa0ee87782885ed28703a951c45cc77ed6aaeb,89.46083,96.64877,868,success_build,True,True,False,unit fuzzy loss,
660,0 1 2 3 18 4 5 6 7 8 9 10 11 12 13 14 15 16 17 19 20 21 22 23,cc8f3a953547f446915174b7a7f7ab54caacff51d9dc1c8a1b1197b4653107e1,6218cd580d68cb127fb3ae4800aa0ee87782885ed28703a951c45cc77ed6aaeb,89.46083,96.64877,868,success_build,True,True,False,unit fuzzy loss,
661,0 1 2 3 4 18 5 6 7 8 9 10 11 12 13 14 15 16 17 19 20 21 22 23,b7891039e78edd02fa23ad876ed4819aa7a333926ac2479b23c5f1cfb9e7631c,6218cd580d68cb127fb3ae4800aa0ee87782885ed28703a951c45cc77ed6aaeb,89.46083,96.64877,868,success_build,True,True,False,unit fuzzy loss,
662,0 1 2 3 4 5 18 6 7 8 9 10 11 12 13 14 15 16 17 19 20 21 22 23,d638fa1811fad2eeb56e10821df26b04b1826624533a454b5c7cccb525afd174,2ad1bfc7e5a8b108b376b55803f50268bb63f43dc31b3fdab786a1a72b65b01f,89.46083,96.64877,868,success_build,True,True,False,unit fuzzy loss,
663,0 1 2 3 4 5 6 18 7 8 9 10 11 12 13 14 15 16 17 19 20 21 22 23,6904ec9772c330272369c45a11ab5d3ceb1b68cfcbf3ab4189644c1cf6dacb19,2ad1bfc7e5a8b108b376b55803f50268bb63f43dc31b3fdab786a1a72b65b01f,89.46083,96.64877,868,success_build,True,True,False,unit fuzzy loss,
664,0 1 2 3 4 5 6 7 18 8 9 10 11 12 13 14 15 16 17 19 20 21 22 23,7f757a8c4311db8b1cea2756562441485fcf38483ee637c52cc6adf2818d1d4e,2ad1bfc7e5a8b108b376b55803f50268bb63f43dc31b3fdab786a1a72b65b01f,89.46083,96.64877,868,success_build,True,True,False,unit fuzzy loss,
665,0 1 2 3 4 5 6 7 8 18 9 10 11 12 13 14 15 16 17 19 20 21 22 23,5b90b361b622b6170f0f41de2173dea2efc4891c54856448285fd24dd8c28531,2ad1bfc7e5a8b108b376b55803f50268bb63f43dc31b3fdab786a1a72b65b01f,89.46083,96.64877,868,success_build,True,True,False,unit fuzzy loss,
666,0 1 2 3 4 5 6 7 8 9 18 10 11 12 13 14 15 16 17 19 20 21 22 23,658f46124da0e96f0a5d7a91a47b21fe0ff214cd8bf9d6889f7d9454b0ee0866,0c04118493907d19b701f8f3423642f2af8618cfed295e2fc306b76bff47a57c,89.46083,96.64877,868,success_build,True,True,False,unit fuzzy loss,
667,0 1 2 3 4 5 6 7 8 9 10 18 11 12 13 14 15 16 17 19 20 21 22 23,b48fa08f26c9c09411af41bd0cf5fe12117df5b27dc4efc781b1ea667536259d,ec95b1bd0906a8f6f72fb5007cc17ebb5813ed5dddb177cbc32523ac046a50c8,89.50691,96.65524,868,success_build,True,True,False,unit fuzzy loss,
668,0 1 2 3 4 5 6 7 8 9 10 11 18 12 13 14 15 16 17 19 20 21 22 23,863d65c6ef4b17180dedd6b74b018c473b8e49f347e6afe330e350a17b9b188d,017456d8f22e68fadecf4901863179cd074a1404bf3f3ce89b9c65b900eb952a,90.576035,96.805305,868,success_build,True,True,False,unit fuzzy loss,
669,0 1 2 3 4 5 6 7 8 9 10 11 12 18 13 14 15 16 17 19 20 21 22 23,fd9a7b1d86cc65accf08a71e6cf1a05bc6141d7c4f6b73eb39d11bcd7fdca70e,620811c6dd369efa19b58ef17f0ab66119800c1b95356863ea03d3c5a4bcd5b4,90.71429,96.82471,868,success_build,True,True,False,unit fuzzy loss,
670,0 1 2 3 4 5 6 7 8 9 10 11 12 13 18 14 15 16 17 19 20 21 22 23,16121b7becc00415e8f1a35fee4cc6363307fb7c5489437e1769da896706b572,746bb2fa42a4be37c53b9edb9aea3898a37bb282c75ad8ad5167bc5d2bd6dc89,90.85253,96.84412,868,success_build,True,True,False,unit fuzzy loss,
671,0 1 2 3 4 5 6 7 8 9 10 11 12 13 14 18 15 16 17 19 20 21 22 23,5a779e0b7481c5aeddc505c078a4ee995b04e9312f590dff0f4b5b2a6fdae43b,7b7e40997048ab6b64a9d597c5807807156fe72d274c77851099aa88711ba684,90.96774,96.86028,868,success_build,True,True,False,unit fuzzy loss,
672,0 1 2 3 4 5 6 7 8 9 10 11 12 13 14 15 18 16 17 19 20 21 22 23,0b5ababbea0aba74001e8316aea13da9457b252aff3adef734291e368ff4e162,9b82858abfa9eeed64fb44975b0041872c37c28ae1bb3fa20b9fd52b4a174f88,91.036865,96.86999,868,success_build,True,True,True,,
673,0 1 2 3 4 5 6 7 8 9 10 11 12 13 14 15 16 17 19 20 18 21 22 23,a60b0ffe4017639419cd04c18113799bb260b6702f6c1a4684ced81c82921c5b,3ce9cb9ec77779a4dd875bf595a746ff13c4180d568d616ffcd4cb56cac4b6fd,91.059906,96.87322,868,success_build,True,True,True,,
674,0 1 2 3 4 5 6 7 8 9 10 11 12 13 14 15 16 17 19 20 21 18 22 23,c16065849867dfdc6a646c5459c85371f111f4562149cc0aac0a6dec100f562c,3ce9cb9ec77779a4dd875bf595a746ff13c4180d568d616ffcd4cb56cac4b6fd,91.059906,96.87322,868,success_build,True,True,True,,
675,0 1 2 3 4 5 6 7 8 9 10 11 12 13 14 15 16 17 19 20 21 22 18 23,9fd4576d2f0f69e75948581917e49dacc0617c4c422bdf97a01c966e8bfb7d30,0e358e997090ff50393aaf1e4d089d9926a032d93e4629617b5fb4fb4b761741,90.99078,96.86352,868,success_build,True,True,False,unit fuzzy loss,
676,0 1 2 3 4 5 6 7 8 9 10 11 12 13 14 15 16 17 19 20 21 22 23 18,41248bd536cba98c88e04df73e837c99680596143b7e30332d5aeae721e5953a,cb20c8c5f1112254bfb58bbab56a4c38bc71975c4d7b688ca4a6fd2fc2bd306c,90.71429,96.82471,868,success_build,True,True,False,unit fuzzy loss,
677,19 0 1 2 3 4 5 6 7 8 9 10 11 12 13 14 15 16 17 18 20 21 22 23,49abdadb53241c6618ad1fe3d807cadc6367727c46090457c1ffd31d873c9df4,3eb0c3e741904bb75c5ea311314ef365c90184ca8aaac7fa4ac8b6b8fef613d1,88.86175,96.56468,868,success_build,True,True,False,unit fuzzy loss,
678,0 19 1 2 3 4 5 6 7 8 9 10 11 12 13 14 15 16 17 18 20 21 22 23,cd22b28a58751edd8bbb57e57868e3755db6d637f9ca8476b45c51a07360aad1,687cfbce872ec53c0466fc8a65ce63253070edd14c081e0020833908ff04919b,88.97696,96.58086,868,success_build,True,True,False,unit fuzzy loss,
679,0 1 19 2 3 4 5 6 7 8 9 10 11 12 13 14 15 16 17 18 20 21 22 23,b7392ef0b66f7ffed5b87968aa6c1fe1c45d1e130232aa8406f5860adec2bb9d,a07d38f50d49e7b51d3b5178bcb96ae23322ca2f90cf1266d2d96769a640e40e,89.09216,96.59702,868,success_build,True,True,False,unit fuzzy loss,
680,0 1 2 19 3 4 5 6 7 8 9 10 11 12 13 14 15 16 17 18 20 21 22 23,52f9f612e992adf084dfab8a1f0bd01f21c60016bd00d8c7091b920fe06ac226,a07d38f50d49e7b51d3b5178bcb96ae23322ca2f90cf1266d2d96769a640e40e,89.09216,96.59702,868,success_build,True,True,False,unit fuzzy loss,
681,0 1 2 3 19 4 5 6 7 8 9 10 11 12 13 14 15 16 17 18 20 21 22 23,cccf08e4b4f5b8075f9ba91ba1d625370ff6354af863255fde71fbd7771fa921,a07d38f50d49e7b51d3b5178bcb96ae23322ca2f90cf1266d2d96769a640e40e,89.09216,96.59702,868,success_build,True,True,False,unit fuzzy loss,
682,0 1 2 3 4 19 5 6 7 8 9 10 11 12 13 14 15 16 17 18 20 21 22 23,5867ba4bc2bc4b863c7a160ca11587e42c9108079c8dd59a2dfdf8ae3735b7c5,a07d38f50d49e7b51d3b5178bcb96ae23322ca2f90cf1266d2d96769a640e40e,89.09216,96.59702,868,success_build,True,True,False,unit fuzzy loss,
683,0 1 2 3 4 5 19 6 7 8 9 10 11 12 13 14 15 16 17 18 20 21 22 23,30753411b84f5c6e7b02cc291dfbf6854203e10287cc5ff2dee56badca5fc4f2,99e380c73d353e0f004f09b2581b70d595ff305fd7e8b6ff3ee1b32d788ed981,89.29954,96.62613,868,success_build,True,True,False,unit fuzzy loss,
684,0 1 2 3 4 5 6 19 7 8 9 10 11 12 13 14 15 16 17 18 20 21 22 23,9343b0c85e6bfcbec01ccb7dd0adb239fc8e7cf29ce7333fa54e52b40e13d4c7,99e380c73d353e0f004f09b2581b70d595ff305fd7e8b6ff3ee1b32d788ed981,89.29954,96.62613,868,success_build,True,True,False,unit fuzzy loss,
685,0 1 2 3 4 5 6 7 19 8 9 10 11 12 13 14 15 16 17 18 20 21 22 23,0b97e8892e779b5aeb485a9319eff16cd5fe7fe614c94b7214f1d7d384f0fcc9,99e380c73d353e0f004f09b2581b70d595ff305fd7e8b6ff3ee1b32d788ed981,89.29954,96.62613,868,success_build,True,True,False,unit fuzzy loss,
686,0 1 2 3 4 5 6 7 8 19 9 10 11 12 13 14 15 16 17 18 20 21 22 23,162a47cce9ac7eda365f5f4fc6a5f9247f9bb9bf7c362431650825e2935c3ec5,99e380c73d353e0f004f09b2581b70d595ff305fd7e8b6ff3ee1b32d788ed981,89.29954,96.62613,868,success_build,True,True,False,unit fuzzy loss,
687,0 1 2 3 4 5 6 7 8 9 19 10 11 12 13 14 15 16 17 18 20 21 22 23,54bad601a35a65d84b2da981fbe03e24168ed964025e8947a1a4f1f0d59c7a61,60a170a1e15349ea22aa5589cc2e95470c54e89bb68622f88c84d45797a1777e,89.09216,96.59702,868,success_build,True,True,False,unit fuzzy loss,
688,0 1 2 3 4 5 6 7 8 9 10 19 11 12 13 14 15 16 17 18 20 21 22 23,24a5854da11bd17b19f5898ae88964899389c278ca7c80260aff9851afd68da7,67039f1fc2d276f6376ea8b0762503b516ac4d5cf7cb2ddeebcd45b8fb8d4321,89.13825,96.60349,868,success_build,True,True,False,unit fuzzy loss,
689,0 1 2 3 4 5 6 7 8 9 10 11 19 12 13 14 15 16 17 18 20 21 22 23,fe16a7d431a550499a12a2e226cf3feb4eaacea799d9d8ac8379f2082da8f078,1f1686e1100f913f419c9587a4fc77d76a28e816c50a254f91c18f341f9b5249,90.52995,96.798836,868,success_build,True,True,False,unit fuzzy loss,
690,0 1 2 3 4 5 6 7 8 9 10 11 12 19 13 14 15 16 17 18 20 21 22 23,55a266aa1ceb876174a760d2a3234e117da55b45c035c21caada6d876982cad2,c5a6614d99f3afc44184fcff7e696d7302a4ef1a4d5ef49daadf606cfaf64203,90.668205,96.81824,868,success_build,True,True,False,unit fuzzy loss,
691,0 1 2 3 4 5 6 7 8 9 10 11 12 13 19 14 15 16 17 18 20 21 22 23,523525debcca86ec5973430bb022c44bc26ee8c4eddb6695da00c835afedcbf3,a15c3158a18a7b5d53c8570272c48f6522a011f824679070681433ab4c35e339,90.80645,96.83765,868,success_build,True,True,False,unit fuzzy loss,
692,0 1 2 3 4 5 6 7 8 9 10 11 12 13 14 19 15 16 17 18 20 21 22 23,68976ae3d9b1bb3160673dafdc25382052060521e724dfe6bd1952969beeae14,4e628510f92dc5c5178f70ab66765b766c2aa5bf11b4c5a9e8467f1be0cbfc18,90.92166,96.85381,868,success_build,True,True,False,unit fuzzy loss,
693,0 1 2 3 4 5 6 7 8 9 10 11 12 13 14 15 19 16 17 18 20 21 22 23,d65a8963d660ea7eb1563cfd690f0550d73573679217ae3e268bc5c74b690098,2adac87d553a4e0843a6660cadecd6b8ae0ef284fcc4ac2b2b9c2369b96fcbb7,90.99078,96.86352,868,success_build,True,True,False,unit fuzzy loss,
694,0 1 2 3 4 5 6 7 8 9 10 11 12 13 14 15 16 19 17 18 20 21 22 23,f6f4e9b02bc0d3365b3a9eb89518261a6ca0439b7f67bff1f75ed2fef44079e7,b889ea3ff840d0ec52cb41f46de0c087831b35a587fd6ff953f49b38283eaa05,91.036865,96.86999,868,success_build,True,True,True,,
695,0 1 2 3 4 5 6 7 8 9 10 11 12 13 14 15 16 17 18 20 21 19 22 23,904842f5306c5b9a4cf5bb5d323093d05bc3e0cda77f21da64594b58b0e27109,7f4ca0cfa4bfccfd13f7b0dc476830a8e4531a0e299930ce2ded76ed68b20c94,91.013824,96.86675,868,success_build,True,True,True,,
696,0 1 2 3 4 5 6 7 8 9 10 11 12 13 14 15 16 17 18 20 21 22 19 23,196538ce59050601fe9bb474d714004c056b7007ffef5e9dd9f599d5524202a2,49b7412db65fa55432df2e8954658f245a60d0373646c6004e29826bb6285ab7,90.85253,96.84412,868,success_build,True,True,False,unit fuzzy loss,
697,0 1 2 3 4 5 6 7 8 9 10 11 12 13 14 15 16 17 18 20 21 22 23 19,a8da1072618de10a7830d710709dc792e3e423a31aea63ebbaffef7070c9ea1d,a26c785cc1aebb5c0163ba3ca206785ad6d2aba951037720df7756446cc115e1,90.71429,96.82471,868,success_build,True,True,False,unit fuzzy loss,
698,20 0 1 2 3 4 5 6 7 8 9 10 11 12 13 14 15 16 17 18 19 21 22 23,64d969bb35d4fad369006db747a0c199041967357a2a0bade277626b65263538,7f4ca0cfa4bfccfd13f7b0dc476830a8e4531a0e299930ce2ded76ed68b20c94,91.013824,96.86675,868,success_build,True,True,True,,
699,0 20 1 2 3 4 5 6 7 8 9 10 11 12 13 14 15 16 17 18 19 21 22 23,3023a1bc7472bdafdfe4f7fe99351aecb4aed89250b691085a4f496804bd4c9d,7f4ca0cfa4bfccfd13f7b0dc476830a8e4531a0e299930ce2ded76ed68b20c94,91.013824,96.86675,868,success_build,True,True,True,,
700,0 1 20 2 3 4 5 6 7 8 9 10 11 12 13 14 15 16 17 18 19 21 22 23,f2b5f613ca97f1bbd2515cb083fe596b5f2c66c008041a3f6b110eae4d41dcbd,7f4ca0cfa4bfccfd13f7b0dc476830a8e4531a0e299930ce2ded76ed68b20c94,91.013824,96.86675,868,success_build,True,True,True,,
701,0 1 2 20 3 4 5 6 7 8 9 10 11 12 13 14 15 16 17 18 19 21 22 23,b640fb56470f0c780a22cbc90098aa32c956156e1d7466ecf0b7a06daf89f000,7f4ca0cfa4bfccfd13f7b0dc476830a8e4531a0e299930ce2ded76ed68b20c94,91.013824,96.86675,868,success_build,True,True,True,,
702,0 1 2 3 20 4 5 6 7 8 9 10 11 12 13 14 15 16 17 18 19 21 22 23,b1d9cfab7656998fb36546c4a1f01c35e9ffb35213c5f71704ee1d83202b5266,7f4ca0cfa4bfccfd13f7b0dc476830a8e4531a0e299930ce2ded76ed68b20c94,91.013824,96.86675,868,success_build,True,True,True,,
703,0 1 2 3 4 20 5 6 7 8 9 10 11 12 13 14 15 16 17 18 19 21 22 23,1612a87bbfb7e0f9b503aae459f9f527468f2ac8bc40dacf32a8e562814ae87c,7f4ca0cfa4bfccfd13f7b0dc476830a8e4531a0e299930ce2ded76ed68b20c94,91.013824,96.86675,868,success_build,True,True,True,,
704,0 1 2 3 4 5 20 6 7 8 9 10 11 12 13 14 15 16 17 18 19 21 22 23,7def84c6a4ad27562ac6f796c985b3501a5ad622c1279f5b2d1986a0a6f5ff22,7f4ca0cfa4bfccfd13f7b0dc476830a8e4531a0e299930ce2ded76ed68b20c94,91.013824,96.86675,868,success_build,True,True,True,,
705,0 1 2 3 4 5 6 20 7 8 9 10 11 12 13 14 15 16 17 18 19 21 22 23,f829acceaf1391d62ca71066d42414547e099463f47f72c62c7c893fecdb5f69,7f4ca0cfa4bfccfd13f7b0dc476830a8e4531a0e299930ce2ded76ed68b20c94,91.013824,96.86675,868,success_build,True,True,True,,
706,0 1 2 3 4 5 6 7 20 8 9 10 11 12 13 14 15 16 17 18 19 21 22 23,9c8b9820d001624c0d604e47ede7c52a6d0f9880d2b041957df806ba0ac89378,7f4ca0cfa4bfccfd13f7b0dc476830a8e4531a0e299930ce2ded76ed68b20c94,91.013824,96.86675,868,success_build,True,True,True,,
707,0 1 2 3 4 5 6 7 8 20 9 10 11 12 13 14 15 16 17 18 19 21 22 23,7c35fa68c70dd9fee2f3030a6e4b867197ba84ba834dd70ba22f9469dfe9a6fd,7f4ca0cfa4bfccfd13f7b0dc476830a8e4531a0e299930ce2ded76ed68b20c94,91.013824,96.86675,868,success_build,True,True,True,,
708,0 1 2 3 4 5 6 7 8 9 20 10 11 12 13 14 15 16 17 18 19 21 22 23,8a6186ee268c8d6cca1495cbfb65aa442a6964ac88022b11591d0d7dfe16a5f6,7f4ca0cfa4bfccfd13f7b0dc476830a8e4531a0e299930ce2ded76ed68b20c94,91.013824,96.86675,868,success_build,True,True,True,,
709,0 1 2 3 4 5 6 7 8 9 10 20 11 12 13 14 15 16 17 18 19 21 22 23,205add5e21967e6165d8cbea3e7d095b3127102e10191faec5c7c1f1d1592613,7f4ca0cfa4bfccfd13f7b0dc476830a8e4531a0e299930ce2ded76ed68b20c94,91.013824,96.86675,868,success_build,True,True,True,,
710,0 1 2 3 4 5 6 7 8 9 10 11 20 12 13 14 15 16 17 18 19 21 22 23,400c96d4d2335fc54ff235ad79bd1e845ecfcc8ee6a510bce59a5256c39be63a,7f4ca0cfa4bfccfd13f7b0dc476830a8e4531a0e299930ce2ded76ed68b20c94,91.013824,96.86675,868,success_build,True,True,True,,
711,0 1 2 3 4 5 6 7 8 9 10 11 12 20 13 14 15 16 17 18 19 21 22 23,9cc26f883cd11b1623f0e66ac634b80c2bfa9b102447345bc0f91a785812c892,7f4ca0cfa4bfccfd13f7b0dc476830a8e4531a0e299930ce2ded76ed68b20c94,91.013824,96.86675,868,success_build,True,True,True,,
712,0 1 2 3 4 5 6 7 8 9 10 11 12 13 20 14 15 16 17 18 19 21 22 23,9e9465d6f52c26771a98ccbf87639d5340e4428ea3f3dbbee65ceb3d3b6144e5,7f4ca0cfa4bfccfd13f7b0dc476830a8e4531a0e299930ce2ded76ed68b20c94,91.013824,96.86675,868,success_build,True,True,True,,
713,0 1 2 3 4 5 6 7 8 9 10 11 12 13 14 20 15 16 17 18 19 21 22 23,1606b8c0b3de4163aeb772bf834785f4ab1c62889cb3b312e7f1c5d5dcf06d57,7f4ca0cfa4bfccfd13f7b0dc476830a8e4531a0e299930ce2ded76ed68b20c94,91.013824,96.86675,868,success_build,True,True,True,,
714,0 1 2 3 4 5 6 7 8 9 10 11 12 13 14 15 20 16 17 18 19 21 22 23,34be417f776adcd21392e3850aef5e4953694766393c7ed14c13f86f927f3608,7f4ca0cfa4bfccfd13f7b0dc476830a8e4531a0e299930ce2ded76ed68b20c94,91.013824,96.86675,868,success_build,True,True,True,,
715,0 1 2 3 4 5 6 7 8 9 10 11 12 13 14 15 16 20 17 18 19 21 22 23,9712944b67614f767ac1a4651061f3449db5913150b63130be0086630d862ab9,7f4ca0cfa4bfccfd13f7b0dc476830a8e4531a0e299930ce2ded76ed68b20c94,91.013824,96.86675,868,success_build,True,True,True,,
716,0 1 2 3 4 5 6 7 8 9 10 11 12 13 14 15 16 17 20 18 19 21 22 23,0d60557c89b955ffb25352d0dcdf34b6111f00c208e6f829b7307d89722e5dd6,7f4ca0cfa4bfccfd13f7b0dc476830a8e4531a0e299930ce2ded76ed68b20c94,91.013824,96.86675,868,success_build,True,True,True,,
717,0 1 2 3 4 5 6 7 8 9 10 11 12 13 14 15 16 17 18 19 21 22 20 23,76c4e7234212f6d1bb6fac8ca1c3b83801d0cf1e93c48eadab2535b66ae5e934,796c2b5e9d5453c6aabbc463b79dd69a9b0ac0268773c7a6386407b9bccfc029,91.013824,96.86675,868,success_build,True,True,True,,
718,0 1 2 3 4 5 6 7 8 9 10 11 12 13 14 15 16 17 18 19 21 22 23 20,64fc71a00f6ca795022fd741bb47845c3ce08fd548dfaf4b73a90494b83b84cd,ffe5ee61871f65025afa9d9c9890cf13ce1df63943a7cf82587c0aff7f512f65,90.46083,96.78913,868,success_build,True,True,False,unit fuzzy loss,
719,21 0 1 2 3 4 5 6 7 8 9 10 11 12 13 14 15 16 17 18 19 20 22 23,c08ca37a973c11b0ecd80ca326100e66251e99d3f0e007d3e98ac63ace08f620,796c2b5e9d5453c6aabbc463b79dd69a9b0ac0268773c7a6386407b9bccfc029,91.013824,96.86675,868,success_build,True,True,True,,
720,0 21 1 2 3 4 5 6 7 8 9 10 11 12 13 14 15 16 17 18 19 20 22 23,fd6788c2a6b834b29bfe7e166b7bd248d748516bb006e97073f7bbadfcdabdfa,796c2b5e9d5453c6aabbc463b79dd69a9b0ac0268773c7a6386407b9bccfc029,91.013824,96.86675,868,success_build,True,True,True,,
721,0 1 21 2 3 4 5 6 7 8 9 10 11 12 13 14 15 16 17 18 19 20 22 23,a7212e8b3fcbdc7733cf0bb2ef18e446aad459313a01a030e09e2caa642685c7,796c2b5e9d5453c6aabbc463b79dd69a9b0ac0268773c7a6386407b9bccfc029,91.013824,96.86675,868,success_build,True,True,True,,
722,0 1 2 21 3 4 5 6 7 8 9 10 11 12 13 14 15 16 17 18 19 20 22 23,c8e79c43bc8529f36ef737600cbd1579a81dc1fe7bccd2bdc86d6c058edcca3e,796c2b5e9d5453c6aabbc463b79dd69a9b0ac0268773c7a6386407b9bccfc029,91.013824,96.86675,868,success_build,True,True,True,,
723,0 1 2 3 21 4 5 6 7 8 9 10 11 12 13 14 15 16 17 18 19 20 22 23,a139d45f1d89c913befeb822723c2f4cc10af94d80d21a4e1341255e845ea5be,796c2b5e9d5453c6aabbc463b79dd69a9b0ac0268773c7a6386407b9bccfc029,91.013824,96.86675,868,success_build,True,True,True,,
724,0 1 2 3 4 21 5 6 7 8 9 10 11 12 13 14 15 16 17 18 19 20 22 23,004df51c6bc3f0e7f7a7a2299d2a86fdcc5880ac2aecc17b6c4b79b4bee4e5bc,796c2b5e9d5453c6aabbc463b79dd69a9b0ac0268773c7a6386407b9bccfc029,91.013824,96.86675,868,success_build,True,True,True,,
725,0 1 2 3 4 5 21 6 7 8 9 10 11 12 13 14 15 16 17 18 19 20 22 23,6edee81784d61de611768d5d0a9543436bb704c86b7e19e2c003eee7d26d01b3,796c2b5e9d5453c6aabbc463b79dd69a9b0ac0268773c7a6386407b9bccfc029,91.013824,96.86675,868,success_build,True,True,True,,
726,0 1 2 3 4 5 6 21 7 8 9 10 11 12 13 14 15 16 17 18 19 20 22 23,4d359ebdaa2c1c6d21adaa509db244044157d49d5ed6b8cb2bd61b3aa44ca1ff,796c2b5e9d5453c6aabbc463b79dd69a9b0ac0268773c7a6386407b9bccfc029,91.013824,96.86675,868,success_build,True,True,True,,
727,0 1 2 3 4 5 6 7 21 8 9 10 11 12 13 14 15 16 17 18 19 20 22 23,b03f61be3305d9359cde296136a5ba75f98abd566bc13b7e5ebddc166ecff75d,796c2b5e9d5453c6aabbc463b79dd69a9b0ac0268773c7a6386407b9bccfc029,91.013824,96.86675,868,success_build,True,True,True,,
728,0 1 2 3 4 5 6 7 8 21 9 10 11 12 13 14 15 16 17 18 19 20 22 23,4d50da59ad295fcbef01d93aa27ffc97615cdd58f1279e7e2f9d78262f702bec,796c2b5e9d5453c6aabbc463b79dd69a9b0ac0268773c7a6386407b9bccfc029,91.013824,96.86675,868,success_build,True,True,True,,
729,0 1 2 3 4 5 6 7 8 9 21 10 11 12 13 14 15 16 17 18 19 20 22 23,571ff4e0dbb8e20d4a7548bf464a8e42e97cc9c14ea2857a7833aa4423fd4e20,796c2b5e9d5453c6aabbc463b79dd69a9b0ac0268773c7a6386407b9bccfc029,91.013824,96.86675,868,success_build,True,True,True,,
730,0 1 2 3 4 5 6 7 8 9 10 21 11 12 13 14 15 16 17 18 19 20 22 23,dc2c7567662141aa78e02b9b2607d6b71abe002cf51640cb55a9148bf5c3b4ff,796c2b5e9d5453c6aabbc463b79dd69a9b0ac0268773c7a6386407b9bccfc029,91.013824,96.86675,868,success_build,True,True,True,,
731,0 1 2 3 4 5 6 7 8 9 10 11 21 12 13 14 15 16 17 18 19 20 22 23,d4b152b6e815de2b655b5616ce79983cee9c3d47b7145bc2019ff6dcc1b89c8d,796c2b5e9d5453c6aabbc463b79dd69a9b0ac0268773c7a6386407b9bccfc029,91.013824,96.86675,868,success_build,True,True,True,,
732,0 1 2 3 4 5 6 7 8 9 10 11 12 21 13 14 15 16 17 18 19 20 22 23,4efc309065914b463b0ab43d70eeb7ae3f4d1003f34df7d88aac7ed6d8de6fe4,796c2b5e9d5453c6aabbc463b79dd69a9b0ac0268773c7a6386407b9bccfc029,91.013824,96.86675,868,success_build,True,True,True,,
733,0 1 2 3 4 5 6 7 8 9 10 11 12 13 21 14 15 16 17 18 19 20 22 23,04e60e95f6ae47ca736e5f04123042496299aef7f535a6d3294f77361067e70f,796c2b5e9d5453c6aabbc463b79dd69a9b0ac0268773c7a6386407b9bccfc029,91.013824,96.86675,868,success_build,True,True,True,,
734,0 1 2 3 4 5 6 7 8 9 10 11 12 13 14 21 15 16 17 18 19 20 22 23,e54ccc4f87c76636aea8c004c9db07ea93a36f249bc63df632500f424125d372,796c2b5e9d5453c6aabbc463b79dd69a9b0ac0268773c7a6386407b9bccfc029,91.013824,96.86675,868,success_build,True,True,True,,
735,0 1 2 3 4 5 6 7 8 9 10 11 12 13 14 15 21 16 17 18 19 20 22 23,9da88306e73beaf325e8aa0305c49733f0e8c06a079675d56da53332700d3705,796c2b5e9d5453c6aabbc463b79dd69a9b0ac0268773c7a6386407b9bccfc029,91.013824,96.86675,868,success_build,True,True,True,,
736,0 1 2 3 4 5 6 7 8 9 10 11 12 13 14 15 16 21 17 18 19 20 22 23,8b72ff8a8e329c57dcf530dd1378ef886a54f223926ab87a25e8f33703cb1745,796c2b5e9d5453c6aabbc463b79dd69a9b0ac0268773c7a6386407b9bccfc029,91.013824,96.86675,868,success_build,True,True,True,,
737,0 1 2 3 4 5 6 7 8 9 10 11 12 13 14 15 16 17 21 18 19 20 22 23,3056c066c5a4f221ee2390458f71477ffe2fb24618ef9c06ba8021489d389daa,796c2b5e9d5453c6aabbc463b79dd69a9b0ac0268773c7a6386407b9bccfc029,91.013824,96.86675,868,success_build,True,True,True,,
738,0 1 2 3 4 5 6 7 8 9 10 11 12 13 14 15 16 17 18 21 19 20 22 23,5b7f0c6107dfa247ebef9fcd98999d5dcd590f72d8ae0cd618b619e458a4464d,796c2b5e9d5453c6aabbc463b79dd69a9b0ac0268773c7a6386407b9bccfc029,91.013824,96.86675,868,success_build,True,True,True,,
739,0 1 2 3 4 5 6 7 8 9 10 11 12 13 14 15 16 17 18 19 20 22 23 21,3c7783c38606a2385f1c4855831edea320f4829506749e7a25f68d6d29386cbf,ef44f577d64b1b59fa185c224ada81ba8f1e8b6cda76c80d84697ba9e770a4fa,89.03226,96.588615,868,success_build,True,True,False,unit fuzzy loss,
740,22 0 1 2 3 4 5 6 7 8 9 10 11 12 13 14 15 16 17 18 19 20 21 23,9abe2c32a08788f4281fd37a86d63dbac53ff90142c772ea6af28f0c2e289a64,f736214847890bc25ad377291408800a072c9a414e266b41aacc36a043c4ebc1,88.746544,96.548515,868,success_build,True,True,False,unit fuzzy loss,
741,0 22 1 2 3 4 5 6 7 8 9 10 11 12 13 14 15 16 17 18 19 20 21 23,f500efe801f537d8dd8836447c943f7c3cd819b75b4e20e62b437a38049e8852,93bbff9cf9724810f70989822a69829db32c53ba90fc30bdb22ab703721a6d8b,88.86175,96.56468,868,success_build,True,True,False,unit fuzzy loss,
742,0 1 22 2 3 4 5 6 7 8 9 10 11 12 13 14 15 16 17 18 19 20 21 23,3d2e5144a389f5fef839e19bfb49d3f2444c5edf183150a2d69c5343d2a0c1f9,cd49a48ff9b9a60e67c5e5af9791052e173c7135facd0b8bc2eacc4b4221faa9,88.97696,96.58086,868,success_build,True,True,False,unit fuzzy loss,
743,0 1 2 22 3 4 5 6 7 8 9 10 11 12 13 14 15 16 17 18 19 20 21 23,0b6ce4a70a8f150684f66d4346db623c65896c8cbde67d0bb2fd313692aad218,cd49a48ff9b9a60e67c5e5af9791052e173c7135facd0b8bc2eacc4b4221faa9,88.97696,96.58086,868,success_build,True,True,False,unit fuzzy loss,
744,0 1 2 3 22 4 5 6 7 8 9 10 11 12 13 14 15 16 17 18 19 20 21 23,b037272a7a179cbf8843a032df9567c2ce1e73408994a36a7ff66c8e9f2fd968,cd49a48ff9b9a60e67c5e5af9791052e173c7135facd0b8bc2eacc4b4221faa9,88.97696,96.58086,868,success_build,True,True,False,unit fuzzy loss,
745,0 1 2 3 4 22 5 6 7 8 9 10 11 12 13 14 15 16 17 18 19 20 21 23,c728b2f012136072dfbf6d7da22a7e1375bb243287c314481859565e1af5ffd9,cd49a48ff9b9a60e67c5e5af9791052e173c7135facd0b8bc2eacc4b4221faa9,88.97696,96.58086,868,success_build,True,True,False,unit fuzzy loss,
746,0 1 2 3 4 5 22 6 7 8 9 10 11 12 13 14 15 16 17 18 19 20 21 23,d13e77c67a03812e99cab17b5e6bda0999cfe928b7efdbf571b1aaff498b1660,662d8b098f60d2f6750b665f5b04f01bf0f96a4d92e9bfce2fff736e15a28f6c,89.18433,96.60996,868,success_build,True,True,False,unit fuzzy loss,
747,0 1 2 3 4 5 6 22 7 8 9 10 11 12 13 14 15 16 17 18 19 20 21 23,9d8de7844a4a816e31bbcd271a6d8b93239224c9d8417ee43790c08357727cb1,662d8b098f60d2f6750b665f5b04f01bf0f96a4d92e9bfce2fff736e15a28f6c,89.18433,96.60996,868,success_build,True,True,False,unit fuzzy loss,
748,0 1 2 3 4 5 6 7 22 8 9 10 11 12 13 14 15 16 17 18 19 20 21 23,c4a5eb21274c206e4c9d4ef5073e6885a4f83dc1a00018b4ce64f1287c469a47,662d8b098f60d2f6750b665f5b04f01bf0f96a4d92e9bfce2fff736e15a28f6c,89.18433,96.60996,868,success_build,True,True,False,unit fuzzy loss,
749,0 1 2 3 4 5 6 7 8 22 9 10 11 12 13 14 15 16 17 18 19 20 21 23,01d2cd0f55617e18b355a09581d373874e49c29c61bb51a2e575f11fc3797675,662d8b098f60d2f6750b665f5b04f01bf0f96a4d92e9bfce2fff736e15a28f6c,89.18433,96.60996,868,success_build,True,True,False,unit fuzzy loss,
750,0 1 2 3 4 5 6 7 8 9 22 10 11 12 13 14 15 16 17 18 19 20 21 23,1593fcbc0c307f27c8aa8d0804a3dbdee0b410b7be6b0b8d71d945bdf2f3a1b4,b0200aca9da676ccb9e17c13e0a10a69cc07a9dd5a5d73f60ee97a2ccb112df7,88.97696,96.58086,868,success_build,True,True,False,unit fuzzy loss,
751,0 1 2 3 4 5 6 7 8 9 10 22 11 12 13 14 15 16 17 18 19 20 21 23,281e7f63f6ef3192ca73b05b65214e53db88076ad05cdbe0e2542e59944738f6,53d697d7a7d4b21f6e701fd7f59c2662390df40e35258c83c33554ec826fdb02,89.02304,96.58732,868,success_build,True,True,False,unit fuzzy loss,
752,0 1 2 3 4 5 6 7 8 9 10 11 22 12 13 14 15 16 17 18 19 20 21 23,ba22b24f626e1703fbebf3f8e93eb0205db1b927434d6db3f6ff16514bcf44f9,4b065fccfc4eee777104e1a5ad654426c62c8978be9166b0ea96249347e7e7ea,90.41475,96.78266,868,success_build,True,True,False,unit fuzzy loss,
753,0 1 2 3 4 5 6 7 8 9 10 11 12 22 13 14 15 16 17 18 19 20 21 23,7004a26476764f8413f70ae89575658d92a10f4ac52d9d6caf653ecc5fd914a7,379275a853ad7029fe750b118d527c9918070b5faf3d7e98cf7c88b7dc149536,90.55299,96.80207,868,success_build,True,True,False,unit fuzzy loss,
754,0 1 2 3 4 5 6 7 8 9 10 11 12 13 22 14 15 16 17 18 19 20 21 23,cd9905a9c6b7d7c9c76adb2b6ba7820be52b348e57fd51b61a190e0b24e05b19,d2304cc3b39e4f4cb72b69a8fc1f59486cdf2e37b49b42c313819044db1a4644,90.691246,96.82147,868,success_build,True,True,False,unit fuzzy loss,
755,0 1 2 3 4 5 6 7 8 9 10 11 12 13 14 22 15 16 17 18 19 20 21 23,0da0991c6f368a52e9265ed1660793b1aed480ad2e53cdb207c7eab7ac6a6e47,3712e7f055a6f507761dab34cf5585664f1bf4d937a493d1ed3e69be635563eb,90.80645,96.83765,868,success_build,True,True,False,unit fuzzy loss,
756,0 1 2 3 4 5 6 7 8 9 10 11 12 13 14 15 22 16 17 18 19 20 21 23,036234d2ff9a4baf208af1700332e443f98492a583be3c9c23da2030c2f383fb,9296cf75eb08492305d36f54615617fed60f503705768fdc0085f3d99904e04d,90.87558,96.84735,868,success_build,True,True,False,unit fuzzy loss,
757,0 1 2 3 4 5 6 7 8 9 10 11 12 13 14 15 16 22 17 18 19 20 21 23,13d26b53781ae30156791a12b5d67943ecb201758aaca9b59381ad046ef9ef9d,4c0f04703413a095ee4f6a8f9070d4320e42555a5a4d3d2ee91d1dc5c2c9bf83,90.92166,96.85381,868,success_build,True,True,False,unit fuzzy loss,
758,0 1 2 3 4 5 6 7 8 9 10 11 12 13 14 15 16 17 22 18 19 20 21 23,7cef00c07f96da4b5e248d862491a77d3c23ba2e11244c8cff34d520ca4736e0,46322d6560220459bbd21dfc9a05f5a55923f1b66edc1efd52f1f42330fc2ab3,90.87558,96.84735,868,success_build,True,True,False,unit fuzzy loss,
759,0 1 2 3 4 5 6 7 8 9 10 11 12 13 14 15 16 17 18 22 19 20 21 23,c518f2e1d849dd480a83f23584f112db07797f5d4c35d8ba6f21fbc6201e1a56,49b7412db65fa55432df2e8954658f245a60d0373646c6004e29826bb6285ab7,90.85253,96.84412,868,success_build,True,True,False,unit fuzzy loss,
760,0 1 2 3 4 5 6 7 8 9 10 11 12 13 14 15 16 17 18 19 22 20 21 23,f3bb53514ca2cd4dd3eef3807b09930c392b1878fc5e7d8e9aefadde698dbde6,7f4ca0cfa4bfccfd13f7b0dc476830a8e4531a0e299930ce2ded76ed68b20c94,91.013824,96.86675,868,success_build,True,True,True,,
761,23 0 1 2 3 4 5 6 7 8 9 10 11 12 13 14 15 16 17 18 19 20 21 22,2419315cea1369d43e0764aa00933b63176e57f3b7e8beba131a0b8248080232,d7ec7397c44851098a66a64d5a8d6a4f43968ce31efa73cd39da2dceec1259ca,88.80184,96.556274,868,success_build,True,True,False,unit fuzzy loss,
762,0 23 1 2 3 4 5 6 7 8 9 10 11 12 13 14 15 16 17 18 19 20 21 22,fc20e3246b6f5a0cf5fbaa2d01de9382a800feaac0751f74f30c18959d6073fe,d7ec7397c44851098a66a64d5a8d6a4f43968ce31efa73cd39da2dceec1259ca,88.80184,96.556274,868,success_build,True,True,False,unit fuzzy loss,
763,0 1 23 2 3 4 5 6 7 8 9 10 11 12 13 14 15 16 17 18 19 20 21 22,fac4ec14f48078b453f51e10076efaba8c1215fcb47b6b476c899d955b8a70fd,d7ec7397c44851098a66a64d5a8d6a4f43968ce31efa73cd39da2dceec1259ca,88.80184,96.556274,868,success_build,True,True,False,unit fuzzy loss,
764,0 1 2 23 3 4 5 6 7 8 9 10 11 12 13 14 15 16 17 18 19 20 21 22,eb1d9551fc7e1bfd8d80df0bb9184fd6a227ad35e9fc50c66814258e74db11fd,d7ec7397c44851098a66a64d5a8d6a4f43968ce31efa73cd39da2dceec1259ca,88.80184,96.556274,868,success_build,True,True,False,unit fuzzy loss,
765,0 1 2 3 23 4 5 6 7 8 9 10 11 12 13 14 15 16 17 18 19 20 21 22,428f9ab0398a4e47fe8be441e39822c1dc2e4cb51924c24d0ab54206208ee24e,d7ec7397c44851098a66a64d5a8d6a4f43968ce31efa73cd39da2dceec1259ca,88.80184,96.556274,868,success_build,True,True,False,unit fuzzy loss,
766,0 1 2 3 4 23 5 6 7 8 9 10 11 12 13 14 15 16 17 18 19 20 21 22,908743cdfcaa1d1fbd30814601e0682327e64254980c0c1181f5933fb6636ea4,d7ec7397c44851098a66a64d5a8d6a4f43968ce31efa73cd39da2dceec1259ca,88.80184,96.556274,868,success_build,True,True,False,unit fuzzy loss,
767,0 1 2 3 4 5 23 6 7 8 9 10 11 12 13 14 15 16 17 18 19 20 21 22,061f79f432fae6041e4813ca9e41225b60d7d3667bdb41d5ac5a11e637dc0368,d7ec7397c44851098a66a64d5a8d6a4f43968ce31efa73cd39da2dceec1259ca,88.80184,96.556274,868,success_build,True,True,False,unit fuzzy loss,
768,0 1 2 3 4 5 6 23 7 8 9 10 11 12 13 14 15 16 17 18 19 20 21 22,c672145ab156d07d7404f019def698c571b82f7ff2e0b9974b04a613e90024bf,d7ec7397c44851098a66a64d5a8d6a4f43968ce31efa73cd39da2dceec1259ca,88.80184,96.556274,868,success_build,True,True,False,unit fuzzy loss,
769,0 1 2 3 4 5 6 7 23 8 9 10 11 12 13 14 15 16 17 18 19 20 21 22,eb4a15a82bf6e72916d0f334a73b980a9440076a108390b16e9fbb049cc8085f,d7ec7397c44851098a66a64d5a8d6a4f43968ce31efa73cd39da2dceec1259ca,88.80184,96.556274,868,success_build,True,True,False,unit fuzzy loss,
770,0 1 2 3 4 5 6 7 8 23 9 10 11 12 13 14 15 16 17 18 19 20 21 22,a99deafac9f45dfaaddb86279573ecf146375c7cf68185c934a28b67e81cfc6f,d7ec7397c44851098a66a64d5a8d6a4f43968ce31efa73cd39da2dceec1259ca,88.80184,96.556274,868,success_build,True,True,False,unit fuzzy loss,
771,0 1 2 3 4 5 6 7 8 9 23 10 11 12 13 14 15 16 17 18 19 20 21 22,5a2d127ee6110cffdf7383a610aca1771b601409be04005dad202eb77617bf15,d7ec7397c44851098a66a64d5a8d6a4f43968ce31efa73cd39da2dceec1259ca,88.80184,96.556274,868,success_build,True,True,False,unit fuzzy loss,
772,0 1 2 3 4 5 6 7 8 9 10 23 11 12 13 14 15 16 17 18 19 20 21 22,db607e5884a81960a7cb4a99aa9baf701a533e2dcf5d5432df00d06d7639cdb5,d7ec7397c44851098a66a64d5a8d6a4f43968ce31efa73cd39da2dceec1259ca,88.80184,96.556274,868,success_build,True,True,False,unit fuzzy loss,
773,0 1 2 3 4 5 6 7 8 9 10 11 23 12 13 14 15 16 17 18 19 20 21 22,7638f009f90adc7a39d3f02667cbdfd47974f2ce2a0ad75002e02d67635246b8,d7ec7397c44851098a66a64d5a8d6a4f43968ce31efa73cd39da2dceec1259ca,88.80184,96.556274,868,success_build,True,True,False,unit fuzzy loss,
774,0 1 2 3 4 5 6 7 8 9 10 11 12 23 13 14 15 16 17 18 19 20 21 22,7a4558a11148d4f3bb357fe3453b4031c77216083b58e4a83e213754df417f6a,d7ec7397c44851098a66a64d5a8d6a4f43968ce31efa73cd39da2dceec1259ca,88.80184,96.556274,868,success_build,True,True,False,unit fuzzy loss,
775,0 1 2 3 4 5 6 7 8 9 10 11 12 13 23 14 15 16 17 18 19 20 21 22,21424b80e27323a14a381c9b3210c10914b9e05737a6afeeac491b89ea25c0f9,d7ec7397c44851098a66a64d5a8d6a4f43968ce31efa73cd39da2dceec1259ca,88.80184,96.556274,868,success_build,True,True,False,unit fuzzy loss,
776,0 1 2 3 4 5 6 7 8 9 10 11 12 13 14 23 15 16 17 18 19 20 21 22,17b2ecacd37622777ff3aa78e04acbf487a9213ada3f8263007f8aae5d621ea9,d7ec7397c44851098a66a64d5a8d6a4f43968ce31efa73cd39da2dceec1259ca,88.80184,96.556274,868,success_build,True,True,False,unit fuzzy loss,
777,0 1 2 3 4 5 6 7 8 9 10 11 12 13 14 15 23 16 17 18 19 20 21 22,bdbe2bff383258ef164c8afa69291db2eed62f3217e6603a2f2808491a9f8ae0,d7ec7397c44851098a66a64d5a8d6a4f43968ce31efa73cd39da2dceec1259ca,88.80184,96.556274,868,success_build,True,True,False,unit fuzzy loss,
778,0 1 2 3 4 5 6 7 8 9 10 11 12 13 14 15 16 23 17 18 19 20 21 22,421883f86214b855c6d339a6d9b4439cfcbbb71fc57ff3395b881df5615831eb,d7ec7397c44851098a66a64d5a8d6a4f43968ce31efa73cd39da2dceec1259ca,88.80184,96.556274,868,success_build,True,True,False,unit fuzzy loss,
779,0 1 2 3 4 5 6 7 8 9 10 11 12 13 14 15 16 17 23 18 19 20 21 22,a0da7140626f237dc1bb5a7d6e24d0214e696369c240f0f9c3d3efbc35b7a8bb,d7ec7397c44851098a66a64d5a8d6a4f43968ce31efa73cd39da2dceec1259ca,88.80184,96.556274,868,success_build,True,True,False,unit fuzzy loss,
780,0 1 2 3 4 5 6 7 8 9 10 11 12 13 14 15 16 17 18 23 19 20 21 22,3631be46fe5d12c49ac018cdb0285ffeecb02240be576e2414cbc93444b13fd9,d7ec7397c44851098a66a64d5a8d6a4f43968ce31efa73cd39da2dceec1259ca,88.80184,96.556274,868,success_build,True,True,False,unit fuzzy loss,
781,0 1 2 3 4 5 6 7 8 9 10 11 12 13 14 15 16 17 18 19 23 20 21 22,0fa24ce164206fbf29b2d222e567446812c1c7651c78c1445351e5048fb0173a,d7ec7397c44851098a66a64d5a8d6a4f43968ce31efa73cd39da2dceec1259ca,88.80184,96.556274,868,success_build,True,True,False,unit fuzzy loss,
782,0 1 2 3 4 5 6 7 8 9 10 11 12 13 14 15 16 17 18 19 20 23 21 22,8831426349f3dfdbfe436e3d686da898b77afc8796373d15a11e476f97bfedf3,587fe403face60a0516fcf772abc9bf231ebbcfdac4ebf0886105dfbcf1ff5b8,88.7788,96.55304,868,success_build,True,True,False,unit fuzzy loss,
