call,order_indices,source_sha256,object_sha256,fuzzy,unit_fuzzy,function_bytes,compile_status,source_stable,object_build_message,admissible,gate_failures,previous_fixed_call,previous_next_call
0,0 1 2 3 4 5 6 7 8 9 10 11 12 13 14 15 16 17 18 19 20 21 22 23,dd72be279635ec04682558ba09b79e74284f52a70e7cbe22620b0190fdc4fc5f,e01d44ae67a7bd0d969025f3bbe21d389c3d70c0ce0ced1ce3650d748d3a7c15,91.129036,96.88293,868,success_build,True,True,True,,,258
1,1 0 2 3 4 5 6 7 8 9 10 11 12 13 14 15 16 17 18 19 20 21 22 23,7ca769d2ceeecbe51f69b8b46436b7625c15d96297290a96dec52b78618946a9,ed8bf8a6c22dc46d8c06d1613e533a6601088b09cc0025582c67351afc61d0c6,90.89862,96.850586,868,success_build,True,True,False,unit fuzzy loss,,
2,2 1 0 3 4 5 6 7 8 9 10 11 12 13 14 15 16 17 18 19 20 21 22 23,26dd5dcf2cea0d93b93f9b9156d74d0fad331d52a2701ad6fe931c824ada57d2,ed8bf8a6c22dc46d8c06d1613e533a6601088b09cc0025582c67351afc61d0c6,90.89862,96.850586,868,success_build,True,True,False,unit fuzzy loss,,
3,3 1 2 0 4 5 6 7 8 9 10 11 12 13 14 15 16 17 18 19 20 21 22 23,9ce885f68201c36b9dac1139d80fd570c6f1ba96c8b0230df93a377fe317ff15,ed8bf8a6c22dc46d8c06d1613e533a6601088b09cc0025582c67351afc61d0c6,90.89862,96.850586,868,success_build,True,True,False,unit fuzzy loss,,
4,4 1 2 3 0 5 6 7 8 9 10 11 12 13 14 15 16 17 18 19 20 21 22 23,b16bdcd8c10f988395d8ee78c8c35b2bc82cdff050aba6c49ffc9963ed7b16e3,ed8bf8a6c22dc46d8c06d1613e533a6601088b09cc0025582c67351afc61d0c6,90.89862,96.850586,868,success_build,True,True,False,unit fuzzy loss,,
5,5 1 2 3 4 0 6 7 8 9 10 11 12 13 14 15 16 17 18 19 20 21 22 23,aaf1b880f58963dd98b41f4934d0544205201843d310b2b7fe363f77be2383f8,1c4ec3a827301cae3f058a8777e820ab8c0649651755136bc4cfc7bc81836998,91.013824,96.86675,868,success_build,True,True,False,unit fuzzy loss,,
6,6 1 2 3 4 5 0 7 8 9 10 11 12 13 14 15 16 17 18 19 20 21 22 23,a61c8fcc2e1a7ad3601f655ad36d91844d1acf6fde0befe320c26c76bacba726,b3a01494f325f805a10ea83dbd6d552d0f400cced27492f2189d4ae74c362785,90.73733,96.82794,868,success_build,True,True,False,unit fuzzy loss,,
7,7 1 2 3 4 5 6 0 8 9 10 11 12 13 14 15 16 17 18 19 20 21 22 23,55d3bbec5a24f2726236400f82c38004f2b6e7ce8317c2ebcfab99a54c235d97,b3a01494f325f805a10ea83dbd6d552d0f400cced27492f2189d4ae74c362785,90.73733,96.82794,868,success_build,True,True,False,unit fuzzy loss,,
8,8 1 2 3 4 5 6 7 0 9 10 11 12 13 14 15 16 17 18 19 20 21 22 23,e7e7c0d7b5e9631ae6f94d69f0be6b33f9012748846bd0ba617e5891afffaa2a,b3a01494f325f805a10ea83dbd6d552d0f400cced27492f2189d4ae74c362785,90.73733,96.82794,868,success_build,True,True,False,unit fuzzy loss,,
9,9 1 2 3 4 5 6 7 8 0 10 11 12 13 14 15 16 17 18 19 20 21 22 23,395eec097b7ec9506ca0d38cb8bed0b8e214c2a41762748891cfbe7180d551f8,3bf6d1ae4852170e783ec229f7a92c28db74217c6d6f6acc80698e96426b3a24,91.013824,96.86675,868,success_build,True,True,False,unit fuzzy loss,,
10,10 1 2 3 4 5 6 7 8 9 0 11 12 13 14 15 16 17 18 19 20 21 22 23,6cd54570959645f6b7d50068d9fec53ce1597d1d2d6b9414a438d92c0b7add89,b424b0bd4e5d3f6f76cf5dd437afa616ba9121abb1453ab8ad56aeb2c8385797,90.76037,96.83118,868,success_build,True,True,False,unit fuzzy loss,,
11,11 1 2 3 4 5 6 7 8 9 10 0 12 13 14 15 16 17 18 19 20 21 22 23,98d2c9258fddebad864b0442fcef5cbf7262ddbce4d3a42f0be762542263f99b,2dae04d45aa2a09669d6a3effecb48610f3d17cb423869f0bb5eb4b46f680ddf,90.691246,96.82147,868,success_build,True,True,False,unit fuzzy loss,,
12,12 1 2 3 4 5 6 7 8 9 10 11 0 13 14 15 16 17 18 19 20 21 22 23,b9e187172ac1f9d094c78d3c77df058ae14333867465218c6ad313149b2ffa74,3c0c045c6b8902744d20baaf9ed09e156617cd258287d6a1f2940a23ba7f9b1e,89.741936,96.688225,868,success_build,True,True,False,unit fuzzy loss,,
13,13 1 2 3 4 5 6 7 8 9 10 11 12 0 14 15 16 17 18 19 20 21 22 23,34ef3f084559f1dc967ab5a79d8fa29e2b44e2eb0359be3b0f6704b4f9a901b7,e33a82ea5fec0dc745bf6666e4d31d318d3ff97a1846a6f649913d3aac1f0388,89.769585,96.69211,868,success_build,True,True,False,unit fuzzy loss,,
14,14 1 2 3 4 5 6 7 8 9 10 11 12 13 0 15 16 17 18 19 20 21 22 23,3775f9354f790112fbcd72c46ea44fa33867d13ed98903024571bd4172244031,ae7655ab2778a555ac2e73f82790d37c67450c6c899856dfb408d756efb0e417,90.89862,96.850586,868,success_build,True,True,False,unit fuzzy loss,,
15,15 1 2 3 4 5 6 7 8 9 10 11 12 13 14 0 16 17 18 19 20 21 22 23,04529c68c8fc417f42ea9753d760faf91e774cfcfd5ee10253daa92457d9d503,20e8764e20f6f042b3b846a836cdd7f53e07ee7f2720fbf3a3ad85309d582691,90.9447,96.85705,868,success_build,True,True,False,unit fuzzy loss,,
16,16 1 2 3 4 5 6 7 8 9 10 11 12 13 14 15 0 17 18 19 20 21 22 23,ef729300deb66305f2a9c76a92655945cd935ef263401f4f6b93885eff1b6d72,e2ae7aec113545bfeba71d9eb8993953fefdf1a823c8641a50c02a6a56f47fd1,90.96774,96.86028,868,success_build,True,True,False,unit fuzzy loss,,
17,17 1 2 3 4 5 6 7 8 9 10 11 12 13 14 15 16 0 18 19 20 21 22 23,9bc81f7757cc436bf310b121b4d8222792c424aace900efdefab6044e7abcb27,2dbd7f2a59860a778241b4241ddc26c6505538867aece1c96661c2ad99830e8d,89.97696,96.721214,868,success_build,True,True,False,unit fuzzy loss,,
18,18 1 2 3 4 5 6 7 8 9 10 11 12 13 14 15 16 17 0 19 20 21 22 23,16b89cd7cf917fe48e07b4c006875e4c60185bc1e69bd950f85d041688c773ad,f043bdee505e394909952f34dc3d2f5419a7da18c60ed0ca0651ff86a1268846,91.013824,96.86675,868,success_build,True,True,False,unit fuzzy loss,,
19,19 1 2 3 4 5 6 7 8 9 10 11 12 13 14 15 16 17 18 0 20 21 22 23,cfe64703731ae999a709aaf081410db828302b548ac52b191373ce15526650a9,dbdad1c77f1d634ce1c976f20217a4a40d66db4534540e383c96289b70df1202,90.599075,96.80854,868,success_build,True,True,False,unit fuzzy loss,,
20,20 1 2 3 4 5 6 7 8 9 10 11 12 13 14 15 16 17 18 19 0 21 22 23,7b5a270c33902ecec13f4917cd25aa4987398b2301b908702c5cca2c1d5a1c25,b7e48c6846ac179053ea4c2d33a14497f5e46d3ea9ab6173686a0e277046aa78,90.73733,96.82794,868,success_build,True,True,False,unit fuzzy loss,,
21,21 1 2 3 4 5 6 7 8 9 10 11 12 13 14 15 16 17 18 19 20 0 22 23,a9b665bdff6966991bc115feaea5cffe1bc3aa93b912edbf4775bbac4a55cd94,7876dce3293500deea6126681b5831cdb613d14ba5e9c03a1d43e9a512d12b10,89.884796,96.70828,868,success_build,True,True,False,unit fuzzy loss,,
22,22 1 2 3 4 5 6 7 8 9 10 11 12 13 14 15 16 17 18 19 20 21 0 23,eb580947fecaf32782040166c5526807912f73296eb01e302009a527ffb1939e,609f26cc503ed2d18f13a63cfd6b0b95e8e038589ab27b8ad6a264a0e0de2a26,90.576035,96.805305,868,success_build,True,True,False,unit fuzzy loss,,
23,23 1 2 3 4 5 6 7 8 9 10 11 12 13 14 15 16 17 18 19 20 21 22 0,713407f78fdbef6acd09ee7b314d5164fad798fbf0449e973461d4b8d6e7cb78,92796ec882f5daedadff97f7d53988e1068fa97c3a636ab39f81ff376ebe2d7a,87.90323,96.430145,868,success_build,True,True,False,unit fuzzy loss,,
24,0 2 1 3 4 5 6 7 8 9 10 11 12 13 14 15 16 17 18 19 20 21 22 23,0d93498a4e1d8df5d3fe65d8fc3e8fa51f77c7dbe2103643604bfcab6dc9e694,e01d44ae67a7bd0d969025f3bbe21d389c3d70c0ce0ced1ce3650d748d3a7c15,91.129036,96.88293,868,success_build,True,True,True,,,
25,0 3 2 1 4 5 6 7 8 9 10 11 12 13 14 15 16 17 18 19 20 21 22 23,59ebabbca8ce4babc85e15b5dd2847f3b69775c078f895c13077536ca043f583,e01d44ae67a7bd0d969025f3bbe21d389c3d70c0ce0ced1ce3650d748d3a7c15,91.129036,96.88293,868,success_build,True,True,True,,,
26,0 4 2 3 1 5 6 7 8 9 10 11 12 13 14 15 16 17 18 19 20 21 22 23,57665c620472c76670e2496b05735d459e866ab437abf9852703434b5317d3f1,e01d44ae67a7bd0d969025f3bbe21d389c3d70c0ce0ced1ce3650d748d3a7c15,91.129036,96.88293,868,success_build,True,True,True,,,
27,0 5 2 3 4 1 6 7 8 9 10 11 12 13 14 15 16 17 18 19 20 21 22 23,be42fd91836990efaadba49b9b784903535000fa5d89867d0eb0a24f21cc8c51,2b17a4f383e88b79ffe0a2e66257e2c7a5a407c0a55ad76b98802e3d0f5a50f5,90.85253,96.84412,868,success_build,True,True,False,unit fuzzy loss,,
28,0 6 2 3 4 5 1 7 8 9 10 11 12 13 14 15 16 17 18 19 20 21 22 23,4f6804e431b34820d6d703dbc8711de1e4aa0d794cbbd3da5cdfd90c01996f43,2b17a4f383e88b79ffe0a2e66257e2c7a5a407c0a55ad76b98802e3d0f5a50f5,90.85253,96.84412,868,success_build,True,True,False,unit fuzzy loss,,
29,0 7 2 3 4 5 6 1 8 9 10 11 12 13 14 15 16 17 18 19 20 21 22 23,e8a6909fd6667d37c5ec5c5b6ba6031e60cf80af3c80056bc392ffa5098b7837,2b17a4f383e88b79ffe0a2e66257e2c7a5a407c0a55ad76b98802e3d0f5a50f5,90.85253,96.84412,868,success_build,True,True,False,unit fuzzy loss,,
30,0 8 2 3 4 5 6 7 1 9 10 11 12 13 14 15 16 17 18 19 20 21 22 23,c447b6a24c7db103fcaead700715a47fb94168728f5bbb0ca9cdb912134a46c5,2b17a4f383e88b79ffe0a2e66257e2c7a5a407c0a55ad76b98802e3d0f5a50f5,90.85253,96.84412,868,success_build,True,True,False,unit fuzzy loss,,
31,0 9 2 3 4 5 6 7 8 1 10 11 12 13 14 15 16 17 18 19 20 21 22 23,6002cf551fe00c30c56c5ad248ddf2dfb3c2abc2c3f7067f3454b7836894a9d5,ebbbe3aa98f361fcdbc25d86c6a7fb74c5ed65bbd27b0823683696b2d1f3eefd,91.013824,96.86675,868,success_build,True,True,False,unit fuzzy loss,,
32,0 10 2 3 4 5 6 7 8 9 1 11 12 13 14 15 16 17 18 19 20 21 22 23,4069bc830b7665a113b4eadb9ec3aef31c40c460c69aad910c26b696d39a8f41,466c5d8ee5b3760887b240097195df2a47633c0c6a3a1cdc5b934a451352c601,90.80645,96.83765,868,success_build,True,True,False,unit fuzzy loss,,
33,0 11 2 3 4 5 6 7 8 9 10 1 12 13 14 15 16 17 18 19 20 21 22 23,fa59bb98e005a1b8f2dce0a0dd1477e8ed235022c02e1e9680cd242dc17c45f5,abb699486196ab4769dfc912853e499b01e5ba08aebf4669144b6a23bc8767da,90.73733,96.82794,868,success_build,True,True,False,unit fuzzy loss,,
34,0 12 2 3 4 5 6 7 8 9 10 11 1 13 14 15 16 17 18 19 20 21 22 23,d7e7fd2e1a1503ccf442b69f725bac3cf74e468c5ae01c3180b6aabcd5e4bd6d,817e2ee920d19c5075f19934739c5d8c7e3bde88165b8a96ad293dfa437c8460,89.78802,96.694695,868,success_build,True,True,False,unit fuzzy loss,,
35,0 13 2 3 4 5 6 7 8 9 10 11 12 1 14 15 16 17 18 19 20 21 22 23,51e8c0b240fbac1115af6b0b4166e8ce2b94b79b13c16ba5657fdbab064aaf9f,09878ec7b56e4f43f6a7444e0f7f2bfdb43077c33e306d65194d22402e32c67c,89.81567,96.69858,868,success_build,True,True,False,unit fuzzy loss,,
36,0 14 2 3 4 5 6 7 8 9 10 11 12 13 1 15 16 17 18 19 20 21 22 23,e9fa3c7d6d6b8855ac2d663250ba94222e710bd24bfb8fd2a88272e4c94d18ab,c4c0d6159c62064839b939fcb147cc635fd0fd7ad109f5d9c293abb899d301c4,90.89862,96.850586,868,success_build,True,True,False,unit fuzzy loss,,
37,0 15 2 3 4 5 6 7 8 9 10 11 12 13 14 1 16 17 18 19 20 21 22 23,87a5136db2d7778ececfb1df22b1882a6036fc7bb6de6c9fad8d1ddeadafa864,21a582ab05eb72d31b311f48788189db03be270c7d6e0f29eb97272a7bd556b6,90.9447,96.85705,868,success_build,True,True,False,unit fuzzy loss,,
38,0 16 2 3 4 5 6 7 8 9 10 11 12 13 14 15 1 17 18 19 20 21 22 23,e6b27a91e107d24398f9ff516e6d6785d0f3e8c92ea81b5a5dfb41120059b44d,16289c7e24a753142184ec11088865722da98dd3b1da88c821875cf0daaf96bc,90.96774,96.86028,868,success_build,True,True,False,unit fuzzy loss,,
39,0 17 2 3 4 5 6 7 8 9 10 11 12 13 14 15 16 1 18 19 20 21 22 23,c42da2f1f6f236dea6c0faa6f2c45efa7f6a061be6ee65732e470e3df6c9a15c,e51270df8c802c0357022c9f82e59d63856df84ec464195e9b4349428bf6654b,90.09216,96.73739,868,success_build,True,True,False,unit fuzzy loss,,
40,0 18 2 3 4 5 6 7 8 9 10 11 12 13 14 15 16 17 1 19 20 21 22 23,f125e6e8877eaafbe63e1d7d019f09092e645ea5958908955829879e5620d655,c920429194c8d2d5a9036e215b979fc3638786defd06f36bc516e5cbc8679ff7,91.013824,96.86675,868,success_build,True,True,False,unit fuzzy loss,258,
41,0 19 2 3 4 5 6 7 8 9 10 11 12 13 14 15 16 17 18 1 20 21 22 23,465ddc0695674479a8c686e3b676479c7e4e1eeda14243b104960592dd0094a5,1127d47e19c0aa710bb83945051b81e3fc2a9b259ff36018b7b5f19d346c72c6,90.599075,96.80854,868,success_build,True,True,False,unit fuzzy loss,,
42,0 20 2 3 4 5 6 7 8 9 10 11 12 13 14 15 16 17 18 19 1 21 22 23,cd3823f06a86e7c461da7d7a96aba154f7159c074ac4d305a0953b8c9a8b450f,be10d6d0f08ad06ae48bd7956f3b2430c0ba31422b4095bb1034e541c6c75626,90.73733,96.82794,868,success_build,True,True,False,unit fuzzy loss,,
43,0 21 2 3 4 5 6 7 8 9 10 11 12 13 14 15 16 17 18 19 20 1 22 23,3c3ef3ad964cc78eefebb1e1676ab03e2b689cf42a1342904c16ae5a7f68a9ab,172834d9658e54093ecc2bdf1780c787b89f382d43e159488d01755fa2c60e2c,90.0,96.72445,868,success_build,True,True,False,unit fuzzy loss,,
44,0 22 2 3 4 5 6 7 8 9 10 11 12 13 14 15 16 17 18 19 20 21 1 23,68f47d693e20422ac3765e4a7bded2f27044c19c54f7cc09782d39aad5c3f10b,bafa93dcb9cc5d98a12adfec00be55c3c49948db6ba81b56e2a0485b9e65da6f,90.576035,96.805305,868,success_build,True,True,False,unit fuzzy loss,,
45,0 23 2 3 4 5 6 7 8 9 10 11 12 13 14 15 16 17 18 19 20 21 22 1,f3f73c75adbea1908571478c78b4ab914e4c4c68fc0b818db9f491b07584078d,ab947a87ccd782c013c343dcbe642d96dc4eacba88a04e4e154891afcaaa9422,88.01843,96.44631,868,success_build,True,True,False,unit fuzzy loss,,
46,0 1 3 2 4 5 6 7 8 9 10 11 12 13 14 15 16 17 18 19 20 21 22 23,193645bd436e8839ab10519d402ae7a61851deb2b08a26172e5f25ec4ec0cc22,e01d44ae67a7bd0d969025f3bbe21d389c3d70c0ce0ced1ce3650d748d3a7c15,91.129036,96.88293,868,success_build,True,True,True,,,
47,0 1 4 3 2 5 6 7 8 9 10 11 12 13 14 15 16 17 18 19 20 21 22 23,8b65a1959a740c48279a90d67e015592b9e1f988d9d3d310aaa838f1473eb454,e01d44ae67a7bd0d969025f3bbe21d389c3d70c0ce0ced1ce3650d748d3a7c15,91.129036,96.88293,868,success_build,True,True,True,,,
48,0 1 5 3 4 2 6 7 8 9 10 11 12 13 14 15 16 17 18 19 20 21 22 23,b81b1fb45f3ac565059e4dfe051cd06ff93597d0ee4971247c7015d6801007f7,e01d44ae67a7bd0d969025f3bbe21d389c3d70c0ce0ced1ce3650d748d3a7c15,91.129036,96.88293,868,success_build,True,True,True,,,
49,0 1 6 3 4 5 2 7 8 9 10 11 12 13 14 15 16 17 18 19 20 21 22 23,220a38fe695963edc7940a65c8aa68af5b762f14c33d9d3145a120a8488b219a,e01d44ae67a7bd0d969025f3bbe21d389c3d70c0ce0ced1ce3650d748d3a7c15,91.129036,96.88293,868,success_build,True,True,True,,,
50,0 1 7 3 4 5 6 2 8 9 10 11 12 13 14 15 16 17 18 19 20 21 22 23,1c5ee0864a05be1c01dac59c8f7558f032fb4eb4b7c175ff85b982af25359397,e01d44ae67a7bd0d969025f3bbe21d389c3d70c0ce0ced1ce3650d748d3a7c15,91.129036,96.88293,868,success_build,True,True,True,,,
51,0 1 8 3 4 5 6 7 2 9 10 11 12 13 14 15 16 17 18 19 20 21 22 23,69712e103024c45716a6c0816604084c6870e95974b333f37b1df2ea0511b508,e01d44ae67a7bd0d969025f3bbe21d389c3d70c0ce0ced1ce3650d748d3a7c15,91.129036,96.88293,868,success_build,True,True,True,,,
52,0 1 9 3 4 5 6 7 8 2 10 11 12 13 14 15 16 17 18 19 20 21 22 23,4c6611576a897399d43b6ccec41f6753393ecf9743334d1b6025e7c6c28dd8de,e48231bd4dcb0b8b3c4f17997715e25b8f17a3c800c92e5abc328ccceccef5fe,91.129036,96.88293,868,success_build,True,True,True,,,
53,0 1 10 3 4 5 6 7 8 9 2 11 12 13 14 15 16 17 18 19 20 21 22 23,8c567a302df1401be9f0de4aa5928bec02e9e1264c71cf1c871a0a8555b19ded,747f428010125f0aa992d5b53171a8ddfa0ea04b7d3a4b77ef2c3e3a49f5125c,91.08295,96.87646,868,success_build,True,True,False,unit fuzzy loss,,
54,0 1 11 3 4 5 6 7 8 9 10 2 12 13 14 15 16 17 18 19 20 21 22 23,5e3ab26ae5027c9579d3360d3463b8fc70c839b32f8123461d97fd8d6079ba8f,aa4154efc93df8c13a6a1c91851c112b30421741385e0318c54477ceba38a05a,90.78341,96.83441,868,success_build,True,True,False,unit fuzzy loss,,
55,0 1 12 3 4 5 6 7 8 9 10 11 2 13 14 15 16 17 18 19 20 21 22 23,100d6c4d21a221226e628abaecd3708a31218ca3d10ec95b72798d8e22e2a717,e717c98134e9d657c5100fc0c71f18170ac9e903bd96707ca14d98c0d5ed178b,89.85714,96.7044,868,success_build,True,True,False,unit fuzzy loss,,
56,0 1 13 3 4 5 6 7 8 9 10 11 12 2 14 15 16 17 18 19 20 21 22 23,55206cd4d12b4691b97bf59703c2e12f281993847a64b8c28313cfb639b700ca,bb94a9106551955c67abca6ff474c1f5f92fd7f37bfab878c9f0c134cd32e9eb,89.73733,96.687584,868,success_build,True,True,False,unit fuzzy loss,,
57,0 1 14 3 4 5 6 7 8 9 10 11 12 13 2 15 16 17 18 19 20 21 22 23,6b79c16c194853b079231a3b1d55fe15f29efa57d853022fb897fc9dd70ab072,a15341328184281d64710804f0cdc3b37567f024f0ac5310df27e9f7b0167b92,89.622116,96.67141,868,success_build,True,True,False,unit fuzzy loss,,
58,0 1 15 3 4 5 6 7 8 9 10 11 12 13 14 2 16 17 18 19 20 21 22 23,2957ec3386c2c9d8471c9fc6202f3e47227db31de563b31426556cfff0ee66d8,e3fa8de6a51f28b3c6ad222bc7727ad91948f0763f967f693b74c24cfb9b1fb9,89.55299,96.661705,868,success_build,True,True,False,unit fuzzy loss,,
59,0 1 16 3 4 5 6 7 8 9 10 11 12 13 14 15 2 17 18 19 20 21 22 23,2bc460cb1b3757fb4d771bebcac0d9d3a7f58869552f4d7fb78e7bf9d500bd1f,d1c2e93b8c2051ca6b04ace029bcc56c097c294dfa8591b04402f21e0f2aa771,89.50691,96.65524,868,success_build,True,True,False,unit fuzzy loss,,
60,0 1 17 3 4 5 6 7 8 9 10 11 12 13 14 15 16 2 18 19 20 21 22 23,7a1a06bcd1ba70c303977778213d1cf52208157c28f315fbce9487e02cf06a68,e01d44ae67a7bd0d969025f3bbe21d389c3d70c0ce0ced1ce3650d748d3a7c15,91.129036,96.88293,868,success_build,True,True,True,,,
61,0 1 18 3 4 5 6 7 8 9 10 11 12 13 14 15 16 17 2 19 20 21 22 23,09291cb3cf8cc2ba9c3ab7adaa576e9163de0fdd28ab6956d5879c057fb5ad36,9f4387d6937648e9ccaf90c2f6403305e805291242316dec0b3f16553b3ca198,89.50691,96.65524,868,success_build,True,True,False,unit fuzzy loss,,
62,0 1 19 3 4 5 6 7 8 9 10 11 12 13 14 15 16 17 18 2 20 21 22 23,8518d1929ea4174d62c9d83c33e955f98eb7c7138ffa59f1a097bd882ea37578,d76e65e0bafeea1097e1ed30b1d774aa90e0514efa8cc566761c61ee763bf07a,89.09216,96.59702,868,success_build,True,True,False,unit fuzzy loss,,
63,0 1 20 3 4 5 6 7 8 9 10 11 12 13 14 15 16 17 18 19 2 21 22 23,5562965145ec8eb81dc42fe01c1ada594e1cb02d684090a4bb4b31944b1d83e9,02812ab4c9e7e6bb5548fc4bcefb66cfdafefba8c96ccb2fcecb3e5b0bc0173c,89.18433,96.60996,868,success_build,True,True,False,unit fuzzy loss,,
64,0 1 21 3 4 5 6 7 8 9 10 11 12 13 14 15 16 17 18 19 20 2 22 23,21f2699112b46e9bf01a0a53df69b9597c627e5ee55860c468dd641b60a96968,57a47fdb52c14c76036d72627b96bb6c7c6138d8f13cbbff13f0eebf38933037,91.129036,96.88293,868,success_build,True,True,True,,,
65,0 1 22 3 4 5 6 7 8 9 10 11 12 13 14 15 16 17 18 19 20 21 2 23,0488c2531737cb1f899a295d74a267d6bea23757d18c181c3e26e57fcd5a3b1d,c0b411850c3748fd47b15d642d4bc2648fa1a4b02248cc0e5279b235bd244c9e,88.95392,96.57762,868,success_build,True,True,False,unit fuzzy loss,,
66,0 1 23 3 4 5 6 7 8 9 10 11 12 13 14 15 16 17 18 19 20 21 22 2,759f44001bf5d3b5aede9593a4ac380f7299c9ab0b72565a6f11ebab031028d2,f44df9db18e8bbed3f60da9e5490c3849ba65ba53baee106b5e05ec9b25e6664,88.91705,96.57245,868,success_build,True,True,False,unit fuzzy loss,,
67,0 1 2 4 3 5 6 7 8 9 10 11 12 13 14 15 16 17 18 19 20 21 22 23,7dd17f91422d11064ea3b00ef02ef83dd376d7c99ac04cb7d6df8e3736c6e84d,e01d44ae67a7bd0d969025f3bbe21d389c3d70c0ce0ced1ce3650d748d3a7c15,91.129036,96.88293,868,success_build,True,True,True,,,
68,0 1 2 5 4 3 6 7 8 9 10 11 12 13 14 15 16 17 18 19 20 21 22 23,4601c7e89b199aa13b6eaa91e4b3e38d5fc4d29e26bbb7f1e5156fb937b7cf27,e01d44ae67a7bd0d969025f3bbe21d389c3d70c0ce0ced1ce3650d748d3a7c15,91.129036,96.88293,868,success_build,True,True,True,,,
69,0 1 2 6 4 5 3 7 8 9 10 11 12 13 14 15 16 17 18 19 20 21 22 23,e4685ec51b23e4e2360f627474d4cded7bcfb576f1e424eda3d8447cb8f4ade6,e01d44ae67a7bd0d969025f3bbe21d389c3d70c0ce0ced1ce3650d748d3a7c15,91.129036,96.88293,868,success_build,True,True,True,,,
70,0 1 2 7 4 5 6 3 8 9 10 11 12 13 14 15 16 17 18 19 20 21 22 23,bbd98d34f2f0431cc5908e5774db7a76c072c7eb888c5d86694683c5e5f07bc4,e01d44ae67a7bd0d969025f3bbe21d389c3d70c0ce0ced1ce3650d748d3a7c15,91.129036,96.88293,868,success_build,True,True,True,,,
71,0 1 2 8 4 5 6 7 3 9 10 11 12 13 14 15 16 17 18 19 20 21 22 23,f6038f43a7c8afca5011b3890b794a09855829d52b93f1155c9431d6fe624a15,e01d44ae67a7bd0d969025f3bbe21d389c3d70c0ce0ced1ce3650d748d3a7c15,91.129036,96.88293,868,success_build,True,True,True,,,
72,0 1 2 9 4 5 6 7 8 3 10 11 12 13 14 15 16 17 18 19 20 21 22 23,7692ef78242c3f68f39cc32c620e48ee785d693af2303f661fd2433bfadf3369,e48231bd4dcb0b8b3c4f17997715e25b8f17a3c800c92e5abc328ccceccef5fe,91.129036,96.88293,868,success_build,True,True,True,,,
73,0 1 2 10 4 5 6 7 8 9 3 11 12 13 14 15 16 17 18 19 20 21 22 23,576a94d5fa4b122315167b0946224bce36adf66bd66f45f912e32037d95bb790,747f428010125f0aa992d5b53171a8ddfa0ea04b7d3a4b77ef2c3e3a49f5125c,91.08295,96.87646,868,success_build,True,True,False,unit fuzzy loss,,
74,0 1 2 11 4 5 6 7 8 9 10 3 12 13 14 15 16 17 18 19 20 21 22 23,7d97b98ea90d912dcb9bbcdd06713ca82a9e483e7cd99cbc468d8c60cf7883d0,aa4154efc93df8c13a6a1c91851c112b30421741385e0318c54477ceba38a05a,90.78341,96.83441,868,success_build,True,True,False,unit fuzzy loss,,
75,0 1 2 12 4 5 6 7 8 9 10 11 3 13 14 15 16 17 18 19 20 21 22 23,e2117d13ab938a031164238c94194347b32b150f98afebb92856567d209af600,e717c98134e9d657c5100fc0c71f18170ac9e903bd96707ca14d98c0d5ed178b,89.85714,96.7044,868,success_build,True,True,False,unit fuzzy loss,,
76,0 1 2 13 4 5 6 7 8 9 10 11 12 3 14 15 16 17 18 19 20 21 22 23,b4f2fe093c55923e34607aea162082cb2bd6d7430bb816c72489c58910bea5df,bb94a9106551955c67abca6ff474c1f5f92fd7f37bfab878c9f0c134cd32e9eb,89.73733,96.687584,868,success_build,True,True,False,unit fuzzy loss,,
77,0 1 2 14 4 5 6 7 8 9 10 11 12 13 3 15 16 17 18 19 20 21 22 23,779d682a221cd4994deb13052bcf7176d8c66432f18e39b77c85066a7dda1ed2,a15341328184281d64710804f0cdc3b37567f024f0ac5310df27e9f7b0167b92,89.622116,96.67141,868,success_build,True,True,False,unit fuzzy loss,,
78,0 1 2 15 4 5 6 7 8 9 10 11 12 13 14 3 16 17 18 19 20 21 22 23,a049d17898f8222ab7de89a21fab7130c11d5ded0c66143b6e31f97415e22b44,e3fa8de6a51f28b3c6ad222bc7727ad91948f0763f967f693b74c24cfb9b1fb9,89.55299,96.661705,868,success_build,True,True,False,unit fuzzy loss,,
79,0 1 2 16 4 5 6 7 8 9 10 11 12 13 14 15 3 17 18 19 20 21 22 23,6e14b3ffeec8fe6a87677d1f0458f3b901825ed827348431040fb1cb53dbf4b9,d1c2e93b8c2051ca6b04ace029bcc56c097c294dfa8591b04402f21e0f2aa771,89.50691,96.65524,868,success_build,True,True,False,unit fuzzy loss,,
80,0 1 2 17 4 5 6 7 8 9 10 11 12 13 14 15 16 3 18 19 20 21 22 23,e7afc7d588ad772828aae40cbd39cd110feed6d7384c8bafd283834ea406a405,e01d44ae67a7bd0d969025f3bbe21d389c3d70c0ce0ced1ce3650d748d3a7c15,91.129036,96.88293,868,success_build,True,True,True,,,
81,0 1 2 18 4 5 6 7 8 9 10 11 12 13 14 15 16 17 3 19 20 21 22 23,07c1ada08da08cc41b047325e73e545eb85df34375226ca5b67a0fa97b7e0065,9f4387d6937648e9ccaf90c2f6403305e805291242316dec0b3f16553b3ca198,89.50691,96.65524,868,success_build,True,True,False,unit fuzzy loss,,
82,0 1 2 19 4 5 6 7 8 9 10 11 12 13 14 15 16 17 18 3 20 21 22 23,6674377aaf20be828c05abd97ae9f9baa4d7b58957febe619b743dd09c882c58,d76e65e0bafeea1097e1ed30b1d774aa90e0514efa8cc566761c61ee763bf07a,89.09216,96.59702,868,success_build,True,True,False,unit fuzzy loss,,
83,0 1 2 20 4 5 6 7 8 9 10 11 12 13 14 15 16 17 18 19 3 21 22 23,a7630427b13f5060965f1f9ecff5cc52265770083c84dd271a49eef40273f6c9,02812ab4c9e7e6bb5548fc4bcefb66cfdafefba8c96ccb2fcecb3e5b0bc0173c,89.18433,96.60996,868,success_build,True,True,False,unit fuzzy loss,,
84,0 1 2 21 4 5 6 7 8 9 10 11 12 13 14 15 16 17 18 19 20 3 22 23,7aa5f2f0c799115b73ad0ec769da8cd444c08fbe0067db2b597fd04d0045dbf1,57a47fdb52c14c76036d72627b96bb6c7c6138d8f13cbbff13f0eebf38933037,91.129036,96.88293,868,success_build,True,True,True,,,
85,0 1 2 22 4 5 6 7 8 9 10 11 12 13 14 15 16 17 18 19 20 21 3 23,87264143263443a80cc8e8c8f7d5864d8da7219b35ac66b9d50369706067c468,c0b411850c3748fd47b15d642d4bc2648fa1a4b02248cc0e5279b235bd244c9e,88.95392,96.57762,868,success_build,True,True,False,unit fuzzy loss,,
86,0 1 2 23 4 5 6 7 8 9 10 11 12 13 14 15 16 17 18 19 20 21 22 3,2da469966206a44aa397a6495028992d7c8574a7f46f6a7d0fd89484b8e7fdc7,f44df9db18e8bbed3f60da9e5490c3849ba65ba53baee106b5e05ec9b25e6664,88.91705,96.57245,868,success_build,True,True,False,unit fuzzy loss,,
87,0 1 2 3 5 4 6 7 8 9 10 11 12 13 14 15 16 17 18 19 20 21 22 23,9bebc297788de11c61315b17692b14d992adb2feac335ca08265cfbb3998f0d2,e01d44ae67a7bd0d969025f3bbe21d389c3d70c0ce0ced1ce3650d748d3a7c15,91.129036,96.88293,868,success_build,True,True,True,,,
88,0 1 2 3 6 5 4 7 8 9 10 11 12 13 14 15 16 17 18 19 20 21 22 23,d70e18fa052f60ecf2f5da8c2abbeeba94fc20d9a46d27b67b95828437e1e841,e01d44ae67a7bd0d969025f3bbe21d389c3d70c0ce0ced1ce3650d748d3a7c15,91.129036,96.88293,868,success_build,True,True,True,,,
89,0 1 2 3 7 5 6 4 8 9 10 11 12 13 14 15 16 17 18 19 20 21 22 23,c9cf53d6c74816c50cf68467baa555765063f4892669d985df9335832ff2ffec,e01d44ae67a7bd0d969025f3bbe21d389c3d70c0ce0ced1ce3650d748d3a7c15,91.129036,96.88293,868,success_build,True,True,True,,,
90,0 1 2 3 8 5 6 7 4 9 10 11 12 13 14 15 16 17 18 19 20 21 22 23,9c69835fa337a17a5a2f5e2ce9a4be44ba05e259eb397848f551def6aaebfb09,e01d44ae67a7bd0d969025f3bbe21d389c3d70c0ce0ced1ce3650d748d3a7c15,91.129036,96.88293,868,success_build,True,True,True,,,
91,0 1 2 3 9 5 6 7 8 4 10 11 12 13 14 15 16 17 18 19 20 21 22 23,21c2ae8f49edc8f15b3439dc4403240c5f7d41ed9274f5a23b3cb1fe2fa6b41e,e48231bd4dcb0b8b3c4f17997715e25b8f17a3c800c92e5abc328ccceccef5fe,91.129036,96.88293,868,success_build,True,True,True,,,
92,0 1 2 3 10 5 6 7 8 9 4 11 12 13 14 15 16 17 18 19 20 21 22 23,21858f41f03efb4343ca3cb8d25ecbefd1347f6cba69061d573d7339c9738706,747f428010125f0aa992d5b53171a8ddfa0ea04b7d3a4b77ef2c3e3a49f5125c,91.08295,96.87646,868,success_build,True,True,False,unit fuzzy loss,,
93,0 1 2 3 11 5 6 7 8 9 10 4 12 13 14 15 16 17 18 19 20 21 22 23,63d1a92f4c8de3ca27ad41271881e2bbe964b5b16ead0d529c2ca4247e4a7cb2,aa4154efc93df8c13a6a1c91851c112b30421741385e0318c54477ceba38a05a,90.78341,96.83441,868,success_build,True,True,False,unit fuzzy loss,,
94,0 1 2 3 12 5 6 7 8 9 10 11 4 13 14 15 16 17 18 19 20 21 22 23,46ec45c8d98ebf84e0365bff7278b7242c5410671bf7f4bbff5741062e354727,e717c98134e9d657c5100fc0c71f18170ac9e903bd96707ca14d98c0d5ed178b,89.85714,96.7044,868,success_build,True,True,False,unit fuzzy loss,,
95,0 1 2 3 13 5 6 7 8 9 10 11 12 4 14 15 16 17 18 19 20 21 22 23,a81c905b1c3c1ee7dd5fb145df7a81058cf8657cef73f1aa64ac2d7d444a9233,bb94a9106551955c67abca6ff474c1f5f92fd7f37bfab878c9f0c134cd32e9eb,89.73733,96.687584,868,success_build,True,True,False,unit fuzzy loss,,
96,0 1 2 3 14 5 6 7 8 9 10 11 12 13 4 15 16 17 18 19 20 21 22 23,b118613096a4bf84c9d08c1d12081bb66d6c46b7813deab9f00ba5bdc9cffe62,a15341328184281d64710804f0cdc3b37567f024f0ac5310df27e9f7b0167b92,89.622116,96.67141,868,success_build,True,True,False,unit fuzzy loss,,
97,0 1 2 3 15 5 6 7 8 9 10 11 12 13 14 4 16 17 18 19 20 21 22 23,009c058d90e0ea005f1b3aba08f6b4fd339f32a04867853e7abe0583fc1db9de,e3fa8de6a51f28b3c6ad222bc7727ad91948f0763f967f693b74c24cfb9b1fb9,89.55299,96.661705,868,success_build,True,True,False,unit fuzzy loss,,
98,0 1 2 3 16 5 6 7 8 9 10 11 12 13 14 15 4 17 18 19 20 21 22 23,7ac27938e22fe033ab53ccc29cc7ba6bd366ad88cd99d651c8cc4f773045217b,d1c2e93b8c2051ca6b04ace029bcc56c097c294dfa8591b04402f21e0f2aa771,89.50691,96.65524,868,success_build,True,True,False,unit fuzzy loss,,
99,0 1 2 3 17 5 6 7 8 9 10 11 12 13 14 15 16 4 18 19 20 21 22 23,63016b670874e1431f762f46f4b46c0663a35ad775a1dbacdaa1ef70d6eea556,e01d44ae67a7bd0d969025f3bbe21d389c3d70c0ce0ced1ce3650d748d3a7c15,91.129036,96.88293,868,success_build,True,True,True,,,
100,0 1 2 3 18 5 6 7 8 9 10 11 12 13 14 15 16 17 4 19 20 21 22 23,6b0b3f77f7bfa5ee37d878f00ef5e844599112bc62e6bd824d08ac80d2f73d83,9f4387d6937648e9ccaf90c2f6403305e805291242316dec0b3f16553b3ca198,89.50691,96.65524,868,success_build,True,True,False,unit fuzzy loss,,
101,0 1 2 3 19 5 6 7 8 9 10 11 12 13 14 15 16 17 18 4 20 21 22 23,8da98af87c7e661a904835ae727ff48888512f917896c3bbd0b68765f04486dd,d76e65e0bafeea1097e1ed30b1d774aa90e0514efa8cc566761c61ee763bf07a,89.09216,96.59702,868,success_build,True,True,False,unit fuzzy loss,,
102,0 1 2 3 20 5 6 7 8 9 10 11 12 13 14 15 16 17 18 19 4 21 22 23,aa033afe2855522a2e678c86f342cc3ef0f629f014764d7ee9c582bb229aa5d0,02812ab4c9e7e6bb5548fc4bcefb66cfdafefba8c96ccb2fcecb3e5b0bc0173c,89.18433,96.60996,868,success_build,True,True,False,unit fuzzy loss,,
103,0 1 2 3 21 5 6 7 8 9 10 11 12 13 14 15 16 17 18 19 20 4 22 23,8ee679f5caa077c5cc1d034ce2d21045175eacd94585bf69481cd8e87405a9be,57a47fdb52c14c76036d72627b96bb6c7c6138d8f13cbbff13f0eebf38933037,91.129036,96.88293,868,success_build,True,True,True,,,
104,0 1 2 3 22 5 6 7 8 9 10 11 12 13 14 15 16 17 18 19 20 21 4 23,2fdbbddeb4ff69b14e3f3149599d87686a5285a1394c3e6215124aaeb0e1fda6,c0b411850c3748fd47b15d642d4bc2648fa1a4b02248cc0e5279b235bd244c9e,88.95392,96.57762,868,success_build,True,True,False,unit fuzzy loss,,
105,0 1 2 3 23 5 6 7 8 9 10 11 12 13 14 15 16 17 18 19 20 21 22 4,18425d391e8db4459c0802e309d6a5e9c677920b910d852ab024b942dfd23d80,f44df9db18e8bbed3f60da9e5490c3849ba65ba53baee106b5e05ec9b25e6664,88.91705,96.57245,868,success_build,True,True,False,unit fuzzy loss,,
106,0 1 2 3 4 6 5 7 8 9 10 11 12 13 14 15 16 17 18 19 20 21 22 23,35dc3290cf808dcd3d09fa1dfcd3b1f8870e544c986060359adeead15e522386,e01d44ae67a7bd0d969025f3bbe21d389c3d70c0ce0ced1ce3650d748d3a7c15,91.129036,96.88293,868,success_build,True,True,True,,,
107,0 1 2 3 4 7 6 5 8 9 10 11 12 13 14 15 16 17 18 19 20 21 22 23,5c7826457198cf2abf40c1ddd4a07d54759a8e09d162894d99d38ac342bbed4d,e01d44ae67a7bd0d969025f3bbe21d389c3d70c0ce0ced1ce3650d748d3a7c15,91.129036,96.88293,868,success_build,True,True,True,,,
108,0 1 2 3 4 8 6 7 5 9 10 11 12 13 14 15 16 17 18 19 20 21 22 23,79a931dd59a67348d21785099a92f35093128bad54fdb3269c118e0d309734f2,e01d44ae67a7bd0d969025f3bbe21d389c3d70c0ce0ced1ce3650d748d3a7c15,91.129036,96.88293,868,success_build,True,True,True,,,
109,0 1 2 3 4 9 6 7 8 5 10 11 12 13 14 15 16 17 18 19 20 21 22 23,148b94b197c655d49dbf8d790c355c619498f6fc9b3aa389e2ad26582b943332,e48231bd4dcb0b8b3c4f17997715e25b8f17a3c800c92e5abc328ccceccef5fe,91.129036,96.88293,868,success_build,True,True,True,,,
110,0 1 2 3 4 10 6 7 8 9 5 11 12 13 14 15 16 17 18 19 20 21 22 23,c4cab2c98ba683e50384e955096f0064a3e46084242acf40903314a3b807b896,065780976d5be45ff8d8928fb0dafa7dd75a7df2d67bfc47860e42ff8e6705df,91.08295,96.87646,868,success_build,True,True,False,unit fuzzy loss,,
111,0 1 2 3 4 11 6 7 8 9 10 5 12 13 14 15 16 17 18 19 20 21 22 23,d95529cdd7ef94230da96ad44b1daa8844ce66f990183bcab944be3dbe13d38f,bf1bde484b2ab2cf51d59f4378996e106b83dbe5d74c6858ca3e953a2bab8903,90.82949,96.84088,868,success_build,True,True,False,unit fuzzy loss,,
112,0 1 2 3 4 12 6 7 8 9 10 11 5 13 14 15 16 17 18 19 20 21 22 23,7a9f1485d026c8f1ba36b9f90e090d62fd6b7e0635dc39ea9384f26074f6efde,47099bc2de03a940e829373385ef165c594a038a06d57709ba5ac0fff3f9cbdf,90.064514,96.733505,868,success_build,True,True,False,unit fuzzy loss,,
113,0 1 2 3 4 13 6 7 8 9 10 11 12 5 14 15 16 17 18 19 20 21 22 23,aa772b499fb7fb76178e952055fb83986d52ce03760641b08385a75c249cdebd,f7e7e74c90d918823bf12491c85455b8d8578d31fe5eea3c397838c4779754a1,90.09216,96.73739,868,success_build,True,True,False,unit fuzzy loss,,
114,0 1 2 3 4 14 6 7 8 9 10 11 12 13 5 15 16 17 18 19 20 21 22 23,88bcaa5083c883824057c1745ff9a53d04aeacdf62f92aad36456863c51eade0,7234bc208c60ba915cba699be4f9d7c07858e09bcdce488323175c33c8552e96,91.013824,96.86675,868,success_build,True,True,False,unit fuzzy loss,,
115,0 1 2 3 4 15 6 7 8 9 10 11 12 13 14 5 16 17 18 19 20 21 22 23,d0b7f7e5e6b384d79d779e5f0a09ec358e76ba827a0c531dd4ad51510711761f,766ff5d585f568e53189a40f8e946a749ba218e224ee3d623b0476c2215dfd47,91.059906,96.87322,868,success_build,True,True,False,unit fuzzy loss,,
116,0 1 2 3 4 16 6 7 8 9 10 11 12 13 14 15 5 17 18 19 20 21 22 23,d7dff927d8a65f007b8333ed76d489f47220ee6814bc70f45cfa388063db3174,b6f17020eabc368d1ed671873a7a3c196056d06469eae13bde55efb14e4348fa,91.08295,96.87646,868,success_build,True,True,False,unit fuzzy loss,,
117,0 1 2 3 4 17 6 7 8 9 10 11 12 13 14 15 16 5 18 19 20 21 22 23,a09c54f51dd80d655310e96d40976d3f183a2dec8df09e1e05f048fe9b87dccc,85160ecd870c76441541af6b05b0b35a97ba740ee41b8e5956c503a1a34e7056,90.36866,96.7762,868,success_build,True,True,False,unit fuzzy loss,,
118,0 1 2 3 4 18 6 7 8 9 10 11 12 13 14 15 16 17 5 19 20 21 22 23,665a27e9ab8f437ba1656f3a4e18739a5b6531eb2438f0c14769011c2b9c431c,de691febfdde2db43da14ecca22ecdbd5e0c7fbb416ca2580ffaa4991e8a1bbc,91.17512,96.88939,868,success_build,True,True,True,,,
119,0 1 2 3 4 19 6 7 8 9 10 11 12 13 14 15 16 17 18 5 20 21 22 23,c36fea08a1e33c4ff7d96f075e74b7ac6dcb64070fd9c6dc6aa42ca44e401e77,2bb301b82027cdc67b46643be2f27a5754748687034c01de72bcffce3d2f0dd4,90.71429,96.82471,868,success_build,True,True,False,unit fuzzy loss,,
120,0 1 2 3 4 20 6 7 8 9 10 11 12 13 14 15 16 17 18 19 5 21 22 23,21f881008cc19d85cb4f73153d7c87a15fc37f231062f739497c03a4dbc74a80,e1d77f91f18dcc883f2254547f2ceabe4818afad61bd88405c244b09d86dc435,90.85253,96.84412,868,success_build,True,True,False,unit fuzzy loss,,
121,0 1 2 3 4 21 6 7 8 9 10 11 12 13 14 15 16 17 18 19 20 5 22 23,498600b2d47c2a53433f5699a797515648f34204d620af3edc5a67b6f4544525,02f9ef500df696e24952dcca3fe28f115d6650d322a671e9e47b8a12151bb7b1,90.2765,96.76326,868,success_build,True,True,False,unit fuzzy loss,,
122,0 1 2 3 4 22 6 7 8 9 10 11 12 13 14 15 16 17 18 19 20 21 5 23,66a2a3d482b58844c90f5cca2ea8eabaab60d9d6084a3ae4bb2c9619a63cd589,78b6e101dd72aa888a68aecd32e077e10b1346cf9766d68c9a34e6908ca0f5bb,90.691246,96.82147,868,success_build,True,True,False,unit fuzzy loss,,
123,0 1 2 3 4 23 6 7 8 9 10 11 12 13 14 15 16 17 18 19 20 21 22 5,e3359d309c77b223d5d0210ad37be11f268334c0c0cd743d09e422c862b24cd6,c066822bc9d222263a897dce4e2f535c92c19fe01752afbcfb64f715ebbc8b79,88.29493,96.48512,868,success_build,True,True,False,unit fuzzy loss,,
124,0 1 2 3 4 5 7 6 8 9 10 11 12 13 14 15 16 17 18 19 20 21 22 23,b0f0f069d50bd2cae1caa194a47dff4f4e2ec24e13a7e59897febd2c143fda7d,e01d44ae67a7bd0d969025f3bbe21d389c3d70c0ce0ced1ce3650d748d3a7c15,91.129036,96.88293,868,success_build,True,True,True,,,
125,0 1 2 3 4 5 8 7 6 9 10 11 12 13 14 15 16 17 18 19 20 21 22 23,e11a8c5fe8f5f179be39afd5f622bfd0556dec460142f5f2f6226f5d207a55c0,e01d44ae67a7bd0d969025f3bbe21d389c3d70c0ce0ced1ce3650d748d3a7c15,91.129036,96.88293,868,success_build,True,True,True,,,
126,0 1 2 3 4 5 9 7 8 6 10 11 12 13 14 15 16 17 18 19 20 21 22 23,1110584f329a55a2c1faa468f5d143da41c77ed522012981361c70666e89d564,e01d44ae67a7bd0d969025f3bbe21d389c3d70c0ce0ced1ce3650d748d3a7c15,91.129036,96.88293,868,success_build,True,True,True,,,
127,0 1 2 3 4 5 10 7 8 9 6 11 12 13 14 15 16 17 18 19 20 21 22 23,13f0274a477e05e250cd08966b855c63df308ddfbcb96dbc643b783916dbe423,2871debd7574815fb828950dab68e5224d56c5c88aaa7615a4c852ccc19e955e,91.08295,96.87646,868,success_build,True,True,False,unit fuzzy loss,,
128,0 1 2 3 4 5 11 7 8 9 10 6 12 13 14 15 16 17 18 19 20 21 22 23,d46a288962957566c3110f3ab0a7b7e77d00a0102049187e7111987c3d41dd5c,9d15905114bef1638724d4c2498fd1a33bf1b42007dbdc35733d75160198a735,90.87558,96.84735,868,success_build,True,True,False,unit fuzzy loss,,
129,0 1 2 3 4 5 12 7 8 9 10 11 6 13 14 15 16 17 18 19 20 21 22 23,bf2637b1c569d796de6883cab4eb3dc53f99214662886fb76daded1ddd74991a,b149ebc2dd24919f67c76ae6d22c60578c845d321e1b200f751a92f0ec0032d9,90.75115,96.82988,868,success_build,True,True,False,unit fuzzy loss,,
130,0 1 2 3 4 5 13 7 8 9 10 11 12 6 14 15 16 17 18 19 20 21 22 23,6f049757a6f8f4308f118371fe04cd7a477025897a29796a0d0b37c8965ea140,f0eacf9119455be285a14e0dda7fe5afe699c92e21d93ecd113a11bc8f8d793a,90.63134,96.813065,868,success_build,True,True,False,unit fuzzy loss,,
131,0 1 2 3 4 5 14 7 8 9 10 11 12 13 6 15 16 17 18 19 20 21 22 23,e4df6f6aa96867a76fade04c14b260dadbe1f937eeea1be927353900e0fe9f45,5623b1d5501bde001c1824a140c073473e955c42a08512064bb9909f174f7dc7,89.622116,96.67141,868,success_build,True,True,False,unit fuzzy loss,,
132,0 1 2 3 4 5 15 7 8 9 10 11 12 13 14 6 16 17 18 19 20 21 22 23,8aad2d6eebf4deba1883d3575caab0b3be3d028cbded94b3d80ba161c500541d,16ab1ae0f2d7d94103c50cf95d5430c4d00c00a6f1b134804c612f5d69b2ea19,89.55299,96.661705,868,success_build,True,True,False,unit fuzzy loss,,
133,0 1 2 3 4 5 16 7 8 9 10 11 12 13 14 15 6 17 18 19 20 21 22 23,6329e3fbd8f14d777a59a7294445a98ba50cb158e240b0456f629eb77c0e53e2,dc362064fa49956db5a472deafb4f8b9deecc3a07087dff17298707c3af3ff06,89.50691,96.65524,868,success_build,True,True,False,unit fuzzy loss,,
134,0 1 2 3 4 5 17 7 8 9 10 11 12 13 14 15 16 6 18 19 20 21 22 23,d72f919e5e5853f56c6ca8cb338eb4afcb1ed0fad226b294746ae841b3a8437a,e01d44ae67a7bd0d969025f3bbe21d389c3d70c0ce0ced1ce3650d748d3a7c15,91.129036,96.88293,868,success_build,True,True,True,,,
135,0 1 2 3 4 5 18 7 8 9 10 11 12 13 14 15 16 17 6 19 20 21 22 23,f77cfaf26a7e34290a3756c987f2841c01c02e72f8eb670883617fab3171f60b,2745234784df65e466adab8675ec52ae7fd08cc266f3019266f4fe321d66e4c6,89.50691,96.65524,868,success_build,True,True,False,unit fuzzy loss,,
136,0 1 2 3 4 5 19 7 8 9 10 11 12 13 14 15 16 17 18 6 20 21 22 23,9b77d5b79a3823372011acfe9660a13cfd25d1f739347b6c00581ac786b9b40f,b5cd87de5e4a377949309849a27de475d1e9fced5bc6dac0bfb1e9475495ec22,89.29954,96.62613,868,success_build,True,True,False,unit fuzzy loss,,
137,0 1 2 3 4 5 20 7 8 9 10 11 12 13 14 15 16 17 18 19 6 21 22 23,d4ddd640368022577e76deb969517fb858f19cb26bd56c599cbddb2e4a18db97,99e8b6ed9a6f0050213733a0a459643480e627757611c1b756aeecdd4a550343,89.18433,96.60996,868,success_build,True,True,False,unit fuzzy loss,,
138,0 1 2 3 4 5 21 7 8 9 10 11 12 13 14 15 16 17 18 19 20 6 22 23,02e5d4b2a460806aae9f4866ddd212a5b0bd6d723a0ae804ded794f195e10890,57a47fdb52c14c76036d72627b96bb6c7c6138d8f13cbbff13f0eebf38933037,91.129036,96.88293,868,success_build,True,True,True,,,
139,0 1 2 3 4 5 22 7 8 9 10 11 12 13 14 15 16 17 18 19 20 21 6 23,a6a8c23d47938a7df10aa25984095eb915cf77354b01be5c40062244f2a6bef6,68097b64e35071aa790c43d65e8d2ce265b53ab4b2521a2fb3b9a788fe89e2c2,89.16129,96.60673,868,success_build,True,True,False,unit fuzzy loss,,
140,0 1 2 3 4 5 23 7 8 9 10 11 12 13 14 15 16 17 18 19 20 21 22 6,e28f850dc387b9dbae0e49ed4f40d507f9761c222933d284089990a88a2fbe13,f44df9db18e8bbed3f60da9e5490c3849ba65ba53baee106b5e05ec9b25e6664,88.91705,96.57245,868,success_build,True,True,False,unit fuzzy loss,,
141,0 1 2 3 4 5 6 8 7 9 10 11 12 13 14 15 16 17 18 19 20 21 22 23,e2d0c5a54a4ab07b91d7b50c10c556c057250d4631076e177c1f84cf8f47fdee,e01d44ae67a7bd0d969025f3bbe21d389c3d70c0ce0ced1ce3650d748d3a7c15,91.129036,96.88293,868,success_build,True,True,True,,,
142,0 1 2 3 4 5 6 9 8 7 10 11 12 13 14 15 16 17 18 19 20 21 22 23,107a070bca04bd07300bf179ae45e026c0639a2ff6caf737927e43dff6a6df69,e01d44ae67a7bd0d969025f3bbe21d389c3d70c0ce0ced1ce3650d748d3a7c15,91.129036,96.88293,868,success_build,True,True,True,,,
143,0 1 2 3 4 5 6 10 8 9 7 11 12 13 14 15 16 17 18 19 20 21 22 23,fde0b1baf050d5c9e55ea38764d935abaa8f8f7a9fbcb71a63f5132724480018,2871debd7574815fb828950dab68e5224d56c5c88aaa7615a4c852ccc19e955e,91.08295,96.87646,868,success_build,True,True,False,unit fuzzy loss,,
144,0 1 2 3 4 5 6 11 8 9 10 7 12 13 14 15 16 17 18 19 20 21 22 23,b65642b90fdb786aa5c0e65c5a6378643f8e0091b5830afe1420396df6f1d641,9d15905114bef1638724d4c2498fd1a33bf1b42007dbdc35733d75160198a735,90.87558,96.84735,868,success_build,True,True,False,unit fuzzy loss,,
145,0 1 2 3 4 5 6 12 8 9 10 11 7 13 14 15 16 17 18 19 20 21 22 23,45dfcceb79a73fd209f8a87ec1ecbea082ab5422385e5da133596542e413513a,b149ebc2dd24919f67c76ae6d22c60578c845d321e1b200f751a92f0ec0032d9,90.75115,96.82988,868,success_build,True,True,False,unit fuzzy loss,,
146,0 1 2 3 4 5 6 13 8 9 10 11 12 7 14 15 16 17 18 19 20 21 22 23,7754b90272d2622992b613e69672b4ec6920dff2ece37dd11cbb1e66c329d1b1,f0eacf9119455be285a14e0dda7fe5afe699c92e21d93ecd113a11bc8f8d793a,90.63134,96.813065,868,success_build,True,True,False,unit fuzzy loss,,
147,0 1 2 3 4 5 6 14 8 9 10 11 12 13 7 15 16 17 18 19 20 21 22 23,90b16df25b1b26ff001fbaf5530a3b8581b8eb5f688c5a8ff7d0c801ae964a03,5623b1d5501bde001c1824a140c073473e955c42a08512064bb9909f174f7dc7,89.622116,96.67141,868,success_build,True,True,False,unit fuzzy loss,,
148,0 1 2 3 4 5 6 15 8 9 10 11 12 13 14 7 16 17 18 19 20 21 22 23,9ffb8748f12ed26fe8856b2ac89ddc1f853a23b42364c61fb24d26e56741757a,16ab1ae0f2d7d94103c50cf95d5430c4d00c00a6f1b134804c612f5d69b2ea19,89.55299,96.661705,868,success_build,True,True,False,unit fuzzy loss,,
149,0 1 2 3 4 5 6 16 8 9 10 11 12 13 14 15 7 17 18 19 20 21 22 23,236d5cbc48977794a1e6e3b0e29473b50ef213fbe07ebe314e8273d3978fead0,dc362064fa49956db5a472deafb4f8b9deecc3a07087dff17298707c3af3ff06,89.50691,96.65524,868,success_build,True,True,False,unit fuzzy loss,,
150,0 1 2 3 4 5 6 17 8 9 10 11 12 13 14 15 16 7 18 19 20 21 22 23,10830f5200bb4c66ae9b7cd5d32395943615f4aab37a6c17910e0067c8942edb,e01d44ae67a7bd0d969025f3bbe21d389c3d70c0ce0ced1ce3650d748d3a7c15,91.129036,96.88293,868,success_build,True,True,True,,,
151,0 1 2 3 4 5 6 18 8 9 10 11 12 13 14 15 16 17 7 19 20 21 22 23,6d99a27518a9e7f412e562e64f03e6ac2684a887b1cc6171409ae604a6fcfa66,2745234784df65e466adab8675ec52ae7fd08cc266f3019266f4fe321d66e4c6,89.50691,96.65524,868,success_build,True,True,False,unit fuzzy loss,,
152,0 1 2 3 4 5 6 19 8 9 10 11 12 13 14 15 16 17 18 7 20 21 22 23,0e9067114eac65d9441e4d07e56bc0e3b4019f68e1388489994b2ddad4a89be2,b5cd87de5e4a377949309849a27de475d1e9fced5bc6dac0bfb1e9475495ec22,89.29954,96.62613,868,success_build,True,True,False,unit fuzzy loss,,
153,0 1 2 3 4 5 6 20 8 9 10 11 12 13 14 15 16 17 18 19 7 21 22 23,057fc1afb73d28acbde36eea4014849ba711905cdc74ca569777ac1ab535acb8,99e8b6ed9a6f0050213733a0a459643480e627757611c1b756aeecdd4a550343,89.18433,96.60996,868,success_build,True,True,False,unit fuzzy loss,,
154,0 1 2 3 4 5 6 21 8 9 10 11 12 13 14 15 16 17 18 19 20 7 22 23,8d126c00f5cffcbdde61dc21bb758c2517310d4ef30e2f21429cf18eef532b09,57a47fdb52c14c76036d72627b96bb6c7c6138d8f13cbbff13f0eebf38933037,91.129036,96.88293,868,success_build,True,True,True,,,
155,0 1 2 3 4 5 6 22 8 9 10 11 12 13 14 15 16 17 18 19 20 21 7 23,8b59578929e4da88e71698eb60b5c897d62e479b5725b973677a2b330887674f,68097b64e35071aa790c43d65e8d2ce265b53ab4b2521a2fb3b9a788fe89e2c2,89.16129,96.60673,868,success_build,True,True,False,unit fuzzy loss,,
156,0 1 2 3 4 5 6 23 8 9 10 11 12 13 14 15 16 17 18 19 20 21 22 7,513fdd12336584cd1e937f81a098a9c847882cbb940c4f3b7833fae3b56895b1,f44df9db18e8bbed3f60da9e5490c3849ba65ba53baee106b5e05ec9b25e6664,88.91705,96.57245,868,success_build,True,True,False,unit fuzzy loss,,
157,0 1 2 3 4 5 6 7 9 8 10 11 12 13 14 15 16 17 18 19 20 21 22 23,43c884784307739cec63462f39e4e2633188201daec9637f98280f6718a06ebd,e01d44ae67a7bd0d969025f3bbe21d389c3d70c0ce0ced1ce3650d748d3a7c15,91.129036,96.88293,868,success_build,True,True,True,,,
158,0 1 2 3 4 5 6 7 10 9 8 11 12 13 14 15 16 17 18 19 20 21 22 23,8ea3ea2e008fb7a1e078ec1d6abf3883a5b1f2eba81bf02bc0d81b00f30cc8ef,2871debd7574815fb828950dab68e5224d56c5c88aaa7615a4c852ccc19e955e,91.08295,96.87646,868,success_build,True,True,False,unit fuzzy loss,,
159,0 1 2 3 4 5 6 7 11 9 10 8 12 13 14 15 16 17 18 19 20 21 22 23,495445c09cc5a1ac7499595f60f2b9292bfbc0f110f3b8b70f621aa983bff5bf,9d15905114bef1638724d4c2498fd1a33bf1b42007dbdc35733d75160198a735,90.87558,96.84735,868,success_build,True,True,False,unit fuzzy loss,,
160,0 1 2 3 4 5 6 7 12 9 10 11 8 13 14 15 16 17 18 19 20 21 22 23,5fd6018cf908f495850fede913e43c4dfac89b635ad3329401afeb98e1d47ac4,b149ebc2dd24919f67c76ae6d22c60578c845d321e1b200f751a92f0ec0032d9,90.75115,96.82988,868,success_build,True,True,False,unit fuzzy loss,,
161,0 1 2 3 4 5 6 7 13 9 10 11 12 8 14 15 16 17 18 19 20 21 22 23,f658df1246005a204525b5cc2f22b9c8940078652d7b6726a3a73adad03aeb56,f0eacf9119455be285a14e0dda7fe5afe699c92e21d93ecd113a11bc8f8d793a,90.63134,96.813065,868,success_build,True,True,False,unit fuzzy loss,,
162,0 1 2 3 4 5 6 7 14 9 10 11 12 13 8 15 16 17 18 19 20 21 22 23,0054dd3db11f0cfbfd39fdf44486cbe611d8fa985361f15603f510433f3be6cc,5623b1d5501bde001c1824a140c073473e955c42a08512064bb9909f174f7dc7,89.622116,96.67141,868,success_build,True,True,False,unit fuzzy loss,,
163,0 1 2 3 4 5 6 7 15 9 10 11 12 13 14 8 16 17 18 19 20 21 22 23,f64672e183ce8d7492b9e3ff8d21c4111334a30954c6d56fdb42b30a5f2c1dd8,16ab1ae0f2d7d94103c50cf95d5430c4d00c00a6f1b134804c612f5d69b2ea19,89.55299,96.661705,868,success_build,True,True,False,unit fuzzy loss,,
164,0 1 2 3 4 5 6 7 16 9 10 11 12 13 14 15 8 17 18 19 20 21 22 23,c955f96cd9b96d4aa404851f3da8e6e7a54459b28a02433caad2266104d67561,dc362064fa49956db5a472deafb4f8b9deecc3a07087dff17298707c3af3ff06,89.50691,96.65524,868,success_build,True,True,False,unit fuzzy loss,,
165,0 1 2 3 4 5 6 7 17 9 10 11 12 13 14 15 16 8 18 19 20 21 22 23,d1fc3150b906bf49f71d668aa7369097a29bf08dbe052057f167b1f30158b257,e01d44ae67a7bd0d969025f3bbe21d389c3d70c0ce0ced1ce3650d748d3a7c15,91.129036,96.88293,868,success_build,True,True,True,,,
166,0 1 2 3 4 5 6 7 18 9 10 11 12 13 14 15 16 17 8 19 20 21 22 23,edcb2b160cb6eb893068c5983d8de585ef1e9baf1231b4774e495c3567019e1c,2745234784df65e466adab8675ec52ae7fd08cc266f3019266f4fe321d66e4c6,89.50691,96.65524,868,success_build,True,True,False,unit fuzzy loss,,
167,0 1 2 3 4 5 6 7 19 9 10 11 12 13 14 15 16 17 18 8 20 21 22 23,fc62112c0c1402389ddbd9fdf69af5b8b7732265b34f1dd9327d8e94e872c2c6,b5cd87de5e4a377949309849a27de475d1e9fced5bc6dac0bfb1e9475495ec22,89.29954,96.62613,868,success_build,True,True,False,unit fuzzy loss,,
168,0 1 2 3 4 5 6 7 20 9 10 11 12 13 14 15 16 17 18 19 8 21 22 23,a34d0d616f082fc58da19318b9e79667f4e9cf7647f05cfd7629be2162e0802d,99e8b6ed9a6f0050213733a0a459643480e627757611c1b756aeecdd4a550343,89.18433,96.60996,868,success_build,True,True,False,unit fuzzy loss,,
169,0 1 2 3 4 5 6 7 21 9 10 11 12 13 14 15 16 17 18 19 20 8 22 23,db1835f701d3f25e2bb98712e81479092b6583f1e46972dcb9b20f975d013beb,57a47fdb52c14c76036d72627b96bb6c7c6138d8f13cbbff13f0eebf38933037,91.129036,96.88293,868,success_build,True,True,True,,,
170,0 1 2 3 4 5 6 7 22 9 10 11 12 13 14 15 16 17 18 19 20 21 8 23,1f4694140609fe4969d23fc8bd11a7c2bfdf78cdd787a43ad9afca308e60031e,68097b64e35071aa790c43d65e8d2ce265b53ab4b2521a2fb3b9a788fe89e2c2,89.16129,96.60673,868,success_build,True,True,False,unit fuzzy loss,,
171,0 1 2 3 4 5 6 7 23 9 10 11 12 13 14 15 16 17 18 19 20 21 22 8,ce6bd73dde2e2321d071e4025800ee2c7025873735b414f04b5320056441bb37,f44df9db18e8bbed3f60da9e5490c3849ba65ba53baee106b5e05ec9b25e6664,88.91705,96.57245,868,success_build,True,True,False,unit fuzzy loss,,
172,0 1 2 3 4 5 6 7 8 10 9 11 12 13 14 15 16 17 18 19 20 21 22 23,cfcbbd5f9d91d66ac474d371c5dcc387a062d55fb0fe8f516167a694c577bd98,2871debd7574815fb828950dab68e5224d56c5c88aaa7615a4c852ccc19e955e,91.08295,96.87646,868,success_build,True,True,False,unit fuzzy loss,,
173,0 1 2 3 4 5 6 7 8 11 10 9 12 13 14 15 16 17 18 19 20 21 22 23,ff6d642dfc5361667a60853f2cba4f858664d0f4c184fac227daac1b071b87f1,379a5a0f433f75daf6151ea8f56fd5f2e77de22f4d8cefd112ecff3c3d329896,90.92166,96.85381,868,success_build,True,True,False,unit fuzzy loss,,
174,0 1 2 3 4 5 6 7 8 12 10 11 9 13 14 15 16 17 18 19 20 21 22 23,955c622ace1d4d3659ed5eb54ceb2357dfa937bff1719efd9145d47ae2723780,384ffc4167342137a5fdd7f54c0e2327dc296d9c25531db08ba8560ea7189f38,90.99078,96.86352,868,success_build,True,True,False,unit fuzzy loss,,
175,0 1 2 3 4 5 6 7 8 13 10 11 12 9 14 15 16 17 18 19 20 21 22 23,014e7b8061e25c4f2d042963fb5b0bd70b85126700f40da8d370207cfc8daf31,821b72aecf07840629bafa1053496183f6c166632ddebd4cb2d808d04c6dd4af,90.99078,96.86352,868,success_build,True,True,False,unit fuzzy loss,,
176,0 1 2 3 4 5 6 7 8 14 10 11 12 13 9 15 16 17 18 19 20 21 22 23,49eff05b06eaf58866a284a83a62320d48a77689e5c5d63b508fac361fcb63c6,f38204e4814635e1d735948c0846206deace4d5cab6827a9c9e1ed53f545ffd9,91.013824,96.86675,868,success_build,True,True,False,unit fuzzy loss,,
177,0 1 2 3 4 5 6 7 8 15 10 11 12 13 14 9 16 17 18 19 20 21 22 23,01fb71789a06ec8bdc1816c0a586804e9a418ce03e6a668cea7895548e566201,99d6345b5b584425834993a11d04ccde9f1e40b75c437d48bfb26235337387d6,91.059906,96.87322,868,success_build,True,True,False,unit fuzzy loss,,
178,0 1 2 3 4 5 6 7 8 16 10 11 12 13 14 15 9 17 18 19 20 21 22 23,296d0de9eb56208426b2b5e4bf9fd2222e22c67b4c5645ae1cee7c82e9724684,a38aef464fd6c42cc248c4ef52c4b5a7f435022ec6e2797577f00b6d274a2a10,91.08295,96.87646,868,success_build,True,True,False,unit fuzzy loss,,
179,0 1 2 3 4 5 6 7 8 17 10 11 12 13 14 15 16 9 18 19 20 21 22 23,b551bcda6c8b5e6b951d8b80e7fd7fb18f882117c71fa6c2aadb624ff9fcabb3,d496291b5c90bbec5875822e0f5f009db8662390ee5d2bd6cb64cfe9d12f16d6,90.36866,96.7762,868,success_build,True,True,False,unit fuzzy loss,,
180,0 1 2 3 4 5 6 7 8 18 10 11 12 13 14 15 16 17 9 19 20 21 22 23,dcf19ad8bb24ac0856ab97973aa2891e65654e174e56c25979bbaa94ab36c199,e3f52b7298acb623364ede3e9e95cc5e6a4a26e71109fc73d7f70dc918eb589b,91.129036,96.88293,868,success_build,True,True,True,,,
181,0 1 2 3 4 5 6 7 8 19 10 11 12 13 14 15 16 17 18 9 20 21 22 23,5b0814c1277eb2970f5b344eca8e78ff5f478fffe899792a728e7891e3ac6c7d,5562703048c075b9ced81e8b8adcf08d940a7b6e1424f088b619208cc7afa2b6,90.92166,96.85381,868,success_build,True,True,False,unit fuzzy loss,,
182,0 1 2 3 4 5 6 7 8 20 10 11 12 13 14 15 16 17 18 19 9 21 22 23,9a231cf285d29ee539d7513ff76011c9a2a0104184a5e18ef27c4b4040d64bc7,22ad1b1dd4379ba470065b995b93cccff4640dd4b9888b7911a54b86eb8f8baa,90.85253,96.84412,868,success_build,True,True,False,unit fuzzy loss,,
183,0 1 2 3 4 5 6 7 8 21 10 11 12 13 14 15 16 17 18 19 20 9 22 23,a5cb2e2e876fa24abd3b8735bb3ccb27482bac7008c1b50b64dab8b8b4884b5f,bba20e5078780729a97920fe5f19f991cc0d1c528f9d7e5fe772c1283212aeef,90.2765,96.76326,868,success_build,True,True,False,unit fuzzy loss,,
184,0 1 2 3 4 5 6 7 8 22 10 11 12 13 14 15 16 17 18 19 20 21 9 23,d5ca984d8a29453363d4f71fb087eb0d86ab426476fe96669a9b81ad6555bd72,44f819163cd004ddbc5c7525a825b18fd26e3ec67bec0ba7d5ca63046ec03229,90.89862,96.850586,868,success_build,True,True,False,unit fuzzy loss,,
185,0 1 2 3 4 5 6 7 8 23 10 11 12 13 14 15 16 17 18 19 20 21 22 9,2859949906b1402a55ad73e628be05d823351e258353f1908e30a59df4320b45,8356fc4492c4329036208d7b462cb9b7fd4a3e1ce6c2dcf5851ae2eb5b2858e2,88.29493,96.48512,868,success_build,True,True,False,unit fuzzy loss,,
186,0 1 2 3 4 5 6 7 8 9 11 10 12 13 14 15 16 17 18 19 20 21 22 23,fc9ad0b4f1ea62a920fead2b097e68b8dae0f66fca2098218a4cb894e31e174c,ba0a2d03f559841e0239f4daaa095c34ea9cc3dde24d452a3c31af3b9041e6ed,90.87558,96.84735,868,success_build,True,True,False,unit fuzzy loss,,
187,0 1 2 3 4 5 6 7 8 9 12 11 10 13 14 15 16 17 18 19 20 21 22 23,ed76373c796c2f48551a7a7d1a06a8d7df70af757354376b95cd581752a5721e,a3269ee755a21d7a760e73fe82a4a179115dba18ea4e0f03df46301f9e70239a,90.9447,96.85705,868,success_build,True,True,False,unit fuzzy loss,,
188,0 1 2 3 4 5 6 7 8 9 13 11 12 10 14 15 16 17 18 19 20 21 22 23,db7d991cde6034bb9ce217693b8ccb485483269aad5b628082d1e5c352123c51,262dc5ae68a6c69796b604db25bd33fa61d2228ff389c0cf9db3e1257dfd62f5,90.9447,96.85705,868,success_build,True,True,False,unit fuzzy loss,,
189,0 1 2 3 4 5 6 7 8 9 14 11 12 13 10 15 16 17 18 19 20 21 22 23,86764e638f3e9cad7a3678063ac503c243f6463f325510d0750fbc9819a6712c,7df98183bcd01d018ab8392533ab7edae9417701f0af153bc33042da4baf6d78,90.96774,96.86028,868,success_build,True,True,False,unit fuzzy loss,,
190,0 1 2 3 4 5 6 7 8 9 15 11 12 13 14 10 16 17 18 19 20 21 22 23,9a47acafdcd90166249a7a5a6073ba8a0e1036ebc00c029dbd35262aae16486c,2189f6f64803d99af3aecf3a1ab46a6dee30dc5090d8c8437f7e2afadb08afea,91.013824,96.86675,868,success_build,True,True,False,unit fuzzy loss,,
191,0 1 2 3 4 5 6 7 8 9 16 11 12 13 14 15 10 17 18 19 20 21 22 23,3c845f94086ae9ddc6af4dd662db8fc073f7cf68bfbecf4848a84b2d5f25ebb5,ddc47d4035decc03a4044eccb58ca73df158543d144df09d26df2abea3c92d9d,91.036865,96.86999,868,success_build,True,True,False,unit fuzzy loss,,
192,0 1 2 3 4 5 6 7 8 9 17 11 12 13 14 15 16 10 18 19 20 21 22 23,7d73afda0a5b2ff69ce1ba38ba2bcc1cde73e775a40c9b34d5c0331b88789d50,757fcccb8aa340a0edf18d0e01c872c83bfb662901e180a1e838f203c919f85c,90.36866,96.7762,868,success_build,True,True,False,unit fuzzy loss,,
193,0 1 2 3 4 5 6 7 8 9 18 11 12 13 14 15 16 17 10 19 20 21 22 23,69ff63d41b682d15ea746e53c226db1690916d0cc584c160c055666623862105,c2cf49c74e69d7e2e72304b06a20ea68a316f4be291758f1f7c3c5e4dcae13e0,91.08295,96.87646,868,success_build,True,True,False,unit fuzzy loss,,
194,0 1 2 3 4 5 6 7 8 9 19 11 12 13 14 15 16 17 18 10 20 21 22 23,5c334eebe04bf0760689af48a9e12963315238f114f2fdd30c86b565f0420efa,4342f2b27de6e215f0080e95d28bd56e89f290450e62d3f0be53a0a5acd39b1f,90.668205,96.81824,868,success_build,True,True,False,unit fuzzy loss,,
195,0 1 2 3 4 5 6 7 8 9 20 11 12 13 14 15 16 17 18 19 10 21 22 23,9384cb997198575e43f531eef7a60ae03452a0c722127d98cc5df2be3020f756,eb4f4dfd4294e17c1459dcdfce735535e99df7c814cd515e5a72b34839b426f0,90.80645,96.83765,868,success_build,True,True,False,unit fuzzy loss,,
196,0 1 2 3 4 5 6 7 8 9 21 11 12 13 14 15 16 17 18 19 20 10 22 23,61abd967b1a697000d6f7824a9d1ebacea6b304538855f1623786bb4e3ec9a67,735770a073f1a2bab07b2b7f91dba4ce68b223b7baa4b3000aeb30c3d2a653ab,90.2765,96.76326,868,success_build,True,True,False,unit fuzzy loss,,
197,0 1 2 3 4 5 6 7 8 9 22 11 12 13 14 15 16 17 18 19 20 21 10 23,e865c69c3fecb45c44b2de32b450ea14be175bb39b490fae55d143e49c75c967,1f7d4fc2e4244aa7a06e1b59fa7473fb3137661fde31a72834b6f0bbedb483f4,90.645164,96.81501,868,success_build,True,True,False,unit fuzzy loss,,
198,0 1 2 3 4 5 6 7 8 9 23 11 12 13 14 15 16 17 18 19 20 21 22 10,2cc295a73654d8bb0277b0435c6f28d35502bb47b7b0d97d9ba4d3ea52f252ef,503238903aa693caa1f29ba0005e7aa624ae31ee4d31c8d77f542a8505b0b686,88.29493,96.48512,868,success_build,True,True,False,unit fuzzy loss,,
199,0 1 2 3 4 5 6 7 8 9 10 12 11 13 14 15 16 17 18 19 20 21 22 23,6c452a26736074450ac7c994c6b764dda13711b540da0809741395d4bcc3f206,13ecf269be4d046605d164788bc91e92a0c7a9c04c7cbdcaa1b01e3f3725e8db,90.820274,96.839584,868,success_build,True,True,False,unit fuzzy loss,,
200,0 1 2 3 4 5 6 7 8 9 10 13 12 11 14 15 16 17 18 19 20 21 22 23,8f39275cab34c771337a08f85ec9aeb1637597e034bb49bdb9957f0e649f64bf,d71dbec04c33816a1d2a88e65ce5dc021f5f8e9e47a92aa4f8f3efec0acba7ec,90.769585,96.83247,868,success_build,True,True,False,unit fuzzy loss,,
201,0 1 2 3 4 5 6 7 8 9 10 14 12 13 11 15 16 17 18 19 20 21 22 23,c5d41f304f68a1de06ed958d0578912e26c6b91d46049afc812e0c00eae8d8e1,af1c39aad0d903f4de28069183417ca892afd7ad24a1ad49397a5ec3ca6bd6f7,89.85253,96.70375,868,success_build,True,True,False,unit fuzzy loss,,
202,0 1 2 3 4 5 6 7 8 9 10 15 12 13 14 11 16 17 18 19 20 21 22 23,1a1700ffc128bbe195f5ab334955b404ab5aed2dce48aead48adc299c3fcfaee,b779e1656e017855e93c96f1bbe07158237e2e893a47aefc1b53f058f1fc5c83,89.89862,96.71022,868,success_build,True,True,False,unit fuzzy loss,,
203,0 1 2 3 4 5 6 7 8 9 10 16 12 13 14 15 11 17 18 19 20 21 22 23,7a09e3bd024cb3311fd5de05d29370aa080464a588824ed1f315e90739b90cda,df04407c4cfe6867e87be0ca48291a29bb192449ac96ca6383a0cff71ffa6747,89.92166,96.713455,868,success_build,True,True,False,unit fuzzy loss,,
204,0 1 2 3 4 5 6 7 8 9 10 17 12 13 14 15 16 11 18 19 20 21 22 23,97e1af270c5b0dfe625442454d9e5b65bbde339c3d35156cd60b365cda4ca953,1f5479fad98b73a87eb53846ba1f0fb5bdbf7c4140b2ff92de7d227165e8d8d7,90.42857,96.78461,868,success_build,True,True,False,unit fuzzy loss,,
205,0 1 2 3 4 5 6 7 8 9 10 18 12 13 14 15 16 17 11 19 20 21 22 23,f52f15b2f98a134a2cc7be090e5655aeb08c67b394a7d9af5d070b4f5ba74771,4e5e5eef84e9281aed843697247b502541cfde2e295d34a7e0dc920352bf2c9f,89.96774,96.719925,868,success_build,True,True,False,unit fuzzy loss,,
206,0 1 2 3 4 5 6 7 8 9 10 19 12 13 14 15 16 17 18 11 20 21 22 23,e954dda789d94c6208aa2c4055ce1f33f939c45a9813fcd9103c78db0bad6ec8,bb4d11500a2be7777e4a6d9d75de7f027e4c9bf71a6e944b2510a1f4e61f0491,89.55299,96.661705,868,success_build,True,True,False,unit fuzzy loss,,
207,0 1 2 3 4 5 6 7 8 9 10 20 12 13 14 15 16 17 18 19 11 21 22 23,8d9caa9be463da4bb9c71bd25ea3bf5d4ba2f218f713011ee0d6455636d6e7f3,e1ebab9305a08a6440c7426a6219541b73c56d68f53db4485788e1af25d06695,89.691246,96.681114,868,success_build,True,True,False,unit fuzzy loss,,
208,0 1 2 3 4 5 6 7 8 9 10 21 12 13 14 15 16 17 18 19 20 11 22 23,dc48432df6dd2e141a56fb046a8ee14129d257f6f7965bee1c9e76ef07162296,98b6fd73cb6b0c7f6ced97859056e7af864d5fb75e622e71353bf46687b0e381,90.3364,96.77167,868,success_build,True,True,False,unit fuzzy loss,,
209,0 1 2 3 4 5 6 7 8 9 10 22 12 13 14 15 16 17 18 19 20 21 11 23,b55bef22290f6eaf4c7d84f84153501723159d20c622959d21e0ae327dbfdc53,df4ba5851c1ab80c6e6c373f78ff4f590292e1364aa205075be57c0448340584,89.52995,96.65847,868,success_build,True,True,False,unit fuzzy loss,,
210,0 1 2 3 4 5 6 7 8 9 10 23 12 13 14 15 16 17 18 19 20 21 22 11,17a8ac738bc58ca8d924a9fdcd2bfd4c5ecec731feadb761e3cc3e81c7db03ab,0e3035ce4ed09cde038a63d6f0b451465461ebf05f1446f54f42dba18e9bec3c,88.179726,96.46895,868,success_build,True,True,False,unit fuzzy loss,,
211,0 1 2 3 4 5 6 7 8 9 10 11 13 12 14 15 16 17 18 19 20 21 22 23,ddb65de264b0e0e99fb51a3079efec7268ebecbc920acc45b10ac9f44bec9554,471b8ffe77b35727b5b551daf89ec31336aa54f9225d68b7c057e0a1ec0cd051,90.85253,96.84412,868,success_build,True,True,False,unit fuzzy loss,,
212,0 1 2 3 4 5 6 7 8 9 10 11 14 13 12 15 16 17 18 19 20 21 22 23,462ea7d610f1043a6bcdb90baee321a04309ecbf5e4702561eee2a5402738e73,d7ea8e1076ef7bc3008d57aa409b4cce414342487dc53234b33e5abc45701364,90.87558,96.84735,868,success_build,True,True,False,unit fuzzy loss,,
213,0 1 2 3 4 5 6 7 8 9 10 11 15 13 14 12 16 17 18 19 20 21 22 23,cc5ad7443ba1da3a5661a07d4d5c661d4f2c0a17fb666cd8698a3bedc7a007ea,2f70319e34c68dbd1cb13a446357e5a2509d6390b436bee9ac4aa4cee9aee590,90.92166,96.85381,868,success_build,True,True,False,unit fuzzy loss,,
214,0 1 2 3 4 5 6 7 8 9 10 11 16 13 14 15 12 17 18 19 20 21 22 23,a377a08e450b5ba6d86d174af569c705652c4cb11a2df9e5d0b4953d2d5e635f,4322173dffc76c6d89ebbb7858f2eb75bcf47fa37d2ab4f087819b59f6e53a89,90.9447,96.85705,868,success_build,True,True,False,unit fuzzy loss,,
215,0 1 2 3 4 5 6 7 8 9 10 11 17 13 14 15 16 12 18 19 20 21 22 23,b6b1e56837442196c3463deb34adff52078bea354e3a544d8ecdbc1939fc4c80,8b7ec815e6ddaed7714218e996912de1e726363771c653043fa401f487b34fb4,90.622116,96.811775,868,success_build,True,True,False,unit fuzzy loss,,
216,0 1 2 3 4 5 6 7 8 9 10 11 18 13 14 15 16 17 12 19 20 21 22 23,cb6f9ed3dd1033bdb15078165cdeb78edbd2c373e5aed31ca61e4099eed51546,53e09ebcf0faa7c88c393b6b461dc5ba4499ae95fd35dbddfbe720b60541c3e5,90.99078,96.86352,868,success_build,True,True,False,unit fuzzy loss,,
217,0 1 2 3 4 5 6 7 8 9 10 11 19 13 14 15 16 17 18 12 20 21 22 23,10a9dc9da7ad16ed4fdcf0f8016e2f662cd03cd71ca88730daed3776302cc705,a69369449bcf3012e9b144d18e7f629345f3075fca0be8bc4ec659b690597a30,90.89862,96.850586,868,success_build,True,True,False,unit fuzzy loss,,
218,0 1 2 3 4 5 6 7 8 9 10 11 20 13 14 15 16 17 18 19 12 21 22 23,dfe90ba1bb083fc06a3fa238aa61a384f32e2266f5d5968fedfedab1db47e500,5fbe529d6d72f032dabcb7ff0aa04198c9ec2c5bff64bf50a6ce5a1c92cc45c8,90.92166,96.85381,868,success_build,True,True,False,unit fuzzy loss,,
219,0 1 2 3 4 5 6 7 8 9 10 11 21 13 14 15 16 17 18 19 20 12 22 23,f8a14b076b2e57cd931974934b271211dbb68f26817b1d015a3a5c80f23f868b,063b05066c35b11d3e9b14fd97b50453882d01fbff6dd094afccc592ff4d3a98,90.52995,96.798836,868,success_build,True,True,False,unit fuzzy loss,,
220,0 1 2 3 4 5 6 7 8 9 10 11 22 13 14 15 16 17 18 19 20 21 12 23,28dc82b1f83d2dd6229975498e715ba68696651dcc18e1ef17a3acf81170b087,f9e40c6802a0229b80da78e74a2db42b4fa48a34780db65291291003cfe53e68,90.92166,96.85381,868,success_build,True,True,False,unit fuzzy loss,,
221,0 1 2 3 4 5 6 7 8 9 10 11 23 13 14 15 16 17 18 19 20 21 22 12,a9191d6a25c7e45bfe3418dfb6875067e2a14ace03ad84b47354affe12530c46,75a5478351a5c896bbbcf31a7cf1de7657ebf9a493c70accad7d7f1e5fcc2d3b,87.48387,96.371284,868,success_build,True,True,False,unit fuzzy loss,,
222,0 1 2 3 4 5 6 7 8 9 10 11 12 14 13 15 16 17 18 19 20 21 22 23,5f4c1444be75aee43ae4c26b6e05bd75ec837db75fdec7cac78d1e87b3037152,c18d904583bcfaf716acde70df98eb99c002f68cb907d30f7206f1e0093b7953,90.87558,96.84735,868,success_build,True,True,False,unit fuzzy loss,,
223,0 1 2 3 4 5 6 7 8 9 10 11 12 15 14 13 16 17 18 19 20 21 22 23,7df5a9d0bfbd2e1c36f131aee37c58b9d66955e38fc5de0a65b917a647c75cdc,616de555c120338c1a0fe7b229463e788c2dc4a50cde8a16210b85fdd4bf9baf,90.92166,96.85381,868,success_build,True,True,False,unit fuzzy loss,,
224,0 1 2 3 4 5 6 7 8 9 10 11 12 16 14 15 13 17 18 19 20 21 22 23,412d30e4f575521bd31fcf602ff5941be504a3fef2b2934a6c603416ed9e109f,b4ce4041c63c28183940d4a4296af066b515127c3fb89260c5912ef7c43706f0,90.9447,96.85705,868,success_build,True,True,False,unit fuzzy loss,,
225,0 1 2 3 4 5 6 7 8 9 10 11 12 17 14 15 16 13 18 19 20 21 22 23,96d6785c357a903283f6b7226ef8ba76ffd4c9a002bcb6b25303b5b2a3f4392e,4b1cfc760d1253eccfb147dbc0fbf12e78b8b8507472b8469dfdce24dc58fc2f,90.76037,96.83118,868,success_build,True,True,False,unit fuzzy loss,,
226,0 1 2 3 4 5 6 7 8 9 10 11 12 18 14 15 16 17 13 19 20 21 22 23,521b054ac4d3087a987d54c66dec03e5a5e0788d668522cf3de78fdc5988ee5f,501907bf0b7b5177dff1ab0d119e40ab5516a61826920cbd5e308cc8c456ba83,90.99078,96.86352,868,success_build,True,True,False,unit fuzzy loss,,
227,0 1 2 3 4 5 6 7 8 9 10 11 12 19 14 15 16 17 18 13 20 21 22 23,09389971d6db87255aca8792e415edbcdd3f4888972050691accb7ff00aa6aad,f4c4ddb5ac6b357f9c54bc3a8cd43ed33a80464106c5f032b7e92be2e55760ae,90.89862,96.850586,868,success_build,True,True,False,unit fuzzy loss,,
228,0 1 2 3 4 5 6 7 8 9 10 11 12 20 14 15 16 17 18 19 13 21 22 23,78d3a5c22256981b1b38b67d3674310afcfc95771efcf2df9db8df5ced80ea27,d7da9b51b9e32526912918ed1ead7a41a52d2f36005699eda0508b8541573baa,90.92166,96.85381,868,success_build,True,True,False,unit fuzzy loss,,
229,0 1 2 3 4 5 6 7 8 9 10 11 12 21 14 15 16 17 18 19 20 13 22 23,dc5ee04c52e6f15fbe2aa48483d860787e10de44fed422d78b5e5e59147b0acb,a3e87e94ed0a2f3985cb35506354f93d74034b25b5bb7bf56cfd2a53c3e82722,90.668205,96.81824,868,success_build,True,True,False,unit fuzzy loss,,
230,0 1 2 3 4 5 6 7 8 9 10 11 12 22 14 15 16 17 18 19 20 21 13 23,181e4ade525078791bf895fe5a000719f0249b55fe8380d55b73032b3a7b553c,d5f6fdf95043eeb8fb791bb399dcb1fc931e521788aab791bf51ea9ff4e8bdbb,90.92166,96.85381,868,success_build,True,True,False,unit fuzzy loss,,
231,0 1 2 3 4 5 6 7 8 9 10 11 12 23 14 15 16 17 18 19 20 21 22 13,7d10b75d0982394f323e4ff938be189f13755a4698b296a70fe6e401154d49fb,0a7ea6171dbe048f9233f6638bd245e9f1d5f011b8ddb0b3c87dcc2479d09ebf,88.548386,96.5207,868,success_build,True,True,False,unit fuzzy loss,,
232,0 1 2 3 4 5 6 7 8 9 10 11 12 13 15 14 16 17 18 19 20 21 22 23,132d5b0aa69091aaf1a7b80fe7e517f56c7db2912a22403d8a6af6e9e4862a01,56436edfdd5035cb1de6c07fdeca0707e9fe722913411148050623098375a7cc,90.9447,96.85705,868,success_build,True,True,False,unit fuzzy loss,,
233,0 1 2 3 4 5 6 7 8 9 10 11 12 13 16 15 14 17 18 19 20 21 22 23,ed8d928e82121a37328f91303feedef099e4730122cc8e5d572e8b628e4e1cbd,9248648789a8535a1ea2c750789561c4290bdd920789a0da2fd8e2d72596010c,90.96774,96.86028,868,success_build,True,True,False,unit fuzzy loss,,
234,0 1 2 3 4 5 6 7 8 9 10 11 12 13 17 15 16 14 18 19 20 21 22 23,11540ce353d0ffaab0a5f21bdbcf9a032db91d7fc8d309e6e5ce9ab83b4725b0,6cb6dc1b7f2ce0e680483ade16b8ce2d2d2e629c48f165ae2c54ef21834439b5,90.89862,96.850586,868,success_build,True,True,False,unit fuzzy loss,,
235,0 1 2 3 4 5 6 7 8 9 10 11 12 13 18 15 16 17 14 19 20 21 22 23,1d61fc64cef13f7b5fd83d433462efde448002607c77b61056cbd2e100da6f91,32b49f56248050bcf1e1d479cf5eb1db639b4e3b55cdace0f69a212fd4f3050e,91.013824,96.86675,868,success_build,True,True,False,unit fuzzy loss,,
236,0 1 2 3 4 5 6 7 8 9 10 11 12 13 19 15 16 17 18 14 20 21 22 23,e3854700243e33c5af8d981dd624b481c0f3a4741979ffcba6ac769241e10110,49a3a5e057435e525dd4f74848327ad53b56c4b9a91e776d381d59bdbba29580,90.92166,96.85381,868,success_build,True,True,False,unit fuzzy loss,,
237,0 1 2 3 4 5 6 7 8 9 10 11 12 13 20 15 16 17 18 19 14 21 22 23,8d104974d522cdc9289fb4021b24cfc1a476313f8551dbbc0b6dad78c7442808,0b3fcd02ec3603aa851505efba850b42db116bf844577655c17ad0583337e445,90.9447,96.85705,868,success_build,True,True,False,unit fuzzy loss,,
238,0 1 2 3 4 5 6 7 8 9 10 11 12 13 21 15 16 17 18 19 20 14 22 23,b654ca443b18d5dd7dfe653946e2299a6a37aa8e1e4ead6b15c3220eca7ff78d,9a97f71bd37a3db3d8ef9c8308ccbbcd2d0a1a180afdff53489d2319d68c927f,90.80645,96.83765,868,success_build,True,True,False,unit fuzzy loss,,
239,0 1 2 3 4 5 6 7 8 9 10 11 12 13 22 15 16 17 18 19 20 21 14 23,160bd6474cd27b71a7be230797d5866d675c26a875357787c60ab15cb159fcc4,a1f2bd418d936185973c200f6942cf8e8ca37b15d38709e76043789da8361b88,90.9447,96.85705,868,success_build,True,True,False,unit fuzzy loss,,
240,0 1 2 3 4 5 6 7 8 9 10 11 12 13 23 15 16 17 18 19 20 21 22 14,eebc904190bf44b61a882261b0e801b316ae07eefc96b4fd389a735c114e71a8,b54948ac4f22422b4153b86be8d19b4be0923a65dbaee89f016cb6e975838284,88.61751,96.5304,868,success_build,True,True,False,unit fuzzy loss,,
241,0 1 2 3 4 5 6 7 8 9 10 11 12 13 14 16 15 17 18 19 20 21 22 23,6e3eb1ced557767e5bd67d77bc92b8900e930bcc811643ea2c79a2bea9f69a74,66e1eacd0a9dd5738ababb655b825763769c451cc8677a75a4506521f2700394,91.013824,96.86675,868,success_build,True,True,False,unit fuzzy loss,,
242,0 1 2 3 4 5 6 7 8 9 10 11 12 13 14 17 16 15 18 19 20 21 22 23,bc57d0889d2f3717f8bf35140d81b17cdcf6c44cccd3497cbbebc5c8478e0ecc,66e1eacd0a9dd5738ababb655b825763769c451cc8677a75a4506521f2700394,91.013824,96.86675,868,success_build,True,True,False,unit fuzzy loss,,
243,0 1 2 3 4 5 6 7 8 9 10 11 12 13 14 18 16 17 15 19 20 21 22 23,4c75bfed40cfc46448ead97149595d3040adc76e5cbf9e67a1e8bf26789fad00,7d21ebd2fe00eb2272e793d525870b6998fb98552d8e738fcadb7944f440cb6c,91.059906,96.87322,868,success_build,True,True,False,unit fuzzy loss,,
244,0 1 2 3 4 5 6 7 8 9 10 11 12 13 14 19 16 17 18 15 20 21 22 23,9098ff542304668ca1f99cf1f4a2d8bb9fcfd5c1969a22f1e000011939785ec9,433272a173cff4c8ac5564b1c8dc7f8b99422f5ed11468d041d84a49de63bd5b,90.96774,96.86028,868,success_build,True,True,False,unit fuzzy loss,,
245,0 1 2 3 4 5 6 7 8 9 10 11 12 13 14 20 16 17 18 19 15 21 22 23,db55071ef8801f173c372733bb8421fb396293f7ce8c0e40ba2002c35e1fd246,dd6cb02aa6172df819b4f59ba5aff578bcea9fde705604dfa89dd8b9369b2e69,90.99078,96.86352,868,success_build,True,True,False,unit fuzzy loss,,
246,0 1 2 3 4 5 6 7 8 9 10 11 12 13 14 21 16 17 18 19 20 15 22 23,844b53993598c4682bfb891baba840d785e80d36b85c4d87e4e2a0d486d494ea,d0b2892b57f4dce635f0698a498e0b65b035eb5851fe1c20d0b305636e6d8b44,90.92166,96.85381,868,success_build,True,True,False,unit fuzzy loss,,
247,0 1 2 3 4 5 6 7 8 9 10 11 12 13 14 22 16 17 18 19 20 21 15 23,0adbf9d8ae05d6ddec0de942b3b7e98e7298bc0d7a4fa6e14462b5af8628b229,11281cbe0dc2b07c2e068d08985001344548af332901516d7f13bf5dc9e5e6fa,90.99078,96.86352,868,success_build,True,True,False,unit fuzzy loss,,
248,0 1 2 3 4 5 6 7 8 9 10 11 12 13 14 23 16 17 18 19 20 21 22 15,e35c2387dacc3851bc2eeb2be744642c12595eb35bbeb867c4f4ac2877f373c3,345b59c2953ccd043731d3a5d921a41b6d9f519a52bac06136f77ec8b82381d9,88.73272,96.54657,868,success_build,True,True,False,unit fuzzy loss,,
249,0 1 2 3 4 5 6 7 8 9 10 11 12 13 14 15 17 16 18 19 20 21 22 23,c763bb679981d6be634ea9546093c523b9d4cd1386fa428176652903ec32c046,e01d44ae67a7bd0d969025f3bbe21d389c3d70c0ce0ced1ce3650d748d3a7c15,91.129036,96.88293,868,success_build,True,True,True,,,
250,0 1 2 3 4 5 6 7 8 9 10 11 12 13 14 15 18 17 16 19 20 21 22 23,ac7fece9767ca61f674d4bafc3727f658ff81454446655ff4fc18ef725bdfc20,0e172bfa81b8c4676a8be2d9c3275a68176ee98fec690f389ecddd42d493e3fb,91.08295,96.87646,868,success_build,True,True,False,unit fuzzy loss,,
251,0 1 2 3 4 5 6 7 8 9 10 11 12 13 14 15 19 17 18 16 20 21 22 23,bc30238922f4c62acb289ab2645dbcbf392dcec2a2424686f2328221365b5cda,68320af22fa92774a5f3d33230747b86433f27fbd17d703d8564223ee3973b37,90.99078,96.86352,868,success_build,True,True,False,unit fuzzy loss,,
252,0 1 2 3 4 5 6 7 8 9 10 11 12 13 14 15 20 17 18 19 16 21 22 23,68aa26ddb7697c9c15a042731d5fc1c3753bf5320bc2e7a45a789c1d77668bfd,cdc2e4e747a967e2ea9f422e5de3df169f0bbf0b543d8b69c6e5edca4e98c843,91.013824,96.86675,868,success_build,True,True,False,unit fuzzy loss,,
253,0 1 2 3 4 5 6 7 8 9 10 11 12 13 14 15 21 17 18 19 20 16 22 23,238d5f26d54f50cf5224ee74df6304940e8975d5b05cf385a692d80d8ca0543f,cfbc74137ffe2dc3d2ec2c65acd91555554143c58336ca599170593ae0e2afe8,90.99078,96.86352,868,success_build,True,True,False,unit fuzzy loss,,
254,0 1 2 3 4 5 6 7 8 9 10 11 12 13 14 15 22 17 18 19 20 21 16 23,a0a758d882436f160e8d3f9be3d966e0657dffef07ea9d133a93a7e3a6aa0ac4,96540b57d01d9f0e899b4328716c3fa4bd129c879bf96c0e3407b65af43b4fa9,91.013824,96.86675,868,success_build,True,True,False,unit fuzzy loss,,
255,0 1 2 3 4 5 6 7 8 9 10 11 12 13 14 15 23 17 18 19 20 21 22 16,1c9ea79ddc3a4fd4ab2641b17d0ac3f0dfb31c1b7aba00b214ff00edea27d762,9dd376a9d15865f9b63dd89905a2bda8beffbd458ce8867dd6d2568338ce92fb,88.80184,96.556274,868,success_build,True,True,False,unit fuzzy loss,,
256,0 1 2 3 4 5 6 7 8 9 10 11 12 13 14 15 16 18 17 19 20 21 22 23,f06207b77d61b4e3bd9858db7650547bed840f6210767d1a19f5d7d4af557e48,e01d44ae67a7bd0d969025f3bbe21d389c3d70c0ce0ced1ce3650d748d3a7c15,91.129036,96.88293,868,success_build,True,True,True,,,
257,0 1 2 3 4 5 6 7 8 9 10 11 12 13 14 15 16 19 18 17 20 21 22 23,e0d946e5f76a095888c15f6e7f127e3ed7f9e6ba85021dc31c55ab7448a86d5a,9945e123307ed3fff28c8bf4c61c9322c761d2271c811d2a88a72296ea85738a,91.036865,96.86999,868,success_build,True,True,False,unit fuzzy loss,,
258,0 1 2 3 4 5 6 7 8 9 10 11 12 13 14 15 16 20 18 19 17 21 22 23,5807c83409afebc021a1311143f045eb5a147ce8a60ea7dd3b1d7bed1ec6314d,7f4ca0cfa4bfccfd13f7b0dc476830a8e4531a0e299930ce2ded76ed68b20c94,91.013824,96.86675,868,success_build,True,True,False,unit fuzzy loss,40,0
259,0 1 2 3 4 5 6 7 8 9 10 11 12 13 14 15 16 21 18 19 20 17 22 23,9b3d5c095eb8fbaf8936423005e629d19c3929af158495fd441f76e2b48de31a,57a47fdb52c14c76036d72627b96bb6c7c6138d8f13cbbff13f0eebf38933037,91.129036,96.88293,868,success_build,True,True,True,,,
260,0 1 2 3 4 5 6 7 8 9 10 11 12 13 14 15 16 22 18 19 20 21 17 23,286ca884801c920f3990e96489cd0e8fc0febac9440bf0bf8175a8493c59b342,5ab36733503f6504f041cfdb941460b2807da087309a35fc48141a9517886d2b,90.89862,96.850586,868,success_build,True,True,False,unit fuzzy loss,,
261,0 1 2 3 4 5 6 7 8 9 10 11 12 13 14 15 16 23 18 19 20 21 22 17,302ec83af8936f281fee569722866a98b893c25e719e85ed1b916dcd5df20c98,a0b95d5818eb0b7c11b103f49176934b15902cc6b4517646b3a0333f29852b67,90.50691,96.7956,868,success_build,True,True,False,unit fuzzy loss,,
262,0 1 2 3 4 5 6 7 8 9 10 11 12 13 14 15 16 17 19 18 20 21 22 23,4bbf9c8654f5bc1d77ddf0472e20a5fae035a5a6e317cbc1cb37375121b3273d,9945e123307ed3fff28c8bf4c61c9322c761d2271c811d2a88a72296ea85738a,91.036865,96.86999,868,success_build,True,True,False,unit fuzzy loss,,
263,0 1 2 3 4 5 6 7 8 9 10 11 12 13 14 15 16 17 20 19 18 21 22 23,104982786745612b6a380cc521bd9c64694c9501f8cd95f1cfc1ef087a831a8c,3ce9cb9ec77779a4dd875bf595a746ff13c4180d568d616ffcd4cb56cac4b6fd,91.059906,96.87322,868,success_build,True,True,False,unit fuzzy loss,,
264,0 1 2 3 4 5 6 7 8 9 10 11 12 13 14 15 16 17 21 19 20 18 22 23,ce0e9907c5e291d384edbaa9ce72fc6866b0bbc09f02bf04ca917ac33b0dad41,b889ea3ff840d0ec52cb41f46de0c087831b35a587fd6ff953f49b38283eaa05,91.036865,96.86999,868,success_build,True,True,False,unit fuzzy loss,,
265,0 1 2 3 4 5 6 7 8 9 10 11 12 13 14 15 16 17 22 19 20 21 18 23,23984e0c064f63a8f91efe9ba2f789a45ba4a3913f1e65f8f1805f1a650ff0dd,dbba9ecbbbf6627354b34a6dbbb3dd231b3fa4b7a39a2ae48e6ada7805c18808,91.059906,96.87322,868,success_build,True,True,False,unit fuzzy loss,,
266,0 1 2 3 4 5 6 7 8 9 10 11 12 13 14 15 16 17 23 19 20 21 22 18,2550d58fb3351e6c88c008cc0efb9491f889771683a04ee6026ee1ec13673bb2,cb51b5b3820b236b9c58f5f0cd4f78213f19f7c4ebbcb6e530c1978d29453dee,88.82488,96.55951,868,success_build,True,True,False,unit fuzzy loss,,
267,0 1 2 3 4 5 6 7 8 9 10 11 12 13 14 15 16 17 18 20 19 21 22 23,074452cb22b16a1ece65299d54afbbec94b124b96267150fb05328d685cc221a,d71e368a6b4661264f6558693e061a2c0eb44fc21171084906d55af185e471fd,91.08295,96.87646,868,success_build,True,True,False,unit fuzzy loss,,
268,0 1 2 3 4 5 6 7 8 9 10 11 12 13 14 15 16 17 18 21 20 19 22 23,37a0d877cf2b6f128ffefe4777a226b74ba0a917b4f43047b2cd71e11c14274e,d71e368a6b4661264f6558693e061a2c0eb44fc21171084906d55af185e471fd,91.08295,96.87646,868,success_build,True,True,False,unit fuzzy loss,,
269,0 1 2 3 4 5 6 7 8 9 10 11 12 13 14 15 16 17 18 22 20 21 19 23,c4b785e5c9b881b9b03b070fd2dca3057e15f120c7912fb313db349192dddac6,fae6963a6f9cf753e9691e30bcba1484fd7e67e51a672ed7b2550632fa4cc354,90.9447,96.85705,868,success_build,True,True,False,unit fuzzy loss,,
270,0 1 2 3 4 5 6 7 8 9 10 11 12 13 14 15 16 17 18 23 20 21 22 19,766abb8eba707bcdd4e3c4c18e5a727c1f773ecbb0019f6024492c7206b1529c,f66bfd3c27e01dad730d9bf10ecebbe9ac72192f1efae9ffea28e5f052fa7e38,88.91705,96.57245,868,success_build,True,True,False,unit fuzzy loss,,
271,0 1 2 3 4 5 6 7 8 9 10 11 12 13 14 15 16 17 18 19 21 20 22 23,3800beaa835b59d51756e868bdadfc0360bfc5b793640f1bbec52431738e5df7,e01d44ae67a7bd0d969025f3bbe21d389c3d70c0ce0ced1ce3650d748d3a7c15,91.129036,96.88293,868,success_build,True,True,True,,,
272,0 1 2 3 4 5 6 7 8 9 10 11 12 13 14 15 16 17 18 19 22 21 20 23,dc5ea859e9e0b9fae5b992980a24ca6bb0ae175cece000eb600e0b3e47a6b4b4,2a22f60d0d0d57e91a4a55b3042387665cd4b6af296dc4d9a5596d3823e8aa01,90.9447,96.85705,868,success_build,True,True,False,unit fuzzy loss,,
273,0 1 2 3 4 5 6 7 8 9 10 11 12 13 14 15 16 17 18 19 23 21 22 20,4ce5307d073a71974e3131f54590bc4fd2e2bf60803025b37b904176d589d046,466dfb9d876c5418a1ff8075cf6b85b35d77d9f099101f53068232ef60db014d,88.940094,96.575676,868,success_build,True,True,False,unit fuzzy loss,,
274,0 1 2 3 4 5 6 7 8 9 10 11 12 13 14 15 16 17 18 19 20 22 21 23,ad712e3eef1c27ab1b82abdfc6f74c7e8f6018f4d2929743f3b371f1687d9e27,e01d44ae67a7bd0d969025f3bbe21d389c3d70c0ce0ced1ce3650d748d3a7c15,91.129036,96.88293,868,success_build,True,True,True,,,
275,0 1 2 3 4 5 6 7 8 9 10 11 12 13 14 15 16 17 18 19 20 23 22 21,6e3c1be21c52bc3325b357a0c55fc9bfaee0efcf78d0a2b96d4253e66194aeb0,97dfe1533b6cf2bf01002bf2df067c87e9be8189be15870edd4b7351a5962d8f,89.14747,96.60479,868,success_build,True,True,False,unit fuzzy loss,,
276,0 1 2 3 4 5 6 7 8 9 10 11 12 13 14 15 16 17 18 19 20 21 23 22,26db6c1544e7fc59ff7e0ae496805a0ac738bcb94fe0648cc439ffd89a04dead,f5b8b78a81ba9166b40e25a47aec7557fd969b651b810db3f926f4c2c123890f,90.87558,96.84735,868,success_build,True,True,False,unit fuzzy loss,,
277,1 2 0 3 4 5 6 7 8 9 10 11 12 13 14 15 16 17 18 19 20 21 22 23,24916e363d568080609d1a9f314246c09614f34b174cd2cf105c2f9d1a9c5c8a,ed8bf8a6c22dc46d8c06d1613e533a6601088b09cc0025582c67351afc61d0c6,90.89862,96.850586,868,success_build,True,True,False,unit fuzzy loss,,
278,1 2 3 0 4 5 6 7 8 9 10 11 12 13 14 15 16 17 18 19 20 21 22 23,974fbb1a2ee19f27fcda955f41d3776fd71e8f57217fc75752dcb2bc8173e3c2,ed8bf8a6c22dc46d8c06d1613e533a6601088b09cc0025582c67351afc61d0c6,90.89862,96.850586,868,success_build,True,True,False,unit fuzzy loss,,
279,1 2 3 4 0 5 6 7 8 9 10 11 12 13 14 15 16 17 18 19 20 21 22 23,074acdb9ff7902d4febef9fc336da6b508b29beac5d943a9fb5c5daaf59c1265,ed8bf8a6c22dc46d8c06d1613e533a6601088b09cc0025582c67351afc61d0c6,90.89862,96.850586,868,success_build,True,True,False,unit fuzzy loss,,
280,1 2 3 4 5 0 6 7 8 9 10 11 12 13 14 15 16 17 18 19 20 21 22 23,f008f5dccb586a9bd371ce15d2f8599be8f7a6dca6fe51ad388bce8db2164a4b,b3a01494f325f805a10ea83dbd6d552d0f400cced27492f2189d4ae74c362785,90.73733,96.82794,868,success_build,True,True,False,unit fuzzy loss,,
281,1 2 3 4 5 6 0 7 8 9 10 11 12 13 14 15 16 17 18 19 20 21 22 23,32cecb0357d1c4dbcd608ca6648dbb60b41e2d15d01a73463db4174babd41754,b3a01494f325f805a10ea83dbd6d552d0f400cced27492f2189d4ae74c362785,90.73733,96.82794,868,success_build,True,True,False,unit fuzzy loss,,
282,1 2 3 4 5 6 7 0 8 9 10 11 12 13 14 15 16 17 18 19 20 21 22 23,59343627a2b842218f76079fffc5e4b5951d0aba076ff3540b29e527d268d137,b3a01494f325f805a10ea83dbd6d552d0f400cced27492f2189d4ae74c362785,90.73733,96.82794,868,success_build,True,True,False,unit fuzzy loss,,
283,1 2 3 4 5 6 7 8 0 9 10 11 12 13 14 15 16 17 18 19 20 21 22 23,fe8dc0d02a2e77e415dc512f4bce88365122469356bf74d526fdfbc548bb2c95,b3a01494f325f805a10ea83dbd6d552d0f400cced27492f2189d4ae74c362785,90.73733,96.82794,868,success_build,True,True,False,unit fuzzy loss,,
284,1 2 3 4 5 6 7 8 9 0 10 11 12 13 14 15 16 17 18 19 20 21 22 23,28608f0880580077772e88df5dbe15848f13a340b593fec4fffd3824fa9465ee,353d05460d617bfd16785b432aa071544ab4c568a5259e3e703fb77518a48c3d,90.73733,96.82794,868,success_build,True,True,False,unit fuzzy loss,,
285,1 2 3 4 5 6 7 8 9 10 0 11 12 13 14 15 16 17 18 19 20 21 22 23,f5d6413ee8cd227fab7d710aff761445e17d7e8aba1d281c623e26fd5917e769,96fc092101337076ee0d5261826afc076cdcff434a34eb4e6aa7f228e86d27c0,90.691246,96.82147,868,success_build,True,True,False,unit fuzzy loss,,
286,1 2 3 4 5 6 7 8 9 10 11 0 12 13 14 15 16 17 18 19 20 21 22 23,807e28dea73fc0e7f727a8c8d38cfbc9532ebc565d9da132f275601f01fee688,e14bddae7e603fa2e686ad13c67c950f0f58fa5fdce8b37f61e9851d3a9bb65d,90.48387,96.792366,868,success_build,True,True,False,unit fuzzy loss,,
287,1 2 3 4 5 6 7 8 9 10 11 12 0 13 14 15 16 17 18 19 20 21 22 23,ff64ad671d12db3aeaebafd72a2ea1852ab14ba105fde52a86640b0d60170848,93f49bcb11974546840ceeab2b77be12a27622f01af8289ea5b0d1656580cc9b,90.34562,96.772964,868,success_build,True,True,False,unit fuzzy loss,,
288,1 2 3 4 5 6 7 8 9 10 11 12 13 0 14 15 16 17 18 19 20 21 22 23,a118d1a7760ec5b46b163efe2c92b1ca4318cfa337b4932c7f9066a4d982ab3d,faab905118d79e77a887165de3255914389b80b825ad2836a7db585b005c0b4c,90.207375,96.753555,868,success_build,True,True,False,unit fuzzy loss,,
289,1 2 3 4 5 6 7 8 9 10 11 12 13 14 0 15 16 17 18 19 20 21 22 23,7cc22cfabc5e7f2d7af2b4ee3ccfcc6282933aea19f5998b229fbc3ca9096593,fe0974d4e2fd063c186afdc4a1a4ffed3e744b82babd884cd6ad55a1cd8964dc,90.09216,96.73739,868,success_build,True,True,False,unit fuzzy loss,,
290,1 2 3 4 5 6 7 8 9 10 11 12 13 14 15 0 16 17 18 19 20 21 22 23,11c22cce542349a58f60ee261cc25a16eb1faee086ee149ff3bf464e491bb5ab,1e75c8cc5a11874961e60f79068e45f1bb00311914c5b3fbbbd944ee176a79fc,90.02304,96.727684,868,success_build,True,True,False,unit fuzzy loss,,
291,1 2 3 4 5 6 7 8 9 10 11 12 13 14 15 16 0 17 18 19 20 21 22 23,faa7728aa6de74d6b1d2dd5949537ded2ce5765ef3f769c56072b0b3bb771e81,2dbd7f2a59860a778241b4241ddc26c6505538867aece1c96661c2ad99830e8d,89.97696,96.721214,868,success_build,True,True,False,unit fuzzy loss,,
292,1 2 3 4 5 6 7 8 9 10 11 12 13 14 15 16 17 0 18 19 20 21 22 23,35141b400f383382bcf9f38fd2858e417279300b34f1b80834829ef7fd42618a,2dbd7f2a59860a778241b4241ddc26c6505538867aece1c96661c2ad99830e8d,89.97696,96.721214,868,success_build,True,True,False,unit fuzzy loss,,
293,1 2 3 4 5 6 7 8 9 10 11 12 13 14 15 16 17 18 0 19 20 21 22 23,249209022e449e4b997cb203dfdf30fce33fd6a7fcc203d45e36bba56e1951b4,c1985095a0179635f23bab7bd0c59ff241f1f553b9f5ca9d09e3616d7674cb70,89.97696,96.721214,868,success_build,True,True,False,unit fuzzy loss,,
294,1 2 3 4 5 6 7 8 9 10 11 12 13 14 15 16 17 18 19 0 20 21 22 23,04aeaace8007870e5943556f9a90665938a64a69f54d58303a04dd92f7d867da,423f4da2ff81a0da5a80fe4e8f1834b8aa03459eb19faef149f1da8511bb7cf8,89.884796,96.70828,868,success_build,True,True,False,unit fuzzy loss,,
295,1 2 3 4 5 6 7 8 9 10 11 12 13 14 15 16 17 18 19 20 0 21 22 23,d0c89ad4e9e242d3d0d063a142dae493dbb902a18f089e149d94938de387b508,606de6e2c25904bc0cf468f8b2102f11c9a7079429d658f53e9e41d16e8dfae4,89.884796,96.70828,868,success_build,True,True,False,unit fuzzy loss,,
296,1 2 3 4 5 6 7 8 9 10 11 12 13 14 15 16 17 18 19 20 21 0 22 23,28af84b5ea638ee17b8f99444978d5197cc9cf3e8cc7d740ffa12ee64b9846c8,606de6e2c25904bc0cf468f8b2102f11c9a7079429d658f53e9e41d16e8dfae4,89.884796,96.70828,868,success_build,True,True,False,unit fuzzy loss,,
297,1 2 3 4 5 6 7 8 9 10 11 12 13 14 15 16 17 18 19 20 21 22 0 23,80c85b86caf8764d8b74699d14fe230fc6bed9c29a0f3cb108a4c2cfad533363,c1b7c77426ac49a1769033788e62de746ca7da0b65d7799bc0e35cfdc7f2f36a,89.81567,96.69858,868,success_build,True,True,False,unit fuzzy loss,,
298,1 2 3 4 5 6 7 8 9 10 11 12 13 14 15 16 17 18 19 20 21 22 23 0,50c77ee38c4ffb55c2fe76e4b4b488de34648da07d0a4d36183d7e8e9d7f9819,a00c78acee21baca1b346dc38d78cc7af5b99682dc46f35d859a802a920fcfa8,89.53917,96.65977,868,success_build,True,True,False,unit fuzzy loss,,
299,0 2 3 1 4 5 6 7 8 9 10 11 12 13 14 15 16 17 18 19 20 21 22 23,b1e4d5bf43da1198dfd2c5f55178098f31515df913d034d8284dcf7dceec1cde,e01d44ae67a7bd0d969025f3bbe21d389c3d70c0ce0ced1ce3650d748d3a7c15,91.129036,96.88293,868,success_build,True,True,True,,,
300,0 2 3 4 1 5 6 7 8 9 10 11 12 13 14 15 16 17 18 19 20 21 22 23,b4fe66356f0059150161874f11c529a7cbdf327fcec4c40ed1e8e8ace0c1d8ed,e01d44ae67a7bd0d969025f3bbe21d389c3d70c0ce0ced1ce3650d748d3a7c15,91.129036,96.88293,868,success_build,True,True,True,,,
301,0 2 3 4 5 1 6 7 8 9 10 11 12 13 14 15 16 17 18 19 20 21 22 23,b122f893cf9755bdf397816f5e601135499a4ccfeba6e44e2a891e61a64e92a5,2b17a4f383e88b79ffe0a2e66257e2c7a5a407c0a55ad76b98802e3d0f5a50f5,90.85253,96.84412,868,success_build,True,True,False,unit fuzzy loss,,
302,0 2 3 4 5 6 1 7 8 9 10 11 12 13 14 15 16 17 18 19 20 21 22 23,cc713d2c00e17685b60654804aaace5c844c4ccab2482347a439e8baeb0211e8,2b17a4f383e88b79ffe0a2e66257e2c7a5a407c0a55ad76b98802e3d0f5a50f5,90.85253,96.84412,868,success_build,True,True,False,unit fuzzy loss,,
303,0 2 3 4 5 6 7 1 8 9 10 11 12 13 14 15 16 17 18 19 20 21 22 23,010c85bda67e90d365e735decec564319636e50b7b6ce05b2fefe14505cbd45e,2b17a4f383e88b79ffe0a2e66257e2c7a5a407c0a55ad76b98802e3d0f5a50f5,90.85253,96.84412,868,success_build,True,True,False,unit fuzzy loss,,
304,0 2 3 4 5 6 7 8 1 9 10 11 12 13 14 15 16 17 18 19 20 21 22 23,1ee3b7606dc5cd9484f828865d60b98e3c798af50915ded9c04f76981372493e,2b17a4f383e88b79ffe0a2e66257e2c7a5a407c0a55ad76b98802e3d0f5a50f5,90.85253,96.84412,868,success_build,True,True,False,unit fuzzy loss,,
305,0 2 3 4 5 6 7 8 9 1 10 11 12 13 14 15 16 17 18 19 20 21 22 23,6b99d42e624fa9c76cc74b3f6513a3db3eb4544c4a19a4337fea4d1cadd881c6,12f0d243928bcacfd1893c2d39e0f301f030d9e07b08dc5d93c819fffbada5a0,90.85253,96.84412,868,success_build,True,True,False,unit fuzzy loss,,
306,0 2 3 4 5 6 7 8 9 10 1 11 12 13 14 15 16 17 18 19 20 21 22 23,843a57becf7955eeb3f3c46605daf6a2474f9a48c353f66e6be42d36ab64d032,facc527bf12f22c0c829b23c10549c45b443fa96f521031c3e0631d824adc196,90.80645,96.83765,868,success_build,True,True,False,unit fuzzy loss,,
307,0 2 3 4 5 6 7 8 9 10 11 1 12 13 14 15 16 17 18 19 20 21 22 23,377643adf7f48a1aabc70269c721b022a80a20e5c0de4f780b04186c6c1319ed,8ab4230809921d668f7c27af9ef95f408375c978019134194068388b484a756f,90.599075,96.80854,868,success_build,True,True,False,unit fuzzy loss,,
308,0 2 3 4 5 6 7 8 9 10 11 12 1 13 14 15 16 17 18 19 20 21 22 23,82ec749c1763d6a666902c4be0a0d37a43ebde1e2c72c1e4f1f6c366cb7a3e13,8ee069515e83ba6ed11d30615d9e9f53b670814ccd9224754839312c59b126bb,90.46083,96.78913,868,success_build,True,True,False,unit fuzzy loss,,
309,0 2 3 4 5 6 7 8 9 10 11 12 13 1 14 15 16 17 18 19 20 21 22 23,39fb2bc025eaacaf03cfa143d6e36c56980367332e9f98415a75b5049dac9435,743ac17276f74958e2f58b982cdef561b2fa61745211aacbd0897535194f2288,90.32258,96.76973,868,success_build,True,True,False,unit fuzzy loss,,
310,0 2 3 4 5 6 7 8 9 10 11 12 13 14 1 15 16 17 18 19 20 21 22 23,7c59664d3b1195cecf230041565c4fbc2bb2d8fde1df0dbcbe03f52fa9971caf,8e044d25f487f3acd2915f57770049db9e49c22573066d89c9df2e87a3d2fed6,90.207375,96.753555,868,success_build,True,True,False,unit fuzzy loss,,
311,0 2 3 4 5 6 7 8 9 10 11 12 13 14 15 1 16 17 18 19 20 21 22 23,a562fe3a895da031577651a6d9d8248d688b8ec36c19eb65569180b7e3fdf9cf,2af294b8ce9587b0b75ada2603fcb3cae34440cae2b11c67bce5ed88588118f6,90.13825,96.74386,868,success_build,True,True,False,unit fuzzy loss,,
312,0 2 3 4 5 6 7 8 9 10 11 12 13 14 15 16 1 17 18 19 20 21 22 23,7b81dabacd8492d17d55af9aad9d1ef46c8b40251ec9ccfad7de8e3d18562844,e51270df8c802c0357022c9f82e59d63856df84ec464195e9b4349428bf6654b,90.09216,96.73739,868,success_build,True,True,False,unit fuzzy loss,,
313,0 2 3 4 5 6 7 8 9 10 11 12 13 14 15 16 17 1 18 19 20 21 22 23,569dd45fe0583efb4c107a49372c0abcff3ede4d768dd45d372bb94ea1537e30,e51270df8c802c0357022c9f82e59d63856df84ec464195e9b4349428bf6654b,90.09216,96.73739,868,success_build,True,True,False,unit fuzzy loss,,
314,0 2 3 4 5 6 7 8 9 10 11 12 13 14 15 16 17 18 1 19 20 21 22 23,c8ee1690ba9fbb402d21379e3fb32757b395f00e7a922eb067a59bba3e606be3,cecb4bf0fd2c99987f8d6536e05e7cc36779a56c04d7620865d9ac2e79d5d439,90.09216,96.73739,868,success_build,True,True,False,unit fuzzy loss,,
315,0 2 3 4 5 6 7 8 9 10 11 12 13 14 15 16 17 18 19 1 20 21 22 23,d1e3d8e3949369e5375a218ddff2441adcfa86644a89eac25c898234c69e9f7f,ef20e5d49cf397c25df7a59177760b5600042e94d3955f5a1f0c080ee45f6c26,90.0,96.72445,868,success_build,True,True,False,unit fuzzy loss,,
316,0 2 3 4 5 6 7 8 9 10 11 12 13 14 15 16 17 18 19 20 1 21 22 23,f3f6de864506e4687522a894fca5908592c4e59c85410e9cc101cc841e63762b,0d7d2c38c74e55269e0507360c5a0706a8480cfda05853f335741556a28af472,90.0,96.72445,868,success_build,True,True,False,unit fuzzy loss,,
317,0 2 3 4 5 6 7 8 9 10 11 12 13 14 15 16 17 18 19 20 21 1 22 23,b078d5f296cf17c65f70de165ed609bb5399677eac8ee7a6d3a1ef359cab68c4,0d7d2c38c74e55269e0507360c5a0706a8480cfda05853f335741556a28af472,90.0,96.72445,868,success_build,True,True,False,unit fuzzy loss,,
318,0 2 3 4 5 6 7 8 9 10 11 12 13 14 15 16 17 18 19 20 21 22 1 23,ab6d896bec56454a18c0c7b75571d061471c998264270e767f2034fcefd0dfdc,add3c3a9ba9d3cb1d08bd8d25bdca9c4776809e25eea731d447456370618db74,89.93088,96.714745,868,success_build,True,True,False,unit fuzzy loss,,
319,0 2 3 4 5 6 7 8 9 10 11 12 13 14 15 16 17 18 19 20 21 22 23 1,6796e6a84046733264b46a67ed99f9c0228a8e90453f473d516593f5dd5afd21,b79c8e7302aaa39cb49ddb393f28acb77822175ba5530fb6327f248a151891f7,89.65438,96.67594,868,success_build,True,True,False,unit fuzzy loss,,
320,2 0 1 3 4 5 6 7 8 9 10 11 12 13 14 15 16 17 18 19 20 21 22 23,d093aef60d1a9c7d5975ad3a929ff7957fe218721f5a1014d1bf1865f486bab9,e01d44ae67a7bd0d969025f3bbe21d389c3d70c0ce0ced1ce3650d748d3a7c15,91.129036,96.88293,868,success_build,True,True,True,,,
321,0 1 3 4 2 5 6 7 8 9 10 11 12 13 14 15 16 17 18 19 20 21 22 23,29c4634b64f285680720925f911465ddea48e8198cc638db18fb8846215eb3e8,e01d44ae67a7bd0d969025f3bbe21d389c3d70c0ce0ced1ce3650d748d3a7c15,91.129036,96.88293,868,success_build,True,True,True,,,
322,0 1 3 4 5 2 6 7 8 9 10 11 12 13 14 15 16 17 18 19 20 21 22 23,cec50c8c29e5044a218ebebf8ea0ab7c58290e88d71e6bee5b8231e8786ab7b0,e01d44ae67a7bd0d969025f3bbe21d389c3d70c0ce0ced1ce3650d748d3a7c15,91.129036,96.88293,868,success_build,True,True,True,,,
323,0 1 3 4 5 6 2 7 8 9 10 11 12 13 14 15 16 17 18 19 20 21 22 23,1485c2d0452218cab38704ba0c0aff92dfe89f4ac26fc5ac7e09ad83583c054f,e01d44ae67a7bd0d969025f3bbe21d389c3d70c0ce0ced1ce3650d748d3a7c15,91.129036,96.88293,868,success_build,True,True,True,,,
324,0 1 3 4 5 6 7 2 8 9 10 11 12 13 14 15 16 17 18 19 20 21 22 23,dbd0c35bd796d72dc2a9d45813b7c15447e13fbe91f03a769bee9c3d103f3efe,e01d44ae67a7bd0d969025f3bbe21d389c3d70c0ce0ced1ce3650d748d3a7c15,91.129036,96.88293,868,success_build,True,True,True,,,
325,0 1 3 4 5 6 7 8 2 9 10 11 12 13 14 15 16 17 18 19 20 21 22 23,b9f505f3cbeb24ab5d5f851c0df0db9a9cfd25f6a19010c75b1c9f9b2c31f1c0,e01d44ae67a7bd0d969025f3bbe21d389c3d70c0ce0ced1ce3650d748d3a7c15,91.129036,96.88293,868,success_build,True,True,True,,,
326,0 1 3 4 5 6 7 8 9 2 10 11 12 13 14 15 16 17 18 19 20 21 22 23,3a51c09c709b5a681240c336701e260f3734bcc5eebfaa66279f14d9e5765a74,e01d44ae67a7bd0d969025f3bbe21d389c3d70c0ce0ced1ce3650d748d3a7c15,91.129036,96.88293,868,success_build,True,True,True,,,
327,0 1 3 4 5 6 7 8 9 10 2 11 12 13 14 15 16 17 18 19 20 21 22 23,0bfa778ed3271ac106c0756b664271f900a76995356908da90006048f29fca26,e01d44ae67a7bd0d969025f3bbe21d389c3d70c0ce0ced1ce3650d748d3a7c15,91.129036,96.88293,868,success_build,True,True,True,,,
328,0 1 3 4 5 6 7 8 9 10 11 2 12 13 14 15 16 17 18 19 20 21 22 23,6738bf88ed9d37f4da2aa7cd94e684f119f1478bc3d33e6d0c92b8f17f4142fb,e01d44ae67a7bd0d969025f3bbe21d389c3d70c0ce0ced1ce3650d748d3a7c15,91.129036,96.88293,868,success_build,True,True,True,,,
329,0 1 3 4 5 6 7 8 9 10 11 12 2 13 14 15 16 17 18 19 20 21 22 23,504a4980372956cad2d5688f26daf2db89a59ee0cd52d3563fc8c3307858e2f4,e01d44ae67a7bd0d969025f3bbe21d389c3d70c0ce0ced1ce3650d748d3a7c15,91.129036,96.88293,868,success_build,True,True,True,,,
330,0 1 3 4 5 6 7 8 9 10 11 12 13 2 14 15 16 17 18 19 20 21 22 23,5258241302d443f9cf700aed15510c4aa6ceeef6524ff0749ff424c7b067bbf4,e01d44ae67a7bd0d969025f3bbe21d389c3d70c0ce0ced1ce3650d748d3a7c15,91.129036,96.88293,868,success_build,True,True,True,,,
331,0 1 3 4 5 6 7 8 9 10 11 12 13 14 2 15 16 17 18 19 20 21 22 23,91659cf127eb28502a734484c6e6c5e4682a0e9809cae7226425cd2e57ca1395,e01d44ae67a7bd0d969025f3bbe21d389c3d70c0ce0ced1ce3650d748d3a7c15,91.129036,96.88293,868,success_build,True,True,True,,,
332,0 1 3 4 5 6 7 8 9 10 11 12 13 14 15 2 16 17 18 19 20 21 22 23,78b0d3d99c6857dfd9c6e73611834ffff07dc4e6e119ced0b0596e953928b044,e01d44ae67a7bd0d969025f3bbe21d389c3d70c0ce0ced1ce3650d748d3a7c15,91.129036,96.88293,868,success_build,True,True,True,,,
333,0 1 3 4 5 6 7 8 9 10 11 12 13 14 15 16 2 17 18 19 20 21 22 23,875d0be3d5d8f859cdca989477241a673f424121b83b88e90a1f1d74214de625,e01d44ae67a7bd0d969025f3bbe21d389c3d70c0ce0ced1ce3650d748d3a7c15,91.129036,96.88293,868,success_build,True,True,True,,,
334,0 1 3 4 5 6 7 8 9 10 11 12 13 14 15 16 17 2 18 19 20 21 22 23,bad7a7e94f1fc8890bab78091239a95986cf8d3c18b9366d3d6909033df28db2,e01d44ae67a7bd0d969025f3bbe21d389c3d70c0ce0ced1ce3650d748d3a7c15,91.129036,96.88293,868,success_build,True,True,True,,,
335,0 1 3 4 5 6 7 8 9 10 11 12 13 14 15 16 17 18 2 19 20 21 22 23,381dc072c2b579b0b5bf56e9e2b8e47fe599950d7860ae8ee22a74ca370b8dba,e01d44ae67a7bd0d969025f3bbe21d389c3d70c0ce0ced1ce3650d748d3a7c15,91.129036,96.88293,868,success_build,True,True,True,,,
336,0 1 3 4 5 6 7 8 9 10 11 12 13 14 15 16 17 18 19 2 20 21 22 23,b5618234080a7dd02e3421553284b6d3462aa8e83f4da2b0ffa43eb7401adbd0,e01d44ae67a7bd0d969025f3bbe21d389c3d70c0ce0ced1ce3650d748d3a7c15,91.129036,96.88293,868,success_build,True,True,True,,,
337,0 1 3 4 5 6 7 8 9 10 11 12 13 14 15 16 17 18 19 20 2 21 22 23,dd736c0fa568d474353884ae13488cdd179126f8b8b750c6b42e5f6109fc3ef1,e01d44ae67a7bd0d969025f3bbe21d389c3d70c0ce0ced1ce3650d748d3a7c15,91.129036,96.88293,868,success_build,True,True,True,,,
338,0 1 3 4 5 6 7 8 9 10 11 12 13 14 15 16 17 18 19 20 21 2 22 23,44df2b9b441501165284c8fb4057481bfaa79be16d5506bb159946aca50c516d,e01d44ae67a7bd0d969025f3bbe21d389c3d70c0ce0ced1ce3650d748d3a7c15,91.129036,96.88293,868,success_build,True,True,True,,,
339,0 1 3 4 5 6 7 8 9 10 11 12 13 14 15 16 17 18 19 20 21 22 2 23,69a5ad46bd7166dd9fc408a48b176d6033a6d33ba9659eba973616699e315598,e01d44ae67a7bd0d969025f3bbe21d389c3d70c0ce0ced1ce3650d748d3a7c15,91.129036,96.88293,868,success_build,True,True,True,,,
340,0 1 3 4 5 6 7 8 9 10 11 12 13 14 15 16 17 18 19 20 21 22 23 2,719d84ef36131e93f8ce758469dca776fe68b83a10fc65a14e85193b3da70483,e01d44ae67a7bd0d969025f3bbe21d389c3d70c0ce0ced1ce3650d748d3a7c15,91.129036,96.88293,868,success_build,True,True,True,,,
341,3 0 1 2 4 5 6 7 8 9 10 11 12 13 14 15 16 17 18 19 20 21 22 23,4474b89c35875ae3aa831f936abfab72781bf17b59315c1a783ffd7611782956,e01d44ae67a7bd0d969025f3bbe21d389c3d70c0ce0ced1ce3650d748d3a7c15,91.129036,96.88293,868,success_build,True,True,True,,,
342,0 3 1 2 4 5 6 7 8 9 10 11 12 13 14 15 16 17 18 19 20 21 22 23,ad6d10ff307e18be9350361a27a9f409ce02cda891e99c937a908ce8d46ddbd9,e01d44ae67a7bd0d969025f3bbe21d389c3d70c0ce0ced1ce3650d748d3a7c15,91.129036,96.88293,868,success_build,True,True,True,,,
343,0 1 2 4 5 3 6 7 8 9 10 11 12 13 14 15 16 17 18 19 20 21 22 23,7547845b63c0526a4cdfa844803fef90930ace74f3757213352604702b74e504,e01d44ae67a7bd0d969025f3bbe21d389c3d70c0ce0ced1ce3650d748d3a7c15,91.129036,96.88293,868,success_build,True,True,True,,,
344,0 1 2 4 5 6 3 7 8 9 10 11 12 13 14 15 16 17 18 19 20 21 22 23,59c050c7f30503cddef6422b34b6fcef594b52c4a7dc8bf780161931c320c253,e01d44ae67a7bd0d969025f3bbe21d389c3d70c0ce0ced1ce3650d748d3a7c15,91.129036,96.88293,868,success_build,True,True,True,,,
345,0 1 2 4 5 6 7 3 8 9 10 11 12 13 14 15 16 17 18 19 20 21 22 23,22cebeefd108bdc5858340bb8f4986c78f54a2088b5488c1863aec4e4d147c92,e01d44ae67a7bd0d969025f3bbe21d389c3d70c0ce0ced1ce3650d748d3a7c15,91.129036,96.88293,868,success_build,True,True,True,,,
346,0 1 2 4 5 6 7 8 3 9 10 11 12 13 14 15 16 17 18 19 20 21 22 23,9a45b48d3b0dcd28ea88e4d261057544981839d98efb288706e3e71c8b542905,e01d44ae67a7bd0d969025f3bbe21d389c3d70c0ce0ced1ce3650d748d3a7c15,91.129036,96.88293,868,success_build,True,True,True,,,
347,0 1 2 4 5 6 7 8 9 3 10 11 12 13 14 15 16 17 18 19 20 21 22 23,ff6e922ce643a2e6f94380795820ffe481af776fe31806f039f5b88a4ed09da3,e01d44ae67a7bd0d969025f3bbe21d389c3d70c0ce0ced1ce3650d748d3a7c15,91.129036,96.88293,868,success_build,True,True,True,,,
348,0 1 2 4 5 6 7 8 9 10 3 11 12 13 14 15 16 17 18 19 20 21 22 23,c422c8d76f197c7d0686793d280b38aa60d370aa7c2ad71d265d5cf1f6f35602,e01d44ae67a7bd0d969025f3bbe21d389c3d70c0ce0ced1ce3650d748d3a7c15,91.129036,96.88293,868,success_build,True,True,True,,,
349,0 1 2 4 5 6 7 8 9 10 11 3 12 13 14 15 16 17 18 19 20 21 22 23,bd9c8f779ae0f870ffd4c3a7d589f870a01ffac537291705d8ae1e8dc55e59d6,e01d44ae67a7bd0d969025f3bbe21d389c3d70c0ce0ced1ce3650d748d3a7c15,91.129036,96.88293,868,success_build,True,True,True,,,
350,0 1 2 4 5 6 7 8 9 10 11 12 3 13 14 15 16 17 18 19 20 21 22 23,14026da5a7e92038b85a15b3b2ac08aabadb118ed0ca1e2b2afde7008e86981d,e01d44ae67a7bd0d969025f3bbe21d389c3d70c0ce0ced1ce3650d748d3a7c15,91.129036,96.88293,868,success_build,True,True,True,,,
351,0 1 2 4 5 6 7 8 9 10 11 12 13 3 14 15 16 17 18 19 20 21 22 23,96db6c56a880dec722df54cbac11b6739d1b29aa4c4178c9d0fab0259bd56a26,e01d44ae67a7bd0d969025f3bbe21d389c3d70c0ce0ced1ce3650d748d3a7c15,91.129036,96.88293,868,success_build,True,True,True,,,
352,0 1 2 4 5 6 7 8 9 10 11 12 13 14 3 15 16 17 18 19 20 21 22 23,189e0800673430b8b1352c9c880bed81e6abce6a0d83bc17a265c7af9611786a,e01d44ae67a7bd0d969025f3bbe21d389c3d70c0ce0ced1ce3650d748d3a7c15,91.129036,96.88293,868,success_build,True,True,True,,,
353,0 1 2 4 5 6 7 8 9 10 11 12 13 14 15 3 16 17 18 19 20 21 22 23,7adfedf35976c90f65ec94d6c5665bca3c24103bf145c4ada3fbf559828eaf7d,e01d44ae67a7bd0d969025f3bbe21d389c3d70c0ce0ced1ce3650d748d3a7c15,91.129036,96.88293,868,success_build,True,True,True,,,
354,0 1 2 4 5 6 7 8 9 10 11 12 13 14 15 16 3 17 18 19 20 21 22 23,cbe091c9219dc9147d6bad48c52bf3ad388fe947a0558071be8480114f8beeb2,e01d44ae67a7bd0d969025f3bbe21d389c3d70c0ce0ced1ce3650d748d3a7c15,91.129036,96.88293,868,success_build,True,True,True,,,
355,0 1 2 4 5 6 7 8 9 10 11 12 13 14 15 16 17 3 18 19 20 21 22 23,ffbc8161a8b53e8669bd4fbc4f72f696a3131c364ae6ad9ac3e6433bcbf36686,e01d44ae67a7bd0d969025f3bbe21d389c3d70c0ce0ced1ce3650d748d3a7c15,91.129036,96.88293,868,success_build,True,True,True,,,
356,0 1 2 4 5 6 7 8 9 10 11 12 13 14 15 16 17 18 3 19 20 21 22 23,4b4315262fe84b65028e6fa4bf3952c40b0fd65ddb697d63ec20bfeda0f772af,e01d44ae67a7bd0d969025f3bbe21d389c3d70c0ce0ced1ce3650d748d3a7c15,91.129036,96.88293,868,success_build,True,True,True,,,
357,0 1 2 4 5 6 7 8 9 10 11 12 13 14 15 16 17 18 19 3 20 21 22 23,be0f851707efe57bebd560b4927ba9401ffaee69eed54df163844d9256ab3c1c,e01d44ae67a7bd0d969025f3bbe21d389c3d70c0ce0ced1ce3650d748d3a7c15,91.129036,96.88293,868,success_build,True,True,True,,,
358,0 1 2 4 5 6 7 8 9 10 11 12 13 14 15 16 17 18 19 20 3 21 22 23,485eba3a800f80068be72ec156d0a62ffba29739230f75c6a348adfe0339fbe7,e01d44ae67a7bd0d969025f3bbe21d389c3d70c0ce0ced1ce3650d748d3a7c15,91.129036,96.88293,868,success_build,True,True,True,,,
359,0 1 2 4 5 6 7 8 9 10 11 12 13 14 15 16 17 18 19 20 21 3 22 23,f7c8bdaa521cc9b5257115c58bf225fb85c163e412c7b5b8d06bad62c7410c97,e01d44ae67a7bd0d969025f3bbe21d389c3d70c0ce0ced1ce3650d748d3a7c15,91.129036,96.88293,868,success_build,True,True,True,,,
360,0 1 2 4 5 6 7 8 9 10 11 12 13 14 15 16 17 18 19 20 21 22 3 23,9988695a5a44a74a72e6ecf6db38b3bdf98260e5133a6be0d86f157ac1a45c88,e01d44ae67a7bd0d969025f3bbe21d389c3d70c0ce0ced1ce3650d748d3a7c15,91.129036,96.88293,868,success_build,True,True,True,,,
361,0 1 2 4 5 6 7 8 9 10 11 12 13 14 15 16 17 18 19 20 21 22 23 3,76f38667496c3833291e611a8adf9539a65ff1c874f402bc76ea6ad332800279,e01d44ae67a7bd0d969025f3bbe21d389c3d70c0ce0ced1ce3650d748d3a7c15,91.129036,96.88293,868,success_build,True,True,True,,,
362,4 0 1 2 3 5 6 7 8 9 10 11 12 13 14 15 16 17 18 19 20 21 22 23,2fc1f0a3d2c121b1eae518d73b70293e18ca7d402d53884b6619d269849033a0,e01d44ae67a7bd0d969025f3bbe21d389c3d70c0ce0ced1ce3650d748d3a7c15,91.129036,96.88293,868,success_build,True,True,True,,,
363,0 4 1 2 3 5 6 7 8 9 10 11 12 13 14 15 16 17 18 19 20 21 22 23,ac5d9b24124a453d7f8e8cf1283b0c01a09f7e2f54970db41b83735f1f446f3b,e01d44ae67a7bd0d969025f3bbe21d389c3d70c0ce0ced1ce3650d748d3a7c15,91.129036,96.88293,868,success_build,True,True,True,,,
364,0 1 4 2 3 5 6 7 8 9 10 11 12 13 14 15 16 17 18 19 20 21 22 23,3696fc4a66e19e8489ddf7e1d6d6e047aa39e1d5975f041ae8216997c234b7ca,e01d44ae67a7bd0d969025f3bbe21d389c3d70c0ce0ced1ce3650d748d3a7c15,91.129036,96.88293,868,success_build,True,True,True,,,
365,0 1 2 3 5 6 4 7 8 9 10 11 12 13 14 15 16 17 18 19 20 21 22 23,5be7ad56be38d693562337c04d98ab9b1306feb368df94a0752e6893c6f3e5b3,e01d44ae67a7bd0d969025f3bbe21d389c3d70c0ce0ced1ce3650d748d3a7c15,91.129036,96.88293,868,success_build,True,True,True,,,
366,0 1 2 3 5 6 7 4 8 9 10 11 12 13 14 15 16 17 18 19 20 21 22 23,1c1468babf85472d67b43a6dd92ab4f2080aec7cbe3c5fc6c5b8aab384e47d8d,e01d44ae67a7bd0d969025f3bbe21d389c3d70c0ce0ced1ce3650d748d3a7c15,91.129036,96.88293,868,success_build,True,True,True,,,
367,0 1 2 3 5 6 7 8 4 9 10 11 12 13 14 15 16 17 18 19 20 21 22 23,8c0c80f3babd07875d9091d6713dac4851d79092957bf2f166cc4ba99e482832,e01d44ae67a7bd0d969025f3bbe21d389c3d70c0ce0ced1ce3650d748d3a7c15,91.129036,96.88293,868,success_build,True,True,True,,,
368,0 1 2 3 5 6 7 8 9 4 10 11 12 13 14 15 16 17 18 19 20 21 22 23,7b354e9ad710ad62f0640b011c8946583b10f5e547a8ac138580c69dd4d2bab2,e01d44ae67a7bd0d969025f3bbe21d389c3d70c0ce0ced1ce3650d748d3a7c15,91.129036,96.88293,868,success_build,True,True,True,,,
369,0 1 2 3 5 6 7 8 9 10 4 11 12 13 14 15 16 17 18 19 20 21 22 23,a78f5a1e210d9d5247ecb90f1562e88998d0649b242be266170f9c8aa1fd2b7b,e01d44ae67a7bd0d969025f3bbe21d389c3d70c0ce0ced1ce3650d748d3a7c15,91.129036,96.88293,868,success_build,True,True,True,,,
370,0 1 2 3 5 6 7 8 9 10 11 4 12 13 14 15 16 17 18 19 20 21 22 23,569c88eb2b8245d892ccb9795fb6b0d01f4e60f6a737ad3c6a85f16c4d13711c,e01d44ae67a7bd0d969025f3bbe21d389c3d70c0ce0ced1ce3650d748d3a7c15,91.129036,96.88293,868,success_build,True,True,True,,,
371,0 1 2 3 5 6 7 8 9 10 11 12 4 13 14 15 16 17 18 19 20 21 22 23,4c8948bd99cb240e4d10bfc35c33550311a1d8cb7bcbbf03142be856391d1392,e01d44ae67a7bd0d969025f3bbe21d389c3d70c0ce0ced1ce3650d748d3a7c15,91.129036,96.88293,868,success_build,True,True,True,,,
372,0 1 2 3 5 6 7 8 9 10 11 12 13 4 14 15 16 17 18 19 20 21 22 23,dd0930246f74b8f3fa9e9102181f0e8f5bc522a006775dff91f2f167ada1ae4d,e01d44ae67a7bd0d969025f3bbe21d389c3d70c0ce0ced1ce3650d748d3a7c15,91.129036,96.88293,868,success_build,True,True,True,,,
373,0 1 2 3 5 6 7 8 9 10 11 12 13 14 4 15 16 17 18 19 20 21 22 23,6325871c43821a432101b859317d5077c8cc1e500d28e8dfeb1ca216986674fb,e01d44ae67a7bd0d969025f3bbe21d389c3d70c0ce0ced1ce3650d748d3a7c15,91.129036,96.88293,868,success_build,True,True,True,,,
374,0 1 2 3 5 6 7 8 9 10 11 12 13 14 15 4 16 17 18 19 20 21 22 23,090b9a9f9b654f25356b33bfd15f1a3faa40be887515b372be2fbf50c4fdf19b,e01d44ae67a7bd0d969025f3bbe21d389c3d70c0ce0ced1ce3650d748d3a7c15,91.129036,96.88293,868,success_build,True,True,True,,,
375,0 1 2 3 5 6 7 8 9 10 11 12 13 14 15 16 4 17 18 19 20 21 22 23,9dbd5ba125090ab95b88c569b8d9578b760aa3ed850f3bd8e47780d06e416103,e01d44ae67a7bd0d969025f3bbe21d389c3d70c0ce0ced1ce3650d748d3a7c15,91.129036,96.88293,868,success_build,True,True,True,,,
376,0 1 2 3 5 6 7 8 9 10 11 12 13 14 15 16 17 4 18 19 20 21 22 23,57dabc0e544589ab478ab100cd2316a84a42dfc9a2bed484ff87aee6bc60fca7,e01d44ae67a7bd0d969025f3bbe21d389c3d70c0ce0ced1ce3650d748d3a7c15,91.129036,96.88293,868,success_build,True,True,True,,,
377,0 1 2 3 5 6 7 8 9 10 11 12 13 14 15 16 17 18 4 19 20 21 22 23,3c4be9202b14d06250cdbd00004c0d373a3d2a0566f2295d284b1cc85e50e9a2,e01d44ae67a7bd0d969025f3bbe21d389c3d70c0ce0ced1ce3650d748d3a7c15,91.129036,96.88293,868,success_build,True,True,True,,,
378,0 1 2 3 5 6 7 8 9 10 11 12 13 14 15 16 17 18 19 4 20 21 22 23,cc72bc2fb75df0fe0218be21af7098ffbd2c4679e52cab0ef257043dae908e54,e01d44ae67a7bd0d969025f3bbe21d389c3d70c0ce0ced1ce3650d748d3a7c15,91.129036,96.88293,868,success_build,True,True,True,,,
379,0 1 2 3 5 6 7 8 9 10 11 12 13 14 15 16 17 18 19 20 4 21 22 23,0e7ca7a0a8608ca8501ec45813ea51dc54aa50db15be997ef4350315c573f1fd,e01d44ae67a7bd0d969025f3bbe21d389c3d70c0ce0ced1ce3650d748d3a7c15,91.129036,96.88293,868,success_build,True,True,True,,,
380,0 1 2 3 5 6 7 8 9 10 11 12 13 14 15 16 17 18 19 20 21 4 22 23,c6b4f92bb82afd0b541396ee884d81bb64f4cbddfeb0c162fba54d561b2f8baa,e01d44ae67a7bd0d969025f3bbe21d389c3d70c0ce0ced1ce3650d748d3a7c15,91.129036,96.88293,868,success_build,True,True,True,,,
381,0 1 2 3 5 6 7 8 9 10 11 12 13 14 15 16 17 18 19 20 21 22 4 23,f2da7bf8ac954775439d3038c41c8c61963eb969cd54d0b385ac17399986db22,e01d44ae67a7bd0d969025f3bbe21d389c3d70c0ce0ced1ce3650d748d3a7c15,91.129036,96.88293,868,success_build,True,True,True,,,
382,0 1 2 3 5 6 7 8 9 10 11 12 13 14 15 16 17 18 19 20 21 22 23 4,b97eedad795b9dc76a443b9fb1535b255b7a39765f2ca3c19730c198b3ebdbdb,e01d44ae67a7bd0d969025f3bbe21d389c3d70c0ce0ced1ce3650d748d3a7c15,91.129036,96.88293,868,success_build,True,True,True,,,
383,5 0 1 2 3 4 6 7 8 9 10 11 12 13 14 15 16 17 18 19 20 21 22 23,c70bc2e850b659fde910c1c1412dabfc313c1e59a23ea4bf633344472d64dccd,bdf3fbea75846c93f8ba42ec21f891f7da8f3d698376f0c0a28a436951984bac,90.89862,96.850586,868,success_build,True,True,False,unit fuzzy loss,,
384,0 5 1 2 3 4 6 7 8 9 10 11 12 13 14 15 16 17 18 19 20 21 22 23,3713eba4b967a2aaa696296421fa53e23bbce64cef78b8d4ccefff0d2965d9eb,2b17a4f383e88b79ffe0a2e66257e2c7a5a407c0a55ad76b98802e3d0f5a50f5,90.85253,96.84412,868,success_build,True,True,False,unit fuzzy loss,,
385,0 1 5 2 3 4 6 7 8 9 10 11 12 13 14 15 16 17 18 19 20 21 22 23,7ccad58186d77f9bfa19ce6825c7f543060bc4e504ad3a1de107697471c6e4f6,e01d44ae67a7bd0d969025f3bbe21d389c3d70c0ce0ced1ce3650d748d3a7c15,91.129036,96.88293,868,success_build,True,True,True,,,
386,0 1 2 5 3 4 6 7 8 9 10 11 12 13 14 15 16 17 18 19 20 21 22 23,8eb3dc6a8495ea32b5fc420e6c7b1ae0342e549fc577ecf402d727fb677bfcd1,e01d44ae67a7bd0d969025f3bbe21d389c3d70c0ce0ced1ce3650d748d3a7c15,91.129036,96.88293,868,success_build,True,True,True,,,
387,0 1 2 3 4 6 7 5 8 9 10 11 12 13 14 15 16 17 18 19 20 21 22 23,607c52dd86998d2c1b996bfbb8c77e7c73e49000e4f28495e39cc4d0e0f149e5,e01d44ae67a7bd0d969025f3bbe21d389c3d70c0ce0ced1ce3650d748d3a7c15,91.129036,96.88293,868,success_build,True,True,True,,,
388,0 1 2 3 4 6 7 8 5 9 10 11 12 13 14 15 16 17 18 19 20 21 22 23,47814d83fbadb6ad4dc22ae9e183f1aabb96b5660c20b153c7e08f5d4aae2efe,e01d44ae67a7bd0d969025f3bbe21d389c3d70c0ce0ced1ce3650d748d3a7c15,91.129036,96.88293,868,success_build,True,True,True,,,
389,0 1 2 3 4 6 7 8 9 5 10 11 12 13 14 15 16 17 18 19 20 21 22 23,962d26fb4af575825825f686f1dcd581344998d68c55355335df3bae3b1d7f13,e48231bd4dcb0b8b3c4f17997715e25b8f17a3c800c92e5abc328ccceccef5fe,91.129036,96.88293,868,success_build,True,True,True,,,
390,0 1 2 3 4 6 7 8 9 10 5 11 12 13 14 15 16 17 18 19 20 21 22 23,fcd8f3000abd3e9c06677eaba4cd898adfd11903726040b24d8e244801d8e78a,495000059938a5245d63de6a74387e467b57412cf725bbb2de1dfde91cfae6cb,91.08295,96.87646,868,success_build,True,True,False,unit fuzzy loss,,
391,0 1 2 3 4 6 7 8 9 10 11 5 12 13 14 15 16 17 18 19 20 21 22 23,6b3c844f2d873c1fba629c789c782ef0d38439583a9754f77b9f8150fd2432ca,12636f7e241f89a1863f26e2cab28c1dbb0c544bde0d4be84681f167202164ad,90.87558,96.84735,868,success_build,True,True,False,unit fuzzy loss,,
392,0 1 2 3 4 6 7 8 9 10 11 12 5 13 14 15 16 17 18 19 20 21 22 23,95499ef8d1dc073c87d493cb926589452d794ececd4af8fef4c9e1756037eb0f,b15550b1eb0a1e8fe33d1897f4412c0f2d1a9a6d08f8c8bb7237ec58c5fc471b,90.73733,96.82794,868,success_build,True,True,False,unit fuzzy loss,,
393,0 1 2 3 4 6 7 8 9 10 11 12 13 5 14 15 16 17 18 19 20 21 22 23,d19042b0ce4405d3509a6946757a3e732c593c5cdcd83f5daadd969f182090b5,fd919d4cf9790dcda2c610188c2f19ce9d26aa97d5ea05b6f398146219f26c4f,90.599075,96.80854,868,success_build,True,True,False,unit fuzzy loss,,
394,0 1 2 3 4 6 7 8 9 10 11 12 13 14 5 15 16 17 18 19 20 21 22 23,361f5d87672afa456279383cbab73ad1613db2fd53d302724a18891bce0066b3,8d1f2d9c5e07d5bb9e0032eed5efcd28ec661c22970e81d4d10d99cc7d4a0d26,90.48387,96.792366,868,success_build,True,True,False,unit fuzzy loss,,
395,0 1 2 3 4 6 7 8 9 10 11 12 13 14 15 5 16 17 18 19 20 21 22 23,6531194b2c97371579a3a0ff21130ecc0fd2275df55018127b18b58953da364a,2c1c427c7aede8586711e359d15bc3dd3e3370b63a2ee20f49a37b35a69fb9bd,90.41475,96.78266,868,success_build,True,True,False,unit fuzzy loss,,
396,0 1 2 3 4 6 7 8 9 10 11 12 13 14 15 16 5 17 18 19 20 21 22 23,c57218748fde8b8d05d27682e98e5086d88396da8217850361cb3eb744eab089,85160ecd870c76441541af6b05b0b35a97ba740ee41b8e5956c503a1a34e7056,90.36866,96.7762,868,success_build,True,True,False,unit fuzzy loss,,
397,0 1 2 3 4 6 7 8 9 10 11 12 13 14 15 16 17 5 18 19 20 21 22 23,353629235d0368fe3a6061a0546fa9f13821be155ff28fc303d5d115914687a3,85160ecd870c76441541af6b05b0b35a97ba740ee41b8e5956c503a1a34e7056,90.36866,96.7762,868,success_build,True,True,False,unit fuzzy loss,,
398,0 1 2 3 4 6 7 8 9 10 11 12 13 14 15 16 17 18 5 19 20 21 22 23,e86ded4c8f4d5f01b1a223a7f7127f9630cca75f2303a56584847ef8aa154e53,26da8e077cea108bba7a74096f189645b09548654256345fe4ea94ca5a7bdae0,90.41475,96.78266,868,success_build,True,True,False,unit fuzzy loss,,
399,0 1 2 3 4 6 7 8 9 10 11 12 13 14 15 16 17 18 19 5 20 21 22 23,9b62eff3afded17a9f3dbe4e07abcb0c2a4cde0735008db9901931998ac290bb,7c44e6bed7340e28e0793f4367c5ad3cd4e1b42801c85b225515274fa4e1a670,90.2765,96.76326,868,success_build,True,True,False,unit fuzzy loss,,
400,0 1 2 3 4 6 7 8 9 10 11 12 13 14 15 16 17 18 19 20 5 21 22 23,4417da6c05157203ae89a3e62f97f75e3c0bda514d5a0263a627d07ae0f573ac,fbc17c38c81ad7783e6e34d9d305dcbb5b6694692272994f4f2d27fa46801ec5,90.2765,96.76326,868,success_build,True,True,False,unit fuzzy loss,,
401,0 1 2 3 4 6 7 8 9 10 11 12 13 14 15 16 17 18 19 20 21 5 22 23,64423250803fbc51e9293f7082b6871936d7a22eedaa82b6a0e01536e91673cd,fbc17c38c81ad7783e6e34d9d305dcbb5b6694692272994f4f2d27fa46801ec5,90.2765,96.76326,868,success_build,True,True,False,unit fuzzy loss,,
402,0 1 2 3 4 6 7 8 9 10 11 12 13 14 15 16 17 18 19 20 21 22 5 23,8d1f84ad653dcba54adb82a6ef57e6cd3202b5f9fe9bd1a6b5cab1cfde79628a,8b6e1e0c8d14a461c69d3a4f58e51295c9e4e177091abc86a48e3d742c7347bc,90.207375,96.753555,868,success_build,True,True,False,unit fuzzy loss,,
403,0 1 2 3 4 6 7 8 9 10 11 12 13 14 15 16 17 18 19 20 21 22 23 5,cbd3d4b4c78e5be6214f101bc61a4546ccb1de0d8e6b28bd9a21181c301ad15b,0219fc4ce994d4c10de85765f22a89e1b3fc218427492f6815f3ba116c7d6bb6,89.93088,96.714745,868,success_build,True,True,False,unit fuzzy loss,,
404,6 0 1 2 3 4 5 7 8 9 10 11 12 13 14 15 16 17 18 19 20 21 22 23,a3f5fee90a6b615611c31004787286091b87e7a95392892391bfab29f5fc4547,e01d44ae67a7bd0d969025f3bbe21d389c3d70c0ce0ced1ce3650d748d3a7c15,91.129036,96.88293,868,success_build,True,True,True,,,
405,0 6 1 2 3 4 5 7 8 9 10 11 12 13 14 15 16 17 18 19 20 21 22 23,d4c7786a3ae9cc723527cfacd6d82741662baab530f1c5036e2387b2f4c8010d,e01d44ae67a7bd0d969025f3bbe21d389c3d70c0ce0ced1ce3650d748d3a7c15,91.129036,96.88293,868,success_build,True,True,True,,,
406,0 1 6 2 3 4 5 7 8 9 10 11 12 13 14 15 16 17 18 19 20 21 22 23,c68f11f7dc2e4031868dfdf4d211ff3b51f18ca016061bd0ac173cac1f23cf2f,e01d44ae67a7bd0d969025f3bbe21d389c3d70c0ce0ced1ce3650d748d3a7c15,91.129036,96.88293,868,success_build,True,True,True,,,
407,0 1 2 6 3 4 5 7 8 9 10 11 12 13 14 15 16 17 18 19 20 21 22 23,57183ca1d368d7c7817ac77b28f3e9536b4c50f7bc3cf39ce34759a5da72ee40,e01d44ae67a7bd0d969025f3bbe21d389c3d70c0ce0ced1ce3650d748d3a7c15,91.129036,96.88293,868,success_build,True,True,True,,,
408,0 1 2 3 6 4 5 7 8 9 10 11 12 13 14 15 16 17 18 19 20 21 22 23,a0acb0cbcb015b7606f07fd73498f59d32039f1f566153fb5142f3295a53a87b,e01d44ae67a7bd0d969025f3bbe21d389c3d70c0ce0ced1ce3650d748d3a7c15,91.129036,96.88293,868,success_build,True,True,True,,,
409,0 1 2 3 4 5 7 8 6 9 10 11 12 13 14 15 16 17 18 19 20 21 22 23,6edb3b240d276579ac0a99e0f5b4aad7b60907e204d244a5f982ad557cb7e7ea,e01d44ae67a7bd0d969025f3bbe21d389c3d70c0ce0ced1ce3650d748d3a7c15,91.129036,96.88293,868,success_build,True,True,True,,,
410,0 1 2 3 4 5 7 8 9 6 10 11 12 13 14 15 16 17 18 19 20 21 22 23,5f3d7d020cd8d9197ac778c8cafba8a734435dbbebd68501aa74a13564ae7e47,e01d44ae67a7bd0d969025f3bbe21d389c3d70c0ce0ced1ce3650d748d3a7c15,91.129036,96.88293,868,success_build,True,True,True,,,
411,0 1 2 3 4 5 7 8 9 10 6 11 12 13 14 15 16 17 18 19 20 21 22 23,4e798c86b6502cc9dc1a033ebf68ac8ab4c0510c7b5d84e2cc6fa76b6b11bf25,e01d44ae67a7bd0d969025f3bbe21d389c3d70c0ce0ced1ce3650d748d3a7c15,91.129036,96.88293,868,success_build,True,True,True,,,
412,0 1 2 3 4 5 7 8 9 10 11 6 12 13 14 15 16 17 18 19 20 21 22 23,8930ba5db4c1eac654ff47b0e87737eb99b43ea3791c8f8f9819da22b2243b90,e01d44ae67a7bd0d969025f3bbe21d389c3d70c0ce0ced1ce3650d748d3a7c15,91.129036,96.88293,868,success_build,True,True,True,,,
413,0 1 2 3 4 5 7 8 9 10 11 12 6 13 14 15 16 17 18 19 20 21 22 23,95b66869402cd04c98741dac038284c6ec4dadc573fff0fada0cafb2883f4111,e01d44ae67a7bd0d969025f3bbe21d389c3d70c0ce0ced1ce3650d748d3a7c15,91.129036,96.88293,868,success_build,True,True,True,,,
414,0 1 2 3 4 5 7 8 9 10 11 12 13 6 14 15 16 17 18 19 20 21 22 23,adf6cd80d4f46b723cc61ee6a6012a18335b55c557814d7176bd9df21c8dc9e8,e01d44ae67a7bd0d969025f3bbe21d389c3d70c0ce0ced1ce3650d748d3a7c15,91.129036,96.88293,868,success_build,True,True,True,,,
415,0 1 2 3 4 5 7 8 9 10 11 12 13 14 6 15 16 17 18 19 20 21 22 23,db0058b64817248baff2e55ac42216c7b4d4c8266a4563483eb903923a410a3e,e01d44ae67a7bd0d969025f3bbe21d389c3d70c0ce0ced1ce3650d748d3a7c15,91.129036,96.88293,868,success_build,True,True,True,,,
416,0 1 2 3 4 5 7 8 9 10 11 12 13 14 15 6 16 17 18 19 20 21 22 23,4923ccffcd7a33a2bba81047cfa6911e18332434135c05a738d74e90008226d1,e01d44ae67a7bd0d969025f3bbe21d389c3d70c0ce0ced1ce3650d748d3a7c15,91.129036,96.88293,868,success_build,True,True,True,,,
417,0 1 2 3 4 5 7 8 9 10 11 12 13 14 15 16 6 17 18 19 20 21 22 23,39223b12290d34e3ed6e81ad41bddb670d61dc8e16da88f97344e562879b7a7a,e01d44ae67a7bd0d969025f3bbe21d389c3d70c0ce0ced1ce3650d748d3a7c15,91.129036,96.88293,868,success_build,True,True,True,,,
418,0 1 2 3 4 5 7 8 9 10 11 12 13 14 15 16 17 6 18 19 20 21 22 23,d293442e904310308a1f4f668d9369413de69a0796225880d7e345bc9a7f72c3,e01d44ae67a7bd0d969025f3bbe21d389c3d70c0ce0ced1ce3650d748d3a7c15,91.129036,96.88293,868,success_build,True,True,True,,,
419,0 1 2 3 4 5 7 8 9 10 11 12 13 14 15 16 17 18 6 19 20 21 22 23,3fabb057ebc8edad05f96ab9fec83753cd9f6ea4ee1de67d4fc321727f619033,e01d44ae67a7bd0d969025f3bbe21d389c3d70c0ce0ced1ce3650d748d3a7c15,91.129036,96.88293,868,success_build,True,True,True,,,
420,0 1 2 3 4 5 7 8 9 10 11 12 13 14 15 16 17 18 19 6 20 21 22 23,aaaa66edeba2afe7ea2c3072a572174542e3c0470b77ddd0f60c9203a4df2b1b,e01d44ae67a7bd0d969025f3bbe21d389c3d70c0ce0ced1ce3650d748d3a7c15,91.129036,96.88293,868,success_build,True,True,True,,,
421,0 1 2 3 4 5 7 8 9 10 11 12 13 14 15 16 17 18 19 20 6 21 22 23,74836c3cd370e6fc916426e862b6b014541b156c74df41e58b619f5c1e1c577b,e01d44ae67a7bd0d969025f3bbe21d389c3d70c0ce0ced1ce3650d748d3a7c15,91.129036,96.88293,868,success_build,True,True,True,,,
422,0 1 2 3 4 5 7 8 9 10 11 12 13 14 15 16 17 18 19 20 21 6 22 23,d1de6d3ec99309ebec6c6001fa989ee2b140951f70a5cd0aea76121cc9ed5231,e01d44ae67a7bd0d969025f3bbe21d389c3d70c0ce0ced1ce3650d748d3a7c15,91.129036,96.88293,868,success_build,True,True,True,,,
423,0 1 2 3 4 5 7 8 9 10 11 12 13 14 15 16 17 18 19 20 21 22 6 23,c6bc7ac8ffb7d432d773018b5dfa572fee2c443b0f8d93aa3896c62db51e69c3,e01d44ae67a7bd0d969025f3bbe21d389c3d70c0ce0ced1ce3650d748d3a7c15,91.129036,96.88293,868,success_build,True,True,True,,,
424,0 1 2 3 4 5 7 8 9 10 11 12 13 14 15 16 17 18 19 20 21 22 23 6,3e25cd33db1533817aa93858b43020b06f177ae238469dc3d1fdd0bca196f9a0,e01d44ae67a7bd0d969025f3bbe21d389c3d70c0ce0ced1ce3650d748d3a7c15,91.129036,96.88293,868,success_build,True,True,True,,,
425,7 0 1 2 3 4 5 6 8 9 10 11 12 13 14 15 16 17 18 19 20 21 22 23,43da24db756662d7c602a045ffecace155a2a9f6b94b0f6420be23e7dbad324f,e01d44ae67a7bd0d969025f3bbe21d389c3d70c0ce0ced1ce3650d748d3a7c15,91.129036,96.88293,868,success_build,True,True,True,,,
426,0 7 1 2 3 4 5 6 8 9 10 11 12 13 14 15 16 17 18 19 20 21 22 23,b1dc08096dee465d5f1add782e07df7709cfb9ea7db52ffe25f71067b8c34f52,e01d44ae67a7bd0d969025f3bbe21d389c3d70c0ce0ced1ce3650d748d3a7c15,91.129036,96.88293,868,success_build,True,True,True,,,
427,0 1 7 2 3 4 5 6 8 9 10 11 12 13 14 15 16 17 18 19 20 21 22 23,17677c06038878539cb6d5ee072dffd1aa1dcf211ceb8d5b45378e0433437388,e01d44ae67a7bd0d969025f3bbe21d389c3d70c0ce0ced1ce3650d748d3a7c15,91.129036,96.88293,868,success_build,True,True,True,,,
428,0 1 2 7 3 4 5 6 8 9 10 11 12 13 14 15 16 17 18 19 20 21 22 23,959e1cd3a4daa143c22e4eecd2a122e325337131cce4820ffa171e93234d28d2,e01d44ae67a7bd0d969025f3bbe21d389c3d70c0ce0ced1ce3650d748d3a7c15,91.129036,96.88293,868,success_build,True,True,True,,,
429,0 1 2 3 7 4 5 6 8 9 10 11 12 13 14 15 16 17 18 19 20 21 22 23,8b38514bdaa8a5257fe26f6f93fbfb111fec8e15d9a7508bf6c9eab3d9e9778c,e01d44ae67a7bd0d969025f3bbe21d389c3d70c0ce0ced1ce3650d748d3a7c15,91.129036,96.88293,868,success_build,True,True,True,,,
430,0 1 2 3 4 7 5 6 8 9 10 11 12 13 14 15 16 17 18 19 20 21 22 23,d37d6464a1e670a59e9855278747a55fd2756066177217087bb237bc576daa9f,e01d44ae67a7bd0d969025f3bbe21d389c3d70c0ce0ced1ce3650d748d3a7c15,91.129036,96.88293,868,success_build,True,True,True,,,
431,0 1 2 3 4 5 6 8 9 7 10 11 12 13 14 15 16 17 18 19 20 21 22 23,00252daa2b45882b31edb26bfc4cb4e8f1ea7f381c9ac8146f2cb809fbf1f720,e01d44ae67a7bd0d969025f3bbe21d389c3d70c0ce0ced1ce3650d748d3a7c15,91.129036,96.88293,868,success_build,True,True,True,,,
432,0 1 2 3 4 5 6 8 9 10 7 11 12 13 14 15 16 17 18 19 20 21 22 23,7eef4c7bdbc6c7ed49ad103c94d79fa3b8454423527e71891dbbe5f0bf5e24c9,e01d44ae67a7bd0d969025f3bbe21d389c3d70c0ce0ced1ce3650d748d3a7c15,91.129036,96.88293,868,success_build,True,True,True,,,
433,0 1 2 3 4 5 6 8 9 10 11 7 12 13 14 15 16 17 18 19 20 21 22 23,f598890e6689e7e391108405be33be0b65bf60e825deae4bce89267a83268825,e01d44ae67a7bd0d969025f3bbe21d389c3d70c0ce0ced1ce3650d748d3a7c15,91.129036,96.88293,868,success_build,True,True,True,,,
434,0 1 2 3 4 5 6 8 9 10 11 12 7 13 14 15 16 17 18 19 20 21 22 23,521db8c8b474dd1807bdd2270a3ed1746f5f8d5b7167e83868a25824875c6e95,e01d44ae67a7bd0d969025f3bbe21d389c3d70c0ce0ced1ce3650d748d3a7c15,91.129036,96.88293,868,success_build,True,True,True,,,
435,0 1 2 3 4 5 6 8 9 10 11 12 13 7 14 15 16 17 18 19 20 21 22 23,dd42aed65b0c170c018080593c15d95bfb83a10b914ac3642cae22c7161e9077,e01d44ae67a7bd0d969025f3bbe21d389c3d70c0ce0ced1ce3650d748d3a7c15,91.129036,96.88293,868,success_build,True,True,True,,,
436,0 1 2 3 4 5 6 8 9 10 11 12 13 14 7 15 16 17 18 19 20 21 22 23,5ac1a3e9d5dabdc4d8767ea27c129dad5abcb2e2909a2c5ff2271977973af0a4,e01d44ae67a7bd0d969025f3bbe21d389c3d70c0ce0ced1ce3650d748d3a7c15,91.129036,96.88293,868,success_build,True,True,True,,,
437,0 1 2 3 4 5 6 8 9 10 11 12 13 14 15 7 16 17 18 19 20 21 22 23,f2b3ff92b2f8118a829b8fc82deaa833f41b071e748d576198a5143d8e140606,e01d44ae67a7bd0d969025f3bbe21d389c3d70c0ce0ced1ce3650d748d3a7c15,91.129036,96.88293,868,success_build,True,True,True,,,
438,0 1 2 3 4 5 6 8 9 10 11 12 13 14 15 16 7 17 18 19 20 21 22 23,8847a393d99188e40008b3143d5646f277e7ee56266a32ed3f7577885f3c816d,e01d44ae67a7bd0d969025f3bbe21d389c3d70c0ce0ced1ce3650d748d3a7c15,91.129036,96.88293,868,success_build,True,True,True,,,
439,0 1 2 3 4 5 6 8 9 10 11 12 13 14 15 16 17 7 18 19 20 21 22 23,71f0d664431234b0c287de113b678416e4484fecb28638a5d562475ef50ac2d0,e01d44ae67a7bd0d969025f3bbe21d389c3d70c0ce0ced1ce3650d748d3a7c15,91.129036,96.88293,868,success_build,True,True,True,,,
440,0 1 2 3 4 5 6 8 9 10 11 12 13 14 15 16 17 18 7 19 20 21 22 23,494c0186201d68f6d2e8e074184b597110e964d92501815f2136d2b7b4f7aa69,e01d44ae67a7bd0d969025f3bbe21d389c3d70c0ce0ced1ce3650d748d3a7c15,91.129036,96.88293,868,success_build,True,True,True,,,
441,0 1 2 3 4 5 6 8 9 10 11 12 13 14 15 16 17 18 19 7 20 21 22 23,3ae988d67730496c7275be7cc451505eeef347851d448c5e64c28647cec1b552,e01d44ae67a7bd0d969025f3bbe21d389c3d70c0ce0ced1ce3650d748d3a7c15,91.129036,96.88293,868,success_build,True,True,True,,,
442,0 1 2 3 4 5 6 8 9 10 11 12 13 14 15 16 17 18 19 20 7 21 22 23,2b791e88434b5b4c974e992a009164879c48f0292229744ac907e214243a3b43,e01d44ae67a7bd0d969025f3bbe21d389c3d70c0ce0ced1ce3650d748d3a7c15,91.129036,96.88293,868,success_build,True,True,True,,,
443,0 1 2 3 4 5 6 8 9 10 11 12 13 14 15 16 17 18 19 20 21 7 22 23,39dc3412b7a831a9ba424d4cb398f954cf06002d4af82f2c59ef1043d4a1d21c,e01d44ae67a7bd0d969025f3bbe21d389c3d70c0ce0ced1ce3650d748d3a7c15,91.129036,96.88293,868,success_build,True,True,True,,,
444,0 1 2 3 4 5 6 8 9 10 11 12 13 14 15 16 17 18 19 20 21 22 7 23,6b8efe7f708ebf08a5b32e004989f24093d7f549c7c6cfde9d69b5f78a6d4abf,e01d44ae67a7bd0d969025f3bbe21d389c3d70c0ce0ced1ce3650d748d3a7c15,91.129036,96.88293,868,success_build,True,True,True,,,
445,0 1 2 3 4 5 6 8 9 10 11 12 13 14 15 16 17 18 19 20 21 22 23 7,04e2c4e950f06506175bad8e9beef272d89edc97929fc3499e2818cc95c99c61,e01d44ae67a7bd0d969025f3bbe21d389c3d70c0ce0ced1ce3650d748d3a7c15,91.129036,96.88293,868,success_build,True,True,True,,,
446,8 0 1 2 3 4 5 6 7 9 10 11 12 13 14 15 16 17 18 19 20 21 22 23,871cc8aec2e3e17462a62272184f118157fa345cf4dd1a13d75d10f7c0867eab,e01d44ae67a7bd0d969025f3bbe21d389c3d70c0ce0ced1ce3650d748d3a7c15,91.129036,96.88293,868,success_build,True,True,True,,,
447,0 8 1 2 3 4 5 6 7 9 10 11 12 13 14 15 16 17 18 19 20 21 22 23,fca4f7bfb4266716f6fc30b10cc16bb318f215cef85bc380f87f8832cb3dc553,e01d44ae67a7bd0d969025f3bbe21d389c3d70c0ce0ced1ce3650d748d3a7c15,91.129036,96.88293,868,success_build,True,True,True,,,
448,0 1 8 2 3 4 5 6 7 9 10 11 12 13 14 15 16 17 18 19 20 21 22 23,0077ad3e84ed73d9f1c5093d739b48110bddfa42b7f37d685a55e3fbfd56a7a7,e01d44ae67a7bd0d969025f3bbe21d389c3d70c0ce0ced1ce3650d748d3a7c15,91.129036,96.88293,868,success_build,True,True,True,,,
449,0 1 2 8 3 4 5 6 7 9 10 11 12 13 14 15 16 17 18 19 20 21 22 23,f72857c483c86f69610947f52af1d2453d2d30707dde6126661e02307e2294a4,e01d44ae67a7bd0d969025f3bbe21d389c3d70c0ce0ced1ce3650d748d3a7c15,91.129036,96.88293,868,success_build,True,True,True,,,
450,0 1 2 3 8 4 5 6 7 9 10 11 12 13 14 15 16 17 18 19 20 21 22 23,f90ebfcba62de4a4c6e03c042b01c3266f01022f943d7ba7446ac070cb323a0a,e01d44ae67a7bd0d969025f3bbe21d389c3d70c0ce0ced1ce3650d748d3a7c15,91.129036,96.88293,868,success_build,True,True,True,,,
451,0 1 2 3 4 8 5 6 7 9 10 11 12 13 14 15 16 17 18 19 20 21 22 23,eb941ccedc8ad6fb036ced3d1d3021842d5c7e8c7a4c29f5c4abec70bb5bce06,e01d44ae67a7bd0d969025f3bbe21d389c3d70c0ce0ced1ce3650d748d3a7c15,91.129036,96.88293,868,success_build,True,True,True,,,
452,0 1 2 3 4 5 8 6 7 9 10 11 12 13 14 15 16 17 18 19 20 21 22 23,40216c81449ea62dd7e70fea24dd7121bc95b271004c4c9c4c563757b0f5c9fb,e01d44ae67a7bd0d969025f3bbe21d389c3d70c0ce0ced1ce3650d748d3a7c15,91.129036,96.88293,868,success_build,True,True,True,,,
453,0 1 2 3 4 5 6 7 9 10 8 11 12 13 14 15 16 17 18 19 20 21 22 23,2c3e5ddeba688ba872b9212c181bff07ccb70fff7cae255febfa346413fe1263,e01d44ae67a7bd0d969025f3bbe21d389c3d70c0ce0ced1ce3650d748d3a7c15,91.129036,96.88293,868,success_build,True,True,True,,,
454,0 1 2 3 4 5 6 7 9 10 11 8 12 13 14 15 16 17 18 19 20 21 22 23,7d0d2109609fc8e4b43c70cc381e830c01ace87eb1de375d90417281b58744f7,e01d44ae67a7bd0d969025f3bbe21d389c3d70c0ce0ced1ce3650d748d3a7c15,91.129036,96.88293,868,success_build,True,True,True,,,
455,0 1 2 3 4 5 6 7 9 10 11 12 8 13 14 15 16 17 18 19 20 21 22 23,9058691b5cbea04764a8f1630a37107fcc89bbcd82619196338ba8fba1e9f1d9,e01d44ae67a7bd0d969025f3bbe21d389c3d70c0ce0ced1ce3650d748d3a7c15,91.129036,96.88293,868,success_build,True,True,True,,,
456,0 1 2 3 4 5 6 7 9 10 11 12 13 8 14 15 16 17 18 19 20 21 22 23,37ea80d330456615c09af31670a22cb709eaa0765a353b3c02d580c4f5cb799e,e01d44ae67a7bd0d969025f3bbe21d389c3d70c0ce0ced1ce3650d748d3a7c15,91.129036,96.88293,868,success_build,True,True,True,,,
457,0 1 2 3 4 5 6 7 9 10 11 12 13 14 8 15 16 17 18 19 20 21 22 23,7e5624d889ad17c2c72ace0f533b574fa324f37866d585194fb0c4c7c6825cdc,e01d44ae67a7bd0d969025f3bbe21d389c3d70c0ce0ced1ce3650d748d3a7c15,91.129036,96.88293,868,success_build,True,True,True,,,
458,0 1 2 3 4 5 6 7 9 10 11 12 13 14 15 8 16 17 18 19 20 21 22 23,01313bce54e4625ea3536c0b3851299383e5b06bc9051aca3b2e53fdf1dc0d1c,e01d44ae67a7bd0d969025f3bbe21d389c3d70c0ce0ced1ce3650d748d3a7c15,91.129036,96.88293,868,success_build,True,True,True,,,
459,0 1 2 3 4 5 6 7 9 10 11 12 13 14 15 16 8 17 18 19 20 21 22 23,36aea0f28f9ce0843e82ed3d7a3d4af58244d6835ad654456b384ff30213b054,e01d44ae67a7bd0d969025f3bbe21d389c3d70c0ce0ced1ce3650d748d3a7c15,91.129036,96.88293,868,success_build,True,True,True,,,
460,0 1 2 3 4 5 6 7 9 10 11 12 13 14 15 16 17 8 18 19 20 21 22 23,9f45222e6e67656e2b2b630d436eb78685874df06497cd80a6ab2351bd2536e5,e01d44ae67a7bd0d969025f3bbe21d389c3d70c0ce0ced1ce3650d748d3a7c15,91.129036,96.88293,868,success_build,True,True,True,,,
461,0 1 2 3 4 5 6 7 9 10 11 12 13 14 15 16 17 18 8 19 20 21 22 23,80e3f2dc343757306c87333892c39826803fd4ed957ade7724bc32f2afb6a35d,e01d44ae67a7bd0d969025f3bbe21d389c3d70c0ce0ced1ce3650d748d3a7c15,91.129036,96.88293,868,success_build,True,True,True,,,
462,0 1 2 3 4 5 6 7 9 10 11 12 13 14 15 16 17 18 19 8 20 21 22 23,588309602531224a24111f882c41c396675af96d829383380189b27bdf6f5b0d,e01d44ae67a7bd0d969025f3bbe21d389c3d70c0ce0ced1ce3650d748d3a7c15,91.129036,96.88293,868,success_build,True,True,True,,,
463,0 1 2 3 4 5 6 7 9 10 11 12 13 14 15 16 17 18 19 20 8 21 22 23,b7a8c5a1638b47d27f55bd839a8044e5283ae39d2ba43708b32347ea4404b0ed,e01d44ae67a7bd0d969025f3bbe21d389c3d70c0ce0ced1ce3650d748d3a7c15,91.129036,96.88293,868,success_build,True,True,True,,,
464,0 1 2 3 4 5 6 7 9 10 11 12 13 14 15 16 17 18 19 20 21 8 22 23,c779b05cc4bcb6b423f75ffb19a51771eeb9086ed832081130b3880544c5b70e,e01d44ae67a7bd0d969025f3bbe21d389c3d70c0ce0ced1ce3650d748d3a7c15,91.129036,96.88293,868,success_build,True,True,True,,,
465,0 1 2 3 4 5 6 7 9 10 11 12 13 14 15 16 17 18 19 20 21 22 8 23,be451a078522a37daf284d46e41e7e0c67ca881a4a8fd94260aa24b136bdc015,e01d44ae67a7bd0d969025f3bbe21d389c3d70c0ce0ced1ce3650d748d3a7c15,91.129036,96.88293,868,success_build,True,True,True,,,
466,0 1 2 3 4 5 6 7 9 10 11 12 13 14 15 16 17 18 19 20 21 22 23 8,d2e05421725d1781f274665188bc64a5e5ea32509cb21182444d66a17650ca01,e01d44ae67a7bd0d969025f3bbe21d389c3d70c0ce0ced1ce3650d748d3a7c15,91.129036,96.88293,868,success_build,True,True,True,,,
467,9 0 1 2 3 4 5 6 7 8 10 11 12 13 14 15 16 17 18 19 20 21 22 23,2bf17ed1adeb7edec3a75252f4a40a190ff8b2b534a58d1edfdfa2fa37d9af5e,2cdb84643906d479289f6fe531ffb036989292d41dc23d2b0b4a5dcfb505348a,90.89862,96.850586,868,success_build,True,True,False,unit fuzzy loss,,
468,0 9 1 2 3 4 5 6 7 8 10 11 12 13 14 15 16 17 18 19 20 21 22 23,05390586ea4d7a3d5756daf8956949c39240dcf88438045f134c3e338daa6c6a,119bd22e681533da097ceb9a8a87b05837e5d3a4918239683e61dd1347a8940e,91.013824,96.86675,868,success_build,True,True,False,unit fuzzy loss,,
469,0 1 9 2 3 4 5 6 7 8 10 11 12 13 14 15 16 17 18 19 20 21 22 23,f16a54d07fa9c66f2ae8782d965396632e56ccd112c0dbae77062243aa994bfc,e48231bd4dcb0b8b3c4f17997715e25b8f17a3c800c92e5abc328ccceccef5fe,91.129036,96.88293,868,success_build,True,True,True,,,
470,0 1 2 9 3 4 5 6 7 8 10 11 12 13 14 15 16 17 18 19 20 21 22 23,018abd5eaa42056ab70cceadac427eed1861b4336bc998d2912361c92ee7973a,e48231bd4dcb0b8b3c4f17997715e25b8f17a3c800c92e5abc328ccceccef5fe,91.129036,96.88293,868,success_build,True,True,True,,,
471,0 1 2 3 9 4 5 6 7 8 10 11 12 13 14 15 16 17 18 19 20 21 22 23,0cbe22cffa9cc3ffde870bb9ff14a52c87c495488a178d5e60bc9e3342068bb0,e48231bd4dcb0b8b3c4f17997715e25b8f17a3c800c92e5abc328ccceccef5fe,91.129036,96.88293,868,success_build,True,True,True,,,
472,0 1 2 3 4 9 5 6 7 8 10 11 12 13 14 15 16 17 18 19 20 21 22 23,5762eb63f961630482b9ce5b8f6b1301fa1f2ae8ed047622094db1b9d3d741fe,e48231bd4dcb0b8b3c4f17997715e25b8f17a3c800c92e5abc328ccceccef5fe,91.129036,96.88293,868,success_build,True,True,True,,,
473,0 1 2 3 4 5 9 6 7 8 10 11 12 13 14 15 16 17 18 19 20 21 22 23,2985dbf0f79d9bb199b7577aeaefa653adbd8bbeef4dd007df81aada8f47c3b3,e01d44ae67a7bd0d969025f3bbe21d389c3d70c0ce0ced1ce3650d748d3a7c15,91.129036,96.88293,868,success_build,True,True,True,,,
474,0 1 2 3 4 5 6 9 7 8 10 11 12 13 14 15 16 17 18 19 20 21 22 23,bba6e4f1f8776eca79fb9f2a0dcd7bd25cc5982197551ca31ebfe19af49e0f44,e01d44ae67a7bd0d969025f3bbe21d389c3d70c0ce0ced1ce3650d748d3a7c15,91.129036,96.88293,868,success_build,True,True,True,,,
475,0 1 2 3 4 5 6 7 8 10 11 9 12 13 14 15 16 17 18 19 20 21 22 23,9da8775de06082bab2b8475a06f5e5e70c6a1613fe44e40a94b562c2f2909db0,4c284f9e420d02ac6cdf44649640ec0c196e60b351e06d9883bbc46a96745ac0,90.87558,96.84735,868,success_build,True,True,False,unit fuzzy loss,,
476,0 1 2 3 4 5 6 7 8 10 11 12 9 13 14 15 16 17 18 19 20 21 22 23,2e28e5707c2a18feffaeb7f4a306435e83fc6499484f6f30ee9c34fdb7bfdebb,a8e46de0d5e3f312c31c64d6417a7812cbf238a0807b49e693fffb527d45e915,90.73733,96.82794,868,success_build,True,True,False,unit fuzzy loss,,
477,0 1 2 3 4 5 6 7 8 10 11 12 13 9 14 15 16 17 18 19 20 21 22 23,ebc128880943266fdeabce461e00d7c6dca2de5340b557c4cb48f3bb91a86af9,cb1b3e373128cc955633e2063282a50a70b0111348e76237e3958b468427fb3b,90.599075,96.80854,868,success_build,True,True,False,unit fuzzy loss,,
478,0 1 2 3 4 5 6 7 8 10 11 12 13 14 9 15 16 17 18 19 20 21 22 23,0d19b7bf90dd28099f51cdde229a58bd849b3d814bf0ff9badc1ce6e3563b365,80c862b7500963b4416305642f09befee99038828d684f7519634f400df46e9c,90.48387,96.792366,868,success_build,True,True,False,unit fuzzy loss,,
479,0 1 2 3 4 5 6 7 8 10 11 12 13 14 15 9 16 17 18 19 20 21 22 23,1ee06d722fa574433cf1b06d83f6eb50a097b615298270a92bbec0625b509f21,2b012a0c660e36f60c3ac8b17e82380bab31a3029a1af22d5d9951b1fdb74750,90.41475,96.78266,868,success_build,True,True,False,unit fuzzy loss,,
480,0 1 2 3 4 5 6 7 8 10 11 12 13 14 15 16 9 17 18 19 20 21 22 23,5b6dc545da4c40705362c7f0c02cae8831aaf474d521db91d5a3f47511ff2630,d496291b5c90bbec5875822e0f5f009db8662390ee5d2bd6cb64cfe9d12f16d6,90.36866,96.7762,868,success_build,True,True,False,unit fuzzy loss,,
481,0 1 2 3 4 5 6 7 8 10 11 12 13 14 15 16 17 9 18 19 20 21 22 23,c2cd1e36db5b13c8984f6b95266abf0d072b1559f7473353458abaeff64fbcef,d496291b5c90bbec5875822e0f5f009db8662390ee5d2bd6cb64cfe9d12f16d6,90.36866,96.7762,868,success_build,True,True,False,unit fuzzy loss,,
482,0 1 2 3 4 5 6 7 8 10 11 12 13 14 15 16 17 18 9 19 20 21 22 23,f5cf33bfce82c7f613fbe9aecb089f0c33a0fe343d1a331de6ead9a86abdb0e1,bb593d76e45625ec64effa89f69b2b0d11075a6d03aa10fe529fc047042665fd,90.36866,96.7762,868,success_build,True,True,False,unit fuzzy loss,,
483,0 1 2 3 4 5 6 7 8 10 11 12 13 14 15 16 17 18 19 9 20 21 22 23,deffb94f047b631f9ba60e57a53c2d350afd854ccce89f052c1f9a5052684f5e,b2c475776147c72165aacb52f14a3b51a0902530a39149752e068c04834334a5,90.2765,96.76326,868,success_build,True,True,False,unit fuzzy loss,,
484,0 1 2 3 4 5 6 7 8 10 11 12 13 14 15 16 17 18 19 20 9 21 22 23,730667d05c1266643d815d2efad35ee0bc32fdc716d1a74f2cfaffc0522b3096,b453dcf65d23f8f110ad1a076598ee70290c1a2b53322d66a041e8c244e8453e,90.2765,96.76326,868,success_build,True,True,False,unit fuzzy loss,,
485,0 1 2 3 4 5 6 7 8 10 11 12 13 14 15 16 17 18 19 20 21 9 22 23,08ac3e6f7b6b2380f4905f1e9c30e9803b70c066593eead90bc29b2e8e3e030a,b453dcf65d23f8f110ad1a076598ee70290c1a2b53322d66a041e8c244e8453e,90.2765,96.76326,868,success_build,True,True,False,unit fuzzy loss,,
486,0 1 2 3 4 5 6 7 8 10 11 12 13 14 15 16 17 18 19 20 21 22 9 23,52f5532272b88746b181f402aa8f6ed9165da2fde82ea280133647296cece054,8f874b92117992e4830f62b62ac2f0de45f9b089398e361d88b599b906b96d5c,90.207375,96.753555,868,success_build,True,True,False,unit fuzzy loss,,
487,0 1 2 3 4 5 6 7 8 10 11 12 13 14 15 16 17 18 19 20 21 22 23 9,0bcf9a9b11d5d8a8107dfdaca90841f08a8489bde9e96d47f3ac557d87ada3d6,d2dbe90647d093b3449f5f44356deb524f22d395f00ea7c7d1625967c839f342,89.93088,96.714745,868,success_build,True,True,False,unit fuzzy loss,,
488,10 0 1 2 3 4 5 6 7 8 9 11 12 13 14 15 16 17 18 19 20 21 22 23,8b0b732e8eb9c7aff6b642f1eadd97c0ec6f4ebddd1efbf363d75c6a811aa9b5,dbc350f6b6149883c2a04550c369bae5afd09869ea96d91a9e1afbe9838f6ba8,90.645164,96.81501,868,success_build,True,True,False,unit fuzzy loss,,
489,0 10 1 2 3 4 5 6 7 8 9 11 12 13 14 15 16 17 18 19 20 21 22 23,ee6130624b987b660d3d5dc393d16d35898966ee4f6c14ad7d9564c5e96e83e0,3f0e6554d0edf73c96486e629b8a43dd2af0853e9812adc48ccf87a0aa86c090,90.80645,96.83765,868,success_build,True,True,False,unit fuzzy loss,,
490,0 1 10 2 3 4 5 6 7 8 9 11 12 13 14 15 16 17 18 19 20 21 22 23,541c9648077984c42f435d73a5893b7ae305e05bd14e3310c82445790c01bbca,747f428010125f0aa992d5b53171a8ddfa0ea04b7d3a4b77ef2c3e3a49f5125c,91.08295,96.87646,868,success_build,True,True,False,unit fuzzy loss,,
491,0 1 2 10 3 4 5 6 7 8 9 11 12 13 14 15 16 17 18 19 20 21 22 23,62f8daa9dc10199ee1bc7ac2f98750b1dbd11b3b76f2bf77562b996fc8594f57,747f428010125f0aa992d5b53171a8ddfa0ea04b7d3a4b77ef2c3e3a49f5125c,91.08295,96.87646,868,success_build,True,True,False,unit fuzzy loss,,
492,0 1 2 3 10 4 5 6 7 8 9 11 12 13 14 15 16 17 18 19 20 21 22 23,34968319d47324d45eabf3f34e40e0790a399f05054b2422fd99ace99318c925,747f428010125f0aa992d5b53171a8ddfa0ea04b7d3a4b77ef2c3e3a49f5125c,91.08295,96.87646,868,success_build,True,True,False,unit fuzzy loss,,
493,0 1 2 3 4 10 5 6 7 8 9 11 12 13 14 15 16 17 18 19 20 21 22 23,227b22211c971b7a1b6e84d9610624119f3e43ba98f39ced2dfdd94ecbeb7675,747f428010125f0aa992d5b53171a8ddfa0ea04b7d3a4b77ef2c3e3a49f5125c,91.08295,96.87646,868,success_build,True,True,False,unit fuzzy loss,,
494,0 1 2 3 4 5 10 6 7 8 9 11 12 13 14 15 16 17 18 19 20 21 22 23,2520706fcb9d8f9d292cec240655e8cc22c0aea8296ee31bc32e063ccb25fca4,2871debd7574815fb828950dab68e5224d56c5c88aaa7615a4c852ccc19e955e,91.08295,96.87646,868,success_build,True,True,False,unit fuzzy loss,,
495,0 1 2 3 4 5 6 10 7 8 9 11 12 13 14 15 16 17 18 19 20 21 22 23,eb841d52406b9e368e126746356292c04542ed528db54f0bdb39de03f9526217,2871debd7574815fb828950dab68e5224d56c5c88aaa7615a4c852ccc19e955e,91.08295,96.87646,868,success_build,True,True,False,unit fuzzy loss,,
496,0 1 2 3 4 5 6 7 10 8 9 11 12 13 14 15 16 17 18 19 20 21 22 23,f0f8a4e8491c5c8b3163b5ff64cf15b7c832ea5cfbbf9ee827f447b7746b84e1,2871debd7574815fb828950dab68e5224d56c5c88aaa7615a4c852ccc19e955e,91.08295,96.87646,868,success_build,True,True,False,unit fuzzy loss,,
497,0 1 2 3 4 5 6 7 8 9 11 12 10 13 14 15 16 17 18 19 20 21 22 23,b2d47eafc515a568f20319381a0d091dee8ac22ac0f648e5ad7b86ff64d42884,8685a6d27029d7f9059201351a2dab1bbde4e2d66280fb6dafe011ccee4ad2d6,90.73733,96.82794,868,success_build,True,True,False,unit fuzzy loss,,
498,0 1 2 3 4 5 6 7 8 9 11 12 13 10 14 15 16 17 18 19 20 21 22 23,5867f70da28d8ff010b966341908232893045169ec87919c0e875d2e481005be,6e6fb0d837ff757a5791a70d5afb082600d0031c41ef4a326696199f088007c8,90.599075,96.80854,868,success_build,True,True,False,unit fuzzy loss,,
499,0 1 2 3 4 5 6 7 8 9 11 12 13 14 10 15 16 17 18 19 20 21 22 23,2f920f94774d845533b21a06c386330f03e9999af1bf86bbc82e64787611aabd,4495a9e5043b4110dce92517947354a074238d85b9fc0dc7b6bb99fe478ddf1a,90.48387,96.792366,868,success_build,True,True,False,unit fuzzy loss,,
500,0 1 2 3 4 5 6 7 8 9 11 12 13 14 15 10 16 17 18 19 20 21 22 23,996d1c79201d56ed0dc131babed0fcc016bf41b1a0e24f6f214df0b29bd49618,8fc80a9f34a189d6c4968621241a2b8c037bda975011c68cde0e58624e4610ea,90.41475,96.78266,868,success_build,True,True,False,unit fuzzy loss,,
501,0 1 2 3 4 5 6 7 8 9 11 12 13 14 15 16 10 17 18 19 20 21 22 23,d078a48b01e667b5ccfc3ee392fc33af7b2e346e8da90997708d97199b4b07a9,757fcccb8aa340a0edf18d0e01c872c83bfb662901e180a1e838f203c919f85c,90.36866,96.7762,868,success_build,True,True,False,unit fuzzy loss,,
502,0 1 2 3 4 5 6 7 8 9 11 12 13 14 15 16 17 10 18 19 20 21 22 23,dfc9ef6ac1a9f074a05e60260aa9210096f7d885dadb69e1f7d3e107c9c20d4d,757fcccb8aa340a0edf18d0e01c872c83bfb662901e180a1e838f203c919f85c,90.36866,96.7762,868,success_build,True,True,False,unit fuzzy loss,,
503,0 1 2 3 4 5 6 7 8 9 11 12 13 14 15 16 17 18 10 19 20 21 22 23,f135d96b54d29d3f457d31c5870ffb8d96141ffe589c583dc6844d0461401a1c,67158c08da9b48e18fa3ef82544a7b42bc2ded2841fd751baa1286a862b89d2b,90.36866,96.7762,868,success_build,True,True,False,unit fuzzy loss,,
504,0 1 2 3 4 5 6 7 8 9 11 12 13 14 15 16 17 18 19 10 20 21 22 23,f00142a036199aa8eb9c4a2205eb8290f05690c287b1beae1c7b0dcb19a8c59c,5c607b55200f997582ee7124336f52d412a73b7d03683fbad80162322a4b9711,90.2765,96.76326,868,success_build,True,True,False,unit fuzzy loss,,
505,0 1 2 3 4 5 6 7 8 9 11 12 13 14 15 16 17 18 19 20 10 21 22 23,ff5f3b9f6a672382c865758f323e177a80a51faa443ce13427e9b3ac0d159025,ccfb9516de89f1d35ed9af5c4518fa775907a0e33e38b1fd087b28df5232f83d,90.2765,96.76326,868,success_build,True,True,False,unit fuzzy loss,,
506,0 1 2 3 4 5 6 7 8 9 11 12 13 14 15 16 17 18 19 20 21 10 22 23,0eb8174a6dab91ac9e0eee0533b338fff180cb5388c1c9157c75cb597c9696de,ccfb9516de89f1d35ed9af5c4518fa775907a0e33e38b1fd087b28df5232f83d,90.2765,96.76326,868,success_build,True,True,False,unit fuzzy loss,,
507,0 1 2 3 4 5 6 7 8 9 11 12 13 14 15 16 17 18 19 20 21 22 10 23,f29f7afa1824827e29eeb7e0426ef800b62355d8b7674a1c064eb6cb68089cf4,a0fbd823e6bbc0c0b3fd2c730bf62328e87619c4770d484ddf73d9dd526a81c6,90.207375,96.753555,868,success_build,True,True,False,unit fuzzy loss,,
508,0 1 2 3 4 5 6 7 8 9 11 12 13 14 15 16 17 18 19 20 21 22 23 10,de43a070039e2155888e4a97a48a674d0a784adaf6f53c9c11a8650735338cd8,6e27b4ae9fbce471dd4a1bbd5f5a0a753494a7315e2ab3ef68ecf715c9a5a9c2,89.93088,96.714745,868,success_build,True,True,False,unit fuzzy loss,,
509,11 0 1 2 3 4 5 6 7 8 9 10 12 13 14 15 16 17 18 19 20 21 22 23,93ed97a9fb03fbcfb7211e4b869a731fe537c82edcfda0bbb851d806ce5adcdd,25467ae0b56d008d21d6d089ded88838e80a5ff6c83f8bde5c4d96ef74212ec9,90.43779,96.7859,868,success_build,True,True,False,unit fuzzy loss,,
510,0 11 1 2 3 4 5 6 7 8 9 10 12 13 14 15 16 17 18 19 20 21 22 23,100fd1821598149a6f401adcbfb14469be3850a852b9766bb10869a1ad1c6dab,e94b357e19a9a4600e0c4914279bc153c2d04a77bdeabab2f6b0406477c63dab,90.599075,96.80854,868,success_build,True,True,False,unit fuzzy loss,,
511,0 1 11 2 3 4 5 6 7 8 9 10 12 13 14 15 16 17 18 19 20 21 22 23,be32996f51caa805e37c167884713d574db8a2b052e2f2164a1dcd0eec1f0eb6,aa4154efc93df8c13a6a1c91851c112b30421741385e0318c54477ceba38a05a,90.78341,96.83441,868,success_build,True,True,False,unit fuzzy loss,,
512,0 1 2 11 3 4 5 6 7 8 9 10 12 13 14 15 16 17 18 19 20 21 22 23,a390a01fcd861aee609d2263f97a17196afa627fc548fdcfb23b1ab03255d8b8,aa4154efc93df8c13a6a1c91851c112b30421741385e0318c54477ceba38a05a,90.78341,96.83441,868,success_build,True,True,False,unit fuzzy loss,,
513,0 1 2 3 11 4 5 6 7 8 9 10 12 13 14 15 16 17 18 19 20 21 22 23,233a958f832bbbb6107435af88f622f92428f0c4b84a0e9ac6d3ed7185e9e612,aa4154efc93df8c13a6a1c91851c112b30421741385e0318c54477ceba38a05a,90.78341,96.83441,868,success_build,True,True,False,unit fuzzy loss,,
514,0 1 2 3 4 11 5 6 7 8 9 10 12 13 14 15 16 17 18 19 20 21 22 23,d45714d90414316fc06d9e26b21d1657e550b942739771e068ee96bbf7010c3c,aa4154efc93df8c13a6a1c91851c112b30421741385e0318c54477ceba38a05a,90.78341,96.83441,868,success_build,True,True,False,unit fuzzy loss,,
515,0 1 2 3 4 5 11 6 7 8 9 10 12 13 14 15 16 17 18 19 20 21 22 23,7acca53973b87ba06c54313588f4db5ca2a55521f3e374ff66a3d2bbef37b93d,9d15905114bef1638724d4c2498fd1a33bf1b42007dbdc35733d75160198a735,90.87558,96.84735,868,success_build,True,True,False,unit fuzzy loss,,
516,0 1 2 3 4 5 6 11 7 8 9 10 12 13 14 15 16 17 18 19 20 21 22 23,da431b0ec0688164149bd80f7cba4ff99d424e1859c6e57ff06ba7d44cab281e,9d15905114bef1638724d4c2498fd1a33bf1b42007dbdc35733d75160198a735,90.87558,96.84735,868,success_build,True,True,False,unit fuzzy loss,,
517,0 1 2 3 4 5 6 7 11 8 9 10 12 13 14 15 16 17 18 19 20 21 22 23,1d06aa65c9c9b28a41ab01db1e1f667b6ec3de7f9ce548665d129d41b03e7c1a,9d15905114bef1638724d4c2498fd1a33bf1b42007dbdc35733d75160198a735,90.87558,96.84735,868,success_build,True,True,False,unit fuzzy loss,,
518,0 1 2 3 4 5 6 7 8 11 9 10 12 13 14 15 16 17 18 19 20 21 22 23,03b018510ea9ec9ffdc68f49431b7fdc0a5aaf1a91fa17693fbde1d48fde1b5c,9d15905114bef1638724d4c2498fd1a33bf1b42007dbdc35733d75160198a735,90.87558,96.84735,868,success_build,True,True,False,unit fuzzy loss,,
519,0 1 2 3 4 5 6 7 8 9 10 12 13 11 14 15 16 17 18 19 20 21 22 23,28e66daaade325fae901629ccde18b0a5213eec7a79a0d2d858794c67334af3e,f8cd3e0716a2850dfda953e3ab3f999f5e599aa420f7f633f386c616c7a83ae9,90.65899,96.81695,868,success_build,True,True,False,unit fuzzy loss,,
520,0 1 2 3 4 5 6 7 8 9 10 12 13 14 11 15 16 17 18 19 20 21 22 23,2897ec95d50f218fa8a1d656d1e3a686255d4939c4901b91e221a6713cb65e0d,60c452871740507608743455a49373225d0eabb93408415f2db124aa29e92ffb,90.54378,96.80077,868,success_build,True,True,False,unit fuzzy loss,,
521,0 1 2 3 4 5 6 7 8 9 10 12 13 14 15 11 16 17 18 19 20 21 22 23,77160fc2a2863fcc71bc262e93ecc4cdc4a717152e999021a6bbd657a5333bb9,b46f668a13f0193f9feed743c0aaaf88131fdfbcd52876ed9b14472c5bb605a0,90.474655,96.79108,868,success_build,True,True,False,unit fuzzy loss,,
522,0 1 2 3 4 5 6 7 8 9 10 12 13 14 15 16 11 17 18 19 20 21 22 23,0463a79efc7b0817b3a1928ed583abc4e8b663c93838085624bc911cabab3046,1f5479fad98b73a87eb53846ba1f0fb5bdbf7c4140b2ff92de7d227165e8d8d7,90.42857,96.78461,868,success_build,True,True,False,unit fuzzy loss,,
523,0 1 2 3 4 5 6 7 8 9 10 12 13 14 15 16 17 11 18 19 20 21 22 23,41a8d431ecbde09a3df46bfc2355cde21cd4db3a34fa06dc4f5baabd5b5ab37a,1f5479fad98b73a87eb53846ba1f0fb5bdbf7c4140b2ff92de7d227165e8d8d7,90.42857,96.78461,868,success_build,True,True,False,unit fuzzy loss,,
524,0 1 2 3 4 5 6 7 8 9 10 12 13 14 15 16 17 18 11 19 20 21 22 23,2fa94abbede2bf34212ffa7933528d8136d19085377e5e51c122c523d0b06c97,c96c394f33b3d8a5ca1597f96b1f2ce71f6d2dcc751e5cb648611a9a01a6f1c4,90.42857,96.78461,868,success_build,True,True,False,unit fuzzy loss,,
525,0 1 2 3 4 5 6 7 8 9 10 12 13 14 15 16 17 18 19 11 20 21 22 23,b4d874a963b68c1224b50e8da82d125a04b975eca483b012c42b03e39a6ed198,9820c27b83acd1dd2fab76160d645deade0440e75c3c764ca10ebb6cb1496742,90.3364,96.77167,868,success_build,True,True,False,unit fuzzy loss,,
526,0 1 2 3 4 5 6 7 8 9 10 12 13 14 15 16 17 18 19 20 11 21 22 23,d09ec9a226f43b18ab688dd537543f6e2330417c0daad0b5b10d2f02dd3989ae,9bd3f9093c41a6d49c061d8c4f67fbac8305b7fb6b472de4f62da87a52195146,90.3364,96.77167,868,success_build,True,True,False,unit fuzzy loss,,
527,0 1 2 3 4 5 6 7 8 9 10 12 13 14 15 16 17 18 19 20 21 11 22 23,9fb4e1fb4e7dd7a2b169c6ebb2a65e2bc45798797211615e6f32a6957b6aaa14,9bd3f9093c41a6d49c061d8c4f67fbac8305b7fb6b472de4f62da87a52195146,90.3364,96.77167,868,success_build,True,True,False,unit fuzzy loss,,
528,0 1 2 3 4 5 6 7 8 9 10 12 13 14 15 16 17 18 19 20 21 22 11 23,51f1677aca3601d83f49a98a92447853ae7a6792098b02a8abdc9ba4284923a7,92532390bc84dd7ca84e6b01aa89fc70319a894952bc10acc388f2da02c46447,90.26728,96.76196,868,success_build,True,True,False,unit fuzzy loss,,
529,0 1 2 3 4 5 6 7 8 9 10 12 13 14 15 16 17 18 19 20 21 22 23 11,afc378e5c3b26fe8885e1bd1ee969f5e4205b07277b2f07f2e64acf8ce56f0da,4cf648c4dae2112146124db14ec32c4ee3058f52b822fd1e5ef6315c93d94480,90.39171,96.779434,868,success_build,True,True,False,unit fuzzy loss,,
530,12 0 1 2 3 4 5 6 7 8 9 10 11 13 14 15 16 17 18 19 20 21 22 23,48a28e37c918a078cd0f27bb4cdcafc86b790e51db6c4c98011e26915dcefcd9,9b12612773258c0602b110de8c93fef73e675ab5d375c7cc57f1ea54d624d930,89.41936,96.64295,868,success_build,True,True,False,unit fuzzy loss,,
531,0 12 1 2 3 4 5 6 7 8 9 10 11 13 14 15 16 17 18 19 20 21 22 23,2b535009907849bf17520fb489ff8ddeda46e14f1efda029c3e3d95df2a78792,4dbc6f7f5e72d3ecbf4f1bdb306094090eac7e64ef048f33a754ab44d82a5554,89.58064,96.66559,868,success_build,True,True,False,unit fuzzy loss,,
532,0 1 12 2 3 4 5 6 7 8 9 10 11 13 14 15 16 17 18 19 20 21 22 23,baca6d8b01bd9569a248d2e2a61f22f2b78b0e4ec9e4ed0763ee72597260a35e,e717c98134e9d657c5100fc0c71f18170ac9e903bd96707ca14d98c0d5ed178b,89.85714,96.7044,868,success_build,True,True,False,unit fuzzy loss,,
533,0 1 2 12 3 4 5 6 7 8 9 10 11 13 14 15 16 17 18 19 20 21 22 23,3daf184e0ebb523c145db9dbec9177cb9828b3bded92cf412e04e3c377faced0,e717c98134e9d657c5100fc0c71f18170ac9e903bd96707ca14d98c0d5ed178b,89.85714,96.7044,868,success_build,True,True,False,unit fuzzy loss,,
534,0 1 2 3 12 4 5 6 7 8 9 10 11 13 14 15 16 17 18 19 20 21 22 23,d65ed486ca603b0a8c8584e295fa3bbe0bc8807f568d2c3d6e31efecb96357f8,e717c98134e9d657c5100fc0c71f18170ac9e903bd96707ca14d98c0d5ed178b,89.85714,96.7044,868,success_build,True,True,False,unit fuzzy loss,,
535,0 1 2 3 4 12 5 6 7 8 9 10 11 13 14 15 16 17 18 19 20 21 22 23,d588beb295cf012191b4dca169342adf982f63610e8361c758cb7746978749f9,e717c98134e9d657c5100fc0c71f18170ac9e903bd96707ca14d98c0d5ed178b,89.85714,96.7044,868,success_build,True,True,False,unit fuzzy loss,,
536,0 1 2 3 4 5 12 6 7 8 9 10 11 13 14 15 16 17 18 19 20 21 22 23,671a97ef24ed2c48cb78e719e3462fa397b0bb98d218061b23769a4f05b820b1,b149ebc2dd24919f67c76ae6d22c60578c845d321e1b200f751a92f0ec0032d9,90.75115,96.82988,868,success_build,True,True,False,unit fuzzy loss,,
537,0 1 2 3 4 5 6 12 7 8 9 10 11 13 14 15 16 17 18 19 20 21 22 23,86e5a1b4aacca4e46c335fef1aea4ac61a52736be5c0bf4024baa0469b968207,b149ebc2dd24919f67c76ae6d22c60578c845d321e1b200f751a92f0ec0032d9,90.75115,96.82988,868,success_build,True,True,False,unit fuzzy loss,,
538,0 1 2 3 4 5 6 7 12 8 9 10 11 13 14 15 16 17 18 19 20 21 22 23,e58149126fc5092a5d0cbe1fbd12001572457ce7a7d4b4a3aed9142b887ca564,b149ebc2dd24919f67c76ae6d22c60578c845d321e1b200f751a92f0ec0032d9,90.75115,96.82988,868,success_build,True,True,False,unit fuzzy loss,,
539,0 1 2 3 4 5 6 7 8 12 9 10 11 13 14 15 16 17 18 19 20 21 22 23,d04365cf58204aa87a65222ef88948aaac9420cd74a4c62f729bb371df96d553,b149ebc2dd24919f67c76ae6d22c60578c845d321e1b200f751a92f0ec0032d9,90.75115,96.82988,868,success_build,True,True,False,unit fuzzy loss,,
540,0 1 2 3 4 5 6 7 8 9 12 10 11 13 14 15 16 17 18 19 20 21 22 23,582ff6e835982a2ed990f864d6b6143a576cd80be67e0a41d986e3a51f162dc8,4e9e1fab06852889a97f2abfecb13aa2737b4e8de653a7045001c8cd5062f5ba,90.75115,96.82988,868,success_build,True,True,False,unit fuzzy loss,,
541,0 1 2 3 4 5 6 7 8 9 10 11 13 14 12 15 16 17 18 19 20 21 22 23,56123e229e02a91506fda526fce1bf869c4942f50141a56dabb639b9b910fa47,eb1cc79b53b6eaf465dca64a506caa162547f9a80773d0d0e0a5000140873d03,90.73733,96.82794,868,success_build,True,True,False,unit fuzzy loss,,
542,0 1 2 3 4 5 6 7 8 9 10 11 13 14 15 12 16 17 18 19 20 21 22 23,ba6af750a62fbdd07f6ae56fb70d9ee01e314b6fad893e00d53373d9c7234966,fa76b8adba5b5158d1723ffde0d4644c6b9203b3c992bd8b7dd79bddd85e26e3,90.668205,96.81824,868,success_build,True,True,False,unit fuzzy loss,,
543,0 1 2 3 4 5 6 7 8 9 10 11 13 14 15 16 12 17 18 19 20 21 22 23,c53337f56d12f134206b1109f375f9b632ee0fc4c1c123206ac3a7096e088ee1,8b7ec815e6ddaed7714218e996912de1e726363771c653043fa401f487b34fb4,90.622116,96.811775,868,success_build,True,True,False,unit fuzzy loss,,
544,0 1 2 3 4 5 6 7 8 9 10 11 13 14 15 16 17 12 18 19 20 21 22 23,22dfd4ccc0a4188c768425dc9d06fd334722d01143b760d90b6a7c0a82728621,8b7ec815e6ddaed7714218e996912de1e726363771c653043fa401f487b34fb4,90.622116,96.811775,868,success_build,True,True,False,unit fuzzy loss,,
545,0 1 2 3 4 5 6 7 8 9 10 11 13 14 15 16 17 18 12 19 20 21 22 23,e0ae1e0c748654e371a2bbee6f7b39c3e2cd7387e8dd9b80408949e7bd3b2a4b,4372424b3189cc50b35a8bd4cfeb31f823e4d52514844265e2cc81206476c983,90.622116,96.811775,868,success_build,True,True,False,unit fuzzy loss,,
546,0 1 2 3 4 5 6 7 8 9 10 11 13 14 15 16 17 18 19 12 20 21 22 23,81d6830524b3935983fcab067b553a9d81db324fb8f7d868e0932d6da0acf7b0,678b92243c6c402611ef4779453b2779b436932e3f8621d6b21b701a53f068db,90.52995,96.798836,868,success_build,True,True,False,unit fuzzy loss,,
547,0 1 2 3 4 5 6 7 8 9 10 11 13 14 15 16 17 18 19 20 12 21 22 23,7260112118eab85087a9d1c4a043237af9ede531e32445142baa165035fa45e0,0cde8e4d5acdf795897f0e4dfea5da13c8bcb869875b362da59ef36e76021ef7,90.52995,96.798836,868,success_build,True,True,False,unit fuzzy loss,,
548,0 1 2 3 4 5 6 7 8 9 10 11 13 14 15 16 17 18 19 20 21 12 22 23,48d0c3fb04dcb31d195ee7b25bb3837878a88e8fd1633bfcebdad6310fd05d85,0cde8e4d5acdf795897f0e4dfea5da13c8bcb869875b362da59ef36e76021ef7,90.52995,96.798836,868,success_build,True,True,False,unit fuzzy loss,,
549,0 1 2 3 4 5 6 7 8 9 10 11 13 14 15 16 17 18 19 20 21 22 12 23,86e3e05e9a1960c9251bddc46aed3f677a9fd55021e43b748e9571762c500b68,703dfcbca04cddb183247730c3366a365291b5ecd77b69a3dac56416090f091e,90.46083,96.78913,868,success_build,True,True,False,unit fuzzy loss,,
550,0 1 2 3 4 5 6 7 8 9 10 11 13 14 15 16 17 18 19 20 21 22 23 12,0ece2460c505e1c00069b5f834cdfa9262b9859a2ca045425a6d2550abaa8544,6e887abe70b415fc9ec19c383558567c50669243fba0e0c701274d3cfe8d8f15,89.62673,96.67206,868,success_build,True,True,False,unit fuzzy loss,,
551,13 0 1 2 3 4 5 6 7 8 9 10 11 12 14 15 16 17 18 19 20 21 22 23,4a340584f5b35b9ab73ca8d121fe204989c7940ecd716d78f63dcc4afe4bd523,bbb8ee9e5e5730474c8da371baab40df560dd618439fc71279f78e83040ce7c9,89.29954,96.62613,868,success_build,True,True,False,unit fuzzy loss,,
552,0 13 1 2 3 4 5 6 7 8 9 10 11 12 14 15 16 17 18 19 20 21 22 23,6a79938722819f42fd620e4306cc7559956a87ac72db1b471881a7b10952673c,9a2497f38a86647cee554e4af9df0d317cbf3ed874a8219290a3d2245fd4a5a1,89.46083,96.64877,868,success_build,True,True,False,unit fuzzy loss,,
553,0 1 13 2 3 4 5 6 7 8 9 10 11 12 14 15 16 17 18 19 20 21 22 23,a754dc899fdf3353ef49dfd00357a2f8697a1747fd1637ad4f6b3ac8e358df72,bb94a9106551955c67abca6ff474c1f5f92fd7f37bfab878c9f0c134cd32e9eb,89.73733,96.687584,868,success_build,True,True,False,unit fuzzy loss,,
554,0 1 2 13 3 4 5 6 7 8 9 10 11 12 14 15 16 17 18 19 20 21 22 23,db04ce3c244013847ff81e259b73e4bc80b78d073c54c66a5b75d135e6974192,bb94a9106551955c67abca6ff474c1f5f92fd7f37bfab878c9f0c134cd32e9eb,89.73733,96.687584,868,success_build,True,True,False,unit fuzzy loss,,
555,0 1 2 3 13 4 5 6 7 8 9 10 11 12 14 15 16 17 18 19 20 21 22 23,8dfeef8edf9b2a20faf8db0f2e8b6a186f5557b60c8b13d3a2c91fe87c6cb422,bb94a9106551955c67abca6ff474c1f5f92fd7f37bfab878c9f0c134cd32e9eb,89.73733,96.687584,868,success_build,True,True,False,unit fuzzy loss,,
556,0 1 2 3 4 13 5 6 7 8 9 10 11 12 14 15 16 17 18 19 20 21 22 23,fbf043792cce8be3cf1741d28a3ee0503b16734b86edc664696477cfd8511e4a,bb94a9106551955c67abca6ff474c1f5f92fd7f37bfab878c9f0c134cd32e9eb,89.73733,96.687584,868,success_build,True,True,False,unit fuzzy loss,,
557,0 1 2 3 4 5 13 6 7 8 9 10 11 12 14 15 16 17 18 19 20 21 22 23,75f96ecb08ce8707564d04b78258ab89b1454ca7d52e83651596894e38ba2112,f0eacf9119455be285a14e0dda7fe5afe699c92e21d93ecd113a11bc8f8d793a,90.63134,96.813065,868,success_build,True,True,False,unit fuzzy loss,,
558,0 1 2 3 4 5 6 13 7 8 9 10 11 12 14 15 16 17 18 19 20 21 22 23,f8c5a090813993e2be7ceb455fb2015788ca58cac8ee3fd080c57078342f6be9,f0eacf9119455be285a14e0dda7fe5afe699c92e21d93ecd113a11bc8f8d793a,90.63134,96.813065,868,success_build,True,True,False,unit fuzzy loss,,
559,0 1 2 3 4 5 6 7 13 8 9 10 11 12 14 15 16 17 18 19 20 21 22 23,92d40db54f252f3a2949d63fa8d7b03d1ede7305c92bfb2d4ce9b875f209b967,f0eacf9119455be285a14e0dda7fe5afe699c92e21d93ecd113a11bc8f8d793a,90.63134,96.813065,868,success_build,True,True,False,unit fuzzy loss,,
560,0 1 2 3 4 5 6 7 8 13 9 10 11 12 14 15 16 17 18 19 20 21 22 23,cefa9e3ca51e7a230c940f7123c1c72b28c1c90305e29af833b98b99819e69b0,f0eacf9119455be285a14e0dda7fe5afe699c92e21d93ecd113a11bc8f8d793a,90.63134,96.813065,868,success_build,True,True,False,unit fuzzy loss,,
561,0 1 2 3 4 5 6 7 8 9 13 10 11 12 14 15 16 17 18 19 20 21 22 23,e5fbcd369b1ea72ade10f9c501802c3fda77ca3f88b1597d0132c28a751cb0e1,cb5fd5d7420f98a2196e47d118801ce95375a40b9d2d40f4b6cb7ad596aef241,90.63134,96.813065,868,success_build,True,True,False,unit fuzzy loss,,
562,0 1 2 3 4 5 6 7 8 9 10 13 11 12 14 15 16 17 18 19 20 21 22 23,7009538eec9c713417d5e16320326561e290c7aa40afe70c280812aed51cecfc,6dddad74c0aaa5dafc774753faf2969b9b5fc60d2ef6c9e6008665ad8fbdedf5,90.70046,96.82277,868,success_build,True,True,False,unit fuzzy loss,,
563,0 1 2 3 4 5 6 7 8 9 10 11 12 14 15 13 16 17 18 19 20 21 22 23,b03ece0d02fc0ae553d3907bb810ae5ef48c7b60a8dcf3b3e34f21e12a525c23,24f035203a877061fcd552c3cb1edb3ad8c72e5e611e08dded98238aeaca9d1c,90.80645,96.83765,868,success_build,True,True,False,unit fuzzy loss,,
564,0 1 2 3 4 5 6 7 8 9 10 11 12 14 15 16 13 17 18 19 20 21 22 23,22a88e495d3cf4621a25b5d42c64203c11b1e907fd0f2677a6a81bff0dab2d55,4b1cfc760d1253eccfb147dbc0fbf12e78b8b8507472b8469dfdce24dc58fc2f,90.76037,96.83118,868,success_build,True,True,False,unit fuzzy loss,,
565,0 1 2 3 4 5 6 7 8 9 10 11 12 14 15 16 17 13 18 19 20 21 22 23,dde43cd2e9b60126f9fe26e4c07e83dd7cd87de448df2b8ed93bd2fc72e1ebc5,4b1cfc760d1253eccfb147dbc0fbf12e78b8b8507472b8469dfdce24dc58fc2f,90.76037,96.83118,868,success_build,True,True,False,unit fuzzy loss,,
566,0 1 2 3 4 5 6 7 8 9 10 11 12 14 15 16 17 18 13 19 20 21 22 23,54f0482aa032c953a1a7c881761f2eeada29d0bbe7774f96807208f8c25cb024,2be58ae756d6eca7a4fb03087b2e8a643f337317ffcebb9deef21f3eaf4f96bc,90.76037,96.83118,868,success_build,True,True,False,unit fuzzy loss,,
567,0 1 2 3 4 5 6 7 8 9 10 11 12 14 15 16 17 18 19 13 20 21 22 23,d1aefd94a4a7f1eecb4366699f161558dd40fbf423fcaac4a2c000e73993655b,1f80aac3b2f58a2a514920c5f903f5cc94e6d60caa84ba149f2e693051a3a7e0,90.668205,96.81824,868,success_build,True,True,False,unit fuzzy loss,,
568,0 1 2 3 4 5 6 7 8 9 10 11 12 14 15 16 17 18 19 20 13 21 22 23,42f2c344dcece478c700f48b3800f462526d4789b32c741b358a0184ed5b5bbe,fb78487d1ebdc198b5204b4e0459470e63da0fd9bc89997575ad3dfbf3503a3f,90.668205,96.81824,868,success_build,True,True,False,unit fuzzy loss,,
569,0 1 2 3 4 5 6 7 8 9 10 11 12 14 15 16 17 18 19 20 21 13 22 23,79496f7c0fb4ec8699cd52f7d2e0265cc64d1a2c160fa7bffb6315071b6b91c4,fb78487d1ebdc198b5204b4e0459470e63da0fd9bc89997575ad3dfbf3503a3f,90.668205,96.81824,868,success_build,True,True,False,unit fuzzy loss,,
570,0 1 2 3 4 5 6 7 8 9 10 11 12 14 15 16 17 18 19 20 21 22 13 23,1a6464c69938a8ea403f4cdb6f563d36c05e943d70b266a085c0c9070c1776b0,6a3ac581838ade74d3cfceacc823394534dfdf7bc3f1f6974363fea67a4efa8a,90.599075,96.80854,868,success_build,True,True,False,unit fuzzy loss,,
571,0 1 2 3 4 5 6 7 8 9 10 11 12 14 15 16 17 18 19 20 21 22 23 13,352df00dbd35f41a796dcb234b1f14a48af45eab64d4af1eef6af86f28104f46,85b311672c9ac1015d9c69b9e5b7ab73017795de52fcf27780c540eddd95f614,90.32258,96.76973,868,success_build,True,True,False,unit fuzzy loss,,
572,14 0 1 2 3 4 5 6 7 8 9 10 11 12 13 15 16 17 18 19 20 21 22 23,0d811c1de9fedc659de3a52a9709d95820e834a6b4322500a055a266c37553f8,25ae1a3fc5d4dd5db6ff2f5e0668cf61444bf2d655ad3118e6f59cc9e104c1e5,89.39171,96.63907,868,success_build,True,True,False,unit fuzzy loss,,
573,0 14 1 2 3 4 5 6 7 8 9 10 11 12 13 15 16 17 18 19 20 21 22 23,b29c670d20c0bb6662e064cbbca7c28a92f3afe2e17df4616378cba591d2d0ad,4d9f6d22be590f4d5fcc5e37a2c254c5c8c01fdcda01fcd685fadc6b262dd5fc,89.50691,96.65524,868,success_build,True,True,False,unit fuzzy loss,,
574,0 1 14 2 3 4 5 6 7 8 9 10 11 12 13 15 16 17 18 19 20 21 22 23,4fd9109ae1201f6559642029b4221d2ac85369f997d881c2d56e4a02885fd685,a15341328184281d64710804f0cdc3b37567f024f0ac5310df27e9f7b0167b92,89.622116,96.67141,868,success_build,True,True,False,unit fuzzy loss,,
575,0 1 2 14 3 4 5 6 7 8 9 10 11 12 13 15 16 17 18 19 20 21 22 23,0885b956f85f88e1191cc2f1eb2f588ef96b18cb53750f7aa56273bd29e0d436,a15341328184281d64710804f0cdc3b37567f024f0ac5310df27e9f7b0167b92,89.622116,96.67141,868,success_build,True,True,False,unit fuzzy loss,,
576,0 1 2 3 14 4 5 6 7 8 9 10 11 12 13 15 16 17 18 19 20 21 22 23,05ffb34ac520c92650cc715f917c56c6c84e4724f263a429506643346fa1a0e1,a15341328184281d64710804f0cdc3b37567f024f0ac5310df27e9f7b0167b92,89.622116,96.67141,868,success_build,True,True,False,unit fuzzy loss,,
577,0 1 2 3 4 14 5 6 7 8 9 10 11 12 13 15 16 17 18 19 20 21 22 23,ae40c538988f7ff24a36700963dc16488b7b478895b916cfa4f851677afa64a9,a15341328184281d64710804f0cdc3b37567f024f0ac5310df27e9f7b0167b92,89.622116,96.67141,868,success_build,True,True,False,unit fuzzy loss,,
578,0 1 2 3 4 5 14 6 7 8 9 10 11 12 13 15 16 17 18 19 20 21 22 23,ce27f0031a58ec597d8dee05f30b0e6a6bc6007207e4863a54be27a0c3e05f4d,5623b1d5501bde001c1824a140c073473e955c42a08512064bb9909f174f7dc7,89.622116,96.67141,868,success_build,True,True,False,unit fuzzy loss,,
579,0 1 2 3 4 5 6 14 7 8 9 10 11 12 13 15 16 17 18 19 20 21 22 23,7161e4a275a950ea26173836290e67d7bc06ffb6a152a750329e24c63a6563dd,5623b1d5501bde001c1824a140c073473e955c42a08512064bb9909f174f7dc7,89.622116,96.67141,868,success_build,True,True,False,unit fuzzy loss,,
580,0 1 2 3 4 5 6 7 14 8 9 10 11 12 13 15 16 17 18 19 20 21 22 23,4e83b56fca532a9f001fd03fc70ae01f67d1987cc23c60160482844031767599,5623b1d5501bde001c1824a140c073473e955c42a08512064bb9909f174f7dc7,89.622116,96.67141,868,success_build,True,True,False,unit fuzzy loss,,
581,0 1 2 3 4 5 6 7 8 14 9 10 11 12 13 15 16 17 18 19 20 21 22 23,93574198886dbd4b0c765c35cb3ec9cd999f92d00d25df91b21daf04c4c92af4,5623b1d5501bde001c1824a140c073473e955c42a08512064bb9909f174f7dc7,89.622116,96.67141,868,success_build,True,True,False,unit fuzzy loss,,
582,0 1 2 3 4 5 6 7 8 9 14 10 11 12 13 15 16 17 18 19 20 21 22 23,6f427391818f07a7d08045a003a4070f99d82f6e7b05ffc13621b7f625fa5bdb,fb48374144e18860cb7e604f3a9cd4c75e9d85a5747dee5570b07619ad36c120,89.622116,96.67141,868,success_build,True,True,False,unit fuzzy loss,,
583,0 1 2 3 4 5 6 7 8 9 10 14 11 12 13 15 16 17 18 19 20 21 22 23,52e4d82304798ffd64253d49b034282872580ecbaae24679480965bb5c3fc2e6,15d0f57de49f588c6db007e15e95102331aa449e99ac708a00079293a7f6844b,89.668205,96.67788,868,success_build,True,True,False,unit fuzzy loss,,
584,0 1 2 3 4 5 6 7 8 9 10 11 14 12 13 15 16 17 18 19 20 21 22 23,a5f405ebd3920d2971c6b4e028b7dc6f9291ed7952e2f02b76e67c7c00641529,48943003a373518821ae07210a343ab11d1c710672a141f818abab4f8794bfc6,90.73733,96.82794,868,success_build,True,True,False,unit fuzzy loss,,
585,0 1 2 3 4 5 6 7 8 9 10 11 12 13 15 16 14 17 18 19 20 21 22 23,34ee434b96fec04c91a24cb41213705292c5ad21541c9b16b3e43d88f5b399f0,6cb6dc1b7f2ce0e680483ade16b8ce2d2d2e629c48f165ae2c54ef21834439b5,90.89862,96.850586,868,success_build,True,True,False,unit fuzzy loss,,
586,0 1 2 3 4 5 6 7 8 9 10 11 12 13 15 16 17 14 18 19 20 21 22 23,6845431605af80c7279801a9aaa9d3cf023de6b59978416693038356c7fff8b7,6cb6dc1b7f2ce0e680483ade16b8ce2d2d2e629c48f165ae2c54ef21834439b5,90.89862,96.850586,868,success_build,True,True,False,unit fuzzy loss,,
587,0 1 2 3 4 5 6 7 8 9 10 11 12 13 15 16 17 18 14 19 20 21 22 23,53260dca59268e33a2d9d825a5053f6a45a8947c4053160adf0e800bc7bb09eb,48cd0fce7d5fca0b4acadb6f21e54378077a96aa5826b4714bef4d0cc3b32ec9,90.89862,96.850586,868,success_build,True,True,False,unit fuzzy loss,,
588,0 1 2 3 4 5 6 7 8 9 10 11 12 13 15 16 17 18 19 14 20 21 22 23,da3844ad5f5538fce7c65272440643faf24a4e21484230da6dbf5a6285837ee5,7dcdd3f6cb80368d7be8cf14b8c33d50b5120fd12fdaf11d4e1efc71fa1688da,90.80645,96.83765,868,success_build,True,True,False,unit fuzzy loss,,
589,0 1 2 3 4 5 6 7 8 9 10 11 12 13 15 16 17 18 19 20 14 21 22 23,9915439d106ab1a461ee6d9f2ff5cb4740b80ec44fba0d01eecabe6fdd21dcb4,3dee93a34a72d2ed8e6ee1401cb645ae68d84e5c3ddb76e67d4a31560638c5da,90.80645,96.83765,868,success_build,True,True,False,unit fuzzy loss,,
590,0 1 2 3 4 5 6 7 8 9 10 11 12 13 15 16 17 18 19 20 21 14 22 23,0f0f9256dc51945b256476556978544086b3a93ce15960d17cd70bffd4e456a7,3dee93a34a72d2ed8e6ee1401cb645ae68d84e5c3ddb76e67d4a31560638c5da,90.80645,96.83765,868,success_build,True,True,False,unit fuzzy loss,,
591,0 1 2 3 4 5 6 7 8 9 10 11 12 13 15 16 17 18 19 20 21 22 14 23,1e51206889bd6f8b5e57697296d35f0269d056581017207b137aec542353bc85,a4e70e0e3f82338cf03f647ee5dbf9052aaf4819f5083fd855c915f36ec507c6,90.73733,96.82794,868,success_build,True,True,False,unit fuzzy loss,,
592,0 1 2 3 4 5 6 7 8 9 10 11 12 13 15 16 17 18 19 20 21 22 23 14,53cdc0719ff43f12dc7981cedb232e9afc9a7a7d0c140664d01fa8fa6f8c9e07,b98e598a5554b0ec6b678b69df29e7e238c4b26f2b909536c1c917e621b432f9,90.46083,96.78913,868,success_build,True,True,False,unit fuzzy loss,,
593,15 0 1 2 3 4 5 6 7 8 9 10 11 12 13 14 16 17 18 19 20 21 22 23,cb7dc83ac99efe005b22555d3fba7f5489bff51da64b9a16ecb85f004154fe2f,5591d9ce0a65c7b33b3c1d336f78d098a2190a425c10ba98647796a90e25e68e,89.32258,96.629364,868,success_build,True,True,False,unit fuzzy loss,,
594,0 15 1 2 3 4 5 6 7 8 9 10 11 12 13 14 16 17 18 19 20 21 22 23,b08030d31c8a730c7b80d3bc171871fed9d6f7c38c4c103a1656fe20f35b4b3f,c67d162df85e34f98acfc22d46ad698c8d6d6d6015f23fba3147bda460ef4176,89.43779,96.64554,868,success_build,True,True,False,unit fuzzy loss,,
595,0 1 15 2 3 4 5 6 7 8 9 10 11 12 13 14 16 17 18 19 20 21 22 23,42f2681d4c766c3c4832428e47453f991346cd4acbae7bc716c89a42ef287573,e3fa8de6a51f28b3c6ad222bc7727ad91948f0763f967f693b74c24cfb9b1fb9,89.55299,96.661705,868,success_build,True,True,False,unit fuzzy loss,,
596,0 1 2 15 3 4 5 6 7 8 9 10 11 12 13 14 16 17 18 19 20 21 22 23,4963c015f9c36031a75d608e550aa381e0cf1a96d574bfc96761ac8e3daa8fac,e3fa8de6a51f28b3c6ad222bc7727ad91948f0763f967f693b74c24cfb9b1fb9,89.55299,96.661705,868,success_build,True,True,False,unit fuzzy loss,,
597,0 1 2 3 15 4 5 6 7 8 9 10 11 12 13 14 16 17 18 19 20 21 22 23,0abed68f20920fd7b176581abb278b55c83008a74b8a3a7120a6abdac8dc55ac,e3fa8de6a51f28b3c6ad222bc7727ad91948f0763f967f693b74c24cfb9b1fb9,89.55299,96.661705,868,success_build,True,True,False,unit fuzzy loss,,
598,0 1 2 3 4 15 5 6 7 8 9 10 11 12 13 14 16 17 18 19 20 21 22 23,c413fe8133e41b1b54100728cf83a55837dd7a8381c1a56bc6f5051d253d2d5e,e3fa8de6a51f28b3c6ad222bc7727ad91948f0763f967f693b74c24cfb9b1fb9,89.55299,96.661705,868,success_build,True,True,False,unit fuzzy loss,,
599,0 1 2 3 4 5 15 6 7 8 9 10 11 12 13 14 16 17 18 19 20 21 22 23,3427228eaa69e8a564a382005a16b31babd56709fa2812d105e86a952c28b331,16ab1ae0f2d7d94103c50cf95d5430c4d00c00a6f1b134804c612f5d69b2ea19,89.55299,96.661705,868,success_build,True,True,False,unit fuzzy loss,,
600,0 1 2 3 4 5 6 15 7 8 9 10 11 12 13 14 16 17 18 19 20 21 22 23,17b46a1201f8e71a7b9035ff8836d722739c779b586748963882006e40e16898,16ab1ae0f2d7d94103c50cf95d5430c4d00c00a6f1b134804c612f5d69b2ea19,89.55299,96.661705,868,success_build,True,True,False,unit fuzzy loss,,
601,0 1 2 3 4 5 6 7 15 8 9 10 11 12 13 14 16 17 18 19 20 21 22 23,6ad6853165563ee084e23fd7c7aa076cac5358fd7d00768f976f9395bb8309b3,16ab1ae0f2d7d94103c50cf95d5430c4d00c00a6f1b134804c612f5d69b2ea19,89.55299,96.661705,868,success_build,True,True,False,unit fuzzy loss,,
602,0 1 2 3 4 5 6 7 8 15 9 10 11 12 13 14 16 17 18 19 20 21 22 23,3ab1e97df278b44b626666f865e44b97cbc9b318c9ca81d43858da20e437b50b,16ab1ae0f2d7d94103c50cf95d5430c4d00c00a6f1b134804c612f5d69b2ea19,89.55299,96.661705,868,success_build,True,True,False,unit fuzzy loss,,
603,0 1 2 3 4 5 6 7 8 9 15 10 11 12 13 14 16 17 18 19 20 21 22 23,124dee823677da6f0d3c5230d4962f4a20287f78754d9e38e22189b505a5f913,77cbc4bc3d7dd1c7c0f30df565de846b293edbf4bb448a12c459f115a96a963b,89.55299,96.661705,868,success_build,True,True,False,unit fuzzy loss,,
604,0 1 2 3 4 5 6 7 8 9 10 15 11 12 13 14 16 17 18 19 20 21 22 23,cda0c8fe8f5397068ff1b82b58d8e1d68065a039cf7bc810dca7905243458e8c,240b72dc2725069ba9981ca9e8a392a877015bc502dacb95831daf4ce0b67814,89.599075,96.668175,868,success_build,True,True,False,unit fuzzy loss,,
605,0 1 2 3 4 5 6 7 8 9 10 11 15 12 13 14 16 17 18 19 20 21 22 23,9dad10fd4d1fc8de7f2f98d8d432e3f00590fb53d91396c0bf9fca5e7e130fe9,3dea2299373a20b26238817708b3e7255f2399f2c11a7ed35cb0d3ee791ae805,90.668205,96.81824,868,success_build,True,True,False,unit fuzzy loss,,
606,0 1 2 3 4 5 6 7 8 9 10 11 12 15 13 14 16 17 18 19 20 21 22 23,f422455308cbcf5f686c4fbc331f8a268b54cd0edb5e68e86ade9031241d4e40,19848785cfc3c64b5d7e240d5d6c035d0d087dae0fb60cdc6d7a2f9837e697f9,90.80645,96.83765,868,success_build,True,True,False,unit fuzzy loss,,
607,0 1 2 3 4 5 6 7 8 9 10 11 12 13 14 16 17 15 18 19 20 21 22 23,66cc385ebd730a90ec75ceb9614599aa2ab859a2604d38ee8f892c88dd85b0e7,66e1eacd0a9dd5738ababb655b825763769c451cc8677a75a4506521f2700394,91.013824,96.86675,868,success_build,True,True,False,unit fuzzy loss,,
608,0 1 2 3 4 5 6 7 8 9 10 11 12 13 14 16 17 18 15 19 20 21 22 23,f0fde2634adf68ef7d3644611bbb0915445cf56c071859b95d2b714d25864d58,88619fdbdb54cf3ec494ba09683a43aa354854ee3f1573c365df9ca035485570,91.013824,96.86675,868,success_build,True,True,False,unit fuzzy loss,,
609,0 1 2 3 4 5 6 7 8 9 10 11 12 13 14 16 17 18 19 15 20 21 22 23,cf4521e89cafe253a9a7cefd002b2d6eb469e0f0be77e31641025b2e1075a4eb,8e4afc06408d7501a35ae46cbd786820b73bcfa461d7b34b7b02c2b3db51e1d5,90.92166,96.85381,868,success_build,True,True,False,unit fuzzy loss,,
610,0 1 2 3 4 5 6 7 8 9 10 11 12 13 14 16 17 18 19 20 15 21 22 23,a7bd43d0ec3f97745d2cb94626cbbbb03029aa53d37e6241df49a2cf81367deb,89fe82c4933f346c6ec21bf1246bb1db34d5327757d95ce8b640bd9afa527b60,90.92166,96.85381,868,success_build,True,True,False,unit fuzzy loss,,
611,0 1 2 3 4 5 6 7 8 9 10 11 12 13 14 16 17 18 19 20 21 15 22 23,54b9c9739f2094c7ad58965666b972a13426f9d6e86d9fe1f8b64bf059a29c0a,89fe82c4933f346c6ec21bf1246bb1db34d5327757d95ce8b640bd9afa527b60,90.92166,96.85381,868,success_build,True,True,False,unit fuzzy loss,,
612,0 1 2 3 4 5 6 7 8 9 10 11 12 13 14 16 17 18 19 20 21 22 15 23,d1afdb22ab63024318da8d5276d0d721a37ee4f640a3e27fc2e237edc9d3bf71,240ad4fbd589cdc045e4b7d4bfacbb500e64a4943490987265a0cbc836d71489,90.85253,96.84412,868,success_build,True,True,False,unit fuzzy loss,,
613,0 1 2 3 4 5 6 7 8 9 10 11 12 13 14 16 17 18 19 20 21 22 23 15,1283b2b89e38a2b5825e37cf092b1e1b5468305a008d8cf0675f58f2435dc978,a3528969fe1b11fc8a55b171dd80df7d0823f70a01b149f58960359a40779c78,90.576035,96.805305,868,success_build,True,True,False,unit fuzzy loss,,
614,16 0 1 2 3 4 5 6 7 8 9 10 11 12 13 14 15 17 18 19 20 21 22 23,41da4904013fac67376e5696d77d1b3398d5da6c37ad2fc983d90129f3c45649,25b0c698800c9d4c37e29b10b3061de493c4f3ef972193a916d045805ce94a66,89.2765,96.622894,868,success_build,True,True,False,unit fuzzy loss,,
615,0 16 1 2 3 4 5 6 7 8 9 10 11 12 13 14 15 17 18 19 20 21 22 23,2f20b09f4be6cdf2f257ee5d1b08467906221bdaa8031886afe3c43353ada852,8b94058bf95da6eb56ada492077e7ba69e5b0f6243c10d83ea42c0cee88eb27a,89.39171,96.63907,868,success_build,True,True,False,unit fuzzy loss,,
616,0 1 16 2 3 4 5 6 7 8 9 10 11 12 13 14 15 17 18 19 20 21 22 23,bf826b9f3691b49aa092af3a341ca4d4cc9e2fee3fb2aea19b84cdd8472c316e,d1c2e93b8c2051ca6b04ace029bcc56c097c294dfa8591b04402f21e0f2aa771,89.50691,96.65524,868,success_build,True,True,False,unit fuzzy loss,,
617,0 1 2 16 3 4 5 6 7 8 9 10 11 12 13 14 15 17 18 19 20 21 22 23,fbb4690c0b131fdb5e3df00526f618384687a9df64e9a0963668acfa1abfb26b,d1c2e93b8c2051ca6b04ace029bcc56c097c294dfa8591b04402f21e0f2aa771,89.50691,96.65524,868,success_build,True,True,False,unit fuzzy loss,,
618,0 1 2 3 16 4 5 6 7 8 9 10 11 12 13 14 15 17 18 19 20 21 22 23,f8c2a5b4efe02e4dac670f4908087e29c4e5d97864e857f4a7fadd2db7a5ca98,d1c2e93b8c2051ca6b04ace029bcc56c097c294dfa8591b04402f21e0f2aa771,89.50691,96.65524,868,success_build,True,True,False,unit fuzzy loss,,
619,0 1 2 3 4 16 5 6 7 8 9 10 11 12 13 14 15 17 18 19 20 21 22 23,9bd70784887cc30e930e502251dd7cd10e6efb4bf54aed86c5ad2cab6ef19df5,d1c2e93b8c2051ca6b04ace029bcc56c097c294dfa8591b04402f21e0f2aa771,89.50691,96.65524,868,success_build,True,True,False,unit fuzzy loss,,
620,0 1 2 3 4 5 16 6 7 8 9 10 11 12 13 14 15 17 18 19 20 21 22 23,80a837dfbbf38cb9a5608b334563df34db47b761ed7413fcbd632e4b50c6c99a,dc362064fa49956db5a472deafb4f8b9deecc3a07087dff17298707c3af3ff06,89.50691,96.65524,868,success_build,True,True,False,unit fuzzy loss,,
621,0 1 2 3 4 5 6 16 7 8 9 10 11 12 13 14 15 17 18 19 20 21 22 23,88ed023fc85d55c97ad03462e9a7d35185051b56cc95071079f2286681613fe9,dc362064fa49956db5a472deafb4f8b9deecc3a07087dff17298707c3af3ff06,89.50691,96.65524,868,success_build,True,True,False,unit fuzzy loss,,
622,0 1 2 3 4 5 6 7 16 8 9 10 11 12 13 14 15 17 18 19 20 21 22 23,912f535f68a8c87de9c74e08a9d7e10b3141022945020f6307d025830615606b,dc362064fa49956db5a472deafb4f8b9deecc3a07087dff17298707c3af3ff06,89.50691,96.65524,868,success_build,True,True,False,unit fuzzy loss,,
623,0 1 2 3 4 5 6 7 8 16 9 10 11 12 13 14 15 17 18 19 20 21 22 23,3e4fee15132b4a9ea82069562d90b8105c01fc779e71e044da9d6bb7af79f488,dc362064fa49956db5a472deafb4f8b9deecc3a07087dff17298707c3af3ff06,89.50691,96.65524,868,success_build,True,True,False,unit fuzzy loss,,
624,0 1 2 3 4 5 6 7 8 9 16 10 11 12 13 14 15 17 18 19 20 21 22 23,7f74042a62b85705b788790d306a525cda7936318f3fd54ea21c819156d7a509,edada7e6b588999f3673e09cb409b1f6d7e3c9200c8b5bb1f85237484f4cb489,89.50691,96.65524,868,success_build,True,True,False,unit fuzzy loss,,
625,0 1 2 3 4 5 6 7 8 9 10 16 11 12 13 14 15 17 18 19 20 21 22 23,415ac3dd9c0b76dc5729d315fa8aafa925d84b64565fbaad143cc696306f145d,935abc9584f04f7f1f16b6765d30dd6dc2a3a453fad18fd42b84e8d46361038c,89.55299,96.661705,868,success_build,True,True,False,unit fuzzy loss,,
626,0 1 2 3 4 5 6 7 8 9 10 11 16 12 13 14 15 17 18 19 20 21 22 23,a0284abd1d21c75bd74df0a7535c746cd3731cb17f18f4306b007c020940f0ca,788c90032ebe1d884e3720bed29e4cef7a82c14d8110e39d247fcf24eb3eaef9,90.622116,96.811775,868,success_build,True,True,False,unit fuzzy loss,,
627,0 1 2 3 4 5 6 7 8 9 10 11 12 16 13 14 15 17 18 19 20 21 22 23,811e0e2402e4d1accfbd537ea2e5edf1fa866d0ca83b0a79c1c4ccb47aabc46c,65e63b9b65de40bb5e5858b38395f1db956033181dad03b8016e1e0168f97666,90.76037,96.83118,868,success_build,True,True,False,unit fuzzy loss,,
628,0 1 2 3 4 5 6 7 8 9 10 11 12 13 16 14 15 17 18 19 20 21 22 23,010ba02596ecb42a2e82803fae777869835616937266c0eea2e5cd5eb230cd88,8054cde62cc4512686ea96f41118ca9b386946321577fc527dcbdbffbf93dd77,90.89862,96.850586,868,success_build,True,True,False,unit fuzzy loss,,
629,0 1 2 3 4 5 6 7 8 9 10 11 12 13 14 15 17 18 16 19 20 21 22 23,ef860124effb80151945ab2270b58045a76be9a403486b9b88fb5cfc926c357d,0e172bfa81b8c4676a8be2d9c3275a68176ee98fec690f389ecddd42d493e3fb,91.08295,96.87646,868,success_build,True,True,False,unit fuzzy loss,,
630,0 1 2 3 4 5 6 7 8 9 10 11 12 13 14 15 17 18 19 16 20 21 22 23,1c22358dad781f1d8bddffc14c28ea59f505e44a3e06b5be95722f07ca24add4,8c4f5fa9b7fe7397c7259f1c7bbef2655eeb84d2702fba8ef019c7f5a989ec92,90.99078,96.86352,868,success_build,True,True,False,unit fuzzy loss,,
631,0 1 2 3 4 5 6 7 8 9 10 11 12 13 14 15 17 18 19 20 16 21 22 23,4d5851c4b127a20b2219be7c6b61024818f22760d78d36e383a5ab2d78a2f817,ee80a36f01c0174bce7a3ccfb84c7a3ab57580d8937525be0e5d00f2fc64e035,90.99078,96.86352,868,success_build,True,True,False,unit fuzzy loss,,
632,0 1 2 3 4 5 6 7 8 9 10 11 12 13 14 15 17 18 19 20 21 16 22 23,fd78f057e75a722fd0ff8998c97118a1edc5176dfdfe9d8f718ce3ae1823f629,ee80a36f01c0174bce7a3ccfb84c7a3ab57580d8937525be0e5d00f2fc64e035,90.99078,96.86352,868,success_build,True,True,False,unit fuzzy loss,,
633,0 1 2 3 4 5 6 7 8 9 10 11 12 13 14 15 17 18 19 20 21 22 16 23,20e5cecb1f4ee069bbcbb702a2367ea285fd9c57157f531e1f518be33e6e614e,0a59baf90f6c0442569ea5833e0bb34e59feb806f0a465a955d3d75c5a8969ec,90.92166,96.85381,868,success_build,True,True,False,unit fuzzy loss,,
634,0 1 2 3 4 5 6 7 8 9 10 11 12 13 14 15 17 18 19 20 21 22 23 16,7927a2cd3d96337a7f7a561d165e0d1325df88ab44d3b8a22d05d95ba42b31b6,3b8ddf78db218c15edabc37ccac196ca284f710583daa00e8446f693635d42c9,90.645164,96.81501,868,success_build,True,True,False,unit fuzzy loss,,
635,17 0 1 2 3 4 5 6 7 8 9 10 11 12 13 14 15 16 18 19 20 21 22 23,060510bbc63196cf05c2df7e9726d41c2fe9d76f1c28cded2bc743aa156c0b80,e01d44ae67a7bd0d969025f3bbe21d389c3d70c0ce0ced1ce3650d748d3a7c15,91.129036,96.88293,868,success_build,True,True,True,,,
636,0 17 1 2 3 4 5 6 7 8 9 10 11 12 13 14 15 16 18 19 20 21 22 23,dca32d1ce1084d79ae565d7d58ed91165c6f9c044ceb58f5ffd0f237be11bde1,e01d44ae67a7bd0d969025f3bbe21d389c3d70c0ce0ced1ce3650d748d3a7c15,91.129036,96.88293,868,success_build,True,True,True,,,
637,0 1 17 2 3 4 5 6 7 8 9 10 11 12 13 14 15 16 18 19 20 21 22 23,de4f46cfbd45707e6378083c7a644434bdddeb6e0cf4a7510a89d6ad1280b6cf,e01d44ae67a7bd0d969025f3bbe21d389c3d70c0ce0ced1ce3650d748d3a7c15,91.129036,96.88293,868,success_build,True,True,True,,,
638,0 1 2 17 3 4 5 6 7 8 9 10 11 12 13 14 15 16 18 19 20 21 22 23,7f2bed324b7dc1736ffbb59f55ed70f2c2762d3f7c902e2eaeb2c385d91cf1aa,e01d44ae67a7bd0d969025f3bbe21d389c3d70c0ce0ced1ce3650d748d3a7c15,91.129036,96.88293,868,success_build,True,True,True,,,
639,0 1 2 3 17 4 5 6 7 8 9 10 11 12 13 14 15 16 18 19 20 21 22 23,538e78b2359b4b57c50e655555a5c3bf6d73b8d91bdef1aa3c7daf4065c28ea3,e01d44ae67a7bd0d969025f3bbe21d389c3d70c0ce0ced1ce3650d748d3a7c15,91.129036,96.88293,868,success_build,True,True,True,,,
640,0 1 2 3 4 17 5 6 7 8 9 10 11 12 13 14 15 16 18 19 20 21 22 23,e7d726027b062b28a6af142f714b768325ef1a81308dc9d4413bf0b79d045c30,e01d44ae67a7bd0d969025f3bbe21d389c3d70c0ce0ced1ce3650d748d3a7c15,91.129036,96.88293,868,success_build,True,True,True,,,
641,0 1 2 3 4 5 17 6 7 8 9 10 11 12 13 14 15 16 18 19 20 21 22 23,b1a528ea19c174e7822335c43c32755f2d79796ea8cc2832fc5f9009b22f81eb,e01d44ae67a7bd0d969025f3bbe21d389c3d70c0ce0ced1ce3650d748d3a7c15,91.129036,96.88293,868,success_build,True,True,True,,,
642,0 1 2 3 4 5 6 17 7 8 9 10 11 12 13 14 15 16 18 19 20 21 22 23,9cf51d398ac490cec6c27c6a1c92d4fe93ccd30c71b465629f12ad838119ca7b,e01d44ae67a7bd0d969025f3bbe21d389c3d70c0ce0ced1ce3650d748d3a7c15,91.129036,96.88293,868,success_build,True,True,True,,,
643,0 1 2 3 4 5 6 7 17 8 9 10 11 12 13 14 15 16 18 19 20 21 22 23,f1f5880ae671b74f4771e91f6b57880fcafe6b6d3a16210f5d21e1ca90a90778,e01d44ae67a7bd0d969025f3bbe21d389c3d70c0ce0ced1ce3650d748d3a7c15,91.129036,96.88293,868,success_build,True,True,True,,,
644,0 1 2 3 4 5 6 7 8 17 9 10 11 12 13 14 15 16 18 19 20 21 22 23,c4206a26e5d20fa4d8022c56db7aa62f449d4e93bf60be5d5a1182db7ebd672c,e01d44ae67a7bd0d969025f3bbe21d389c3d70c0ce0ced1ce3650d748d3a7c15,91.129036,96.88293,868,success_build,True,True,True,,,
645,0 1 2 3 4 5 6 7 8 9 17 10 11 12 13 14 15 16 18 19 20 21 22 23,b32e7a5fd7dbbf31565dd5ca774771d92844c4f227b7418a003e48c6ab5aa7c6,e01d44ae67a7bd0d969025f3bbe21d389c3d70c0ce0ced1ce3650d748d3a7c15,91.129036,96.88293,868,success_build,True,True,True,,,
646,0 1 2 3 4 5 6 7 8 9 10 17 11 12 13 14 15 16 18 19 20 21 22 23,3a18847663ac780022f19b1885ccb2a3c57e3ed6349f90a43169170f755df12e,e01d44ae67a7bd0d969025f3bbe21d389c3d70c0ce0ced1ce3650d748d3a7c15,91.129036,96.88293,868,success_build,True,True,True,,,
647,0 1 2 3 4 5 6 7 8 9 10 11 17 12 13 14 15 16 18 19 20 21 22 23,676b4939355497f073edcbc72d98658fd2c97c31259163c8907c0426846ab409,e01d44ae67a7bd0d969025f3bbe21d389c3d70c0ce0ced1ce3650d748d3a7c15,91.129036,96.88293,868,success_build,True,True,True,,,
648,0 1 2 3 4 5 6 7 8 9 10 11 12 17 13 14 15 16 18 19 20 21 22 23,29755593b4372fe2e115f2df2252ad2cb62eb473aad7918a126352b460042009,e01d44ae67a7bd0d969025f3bbe21d389c3d70c0ce0ced1ce3650d748d3a7c15,91.129036,96.88293,868,success_build,True,True,True,,,
649,0 1 2 3 4 5 6 7 8 9 10 11 12 13 17 14 15 16 18 19 20 21 22 23,25448191e1e9b39d347484d073afc5c086af70c835f1e6358c9c8c7aa9dd3e77,e01d44ae67a7bd0d969025f3bbe21d389c3d70c0ce0ced1ce3650d748d3a7c15,91.129036,96.88293,868,success_build,True,True,True,,,
650,0 1 2 3 4 5 6 7 8 9 10 11 12 13 14 17 15 16 18 19 20 21 22 23,b1db14f29405e085278685662faabbc1bcbc21c6585dbc3e7a696fc2d422934a,e01d44ae67a7bd0d969025f3bbe21d389c3d70c0ce0ced1ce3650d748d3a7c15,91.129036,96.88293,868,success_build,True,True,True,,,
651,0 1 2 3 4 5 6 7 8 9 10 11 12 13 14 15 16 18 19 17 20 21 22 23,fe0ea276dcb62a7323bcb6a82918258ad7e910f233c461318283356e2bcea429,e01d44ae67a7bd0d969025f3bbe21d389c3d70c0ce0ced1ce3650d748d3a7c15,91.129036,96.88293,868,success_build,True,True,True,,,652
652,0 1 2 3 4 5 6 7 8 9 10 11 12 13 14 15 16 18 19 20 17 21 22 23,85cc6fe86b9f212bdaa756dec201d3339a09e11b4ba9793d3d23123307d8bbd6,e01d44ae67a7bd0d969025f3bbe21d389c3d70c0ce0ced1ce3650d748d3a7c15,91.129036,96.88293,868,success_build,True,True,True,,,651
653,0 1 2 3 4 5 6 7 8 9 10 11 12 13 14 15 16 18 19 20 21 17 22 23,1f8a4afc9f3bb2b8cab29f6061438a0cfff6ae41220ec014582e515ebea1b6b9,57a47fdb52c14c76036d72627b96bb6c7c6138d8f13cbbff13f0eebf38933037,91.129036,96.88293,868,success_build,True,True,True,,,
654,0 1 2 3 4 5 6 7 8 9 10 11 12 13 14 15 16 18 19 20 21 22 17 23,5dd7e2e8f25ee1f6007936173d2551431fe4f389bc62b75220be18c20463dce6,57a47fdb52c14c76036d72627b96bb6c7c6138d8f13cbbff13f0eebf38933037,91.129036,96.88293,868,success_build,True,True,True,,,
655,0 1 2 3 4 5 6 7 8 9 10 11 12 13 14 15 16 18 19 20 21 22 23 17,58c98092b558a7397faa0fea0a0a15d14f741acde6c4fadbe4cbbbdcb620d46e,aeb52576eab66ac892ebfe445432ba5df2d8cc29473a72a6e34601dbcd2f119e,90.576035,96.805305,868,success_build,True,True,False,unit fuzzy loss,,
656,18 0 1 2 3 4 5 6 7 8 9 10 11 12 13 14 15 16 17 19 20 21 22 23,8ef17528fa7299732ae0184ee13ae960fafb26a61a222ae414b82eb5f2215d87,83872e535c688a1818889691adbd3d8d452dfc061260a8950362c3474445af61,89.2765,96.622894,868,success_build,True,True,False,unit fuzzy loss,,
657,0 18 1 2 3 4 5 6 7 8 9 10 11 12 13 14 15 16 17 19 20 21 22 23,8765934aa66e0b3bb3bebda1dc3e47d4d0256c08ae157fec740e8b65d3887546,0029fe5f4b37a63fbb6fe529423c3c782509636afb5db12ff9150b8144a8e8d3,89.39171,96.63907,868,success_build,True,True,False,unit fuzzy loss,,
658,0 1 18 2 3 4 5 6 7 8 9 10 11 12 13 14 15 16 17 19 20 21 22 23,37dafe2afda9fd6f2dd3ca87b8c5ca73392c0e3a725a3dffeef368868946a11a,9f4387d6937648e9ccaf90c2f6403305e805291242316dec0b3f16553b3ca198,89.50691,96.65524,868,success_build,True,True,False,unit fuzzy loss,,
659,0 1 2 18 3 4 5 6 7 8 9 10 11 12 13 14 15 16 17 19 20 21 22 23,8cd1ae2577ae882fcb8aa7a340b318ddb6c2361ae22675e265819a5cdc6436b3,9f4387d6937648e9ccaf90c2f6403305e805291242316dec0b3f16553b3ca198,89.50691,96.65524,868,success_build,True,True,False,unit fuzzy loss,,
660,0 1 2 3 18 4 5 6 7 8 9 10 11 12 13 14 15 16 17 19 20 21 22 23,2a75a64c5861bde19b898ab314c953af49be3d3b7f01e47fad580fd9d9277cb7,9f4387d6937648e9ccaf90c2f6403305e805291242316dec0b3f16553b3ca198,89.50691,96.65524,868,success_build,True,True,False,unit fuzzy loss,,
661,0 1 2 3 4 18 5 6 7 8 9 10 11 12 13 14 15 16 17 19 20 21 22 23,39def6cb3c83cfb898eb476de8e47dd469b82f9b10087564bd33c35d721015b5,9f4387d6937648e9ccaf90c2f6403305e805291242316dec0b3f16553b3ca198,89.50691,96.65524,868,success_build,True,True,False,unit fuzzy loss,,
662,0 1 2 3 4 5 18 6 7 8 9 10 11 12 13 14 15 16 17 19 20 21 22 23,982612dca088a8a3dc77964661af23d0be56d3cede6d9916dea008b2147fb70f,2745234784df65e466adab8675ec52ae7fd08cc266f3019266f4fe321d66e4c6,89.50691,96.65524,868,success_build,True,True,False,unit fuzzy loss,,
663,0 1 2 3 4 5 6 18 7 8 9 10 11 12 13 14 15 16 17 19 20 21 22 23,89e1da6f030d065cd80c59ec228162856b7cc2f1352d1af212aa346be0b4c8f7,2745234784df65e466adab8675ec52ae7fd08cc266f3019266f4fe321d66e4c6,89.50691,96.65524,868,success_build,True,True,False,unit fuzzy loss,,
664,0 1 2 3 4 5 6 7 18 8 9 10 11 12 13 14 15 16 17 19 20 21 22 23,bf7ec69d792b7579098be17a9d567c613f3b24ce41099ad66763db4b237a37bb,2745234784df65e466adab8675ec52ae7fd08cc266f3019266f4fe321d66e4c6,89.50691,96.65524,868,success_build,True,True,False,unit fuzzy loss,,
665,0 1 2 3 4 5 6 7 8 18 9 10 11 12 13 14 15 16 17 19 20 21 22 23,8aeac8675d69fa9e9794ef1725e10e22c05e8d9f9516624a693c4d10838d1135,2745234784df65e466adab8675ec52ae7fd08cc266f3019266f4fe321d66e4c6,89.50691,96.65524,868,success_build,True,True,False,unit fuzzy loss,,
666,0 1 2 3 4 5 6 7 8 9 18 10 11 12 13 14 15 16 17 19 20 21 22 23,4c84d197fe88e74f369e5e7e5bd211c34cafced0a8d7a4ec78f0242db18ac8f5,1ac9fbc568e481d91bd0154b1d5e66652ce2b57d21c4696af8458af771ea99a8,89.50691,96.65524,868,success_build,True,True,False,unit fuzzy loss,,
667,0 1 2 3 4 5 6 7 8 9 10 18 11 12 13 14 15 16 17 19 20 21 22 23,026aa0705403473aeb04f5151d1b6f1dc8b0dbd1716e59912be03711496599b4,fe5b00ff3093d3a33b0a97deb0e2603f454552f0f0d8992927f7dc1e6f8a834a,89.55299,96.661705,868,success_build,True,True,False,unit fuzzy loss,,
668,0 1 2 3 4 5 6 7 8 9 10 11 18 12 13 14 15 16 17 19 20 21 22 23,e4188175c2f23f20745232e456267200bdc22f9cbdbdd9d6fd0cb8b93206b23e,f1672e29f75db2e12999b0d8cd3752c65b32b01cf995f518a8e4edf40764873c,90.622116,96.811775,868,success_build,True,True,False,unit fuzzy loss,,
669,0 1 2 3 4 5 6 7 8 9 10 11 12 18 13 14 15 16 17 19 20 21 22 23,6f6686aaba753b6ddac8d10a57e8b9827d733fbd989b84549d7ea557afd1ead9,a3040fbb0f3c72a6d8c64f5ba6de81544143d0a5672b236899ee2577be2dcc85,90.76037,96.83118,868,success_build,True,True,False,unit fuzzy loss,,
670,0 1 2 3 4 5 6 7 8 9 10 11 12 13 18 14 15 16 17 19 20 21 22 23,006c0549d14299fd2eef0bfe1bdff814f01833d29c9715ebf43350c1f45aae6f,9e7b2c421e87f61c6fd5fcebd81eb7f9bcc724b546cf29fb2a8834aaf4f18aec,90.89862,96.850586,868,success_build,True,True,False,unit fuzzy loss,,
671,0 1 2 3 4 5 6 7 8 9 10 11 12 13 14 18 15 16 17 19 20 21 22 23,20829ae767a2616f664236df0b9952c3d11d534cc355787bc8b977718a3cf5dc,6a3aaaa5ac9df3cbaf5c054f726e74f434f104394debcfce5b6c2a0bfabe2520,91.013824,96.86675,868,success_build,True,True,False,unit fuzzy loss,,
672,0 1 2 3 4 5 6 7 8 9 10 11 12 13 14 15 18 16 17 19 20 21 22 23,17698846ab4bbc346568b99069df1da1a8b3f24ea0ef7126457605c13efe9653,0e172bfa81b8c4676a8be2d9c3275a68176ee98fec690f389ecddd42d493e3fb,91.08295,96.87646,868,success_build,True,True,False,unit fuzzy loss,,
673,0 1 2 3 4 5 6 7 8 9 10 11 12 13 14 15 16 17 19 20 18 21 22 23,8aa58d4665301a8f05b68a6f421f07dfabf3d52c63e248f4f833b2d2aa57d956,b889ea3ff840d0ec52cb41f46de0c087831b35a587fd6ff953f49b38283eaa05,91.036865,96.86999,868,success_build,True,True,False,unit fuzzy loss,,
674,0 1 2 3 4 5 6 7 8 9 10 11 12 13 14 15 16 17 19 20 21 18 22 23,8f17b310ea9fe1f15eafc88d51b201836da57af831fce520f655389d12696448,b889ea3ff840d0ec52cb41f46de0c087831b35a587fd6ff953f49b38283eaa05,91.036865,96.86999,868,success_build,True,True,False,unit fuzzy loss,,
675,0 1 2 3 4 5 6 7 8 9 10 11 12 13 14 15 16 17 19 20 21 22 18 23,f7d3475f7f4e808a62eac4b04c8b49ac667ec8b76a1a90b7906e9fa2bd495614,8fa64233ece58bfc2ea5cac1e03a03f89c83783a0d0768bdf1516a5d9a72df06,90.96774,96.86028,868,success_build,True,True,False,unit fuzzy loss,,
676,0 1 2 3 4 5 6 7 8 9 10 11 12 13 14 15 16 17 19 20 21 22 23 18,c7fc324331ebd14ff6da0d5278ae21f85b8b05883479dab5ef98fff59d428d81,bdd96bc94aa8849ba65d736c62ce5e86410e33c1e4e482f48f928403d43ee075,90.691246,96.82147,868,success_build,True,True,False,unit fuzzy loss,,
677,19 0 1 2 3 4 5 6 7 8 9 10 11 12 13 14 15 16 17 18 20 21 22 23,dfad98b354f84cee5bf0635f2d0eed4ebd761546d4ded4d2abc1fa58b8ec7bc6,bc7821c7803848ac1d43cf6a6a123b0313cb13c486e9470079982d836ebedbd3,88.86175,96.56468,868,success_build,True,True,False,unit fuzzy loss,,
678,0 19 1 2 3 4 5 6 7 8 9 10 11 12 13 14 15 16 17 18 20 21 22 23,d0e06fb876597c17ac8a1a495df477d26c001a61d440de4746d73ee6baef7421,21d8390ef356334319033688ad11185bc22c3d34123adb0a04af2b102bb40c49,88.97696,96.58086,868,success_build,True,True,False,unit fuzzy loss,,
679,0 1 19 2 3 4 5 6 7 8 9 10 11 12 13 14 15 16 17 18 20 21 22 23,8ee54f5b1f793acb3a016642091bb8354d9060ca0d1f441f2021ce2c09c0cab1,d76e65e0bafeea1097e1ed30b1d774aa90e0514efa8cc566761c61ee763bf07a,89.09216,96.59702,868,success_build,True,True,False,unit fuzzy loss,,
680,0 1 2 19 3 4 5 6 7 8 9 10 11 12 13 14 15 16 17 18 20 21 22 23,7755937872c447d21af53e7df1dcbe0e739fc82791df9ff582cdd99d3edd3db8,d76e65e0bafeea1097e1ed30b1d774aa90e0514efa8cc566761c61ee763bf07a,89.09216,96.59702,868,success_build,True,True,False,unit fuzzy loss,,
681,0 1 2 3 19 4 5 6 7 8 9 10 11 12 13 14 15 16 17 18 20 21 22 23,acc4bfcba55ee8eff971b9500c7df3aa441015cb6032ad98d79a788d3cebfc91,d76e65e0bafeea1097e1ed30b1d774aa90e0514efa8cc566761c61ee763bf07a,89.09216,96.59702,868,success_build,True,True,False,unit fuzzy loss,,
682,0 1 2 3 4 19 5 6 7 8 9 10 11 12 13 14 15 16 17 18 20 21 22 23,9e3d2cd4f1c37cd0f0df238b03d00ce096e22edd869ab5837a394078bfabadd6,d76e65e0bafeea1097e1ed30b1d774aa90e0514efa8cc566761c61ee763bf07a,89.09216,96.59702,868,success_build,True,True,False,unit fuzzy loss,,
683,0 1 2 3 4 5 19 6 7 8 9 10 11 12 13 14 15 16 17 18 20 21 22 23,0d58ba54e3e3aacc95bf45f7953eae33b570311d4a74edf469f8f00f50e5fde1,b5cd87de5e4a377949309849a27de475d1e9fced5bc6dac0bfb1e9475495ec22,89.29954,96.62613,868,success_build,True,True,False,unit fuzzy loss,,
684,0 1 2 3 4 5 6 19 7 8 9 10 11 12 13 14 15 16 17 18 20 21 22 23,e44d1b7b08a2af940ff45c2f2248256b875ae9dba371a9fc47c47a503bb7d439,b5cd87de5e4a377949309849a27de475d1e9fced5bc6dac0bfb1e9475495ec22,89.29954,96.62613,868,success_build,True,True,False,unit fuzzy loss,,
685,0 1 2 3 4 5 6 7 19 8 9 10 11 12 13 14 15 16 17 18 20 21 22 23,8c276994e147cec7cf8f0b4821b46e1c7f5de90871e8d47653eb2f21a6a9d796,b5cd87de5e4a377949309849a27de475d1e9fced5bc6dac0bfb1e9475495ec22,89.29954,96.62613,868,success_build,True,True,False,unit fuzzy loss,,
686,0 1 2 3 4 5 6 7 8 19 9 10 11 12 13 14 15 16 17 18 20 21 22 23,a43fcc00e1cd025e290f7d5403c2fbc8869cfe05acd0972d7970b2f9df767bff,b5cd87de5e4a377949309849a27de475d1e9fced5bc6dac0bfb1e9475495ec22,89.29954,96.62613,868,success_build,True,True,False,unit fuzzy loss,,
687,0 1 2 3 4 5 6 7 8 9 19 10 11 12 13 14 15 16 17 18 20 21 22 23,fa3e8570bb8bf8190e9d697a0de81def35ce465397f0a45dbd17432ff3730812,69e3beb2a107fbcaec49360979cd566f9e936671fbe4dec0094da40a98552e1e,89.09216,96.59702,868,success_build,True,True,False,unit fuzzy loss,,
688,0 1 2 3 4 5 6 7 8 9 10 19 11 12 13 14 15 16 17 18 20 21 22 23,e39e8d0e825c7a73c855d9a53b706c82dc251a43b008a3f5f65f357c412ef17e,a5156ba0bc7887217f8e34aea7e8a7f763685a34a05e425370d7c5294f0b369c,89.13825,96.60349,868,success_build,True,True,False,unit fuzzy loss,,
689,0 1 2 3 4 5 6 7 8 9 10 11 19 12 13 14 15 16 17 18 20 21 22 23,0fd58eb9a45c27886066aa0fced28e929c0d5853b20338333ccc09e51e3d3cf4,84e156038da3f4ccda0ef33db6090b59dd1cb2f78281212730a09fda73ebe031,90.52995,96.798836,868,success_build,True,True,False,unit fuzzy loss,,
690,0 1 2 3 4 5 6 7 8 9 10 11 12 19 13 14 15 16 17 18 20 21 22 23,0093ff8651e9da117483cf818f6c6727082701b134187d928a6bbe7a20339b44,4c162e06295d3a26449c1ab432b1591be8c672900d930380f4575baac29ea9cd,90.668205,96.81824,868,success_build,True,True,False,unit fuzzy loss,,
691,0 1 2 3 4 5 6 7 8 9 10 11 12 13 19 14 15 16 17 18 20 21 22 23,3fb5172e7a4a16f8ffda456feb4f3233bf76bbfb753c9c7f7e1225fe382335a9,1607e98a7bac9c3ff0805499a582e141ebfc33500c681427b84b161241bbd2b7,90.80645,96.83765,868,success_build,True,True,False,unit fuzzy loss,,
692,0 1 2 3 4 5 6 7 8 9 10 11 12 13 14 19 15 16 17 18 20 21 22 23,738018bc15ac038720bbf39a3c4d31a746b7d08b037e758afc5e00647b9c6efd,11a158307863d02091d5883e75c1b1e893d7a7b4e0998f4751cba7685b003d32,90.92166,96.85381,868,success_build,True,True,False,unit fuzzy loss,,
693,0 1 2 3 4 5 6 7 8 9 10 11 12 13 14 15 19 16 17 18 20 21 22 23,7eec7cde8c31bc96c469d206693bc9a6890251356e75613480628c2678e2bb13,a83df040b7efa593748509028d46383faa1647d8e880b064f0132885b5714973,90.99078,96.86352,868,success_build,True,True,False,unit fuzzy loss,,
694,0 1 2 3 4 5 6 7 8 9 10 11 12 13 14 15 16 19 17 18 20 21 22 23,ee9cbf9f00e9371ec6a83bc20417ca5f9dc27de5ccfa4477eb06f305f4f066a9,9945e123307ed3fff28c8bf4c61c9322c761d2271c811d2a88a72296ea85738a,91.036865,96.86999,868,success_build,True,True,False,unit fuzzy loss,,
695,0 1 2 3 4 5 6 7 8 9 10 11 12 13 14 15 16 17 18 20 21 19 22 23,775d9ec042f3d9ab7dfc9d35d0390ba3eba167dac667043368d0011eb21ab9a7,d71e368a6b4661264f6558693e061a2c0eb44fc21171084906d55af185e471fd,91.08295,96.87646,868,success_build,True,True,False,unit fuzzy loss,,
696,0 1 2 3 4 5 6 7 8 9 10 11 12 13 14 15 16 17 18 20 21 22 19 23,ee62b2f0885e41643c3f3cd5f06fec129fa1d8b4728b0be8a9217da70f225759,b3d8a3537d8b5d189eb1ce99b0322126d12e60adad783fce58ef38657c064be3,90.92166,96.85381,868,success_build,True,True,False,unit fuzzy loss,,
697,0 1 2 3 4 5 6 7 8 9 10 11 12 13 14 15 16 17 18 20 21 22 23 19,9a4158fc865dbb22e237600d5b5f0189d319e70dd1c2e90c81976392e9615ec0,9692a90ed1895c6e0ce5491a60a2c1c2c608ccc75906c968dcf30334c5fcee24,90.78341,96.83441,868,success_build,True,True,False,unit fuzzy loss,,
698,20 0 1 2 3 4 5 6 7 8 9 10 11 12 13 14 15 16 17 18 19 21 22 23,c42d0a2df61a89cb5d65f3c4cb55c22b1c61fb717f8733797e23b5a1723f73f3,82acf4442b04e919d947816967528323255f788022388b0581acee9454e3e02a,88.95392,96.57762,868,success_build,True,True,False,unit fuzzy loss,,
699,0 20 1 2 3 4 5 6 7 8 9 10 11 12 13 14 15 16 17 18 19 21 22 23,4f299ada0f0f5fc688dd3cc4db7572b7c398f1abab137370790d352d40491641,e168a7fd77620f0551a11a223dc672700319771c69e65042d66f822dc348423a,89.06912,96.59379,868,success_build,True,True,False,unit fuzzy loss,,
700,0 1 20 2 3 4 5 6 7 8 9 10 11 12 13 14 15 16 17 18 19 21 22 23,c9b719f5f1eee9a86188b0f134ba2f2a39482e0a985a720515c8e75f4af4140a,02812ab4c9e7e6bb5548fc4bcefb66cfdafefba8c96ccb2fcecb3e5b0bc0173c,89.18433,96.60996,868,success_build,True,True,False,unit fuzzy loss,,
701,0 1 2 20 3 4 5 6 7 8 9 10 11 12 13 14 15 16 17 18 19 21 22 23,d1e6b6c13bbd2ae33a747abc79c367298c0df2745057714aa4ab93bdeb052281,02812ab4c9e7e6bb5548fc4bcefb66cfdafefba8c96ccb2fcecb3e5b0bc0173c,89.18433,96.60996,868,success_build,True,True,False,unit fuzzy loss,,
702,0 1 2 3 20 4 5 6 7 8 9 10 11 12 13 14 15 16 17 18 19 21 22 23,29db48a57e0883a6503bb568d29e6a46268985534014c8bbaaeaf76e9d0c9b90,02812ab4c9e7e6bb5548fc4bcefb66cfdafefba8c96ccb2fcecb3e5b0bc0173c,89.18433,96.60996,868,success_build,True,True,False,unit fuzzy loss,,
703,0 1 2 3 4 20 5 6 7 8 9 10 11 12 13 14 15 16 17 18 19 21 22 23,630c7ca3e1eae0b03bf579cca7ffc1c010acc736dabf0079f4946fec70179674,02812ab4c9e7e6bb5548fc4bcefb66cfdafefba8c96ccb2fcecb3e5b0bc0173c,89.18433,96.60996,868,success_build,True,True,False,unit fuzzy loss,,
704,0 1 2 3 4 5 20 6 7 8 9 10 11 12 13 14 15 16 17 18 19 21 22 23,45331071e2822b7811926e7b24084e145c200e70901d952beeb96890df010d18,99e8b6ed9a6f0050213733a0a459643480e627757611c1b756aeecdd4a550343,89.18433,96.60996,868,success_build,True,True,False,unit fuzzy loss,,
705,0 1 2 3 4 5 6 20 7 8 9 10 11 12 13 14 15 16 17 18 19 21 22 23,f0cdd328215ff7c54eacc66440f2f1e7593b10bfa1631b2f3bc15ce08c907d0f,99e8b6ed9a6f0050213733a0a459643480e627757611c1b756aeecdd4a550343,89.18433,96.60996,868,success_build,True,True,False,unit fuzzy loss,,
706,0 1 2 3 4 5 6 7 20 8 9 10 11 12 13 14 15 16 17 18 19 21 22 23,1b024d2be9d8722c9982568fe2eb88cb3c6a88b4191b46e8d271a4822294851d,99e8b6ed9a6f0050213733a0a459643480e627757611c1b756aeecdd4a550343,89.18433,96.60996,868,success_build,True,True,False,unit fuzzy loss,,
707,0 1 2 3 4 5 6 7 8 20 9 10 11 12 13 14 15 16 17 18 19 21 22 23,795bdfca305a16c0d34b02c4c8a987f85042c0a1e44c511f22afc4ac031d303a,99e8b6ed9a6f0050213733a0a459643480e627757611c1b756aeecdd4a550343,89.18433,96.60996,868,success_build,True,True,False,unit fuzzy loss,,
708,0 1 2 3 4 5 6 7 8 9 20 10 11 12 13 14 15 16 17 18 19 21 22 23,4946132bf5b7ea9dc04e40ce8403b02a5d4840f109f9b6a2df5765e977ddb9f0,55b3f914ba7b4e5f68402d8aa9a4298cfade84dd67243a48a7e1804d51941857,89.18433,96.60996,868,success_build,True,True,False,unit fuzzy loss,,
709,0 1 2 3 4 5 6 7 8 9 10 20 11 12 13 14 15 16 17 18 19 21 22 23,20a4a2e4b5355095a7fd8220c7d4e433d3d6495e0e346ce75f4d52913ec31d4a,2a528ca82106e5b5dcd49fa185b11f51d9a41493608a8bf0a1025fd68fb333ed,89.230415,96.61643,868,success_build,True,True,False,unit fuzzy loss,,
710,0 1 2 3 4 5 6 7 8 9 10 11 20 12 13 14 15 16 17 18 19 21 22 23,1bea2b7008851906f089bcda37409403f7176473ec64840e4e84a643e7f78ed5,e87689eaa73c684160e7f0cd0c8a0c71b9690496fbcaf031a6117fe5d7efdad9,90.50691,96.7956,868,success_build,True,True,False,unit fuzzy loss,,
711,0 1 2 3 4 5 6 7 8 9 10 11 12 20 13 14 15 16 17 18 19 21 22 23,2e5ed575138a714ed9e75e95b9ed7a28b8ef15a46c10088932cc6aef4162c42e,2540d6e73c8a851df48a8057e10c08619352d750efe97171bb917ba7922681bf,90.645164,96.81501,868,success_build,True,True,False,unit fuzzy loss,,
712,0 1 2 3 4 5 6 7 8 9 10 11 12 13 20 14 15 16 17 18 19 21 22 23,d7ad9a14f1edba4dcec323e6a845a340e97cc8985176eb33485326ee410d3625,62df1fd59897faaba71e4cf1d355792ced53d495b674e62811082e6e1f972991,90.78341,96.83441,868,success_build,True,True,False,unit fuzzy loss,,
713,0 1 2 3 4 5 6 7 8 9 10 11 12 13 14 20 15 16 17 18 19 21 22 23,a0b50936c97d44c31f471f80e04d29fab469cc1bb12b1e1cb05ab992492e19c2,49568b660efc24b6f6f1faa642ef593c9af7a2f5352c0b43f7e926146ace59cd,90.89862,96.850586,868,success_build,True,True,False,unit fuzzy loss,,
714,0 1 2 3 4 5 6 7 8 9 10 11 12 13 14 15 20 16 17 18 19 21 22 23,5135a9392715912837379fce9108803a3a640132757ecfcbd529a5f45be56ad8,12379aa2787ff9fd3570ee766166fe15a3ef7796c68524a5c70f83f1ddb0fcb0,90.96774,96.86028,868,success_build,True,True,False,unit fuzzy loss,,
715,0 1 2 3 4 5 6 7 8 9 10 11 12 13 14 15 16 20 17 18 19 21 22 23,0d60557c89b955ffb25352d0dcdf34b6111f00c208e6f829b7307d89722e5dd6,7f4ca0cfa4bfccfd13f7b0dc476830a8e4531a0e299930ce2ded76ed68b20c94,91.013824,96.86675,868,success_build,True,True,False,unit fuzzy loss,,716
716,0 1 2 3 4 5 6 7 8 9 10 11 12 13 14 15 16 17 20 18 19 21 22 23,9712944b67614f767ac1a4651061f3449db5913150b63130be0086630d862ab9,7f4ca0cfa4bfccfd13f7b0dc476830a8e4531a0e299930ce2ded76ed68b20c94,91.013824,96.86675,868,success_build,True,True,False,unit fuzzy loss,,715
717,0 1 2 3 4 5 6 7 8 9 10 11 12 13 14 15 16 17 18 19 21 22 20 23,384258406a0276c2f4d7c39be74baf00756ee0c97bb703f2b43f14826fe055e8,2a22f60d0d0d57e91a4a55b3042387665cd4b6af296dc4d9a5596d3823e8aa01,90.9447,96.85705,868,success_build,True,True,False,unit fuzzy loss,,
718,0 1 2 3 4 5 6 7 8 9 10 11 12 13 14 15 16 17 18 19 21 22 23 20,00bb9ee20a4f39affde572d6a537f906cd25c9dd368c47aa38c384692bdd5521,fb0f11f99ce867b22028be95c287324caa651d5a3ea1ca4bceaa1352e8cc93f8,90.80645,96.83765,868,success_build,True,True,False,unit fuzzy loss,,
719,21 0 1 2 3 4 5 6 7 8 9 10 11 12 13 14 15 16 17 18 19 20 22 23,1369c3762f092228c06478644ec35d39a3f81aae53d8a164c30b3b6fb32f8a81,57a47fdb52c14c76036d72627b96bb6c7c6138d8f13cbbff13f0eebf38933037,91.129036,96.88293,868,success_build,True,True,True,,,
720,0 21 1 2 3 4 5 6 7 8 9 10 11 12 13 14 15 16 17 18 19 20 22 23,28e419d5a248eebfb3592e0327e7e591a71011495e386112c7d51617e44e6a83,57a47fdb52c14c76036d72627b96bb6c7c6138d8f13cbbff13f0eebf38933037,91.129036,96.88293,868,success_build,True,True,True,,,
721,0 1 21 2 3 4 5 6 7 8 9 10 11 12 13 14 15 16 17 18 19 20 22 23,68b63f3e3f9002301cd731cb10ec8f4bfbd53f359afca0a07d08334a46ed0680,57a47fdb52c14c76036d72627b96bb6c7c6138d8f13cbbff13f0eebf38933037,91.129036,96.88293,868,success_build,True,True,True,,,
722,0 1 2 21 3 4 5 6 7 8 9 10 11 12 13 14 15 16 17 18 19 20 22 23,c2454d75ec8c044b282742636338631d9f3c98ebe56d618e922a1d4a6d066dcd,57a47fdb52c14c76036d72627b96bb6c7c6138d8f13cbbff13f0eebf38933037,91.129036,96.88293,868,success_build,True,True,True,,,
723,0 1 2 3 21 4 5 6 7 8 9 10 11 12 13 14 15 16 17 18 19 20 22 23,347e7b9c53a7a49cab1ef4fedee8abec79f2336f0ab32be09e128696a747c2ee,57a47fdb52c14c76036d72627b96bb6c7c6138d8f13cbbff13f0eebf38933037,91.129036,96.88293,868,success_build,True,True,True,,,
724,0 1 2 3 4 21 5 6 7 8 9 10 11 12 13 14 15 16 17 18 19 20 22 23,53ec4ab6004f7dd1b7b97f440ad43e6e0ce0528099e1adffc15d6a1ce8433113,57a47fdb52c14c76036d72627b96bb6c7c6138d8f13cbbff13f0eebf38933037,91.129036,96.88293,868,success_build,True,True,True,,,
725,0 1 2 3 4 5 21 6 7 8 9 10 11 12 13 14 15 16 17 18 19 20 22 23,b7c5a1fa0c97b43c2cb27a6ead6f21995939b1b7a5d82c8311f83c61386a6e59,57a47fdb52c14c76036d72627b96bb6c7c6138d8f13cbbff13f0eebf38933037,91.129036,96.88293,868,success_build,True,True,True,,,
726,0 1 2 3 4 5 6 21 7 8 9 10 11 12 13 14 15 16 17 18 19 20 22 23,d3bff9f7c7293c0ea800d4c1726914cb12eb4a1f84d9e4209c8993c5e36beb8f,57a47fdb52c14c76036d72627b96bb6c7c6138d8f13cbbff13f0eebf38933037,91.129036,96.88293,868,success_build,True,True,True,,,
727,0 1 2 3 4 5 6 7 21 8 9 10 11 12 13 14 15 16 17 18 19 20 22 23,8beb3ff8f49c73d70f90059a242cfae06433bcf44fd7347115798ed8b7317083,57a47fdb52c14c76036d72627b96bb6c7c6138d8f13cbbff13f0eebf38933037,91.129036,96.88293,868,success_build,True,True,True,,,
728,0 1 2 3 4 5 6 7 8 21 9 10 11 12 13 14 15 16 17 18 19 20 22 23,7d4dc3b6a43f78e6ed03ea0fde424ea71aa163652004034cd1b47743256f6bed,57a47fdb52c14c76036d72627b96bb6c7c6138d8f13cbbff13f0eebf38933037,91.129036,96.88293,868,success_build,True,True,True,,,
729,0 1 2 3 4 5 6 7 8 9 21 10 11 12 13 14 15 16 17 18 19 20 22 23,37166f4aec7e8d7a1673e701580c59347d8a323ae9e23561aceaac95488bec76,57a47fdb52c14c76036d72627b96bb6c7c6138d8f13cbbff13f0eebf38933037,91.129036,96.88293,868,success_build,True,True,True,,,
730,0 1 2 3 4 5 6 7 8 9 10 21 11 12 13 14 15 16 17 18 19 20 22 23,bedfd335b23e5a840d05cdc29191ef1cfacc78052491854138df2334531623bf,57a47fdb52c14c76036d72627b96bb6c7c6138d8f13cbbff13f0eebf38933037,91.129036,96.88293,868,success_build,True,True,True,,,
731,0 1 2 3 4 5 6 7 8 9 10 11 21 12 13 14 15 16 17 18 19 20 22 23,f927a57a9a3fc7854fdd7bcfa033fc6997af3ed8f221b652f4acb7df2a6c98e9,57a47fdb52c14c76036d72627b96bb6c7c6138d8f13cbbff13f0eebf38933037,91.129036,96.88293,868,success_build,True,True,True,,,
732,0 1 2 3 4 5 6 7 8 9 10 11 12 21 13 14 15 16 17 18 19 20 22 23,c252a7ca10c716cf74c7bc4f532dbb26c7a8b520c1d7a5684bd86849a4b690e8,57a47fdb52c14c76036d72627b96bb6c7c6138d8f13cbbff13f0eebf38933037,91.129036,96.88293,868,success_build,True,True,True,,,
733,0 1 2 3 4 5 6 7 8 9 10 11 12 13 21 14 15 16 17 18 19 20 22 23,8add409c91b6e2137e153df37c4634364ab1352c9665d0e393ebbbcdceaa8961,57a47fdb52c14c76036d72627b96bb6c7c6138d8f13cbbff13f0eebf38933037,91.129036,96.88293,868,success_build,True,True,True,,,
734,0 1 2 3 4 5 6 7 8 9 10 11 12 13 14 21 15 16 17 18 19 20 22 23,fa04ebbbd2b65341f12c2c285daf5be6ea1345e2143af498790af0181fd26e78,57a47fdb52c14c76036d72627b96bb6c7c6138d8f13cbbff13f0eebf38933037,91.129036,96.88293,868,success_build,True,True,True,,,
735,0 1 2 3 4 5 6 7 8 9 10 11 12 13 14 15 21 16 17 18 19 20 22 23,138cfadf35176ea0fe17f47a806ad62eb0fe3a614c9c71d5b4bf4bbc57a3706a,57a47fdb52c14c76036d72627b96bb6c7c6138d8f13cbbff13f0eebf38933037,91.129036,96.88293,868,success_build,True,True,True,,,
736,0 1 2 3 4 5 6 7 8 9 10 11 12 13 14 15 16 21 17 18 19 20 22 23,537192ae7e94cb1ecf8b6b93885fc072f7f363f3041280077d7eb84b544c9dcd,57a47fdb52c14c76036d72627b96bb6c7c6138d8f13cbbff13f0eebf38933037,91.129036,96.88293,868,success_build,True,True,True,,,
737,0 1 2 3 4 5 6 7 8 9 10 11 12 13 14 15 16 17 21 18 19 20 22 23,69dd9a4d2f82bf243e4ce15b840c59808a05b15fd9d3e8f36502ccf9b37cd305,e01d44ae67a7bd0d969025f3bbe21d389c3d70c0ce0ced1ce3650d748d3a7c15,91.129036,96.88293,868,success_build,True,True,True,,,
738,0 1 2 3 4 5 6 7 8 9 10 11 12 13 14 15 16 17 18 21 19 20 22 23,994c0e5ef9d340169c4fe6dba0487ecf40b9e1caf38968d5168126e86fcce071,e01d44ae67a7bd0d969025f3bbe21d389c3d70c0ce0ced1ce3650d748d3a7c15,91.129036,96.88293,868,success_build,True,True,True,,,
739,0 1 2 3 4 5 6 7 8 9 10 11 12 13 14 15 16 17 18 19 20 22 23 21,d3d24b6c7d80e1b1f75b19f4c85aade55af34206ac50ee173f1dfc5fe959ab8e,97dfe1533b6cf2bf01002bf2df067c87e9be8189be15870edd4b7351a5962d8f,89.14747,96.60479,868,success_build,True,True,False,unit fuzzy loss,,
740,22 0 1 2 3 4 5 6 7 8 9 10 11 12 13 14 15 16 17 18 19 20 21 23,a70770ff5319e13c6481ec33685a53b99341b0b90f8915c071daf3dadf3f291c,ad64d6387ef127c364a1e953d22c5f6abefb89b1a20549eafd0ee3fab9c109cf,88.7235,96.54528,868,success_build,True,True,False,unit fuzzy loss,,
741,0 22 1 2 3 4 5 6 7 8 9 10 11 12 13 14 15 16 17 18 19 20 21 23,74c09caaf7416e0d4b3bb0ec3507edd9016f64a81076516e0233efdbf53eaec4,3c845d539ef8d441f172386f7b7be2c5be7e1e44af5e8de16131481a7eff66cb,88.83871,96.56145,868,success_build,True,True,False,unit fuzzy loss,,
742,0 1 22 2 3 4 5 6 7 8 9 10 11 12 13 14 15 16 17 18 19 20 21 23,261708d1b45d4bc4b3de13c405815881d7be872140083c6c448acfbb862b5145,c0b411850c3748fd47b15d642d4bc2648fa1a4b02248cc0e5279b235bd244c9e,88.95392,96.57762,868,success_build,True,True,False,unit fuzzy loss,,
743,0 1 2 22 3 4 5 6 7 8 9 10 11 12 13 14 15 16 17 18 19 20 21 23,dae357db85f68a4e42d8409645cfd5b3e2bbbf0258ea091a7c597ef71ee82827,c0b411850c3748fd47b15d642d4bc2648fa1a4b02248cc0e5279b235bd244c9e,88.95392,96.57762,868,success_build,True,True,False,unit fuzzy loss,,
744,0 1 2 3 22 4 5 6 7 8 9 10 11 12 13 14 15 16 17 18 19 20 21 23,69eb43ceb3c438d07be001aca46ff66f5a8ef82734caa6334754c5f4ae2cab80,c0b411850c3748fd47b15d642d4bc2648fa1a4b02248cc0e5279b235bd244c9e,88.95392,96.57762,868,success_build,True,True,False,unit fuzzy loss,,
745,0 1 2 3 4 22 5 6 7 8 9 10 11 12 13 14 15 16 17 18 19 20 21 23,c57f9a472cd06f9ba4b0914774223d3539411c39b282a954b32765788031e8d6,c0b411850c3748fd47b15d642d4bc2648fa1a4b02248cc0e5279b235bd244c9e,88.95392,96.57762,868,success_build,True,True,False,unit fuzzy loss,,
746,0 1 2 3 4 5 22 6 7 8 9 10 11 12 13 14 15 16 17 18 19 20 21 23,56b506d733d75b3a964fdba6063b0f781027e0b67baf7549c1eab8525dfc717a,68097b64e35071aa790c43d65e8d2ce265b53ab4b2521a2fb3b9a788fe89e2c2,89.16129,96.60673,868,success_build,True,True,False,unit fuzzy loss,,
747,0 1 2 3 4 5 6 22 7 8 9 10 11 12 13 14 15 16 17 18 19 20 21 23,ae1657f21cf8267caa0943344cb0a8668628ba4d478eb6a3816ff86cfb7beadc,68097b64e35071aa790c43d65e8d2ce265b53ab4b2521a2fb3b9a788fe89e2c2,89.16129,96.60673,868,success_build,True,True,False,unit fuzzy loss,,
748,0 1 2 3 4 5 6 7 22 8 9 10 11 12 13 14 15 16 17 18 19 20 21 23,2cfae600145b0cad7afea6883259b9187ed4adcd59302a17e6251b90e14b8149,68097b64e35071aa790c43d65e8d2ce265b53ab4b2521a2fb3b9a788fe89e2c2,89.16129,96.60673,868,success_build,True,True,False,unit fuzzy loss,,
749,0 1 2 3 4 5 6 7 8 22 9 10 11 12 13 14 15 16 17 18 19 20 21 23,2cf25848478df7e9a66b431de62b9df3b798efcc56a36df25f640b8f94b5c83c,68097b64e35071aa790c43d65e8d2ce265b53ab4b2521a2fb3b9a788fe89e2c2,89.16129,96.60673,868,success_build,True,True,False,unit fuzzy loss,,
750,0 1 2 3 4 5 6 7 8 9 22 10 11 12 13 14 15 16 17 18 19 20 21 23,3990b2fd09e38be06bcffe7dbc8192a18199918404ce813e49a4415a6ce99c1d,52576c75f756268d48d22170dd1f788d94e1b6acba3c417d166fb7c1571fff53,88.95392,96.57762,868,success_build,True,True,False,unit fuzzy loss,,
751,0 1 2 3 4 5 6 7 8 9 10 22 11 12 13 14 15 16 17 18 19 20 21 23,aba515c53f5a719973bbefd8fc21a64d3343e0c016b1c75c91f0c1f2ebdf83fc,f0c2aed36952218ffdfa99a8fcdfd3187e34b0f3fc831634b4774de680772ac5,89.0,96.58409,868,success_build,True,True,False,unit fuzzy loss,,
752,0 1 2 3 4 5 6 7 8 9 10 11 22 12 13 14 15 16 17 18 19 20 21 23,ff08d67475374d53073445c5e37e3a29f2dcfca29e00e14be100007b635f217c,e533eb8df95ae00b6029ff3aeecbf9e122ec3a81476e1e8a81693ebf50fe109f,90.39171,96.779434,868,success_build,True,True,False,unit fuzzy loss,,
753,0 1 2 3 4 5 6 7 8 9 10 11 12 22 13 14 15 16 17 18 19 20 21 23,fb54285974b84a1542f78b57d006c68d0b28c312b01ba8ac0b02329a7cfdd4f0,bc44bc85606f3ceeff5bc37cb00578ae917c5c9d63cb9bc179820c8d1b7fa958,90.52995,96.798836,868,success_build,True,True,False,unit fuzzy loss,,
754,0 1 2 3 4 5 6 7 8 9 10 11 12 13 22 14 15 16 17 18 19 20 21 23,fccb29b7197cec92500adb5452c7a190942790eee3dd621116361bf68bd31575,b03b38291a0614e12512f3c034b9fc9091526a8a92d030077676b0cc7df39c3d,90.668205,96.81824,868,success_build,True,True,False,unit fuzzy loss,,
755,0 1 2 3 4 5 6 7 8 9 10 11 12 13 14 22 15 16 17 18 19 20 21 23,fd33d181db512b7812b7b1d76176fdaf6f970f0c9d9ee292a20e8726bb55340e,34f2b8f2e77f0bdf47a909327a0821a9f3f75bb51083d26e865dd07d1bae064b,90.78341,96.83441,868,success_build,True,True,False,unit fuzzy loss,,
756,0 1 2 3 4 5 6 7 8 9 10 11 12 13 14 15 22 16 17 18 19 20 21 23,45ebeba7c258d107a857cbd57aece240ed5e3a653bf146b11945819903ca1700,15072c9cbc78164a8403bc9b2d896f43c68dbb70ed03d679057231cfd823e710,90.85253,96.84412,868,success_build,True,True,False,unit fuzzy loss,,
757,0 1 2 3 4 5 6 7 8 9 10 11 12 13 14 15 16 22 17 18 19 20 21 23,78ee0f1279d6d302156e687df6d56d567b0bc2c0c156679aa135d27924f576d9,f38f6e534e0c888f0fd74a9e462fa0ea83d41527c7c007fbf3d25ca809dac85b,90.89862,96.850586,868,success_build,True,True,False,unit fuzzy loss,,
758,0 1 2 3 4 5 6 7 8 9 10 11 12 13 14 15 16 17 22 18 19 20 21 23,bcb01651617a2abd4a5ea3eae1fa7633e6cf103762801580525ed65c656d8480,f38f6e534e0c888f0fd74a9e462fa0ea83d41527c7c007fbf3d25ca809dac85b,90.89862,96.850586,868,success_build,True,True,False,unit fuzzy loss,,
759,0 1 2 3 4 5 6 7 8 9 10 11 12 13 14 15 16 17 18 22 19 20 21 23,962488f08db75105bf41c0e2613e101f2a29b0f106dbfacbc6632bf443f072a9,690a4f8154bcd4f2cf4b55ec5c75c5fbdadbb55c78da950014484f27f981f309,90.92166,96.85381,868,success_build,True,True,False,unit fuzzy loss,,
760,0 1 2 3 4 5 6 7 8 9 10 11 12 13 14 15 16 17 18 19 22 20 21 23,751c1cc0019db001166bea0c19a01527bd08fe83a507fd11c2ec2dc8915d7c1e,2a22f60d0d0d57e91a4a55b3042387665cd4b6af296dc4d9a5596d3823e8aa01,90.9447,96.85705,868,success_build,True,True,False,unit fuzzy loss,,
761,23 0 1 2 3 4 5 6 7 8 9 10 11 12 13 14 15 16 17 18 19 20 21 22,b1566c3cea8fc6233e85f7936f8abb3b3063463292e293510deff861860fd81e,f44df9db18e8bbed3f60da9e5490c3849ba65ba53baee106b5e05ec9b25e6664,88.91705,96.57245,868,success_build,True,True,False,unit fuzzy loss,,
762,0 23 1 2 3 4 5 6 7 8 9 10 11 12 13 14 15 16 17 18 19 20 21 22,63d60fdf77793540d6bd1b5e4e7ab08db552e4af6ff362455a63b2c40d1caa69,f44df9db18e8bbed3f60da9e5490c3849ba65ba53baee106b5e05ec9b25e6664,88.91705,96.57245,868,success_build,True,True,False,unit fuzzy loss,,
763,0 1 23 2 3 4 5 6 7 8 9 10 11 12 13 14 15 16 17 18 19 20 21 22,6a5d981cc57bcbea2361eab3366a2403efe34713622777de85703f01c15f4ed5,f44df9db18e8bbed3f60da9e5490c3849ba65ba53baee106b5e05ec9b25e6664,88.91705,96.57245,868,success_build,True,True,False,unit fuzzy loss,,
764,0 1 2 23 3 4 5 6 7 8 9 10 11 12 13 14 15 16 17 18 19 20 21 22,5f4ca49ff771193d1ba430eb3d22d83686a8190ebd3900b7b6363a1b6981ae5c,f44df9db18e8bbed3f60da9e5490c3849ba65ba53baee106b5e05ec9b25e6664,88.91705,96.57245,868,success_build,True,True,False,unit fuzzy loss,,
765,0 1 2 3 23 4 5 6 7 8 9 10 11 12 13 14 15 16 17 18 19 20 21 22,febc729ca2a51c378d3e3a9e79b2a8c8a8ae2af390a90a7130c9a9eb603c641e,f44df9db18e8bbed3f60da9e5490c3849ba65ba53baee106b5e05ec9b25e6664,88.91705,96.57245,868,success_build,True,True,False,unit fuzzy loss,,
766,0 1 2 3 4 23 5 6 7 8 9 10 11 12 13 14 15 16 17 18 19 20 21 22,9e6293e459a2ef39d9d22771f5b16f8bbef145faf896c83c61f7a19bbedc7951,f44df9db18e8bbed3f60da9e5490c3849ba65ba53baee106b5e05ec9b25e6664,88.91705,96.57245,868,success_build,True,True,False,unit fuzzy loss,,
767,0 1 2 3 4 5 23 6 7 8 9 10 11 12 13 14 15 16 17 18 19 20 21 22,299cd5268322a000b741701b0dcb956a00f37c1d86975c9fc63d1a0da45a5e75,f44df9db18e8bbed3f60da9e5490c3849ba65ba53baee106b5e05ec9b25e6664,88.91705,96.57245,868,success_build,True,True,False,unit fuzzy loss,,
768,0 1 2 3 4 5 6 23 7 8 9 10 11 12 13 14 15 16 17 18 19 20 21 22,ae88dcafedbb8c9bbbd3563c4a531e39e47a5fb13d9fc7c27a336da874602a4c,f44df9db18e8bbed3f60da9e5490c3849ba65ba53baee106b5e05ec9b25e6664,88.91705,96.57245,868,success_build,True,True,False,unit fuzzy loss,,
769,0 1 2 3 4 5 6 7 23 8 9 10 11 12 13 14 15 16 17 18 19 20 21 22,b0fbab699924d46101024907697d768bf06c1e75a3186024e249e2b07d07bc6a,f44df9db18e8bbed3f60da9e5490c3849ba65ba53baee106b5e05ec9b25e6664,88.91705,96.57245,868,success_build,True,True,False,unit fuzzy loss,,
770,0 1 2 3 4 5 6 7 8 23 9 10 11 12 13 14 15 16 17 18 19 20 21 22,8f468a314e8de860d7a9d7969405b1f9ac2fc51bab28ed2be7318326ac2e57e2,f44df9db18e8bbed3f60da9e5490c3849ba65ba53baee106b5e05ec9b25e6664,88.91705,96.57245,868,success_build,True,True,False,unit fuzzy loss,,
771,0 1 2 3 4 5 6 7 8 9 23 10 11 12 13 14 15 16 17 18 19 20 21 22,fa09848a2d0d9166c25710d998b204d572fc9d6f61af74d1199b8daef60f4069,f44df9db18e8bbed3f60da9e5490c3849ba65ba53baee106b5e05ec9b25e6664,88.91705,96.57245,868,success_build,True,True,False,unit fuzzy loss,,
772,0 1 2 3 4 5 6 7 8 9 10 23 11 12 13 14 15 16 17 18 19 20 21 22,872eb007ab7429fafa5fcb06d39262fcb8d0b6b72351822b77548b05b0f35bdd,f44df9db18e8bbed3f60da9e5490c3849ba65ba53baee106b5e05ec9b25e6664,88.91705,96.57245,868,success_build,True,True,False,unit fuzzy loss,,
773,0 1 2 3 4 5 6 7 8 9 10 11 23 12 13 14 15 16 17 18 19 20 21 22,c1e751d4346ce2f265646695b0cb4843aac4a85b400dafe2a4682ece5b2d350e,f44df9db18e8bbed3f60da9e5490c3849ba65ba53baee106b5e05ec9b25e6664,88.91705,96.57245,868,success_build,True,True,False,unit fuzzy loss,,
774,0 1 2 3 4 5 6 7 8 9 10 11 12 23 13 14 15 16 17 18 19 20 21 22,782a89548c43d075b5bc17a869b7d1642eb1aee0eb2bb09fd12e67547f208cf1,f44df9db18e8bbed3f60da9e5490c3849ba65ba53baee106b5e05ec9b25e6664,88.91705,96.57245,868,success_build,True,True,False,unit fuzzy loss,,
775,0 1 2 3 4 5 6 7 8 9 10 11 12 13 23 14 15 16 17 18 19 20 21 22,7c64cdf13bde672fe8de387f7d849fc3600b420e60812af5eb6fbdc22aeecc84,f44df9db18e8bbed3f60da9e5490c3849ba65ba53baee106b5e05ec9b25e6664,88.91705,96.57245,868,success_build,True,True,False,unit fuzzy loss,,
776,0 1 2 3 4 5 6 7 8 9 10 11 12 13 14 23 15 16 17 18 19 20 21 22,e5d086022fdc51af06feefba1a439acc49d85a087e6d6cc6dbb4e68f98b20f2e,f44df9db18e8bbed3f60da9e5490c3849ba65ba53baee106b5e05ec9b25e6664,88.91705,96.57245,868,success_build,True,True,False,unit fuzzy loss,,
777,0 1 2 3 4 5 6 7 8 9 10 11 12 13 14 15 23 16 17 18 19 20 21 22,5c6958858153d0ad92f0cc666b064648941f0fc50b73f8a093dffac2caede73f,f44df9db18e8bbed3f60da9e5490c3849ba65ba53baee106b5e05ec9b25e6664,88.91705,96.57245,868,success_build,True,True,False,unit fuzzy loss,,
778,0 1 2 3 4 5 6 7 8 9 10 11 12 13 14 15 16 23 17 18 19 20 21 22,f5eed3828778eb2d06de08a41477f5d129d091fdfc0168dcc0619c12c15a5a48,f44df9db18e8bbed3f60da9e5490c3849ba65ba53baee106b5e05ec9b25e6664,88.91705,96.57245,868,success_build,True,True,False,unit fuzzy loss,,
779,0 1 2 3 4 5 6 7 8 9 10 11 12 13 14 15 16 17 23 18 19 20 21 22,61808e0a6fe74f0db99a1d8ced0a2051b3306025d4e65c064c02922fd33e3f00,b9b65c9060dc32f007c565006a780aab78678561c136f60aa8407fae4317fbfe,88.89401,96.569214,868,success_build,True,True,False,unit fuzzy loss,,
780,0 1 2 3 4 5 6 7 8 9 10 11 12 13 14 15 16 17 18 23 19 20 21 22,a8f2c8759cfe06d46c190ba6b9dcc8422c2d83afb757395e24b6133cc3404e3e,b9b65c9060dc32f007c565006a780aab78678561c136f60aa8407fae4317fbfe,88.89401,96.569214,868,success_build,True,True,False,unit fuzzy loss,,
781,0 1 2 3 4 5 6 7 8 9 10 11 12 13 14 15 16 17 18 19 23 20 21 22,415d9a2b66ce02f9a98f68aff18c80da79921b120ab1c62f3f90efa9e7b4e94d,b9b65c9060dc32f007c565006a780aab78678561c136f60aa8407fae4317fbfe,88.89401,96.569214,868,success_build,True,True,False,unit fuzzy loss,,
782,0 1 2 3 4 5 6 7 8 9 10 11 12 13 14 15 16 17 18 19 20 23 21 22,def29da8d095b51aa21283363a2d52c21b993b32bb4d4ec1fcb20a367bcfa975,b9b65c9060dc32f007c565006a780aab78678561c136f60aa8407fae4317fbfe,88.89401,96.569214,868,success_build,True,True,False,unit fuzzy loss,,
